Something you find in a kitchen	abaca
Something you find in a kitchen	abat
Something you find in a kitchen	abats
Something you find in a kitchen	abricot
Something you find in a kitchen	abricotier
Something you find in a kitchen	absinthe
Something you find in a kitchen	acanthe
Something you find in a kitchen	acanthus
Something you find in a kitchen	acerola
Something you find in a kitchen	achillea
Something you find in a kitchen	achillee
Something you find in a kitchen	acide
Something you find in a kitchen	acleisanthes
Something you find in a kitchen	agneau
Something you find in a kitchen	agrimonia
Something you find in a kitchen	agripaume
Something you find in a kitchen	agrume
Something you find in a kitchen	aiglefin
Something you find in a kitchen	aigre
Something you find in a kitchen	aigremoine
Something you find in a kitchen	ail
Something you find in a kitchen	aioli
Something you find in a kitchen	airelle
Something you find in a kitchen	akee
Something you find in a kitchen	aki
Something you find in a kitchen	albacore
Something you find in a kitchen	albumen
Something you find in a kitchen	alcool
Something you find in a kitchen	aldrovanda
Something you find in a kitchen	ale
Something you find in a kitchen	alesoir
Something you find in a kitchen	alexandre
Something you find in a kitchen	aliment
Something you find in a kitchen	alimentation
Something you find in a kitchen	alkekenge
Something you find in a kitchen	allemande
Something you find in a kitchen	alliaire
Something you find in a kitchen	allium
Something you find in a kitchen	alocasia
Something you find in a kitchen	alose
Something you find in a kitchen	aloyau
Something you find in a kitchen	alpiste
Something you find in a kitchen	alto
Something you find in a kitchen	alyssum
Something you find in a kitchen	amande
Something you find in a kitchen	amandier
Something you find in a kitchen	amarante
Something you find in a kitchen	amas
Something you find in a kitchen	ambroisie
Something you find in a kitchen	amelanche
Something you find in a kitchen	amelanchier
Something you find in a kitchen	amer
Something you find in a kitchen	amidonnier
Something you find in a kitchen	amorphophallus
Something you find in a kitchen	amphore
Something you find in a kitchen	ampoule
Something you find in a kitchen	ana
Something you find in a kitchen	anacardier
Something you find in a kitchen	ananas
Something you find in a kitchen	anchois
Something you find in a kitchen	anchusa
Something you find in a kitchen	ancien
Something you find in a kitchen	andouille
Something you find in a kitchen	aneth
Something you find in a kitchen	angelique
Something you find in a kitchen	anguille
Something you find in a kitchen	anis
Something you find in a kitchen	anisette
Something you find in a kitchen	anneau
Something you find in a kitchen	aperitif
Something you find in a kitchen	aquavit
Something you find in a kitchen	arabette
Something you find in a kitchen	arabidopsis
Something you find in a kitchen	arachide
Something you find in a kitchen	arack
Something you find in a kitchen	araignee
Something you find in a kitchen	arak
Something you find in a kitchen	araq
Something you find in a kitchen	archange
Something you find in a kitchen	argemone
Something you find in a kitchen	argent
Something you find in a kitchen	argenterie
Something you find in a kitchen	armoire
Something you find in a kitchen	arnica
Something you find in a kitchen	aromate
Something you find in a kitchen	aromatisant
Something you find in a kitchen	arroche
Something you find in a kitchen	artichaut
Something you find in a kitchen	arum
Something you find in a kitchen	asaret
Something you find in a kitchen	asarets
Something you find in a kitchen	aspartame
Something you find in a kitchen	aspect
Something you find in a kitchen	asperge
Something you find in a kitchen	aspidistra
Something you find in a kitchen	assaisonnement
Something you find in a kitchen	assiette
Something you find in a kitchen	astilbe
Something you find in a kitchen	astrance
Something you find in a kitchen	astrances
Something you find in a kitchen	astrantia
Something you find in a kitchen	attier
Something you find in a kitchen	aubaine
Something you find in a kitchen	aubergine
Something you find in a kitchen	autel
Something you find in a kitchen	autruche
Something you find in a kitchen	aveline
Something you find in a kitchen	avena
Something you find in a kitchen	avocat
Something you find in a kitchen	avocatier
Something you find in a kitchen	avoine
Something you find in a kitchen	avorton
Something you find in a kitchen	ayapana
Something you find in a kitchen	baba
Something you find in a kitchen	babeurre
Something you find in a kitchen	bac
Something you find in a kitchen	bagel
Something you find in a kitchen	bague
Something you find in a kitchen	baguette
Something you find in a kitchen	baguettes
Something you find in a kitchen	baie
Something you find in a kitchen	baiser
Something you find in a kitchen	baklava
Something you find in a kitchen	ballon
Something you find in a kitchen	ballote
Something you find in a kitchen	bambou
Something you find in a kitchen	banane
Something you find in a kitchen	bananier
Something you find in a kitchen	banique
Something you find in a kitchen	bar
Something you find in a kitchen	barbecue
Something you find in a kitchen	bardeau
Something you find in a kitchen	barkis
Something you find in a kitchen	barreau
Something you find in a kitchen	basilic
Something you find in a kitchen	basse
Something you find in a kitchen	bateau
Something you find in a kitchen	bearnaise
Something you find in a kitchen	becher
Something you find in a kitchen	beguel
Something you find in a kitchen	beignet
Something you find in a kitchen	belladone
Something you find in a kitchen	ben
Something you find in a kitchen	benny
Something you find in a kitchen	berberidaceae
Something you find in a kitchen	berce
Something you find in a kitchen	bercy
Something you find in a kitchen	bergenia
Something you find in a kitchen	bergis
Something you find in a kitchen	bernique
Something you find in a kitchen	bette
Something you find in a kitchen	betterave
Something you find in a kitchen	beurre
Something you find in a kitchen	biere
Something you find in a kitchen	bifteck
Something you find in a kitchen	bifurcation
Something you find in a kitchen	bijou
Something you find in a kitchen	biltong
Something you find in a kitchen	biscotin
Something you find in a kitchen	biscotte
Something you find in a kitchen	biscuit
Something you find in a kitchen	bison
Something you find in a kitchen	bisou
Something you find in a kitchen	bistro
Something you find in a kitchen	blanchaille
Something you find in a kitchen	blanchette
Something you find in a kitchen	ble
Something you find in a kitchen	blette
Something you find in a kitchen	bleuet
Something you find in a kitchen	blin
Something you find in a kitchen	blini
Something you find in a kitchen	blintz
Something you find in a kitchen	bock
Something you find in a kitchen	bockbier
Something you find in a kitchen	boeuf
Something you find in a kitchen	boisson
Something you find in a kitchen	boite
Something you find in a kitchen	bologne
Something you find in a kitchen	bonbon
Something you find in a kitchen	bonite
Something you find in a kitchen	borsch
Something you find in a kitchen	bortch
Something you find in a kitchen	bortsch
Something you find in a kitchen	boudoir
Something you find in a kitchen	bouffee
Something you find in a kitchen	bouillabaisse
Something you find in a kitchen	bouillie
Something you find in a kitchen	bouilloire
Something you find in a kitchen	bouillon
Something you find in a kitchen	boulette
Something you find in a kitchen	boulghour
Something you find in a kitchen	boulgour
Something you find in a kitchen	bouquet
Something you find in a kitchen	bourbon
Something you find in a kitchen	boursette
Something you find in a kitchen	bouteille
Something you find in a kitchen	brandy
Something you find in a kitchen	brasser
Something you find in a kitchen	breme
Something you find in a kitchen	bresil
Something you find in a kitchen	bretzel
Something you find in a kitchen	breuvage
Something you find in a kitchen	brioche
Something you find in a kitchen	broc
Something you find in a kitchen	brochet
Something you find in a kitchen	brocoli
Something you find in a kitchen	brome
Something you find in a kitchen	brugnon
Something you find in a kitchen	buccin
Something you find in a kitchen	buffet
Something you find in a kitchen	buffle
Something you find in a kitchen	bureau
Something you find in a kitchen	burettes
Something you find in a kitchen	cabaret
Something you find in a kitchen	cabillaud
Something you find in a kitchen	cabinet
Something you find in a kitchen	cacahuete
Something you find in a kitchen	cacao
Something you find in a kitchen	cachou
Something you find in a kitchen	cadavre
Something you find in a kitchen	cafe
Something you find in a kitchen	cafeteria
Something you find in a kitchen	caille
Something you find in a kitchen	cajou
Something you find in a kitchen	cake
Something you find in a kitchen	calamar
Something you find in a kitchen	calebasse
Something you find in a kitchen	calice
Something you find in a kitchen	calmar
Something you find in a kitchen	camomille
Something you find in a kitchen	camp
Something you find in a kitchen	campanula
Something you find in a kitchen	campanule
Something you find in a kitchen	campanules
Something you find in a kitchen	canape
Something you find in a kitchen	canard
Something you find in a kitchen	cane
Something you find in a kitchen	caneton
Something you find in a kitchen	canna
Something you find in a kitchen	canne
Something you find in a kitchen	canneberge
Something you find in a kitchen	cannelier
Something you find in a kitchen	cannelle
Something you find in a kitchen	cannelloni
Something you find in a kitchen	cannellonis
Something you find in a kitchen	cantaloup
Something you find in a kitchen	cantine
Something you find in a kitchen	canton
Something you find in a kitchen	capselle
Something you find in a kitchen	capsicum
Something you find in a kitchen	capucine
Something you find in a kitchen	carafe
Something you find in a kitchen	carafon
Something you find in a kitchen	carambole
Something you find in a kitchen	carambolier
Something you find in a kitchen	caramel
Something you find in a kitchen	carbonara
Something you find in a kitchen	cardamine
Something you find in a kitchen	cardamome
Something you find in a kitchen	cardere
Something you find in a kitchen	cardinales
Something you find in a kitchen	cardon
Something you find in a kitchen	cari
Something you find in a kitchen	carotte
Something you find in a kitchen	carpe
Something you find in a kitchen	carre
Something you find in a kitchen	carrelet
Something you find in a kitchen	carvi
Something you find in a kitchen	casserole
Something you find in a kitchen	cataire
Something you find in a kitchen	catin
Something you find in a kitchen	caviar
Something you find in a kitchen	cedrat
Something you find in a kitchen	celeri
Something you find in a kitchen	centre
Something you find in a kitchen	centrer
Something you find in a kitchen	cereale
Something you find in a kitchen	cereales
Something you find in a kitchen	cerfeuil
Something you find in a kitchen	cerise
Something you find in a kitchen	cerisier
Something you find in a kitchen	cerveau
Something you find in a kitchen	cervelle
Something you find in a kitchen	chaenactis
Something you find in a kitchen	chaise
Something you find in a kitchen	champagne
Something you find in a kitchen	champignon
Something you find in a kitchen	chapati
Something you find in a kitchen	chapman
Something you find in a kitchen	chapon
Something you find in a kitchen	charite
Something you find in a kitchen	charlotte
Something you find in a kitchen	charogne
Something you find in a kitchen	chataigne
Something you find in a kitchen	chataignier
Something you find in a kitchen	chatni
Something you find in a kitchen	chaudiere
Something you find in a kitchen	chaudree
Something you find in a kitchen	chaudron
Something you find in a kitchen	chaux
Something you find in a kitchen	cheddar
Something you find in a kitchen	cheeseburger
Something you find in a kitchen	cheptel
Something you find in a kitchen	chevre
Something you find in a kitchen	chevreuil
Something you find in a kitchen	chicoree
Something you find in a kitchen	chien
Something you find in a kitchen	chiendent
Something you find in a kitchen	chignon
Something you find in a kitchen	chili
Something you find in a kitchen	chinois
Something you find in a kitchen	chiotte
Something you find in a kitchen	chips
Something you find in a kitchen	chocolat
Something you find in a kitchen	choix
Something you find in a kitchen	chou
Something you find in a kitchen	choucroute
Something you find in a kitchen	chronometre
Something you find in a kitchen	chutney
Something you find in a kitchen	ciboule
Something you find in a kitchen	ciboulette
Something you find in a kitchen	cidre
Something you find in a kitchen	citron
Something you find in a kitchen	citronnade
Something you find in a kitchen	citronnier
Something you find in a kitchen	citrouille
Something you find in a kitchen	citrus
Something you find in a kitchen	cive
Something you find in a kitchen	civelle
Something you find in a kitchen	clairette
Something you find in a kitchen	clairon
Something you find in a kitchen	clementine
Something you find in a kitchen	cleome
Something you find in a kitchen	cloisonne
Something you find in a kitchen	coca
Something you find in a kitchen	cochon
Something you find in a kitchen	cocktail
Something you find in a kitchen	coco
Something you find in a kitchen	cocotier
Something you find in a kitchen	coeur
Something you find in a kitchen	cognac
Something you find in a kitchen	cognassier
Something you find in a kitchen	coiffeuse
Something you find in a kitchen	coing
Something you find in a kitchen	coke
Something you find in a kitchen	cola
Something you find in a kitchen	colbert
Something you find in a kitchen	coleslaw
Something you find in a kitchen	coleus
Something you find in a kitchen	collins
Something you find in a kitchen	colocase
Something you find in a kitchen	colocasia
Something you find in a kitchen	colombe
Something you find in a kitchen	coloriage
Something you find in a kitchen	columbo
Something you find in a kitchen	colza
Something you find in a kitchen	commun
Something you find in a kitchen	compote
Something you find in a kitchen	comptoir
Something you find in a kitchen	concentrer
Something you find in a kitchen	concombre
Something you find in a kitchen	condiment
Something you find in a kitchen	confiserie
Something you find in a kitchen	confiture
Something you find in a kitchen	conflore
Something you find in a kitchen	congelateur
Something you find in a kitchen	congo
Something you find in a kitchen	conjoint
Something you find in a kitchen	conseil
Something you find in a kitchen	conserver
Something you find in a kitchen	consoler
Something you find in a kitchen	consomme
Something you find in a kitchen	contrefilet
Something you find in a kitchen	copra
Something you find in a kitchen	coprah
Something you find in a kitchen	coque
Something you find in a kitchen	coquelicot
Something you find in a kitchen	coquetier
Something you find in a kitchen	coquillage
Something you find in a kitchen	coquillette
Something you find in a kitchen	corail
Something you find in a kitchen	cordial
Something you find in a kitchen	cordonnerie
Something you find in a kitchen	cordonnier
Something you find in a kitchen	coreopsis
Something you find in a kitchen	coriandre
Something you find in a kitchen	cornichon
Something you find in a kitchen	corps
Something you find in a kitchen	cote
Something you find in a kitchen	cou
Something you find in a kitchen	coucou
Something you find in a kitchen	coup
Something you find in a kitchen	courge
Something you find in a kitchen	courgette
Something you find in a kitchen	couscous
Something you find in a kitchen	couteau
Something you find in a kitchen	couvercle
Something you find in a kitchen	couvert
Something you find in a kitchen	crabe
Something you find in a kitchen	creme
Something you find in a kitchen	crepe
Something you find in a kitchen	crepiau
Something you find in a kitchen	cresson
Something you find in a kitchen	crevette
Something you find in a kitchen	crible
Something you find in a kitchen	cric
Something you find in a kitchen	criquet
Something you find in a kitchen	cristal
Something you find in a kitchen	croisillon
Something you find in a kitchen	croissant
Something you find in a kitchen	croquette
Something you find in a kitchen	crotalaria
Something you find in a kitchen	croupe
Something you find in a kitchen	crouton
Something you find in a kitchen	crumpet
Something you find in a kitchen	cuiller
Something you find in a kitchen	cuillere
Something you find in a kitchen	cuiseur
Something you find in a kitchen	cuisiniere
Something you find in a kitchen	cumin
Something you find in a kitchen	curcuma
Something you find in a kitchen	curry
Something you find in a kitchen	custard
Something you find in a kitchen	daikon
Something you find in a kitchen	daiquiri
Something you find in a kitchen	damas
Something you find in a kitchen	danois
Something you find in a kitchen	darne
Something you find in a kitchen	darse
Something you find in a kitchen	date
Something you find in a kitchen	datte
Something you find in a kitchen	daucus
Something you find in a kitchen	dco
Something you find in a kitchen	debris
Something you find in a kitchen	dechets
Something you find in a kitchen	demi
Something you find in a kitchen	denree
Something you find in a kitchen	dentaire
Something you find in a kitchen	dessert
Something you find in a kitchen	detritus
Something you find in a kitchen	devoir
Something you find in a kitchen	dictame
Something you find in a kitchen	dieu
Something you find in a kitchen	digitale
Something you find in a kitchen	dinde
Something you find in a kitchen	dindon
Something you find in a kitchen	diplotaxis
Something you find in a kitchen	divinite
Something you find in a kitchen	dixie
Something you find in a kitchen	dorade
Something you find in a kitchen	doucette
Something you find in a kitchen	doux
Something you find in a kitchen	draba
Something you find in a kitchen	draves
Something you find in a kitchen	drosera
Something you find in a kitchen	droseras
Something you find in a kitchen	drupe
Something you find in a kitchen	duff
Something you find in a kitchen	durian
Something you find in a kitchen	durion
Something you find in a kitchen	eau
Something you find in a kitchen	ecaille
Something you find in a kitchen	echalote
Something you find in a kitchen	echelle
Something you find in a kitchen	eclair
Something you find in a kitchen	ecrevisse
Something you find in a kitchen	ecrou
Something you find in a kitchen	eddas
Something you find in a kitchen	edulcorant
Something you find in a kitchen	eglefin
Something you find in a kitchen	elbot
Something you find in a kitchen	eleusine
Something you find in a kitchen	elixir
Something you find in a kitchen	elsholtzia
Something you find in a kitchen	embarcation
Something you find in a kitchen	embouteillage
Something you find in a kitchen	embrasser
Something you find in a kitchen	empereur
Something you find in a kitchen	enchilada
Something you find in a kitchen	enchiladas
Something you find in a kitchen	encornet
Something you find in a kitchen	endive
Something you find in a kitchen	entonnoir
Something you find in a kitchen	entrailles
Something you find in a kitchen	entrecote
Something you find in a kitchen	entree
Something you find in a kitchen	epaule
Something you find in a kitchen	epeautre
Something you find in a kitchen	epice
Something you find in a kitchen	epicerie
Something you find in a kitchen	epilobe
Something you find in a kitchen	epinard
Something you find in a kitchen	epingle
Something you find in a kitchen	eponge
Something you find in a kitchen	erlenmeyer
Something you find in a kitchen	escargot
Something you find in a kitchen	espadon
Something you find in a kitchen	esprit
Something you find in a kitchen	estragon
Something you find in a kitchen	etabli
Something you find in a kitchen	etagere
Something you find in a kitchen	eveque
Something you find in a kitchen	evier
Something you find in a kitchen	expresso
Something you find in a kitchen	faine
Something you find in a kitchen	faisan
Something you find in a kitchen	falafel
Something you find in a kitchen	familier
Something you find in a kitchen	farce
Something you find in a kitchen	farine
Something you find in a kitchen	fauteuil
Something you find in a kitchen	fee
Something you find in a kitchen	fenouil
Something you find in a kitchen	fenugrec
Something you find in a kitchen	ferraille
Something you find in a kitchen	fetuque
Something you find in a kitchen	feve
Something you find in a kitchen	feverole
Something you find in a kitchen	fibre
Something you find in a kitchen	figue
Something you find in a kitchen	figuier
Something you find in a kitchen	figure
Something you find in a kitchen	fille
Something you find in a kitchen	fiole
Something you find in a kitchen	flageolet
Something you find in a kitchen	flan
Something you find in a kitchen	flanc
Something you find in a kitchen	flet
Something you find in a kitchen	fletan
Something you find in a kitchen	flute
Something you find in a kitchen	foie
Something you find in a kitchen	fondue
Something you find in a kitchen	formule
Something you find in a kitchen	fouet
Something you find in a kitchen	four
Something you find in a kitchen	fourche
Something you find in a kitchen	fourchette
Something you find in a kitchen	fourneau
Something you find in a kitchen	fragile
Something you find in a kitchen	frais
Something you find in a kitchen	fraise
Something you find in a kitchen	fraisier
Something you find in a kitchen	framboise
Something you find in a kitchen	framboisier
Something you find in a kitchen	franc
Something you find in a kitchen	frangipane
Something you find in a kitchen	frappeur
Something you find in a kitchen	friandise
Something you find in a kitchen	fric
Something you find in a kitchen	fries
Something you find in a kitchen	frigo
Something you find in a kitchen	frite
Something you find in a kitchen	frites
Something you find in a kitchen	fromage
Something you find in a kitchen	froment
Something you find in a kitchen	fromental
Something you find in a kitchen	fruit
Something you find in a kitchen	fugu
Something you find in a kitchen	fumeterre
Something you find in a kitchen	fusee
Something you find in a kitchen	gaine
Something you find in a kitchen	galantine
Something you find in a kitchen	galaxie
Something you find in a kitchen	galette
Something you find in a kitchen	gant
Something you find in a kitchen	ganteline
Something you find in a kitchen	gaspacho
Something you find in a kitchen	gateau
Something you find in a kitchen	gaufre
Something you find in a kitchen	gaultherie
Something you find in a kitchen	gaziniere
Something you find in a kitchen	gelatine
Something you find in a kitchen	gelee
Something you find in a kitchen	gencive
Something you find in a kitchen	geneve
Something you find in a kitchen	genevrier
Something you find in a kitchen	genlisea
Something you find in a kitchen	geranium
Something you find in a kitchen	gesneria
Something you find in a kitchen	ghee
Something you find in a kitchen	ghi
Something you find in a kitchen	gin
Something you find in a kitchen	gingembre
Something you find in a kitchen	ginseng
Something you find in a kitchen	girofle
Something you find in a kitchen	giroflier
Something you find in a kitchen	glace
Something you find in a kitchen	glaciere
Something you find in a kitchen	glaire
Something you find in a kitchen	gnocchi
Something you find in a kitchen	gnocchis
Something you find in a kitchen	gnole
Something you find in a kitchen	gobelet
Something you find in a kitchen	goelette
Something you find in a kitchen	gombo
Something you find in a kitchen	goulache
Something you find in a kitchen	goulash
Something you find in a kitchen	goyave
Something you find in a kitchen	goyavier
Something you find in a kitchen	graham
Something you find in a kitchen	grain
Something you find in a kitchen	granola
Something you find in a kitchen	graphite
Something you find in a kitchen	grappa
Something you find in a kitchen	grappe
Something you find in a kitchen	grassette
Something you find in a kitchen	grege
Something you find in a kitchen	grenade
Something you find in a kitchen	grenadier
Something you find in a kitchen	grenadine
Something you find in a kitchen	grenouillette
Something you find in a kitchen	gril
Something you find in a kitchen	grille
Something you find in a kitchen	griller
Something you find in a kitchen	grog
Something you find in a kitchen	grondement
Something you find in a kitchen	groseille
Something you find in a kitchen	groseillier
Something you find in a kitchen	gruau
Something you find in a kitchen	grueau
Something you find in a kitchen	guacamole
Something you find in a kitchen	guede
Something you find in a kitchen	guimauve
Something you find in a kitchen	hachis
Something you find in a kitchen	hachoir
Something you find in a kitchen	haggis
Something you find in a kitchen	hallah
Something you find in a kitchen	halle
Something you find in a kitchen	hamburger
Something you find in a kitchen	hareng
Something you find in a kitchen	hargneux
Something you find in a kitchen	haricot
Something you find in a kitchen	hase
Something you find in a kitchen	herbe
Something you find in a kitchen	heros
Something you find in a kitchen	homard
Something you find in a kitchen	honnetete
Something you find in a kitchen	hostie
Something you find in a kitchen	houmous
Something you find in a kitchen	huile
Something you find in a kitchen	huitre
Something you find in a kitchen	humus
Something you find in a kitchen	hydromel
Something you find in a kitchen	hysope
Something you find in a kitchen	hyssopus
Something you find in a kitchen	iceberg
Something you find in a kitchen	igname
Something you find in a kitchen	imperatoire
Something you find in a kitchen	ingredient
Something you find in a kitchen	interesser
Something you find in a kitchen	interet
Something you find in a kitchen	inula
Something you find in a kitchen	ivraie
Something you find in a kitchen	jacquier
Something you find in a kitchen	jambalaya
Something you find in a kitchen	jambe
Something you find in a kitchen	jambon
Something you find in a kitchen	jaune
Something you find in a kitchen	jerez
Something you find in a kitchen	jeu
Something you find in a kitchen	joyau
Something you find in a kitchen	jus
Something you find in a kitchen	jusquiame
Something you find in a kitchen	kaki
Something you find in a kitchen	kava
Something you find in a kitchen	kawa
Something you find in a kitchen	kebab
Something you find in a kitchen	kebap
Something you find in a kitchen	ketchup
Something you find in a kitchen	kipper
Something you find in a kitchen	kiwi
Something you find in a kitchen	kniphofia
Something you find in a kitchen	krigia
Something you find in a kitchen	kumiz
Something you find in a kitchen	kumquat
Something you find in a kitchen	kvas
Something you find in a kitchen	kylix
Something you find in a kitchen	lait
Something you find in a kitchen	laitance
Something you find in a kitchen	laitue
Something you find in a kitchen	langouste
Something you find in a kitchen	langoustine
Something you find in a kitchen	langue
Something you find in a kitchen	lapin
Something you find in a kitchen	lard
Something you find in a kitchen	lardon
Something you find in a kitchen	lasagne
Something you find in a kitchen	lat
Something you find in a kitchen	lathraea
Something you find in a kitchen	lathree
Something you find in a kitchen	latte
Something you find in a kitchen	laurier
Something you find in a kitchen	lavabo
Something you find in a kitchen	lavande
Something you find in a kitchen	legume
Something you find in a kitchen	leman
Something you find in a kitchen	lentille
Something you find in a kitchen	letchi
Something you find in a kitchen	lievre
Something you find in a kitchen	limacon
Something you find in a kitchen	limonade
Something you find in a kitchen	lin
Something you find in a kitchen	linguine
Something you find in a kitchen	liqueur
Something you find in a kitchen	litchi
Something you find in a kitchen	liveche
Something you find in a kitchen	lobelia
Something you find in a kitchen	lobelies
Something you find in a kitchen	lombes
Something you find in a kitchen	losange
Something you find in a kitchen	lot
Something you find in a kitchen	lota
Something you find in a kitchen	lote
Something you find in a kitchen	louche
Something you find in a kitchen	loukoum
Something you find in a kitchen	loukoumia
Something you find in a kitchen	lucerne
Something you find in a kitchen	lutefisk
Something you find in a kitchen	lutin
Something you find in a kitchen	lutrin
Something you find in a kitchen	luzerne
Something you find in a kitchen	macaron
Something you find in a kitchen	macaroni
Something you find in a kitchen	maceron
Something you find in a kitchen	mache
Something you find in a kitchen	macis
Something you find in a kitchen	macon
Something you find in a kitchen	madrilene
Something you find in a kitchen	magnum
Something you find in a kitchen	main
Something you find in a kitchen	maintenir
Something you find in a kitchen	mais
Something you find in a kitchen	maison
Something you find in a kitchen	malt
Something you find in a kitchen	mandarin
Something you find in a kitchen	mandarine
Something you find in a kitchen	mandarinier
Something you find in a kitchen	mandragore
Something you find in a kitchen	mangoustan
Something you find in a kitchen	mangue
Something you find in a kitchen	manguier
Something you find in a kitchen	manhattan
Something you find in a kitchen	manicotti
Something you find in a kitchen	maniguette
Something you find in a kitchen	manioc
Something you find in a kitchen	maquereau
Something you find in a kitchen	marbre
Something you find in a kitchen	margarine
Something you find in a kitchen	margarita
Something you find in a kitchen	marge
Something you find in a kitchen	marinade
Something you find in a kitchen	marjolaine
Something you find in a kitchen	marron
Something you find in a kitchen	marshmallow
Something you find in a kitchen	martini
Something you find in a kitchen	martynia
Something you find in a kitchen	mascarpone
Something you find in a kitchen	maskinonge
Something you find in a kitchen	masse
Something you find in a kitchen	massepain
Something you find in a kitchen	matza
Something you find in a kitchen	mayonnaise
Something you find in a kitchen	melange
Something you find in a kitchen	melanger
Something you find in a kitchen	melangeur
Something you find in a kitchen	melasse
Something you find in a kitchen	melon
Something you find in a kitchen	menthe
Something you find in a kitchen	meringue
Something you find in a kitchen	merlan
Something you find in a kitchen	miche
Something you find in a kitchen	micocoulier
Something you find in a kitchen	miel
Something you find in a kitchen	millefeuille
Something you find in a kitchen	millesime
Something you find in a kitchen	millet
Something you find in a kitchen	milo
Something you find in a kitchen	mimosa
Something you find in a kitchen	minestrone
Something you find in a kitchen	mitaine
Something you find in a kitchen	mitten
Something you find in a kitchen	mixeur
Something you find in a kitchen	moelle
Something you find in a kitchen	moka
Something you find in a kitchen	mole
Something you find in a kitchen	molene
Something you find in a kitchen	molenes
Something you find in a kitchen	monarda
Something you find in a kitchen	monarde
Something you find in a kitchen	montagne
Something you find in a kitchen	morgeline
Something you find in a kitchen	mortier
Something you find in a kitchen	morue
Something you find in a kitchen	moufle
Something you find in a kitchen	moule
Something you find in a kitchen	mouron
Something you find in a kitchen	moussaka
Something you find in a kitchen	mout
Something you find in a kitchen	moutarde
Something you find in a kitchen	mouton
Something you find in a kitchen	mozzarella
Something you find in a kitchen	mozzarelle
Something you find in a kitchen	muesli
Something you find in a kitchen	muffin
Something you find in a kitchen	mure
Something you find in a kitchen	murier
Something you find in a kitchen	murphy
Something you find in a kitchen	muscadelle
Something you find in a kitchen	muscadier
Something you find in a kitchen	musli
Something you find in a kitchen	myosotis
Something you find in a kitchen	myrtille
Something you find in a kitchen	nabuchodonosor
Something you find in a kitchen	nacho
Something you find in a kitchen	nantua
Something you find in a kitchen	naufrage
Something you find in a kitchen	navet
Something you find in a kitchen	navire
Something you find in a kitchen	nectar
Something you find in a kitchen	nectarine
Something you find in a kitchen	nefle
Something you find in a kitchen	neflier
Something you find in a kitchen	negus
Something you find in a kitchen	nepeta
Something you find in a kitchen	noisette
Something you find in a kitchen	noix
Something you find in a kitchen	nougat
Something you find in a kitchen	nougatine
Something you find in a kitchen	nouille
Something you find in a kitchen	nouilles
Something you find in a kitchen	nourriture
Something you find in a kitchen	noyer
Something you find in a kitchen	nutriment
Something you find in a kitchen	obusier
Something you find in a kitchen	octopode
Something you find in a kitchen	oeuf
Something you find in a kitchen	oie
Something you find in a kitchen	oignon
Something you find in a kitchen	oiseau
Something you find in a kitchen	oleiculteur
Something you find in a kitchen	olive
Something you find in a kitchen	omelette
Something you find in a kitchen	onobrychis
Something you find in a kitchen	oolong
Something you find in a kitchen	orange
Something you find in a kitchen	orangeade
Something you find in a kitchen	ordure
Something you find in a kitchen	oreillette
Something you find in a kitchen	oreo
Something you find in a kitchen	orge
Something you find in a kitchen	origan
Something you find in a kitchen	origanum
Something you find in a kitchen	orpin
Something you find in a kitchen	oseille
Something you find in a kitchen	ostruche
Something you find in a kitchen	ouzo
Something you find in a kitchen	oxalis
Something you find in a kitchen	pacanier
Something you find in a kitchen	paella
Something you find in a kitchen	page
Something you find in a kitchen	pain
Something you find in a kitchen	palinka
Something you find in a kitchen	palourde
Something you find in a kitchen	pamplemousse
Something you find in a kitchen	panais
Something you find in a kitchen	pancake
Something you find in a kitchen	papa
Something you find in a kitchen	papaye
Something you find in a kitchen	paprika
Something you find in a kitchen	paradisier
Something you find in a kitchen	parfait
Something you find in a kitchen	parfum
Something you find in a kitchen	partie
Something you find in a kitchen	paspalum
Something you find in a kitchen	passoire
Something you find in a kitchen	pasteque
Something you find in a kitchen	pastille
Something you find in a kitchen	pastis
Something you find in a kitchen	pastrami
Something you find in a kitchen	pat
Something you find in a kitchen	patate
Something you find in a kitchen	pate
Something you find in a kitchen	patelle
Something you find in a kitchen	pates
Something you find in a kitchen	patisserie
Something you find in a kitchen	patte
Something you find in a kitchen	paupiere
Something you find in a kitchen	paupiette
Something you find in a kitchen	pavot
Something you find in a kitchen	pavots
Something you find in a kitchen	peche
Something you find in a kitchen	pecher
Something you find in a kitchen	pelargonium
Something you find in a kitchen	pemmican
Something you find in a kitchen	penne
Something you find in a kitchen	pensee
Something you find in a kitchen	pepe
Something you find in a kitchen	pepite
Something you find in a kitchen	pepperoni
Something you find in a kitchen	perche
Something you find in a kitchen	percolateur
Something you find in a kitchen	perdrix
Something you find in a kitchen	perry
Something you find in a kitchen	persil
Something you find in a kitchen	petasite
Something you find in a kitchen	petasites
Something you find in a kitchen	phlox
Something you find in a kitchen	phosphate
Something you find in a kitchen	phragmite
Something you find in a kitchen	physostegia
Something you find in a kitchen	phytolacca
Something you find in a kitchen	phytolaques
Something you find in a kitchen	piccalilli
Something you find in a kitchen	pieuvre
Something you find in a kitchen	pigeon
Something you find in a kitchen	pigeonner
Something you find in a kitchen	pignon
Something you find in a kitchen	pilaf
Something you find in a kitchen	pilon
Something you find in a kitchen	piloselle
Something you find in a kitchen	piment
Something you find in a kitchen	pinard
Something you find in a kitchen	pinces
Something you find in a kitchen	piridion
Something you find in a kitchen	pirojki
Something you find in a kitchen	pissenlit
Something you find in a kitchen	pistache
Something you find in a kitchen	pita
Something you find in a kitchen	pizza
Something you find in a kitchen	placard
Something you find in a kitchen	plantain
Something you find in a kitchen	plaqueminier
Something you find in a kitchen	plat
Something you find in a kitchen	plateau
Something you find in a kitchen	plateaux
Something you find in a kitchen	platine
Something you find in a kitchen	plie
Something you find in a kitchen	plombieres
Something you find in a kitchen	plumbago
Something you find in a kitchen	poele
Something you find in a kitchen	pognon
Something you find in a kitchen	poilu
Something you find in a kitchen	poire
Something you find in a kitchen	poireau
Something you find in a kitchen	poiree
Something you find in a kitchen	poirier
Something you find in a kitchen	pois
Something you find in a kitchen	poisson
Something you find in a kitchen	poitrail
Something you find in a kitchen	poitrine
Something you find in a kitchen	poivre
Something you find in a kitchen	poivrier
Something you find in a kitchen	poivron
Something you find in a kitchen	polemonium
Something you find in a kitchen	polenta
Something you find in a kitchen	polkagris
Something you find in a kitchen	pomelo
Something you find in a kitchen	pomme
Something you find in a kitchen	poney
Something you find in a kitchen	porc
Something you find in a kitchen	porcelaine
Something you find in a kitchen	porreau
Something you find in a kitchen	porridge
Something you find in a kitchen	port
Something you find in a kitchen	portee
Something you find in a kitchen	porto
Something you find in a kitchen	pot
Something you find in a kitchen	potage
Something you find in a kitchen	potiche
Something you find in a kitchen	potion
Something you find in a kitchen	potiron
Something you find in a kitchen	poubelle
Something you find in a kitchen	poule
Something you find in a kitchen	poulet
Something you find in a kitchen	poulpe
Something you find in a kitchen	pouls
Something you find in a kitchen	pourpier
Something you find in a kitchen	pousse
Something you find in a kitchen	praline
Something you find in a kitchen	primevere
Something you find in a kitchen	primeveres
Something you find in a kitchen	primula
Something you find in a kitchen	prostituee
Something you find in a kitchen	prune
Something you find in a kitchen	pruneau
Something you find in a kitchen	prunier
Something you find in a kitchen	prunus
Something you find in a kitchen	pudding
Something you find in a kitchen	puits
Something you find in a kitchen	pulque
Something you find in a kitchen	pupitre
Something you find in a kitchen	pur
Something you find in a kitchen	puree
Something you find in a kitchen	putain
Something you find in a kitchen	pute
Something you find in a kitchen	pyrola
Something you find in a kitchen	quark
Something you find in a kitchen	quenelle
Something you find in a kitchen	quetsche
Something you find in a kitchen	quiche
Something you find in a kitchen	rabote
Something you find in a kitchen	radis
Something you find in a kitchen	ragout
Something you find in a kitchen	raifort
Something you find in a kitchen	raiponce
Something you find in a kitchen	raisin
Something you find in a kitchen	raisins
Something you find in a kitchen	ramie
Something you find in a kitchen	rampon
Something you find in a kitchen	rap
Something you find in a kitchen	rape
Something you find in a kitchen	rapes
Something you find in a kitchen	rarebit
Something you find in a kitchen	ratafia
Something you find in a kitchen	ravioli
Something you find in a kitchen	rayon
Something you find in a kitchen	rechaud
Something you find in a kitchen	recipient
Something you find in a kitchen	recolte
Something you find in a kitchen	refrigerateur
Something you find in a kitchen	refroidisseur
Something you find in a kitchen	reglisse
Something you find in a kitchen	relish
Something you find in a kitchen	renoncule
Something you find in a kitchen	repas
Something you find in a kitchen	reseda
Something you find in a kitchen	resedas
Something you find in a kitchen	reste
Something you find in a kitchen	restes
Something you find in a kitchen	retentissement
Something you find in a kitchen	retsina
Something you find in a kitchen	rhubarbe
Something you find in a kitchen	rhum
Something you find in a kitchen	rhus
Something you find in a kitchen	ris
Something you find in a kitchen	risotto
Something you find in a kitchen	riz
Something you find in a kitchen	riziere
Something you find in a kitchen	robinet
Something you find in a kitchen	roc
Something you find in a kitchen	roche
Something you find in a kitchen	rocher
Something you find in a kitchen	rollmops
Something you find in a kitchen	romarin
Something you find in a kitchen	rond
Something you find in a kitchen	roquette
Something you find in a kitchen	roridulaceae
Something you find in a kitchen	rose
Something you find in a kitchen	roseau
Something you find in a kitchen	rossolis
Something you find in a kitchen	roti
Something you find in a kitchen	rotir
Something you find in a kitchen	roule
Something you find in a kitchen	roux
Something you find in a kitchen	rumsteck
Something you find in a kitchen	rutabaga
Something you find in a kitchen	sabayon
Something you find in a kitchen	saccharine
Something you find in a kitchen	safran
Something you find in a kitchen	sage
Something you find in a kitchen	sainfoin
Something you find in a kitchen	sake
Something you find in a kitchen	salade
Something you find in a kitchen	saladerie
Something you find in a kitchen	saladier
Something you find in a kitchen	salami
Something you find in a kitchen	saler
Something you find in a kitchen	salmoniculture
Something you find in a kitchen	salsa
Something you find in a kitchen	salsifis
Something you find in a kitchen	salvia
Something you find in a kitchen	sambossa
Something you find in a kitchen	sambuca
Something you find in a kitchen	samoussa
Something you find in a kitchen	samovar
Something you find in a kitchen	samsa
Something you find in a kitchen	sandwich
Something you find in a kitchen	sanicle
Something you find in a kitchen	sans
Something you find in a kitchen	sanve
Something you find in a kitchen	sarda
Something you find in a kitchen	sardine
Something you find in a kitchen	sarrasin
Something you find in a kitchen	sarriette
Something you find in a kitchen	sashimi
Something you find in a kitchen	saskatoon
Something you find in a kitchen	sauce
Something you find in a kitchen	saucisse
Something you find in a kitchen	saucisson
Something you find in a kitchen	sauge
Something you find in a kitchen	sauges
Something you find in a kitchen	saumon
Something you find in a kitchen	sauterelle
Something you find in a kitchen	savetier
Something you find in a kitchen	savoie
Something you find in a kitchen	savon
Something you find in a kitchen	savouries
Something you find in a kitchen	saxifrage
Something you find in a kitchen	saxifrages
Something you find in a kitchen	scampi
Something you find in a kitchen	scarole
Something you find in a kitchen	schnaps
Something you find in a kitchen	schnitzel
Something you find in a kitchen	scorsonere
Something you find in a kitchen	scouse
Something you find in a kitchen	secretaire
Something you find in a kitchen	sedum
Something you find in a kitchen	seigle
Something you find in a kitchen	sel
Something you find in a kitchen	selle
Something you find in a kitchen	seller
Something you find in a kitchen	semolina
Something you find in a kitchen	semoule
Something you find in a kitchen	seneve
Something you find in a kitchen	serpolet
Something you find in a kitchen	service
Something you find in a kitchen	serviette
Something you find in a kitchen	sesame
Something you find in a kitchen	sesbania
Something you find in a kitchen	seve
Something you find in a kitchen	shoemaker
Something you find in a kitchen	shoyu
Something you find in a kitchen	silure
Something you find in a kitchen	simple
Something you find in a kitchen	simplification
Something you find in a kitchen	sirop
Something you find in a kitchen	slivovitz
Something you find in a kitchen	sociable
Something you find in a kitchen	social
Something you find in a kitchen	soda
Something you find in a kitchen	soja
Something you find in a kitchen	son
Something you find in a kitchen	sonorisation
Something you find in a kitchen	sorbet
Something you find in a kitchen	sorgho
Something you find in a kitchen	sorgo
Something you find in a kitchen	soucoupe
Something you find in a kitchen	soude
Something you find in a kitchen	soupe
Something you find in a kitchen	soupiere
Something you find in a kitchen	souvlaki
Something you find in a kitchen	spaghetti
Something you find in a kitchen	spaghettis
Something you find in a kitchen	spaguetti
Something you find in a kitchen	spatule
Something you find in a kitchen	special
Something you find in a kitchen	spiritueux
Something you find in a kitchen	sprat
Something you find in a kitchen	sprite
Something you find in a kitchen	stapelia
Something you find in a kitchen	starkbier
Something you find in a kitchen	steak
Something you find in a kitchen	striptease
Something you find in a kitchen	succotash
Something you find in a kitchen	sucette
Something you find in a kitchen	sucre
Something you find in a kitchen	sucrerie
Something you find in a kitchen	sucreries
Something you find in a kitchen	sucrier
Something you find in a kitchen	suer
Something you find in a kitchen	sueur
Something you find in a kitchen	sukiyaki
Something you find in a kitchen	sumac
Something you find in a kitchen	sureau
Something you find in a kitchen	surelle
Something you find in a kitchen	sushi
Something you find in a kitchen	sweet
Something you find in a kitchen	tabac
Something you find in a kitchen	tabboule
Something you find in a kitchen	table
Something you find in a kitchen	tableau
Something you find in a kitchen	tablette
Something you find in a kitchen	tablier
Something you find in a kitchen	taboule
Something you find in a kitchen	tabouret
Something you find in a kitchen	tagliatelle
Something you find in a kitchen	tahine
Something you find in a kitchen	tahini
Something you find in a kitchen	tamarinier
Something you find in a kitchen	tamis
Something you find in a kitchen	tandoor
Something you find in a kitchen	tapenade
Something you find in a kitchen	taper
Something you find in a kitchen	tapioca
Something you find in a kitchen	taraxacum
Something you find in a kitchen	tarte
Something you find in a kitchen	tartine
Something you find in a kitchen	tasse
Something you find in a kitchen	tassergal
Something you find in a kitchen	taupe
Something you find in a kitchen	teff
Something you find in a kitchen	tehina
Something you find in a kitchen	tempura
Something you find in a kitchen	tequila
Something you find in a kitchen	teriyaki
Something you find in a kitchen	terrine
Something you find in a kitchen	tetras
Something you find in a kitchen	the
Something you find in a kitchen	theiere
Something you find in a kitchen	thermometre
Something you find in a kitchen	thermos
Something you find in a kitchen	thon
Something you find in a kitchen	thym
Something you find in a kitchen	tibia
Something you find in a kitchen	tilleul
Something you find in a kitchen	tiramisu
Something you find in a kitchen	tiroir
Something you find in a kitchen	tisane
Something you find in a kitchen	toast
Something you find in a kitchen	toasteur
Something you find in a kitchen	tofou
Something you find in a kitchen	tofu
Something you find in a kitchen	tomate
Something you find in a kitchen	topinambour
Something you find in a kitchen	torche
Something you find in a kitchen	torpille
Something you find in a kitchen	tortellini
Something you find in a kitchen	tortilla
Something you find in a kitchen	tournevis
Something you find in a kitchen	tourte
Something you find in a kitchen	traire
Something you find in a kitchen	trancher
Something you find in a kitchen	trefle
Something you find in a kitchen	trefles
Something you find in a kitchen	tresses
Something you find in a kitchen	tripe
Something you find in a kitchen	tripes
Something you find in a kitchen	tritoma
Something you find in a kitchen	tropaeolum
Something you find in a kitchen	truffe
Something you find in a kitchen	truite
Something you find in a kitchen	tumbler
Something you find in a kitchen	turbot
Something you find in a kitchen	uda
Something you find in a kitchen	ugli
Something you find in a kitchen	urne
Something you find in a kitchen	utriculaire
Something you find in a kitchen	utriculaires
Something you find in a kitchen	utricularia
Something you find in a kitchen	vaisselle
Something you find in a kitchen	valerianelle
Something you find in a kitchen	valet
Something you find in a kitchen	vanille
Something you find in a kitchen	vanite
Something you find in a kitchen	vapeur
Something you find in a kitchen	vase
Something you find in a kitchen	veau
Something you find in a kitchen	vegetal
Something you find in a kitchen	veluette
Something you find in a kitchen	vendange
Something you find in a kitchen	vermicelle
Something you find in a kitchen	vermouth
Something you find in a kitchen	vermouths
Something you find in a kitchen	vernonia
Something you find in a kitchen	verre
Something you find in a kitchen	vert
Something you find in a kitchen	vesce
Something you find in a kitchen	viande
Something you find in a kitchen	viennoiserie
Something you find in a kitchen	vieux
Something you find in a kitchen	vin
Something you find in a kitchen	vinaigre
Something you find in a kitchen	vinaigrette
Something you find in a kitchen	viol
Something you find in a kitchen	violet
Something you find in a kitchen	violette
Something you find in a kitchen	vitrine
Something you find in a kitchen	vodka
Something you find in a kitchen	volaille
Something you find in a kitchen	whiskey
Something you find in a kitchen	whisky
Something you find in a kitchen	witloof
Something you find in a kitchen	wok
Something you find in a kitchen	worcestershire
Something you find in a kitchen	wulong
Something you find in a kitchen	xeres
Something you find in a kitchen	yaourt
Something you find in a kitchen	yoghourt
Something you find in a kitchen	yogourt
Something you find in a kitchen	yufka
Something you find in a kitchen	zep
Something you find in a kitchen	zinfandel
Something you find in a kitchen	zizanie
Something you find in a kitchen	zombi
Something you find in a kitchen	zombie
Something you find in a kitchen	zoysia
An animal that lives in water	abalone
An animal that lives in water	abudefduf
An animal that lives in water	acipenser
An animal that lives in water	actinia
An animal that lives in water	actinie
An animal that lives in water	actinistiens
An animal that lives in water	age
An animal that lives in water	aiglefin
An animal that lives in water	albacore
An animal that lives in water	alectis
An animal that lives in water	alligator
An animal that lives in water	alose
An animal that lives in water	ammodytidae
An animal that lives in water	anchois
An animal that lives in water	anemone
An animal that lives in water	anguille
An animal that lives in water	antennariidae
An animal that lives in water	argentin
An animal that lives in water	asterie
An animal that lives in water	auk
An animal that lives in water	avorton
An animal that lives in water	axolotl
An animal that lives in water	balaena
An animal that lives in water	balanus
An animal that lives in water	baleine
An animal that lives in water	baliste
An animal that lives in water	balistidae
An animal that lives in water	balistides
An animal that lives in water	bambin
An animal that lives in water	barbue
An animal that lives in water	basse
An animal that lives in water	batrachoididae
An animal that lives in water	batracien
An animal that lives in water	beluga
An animal that lives in water	bernique
An animal that lives in water	biche
An animal that lives in water	bievre
An animal that lives in water	blanchaille
An animal that lives in water	blenniidae
An animal that lives in water	blennioidei
An animal that lives in water	bonite
An animal that lives in water	bramidae
An animal that lives in water	breme
An animal that lives in water	bricoler
An animal that lives in water	brigand
An animal that lives in water	brochet
An animal that lives in water	buccin
An animal that lives in water	cabillaud
An animal that lives in water	cachalot
An animal that lives in water	caiman
An animal that lives in water	calamar
An animal that lives in water	callionymidae
An animal that lives in water	calmar
An animal that lives in water	canard
An animal that lives in water	cane
An animal that lives in water	capelan
An animal that lives in water	capsule
An animal that lives in water	carassin
An animal that lives in water	carboniser
An animal that lives in water	carpe
An animal that lives in water	carrelet
An animal that lives in water	castor
An animal that lives in water	centropomidae
An animal that lives in water	cephalopodes
An animal that lives in water	cetace
An animal that lives in water	chabot
An animal that lives in water	cheloniidae
An animal that lives in water	chevaine
An animal that lives in water	chevesne
An animal that lives in water	chinchard
An animal that lives in water	chiton
An animal that lives in water	cichlidae
An animal that lives in water	cichlide
An animal that lives in water	civelle
An animal that lives in water	cloporte
An animal that lives in water	clupea
An animal that lives in water	coelacanthe
An animal that lives in water	coelacanthes
An animal that lives in water	conger
An animal that lives in water	congre
An animal that lives in water	congres
An animal that lives in water	conque
An animal that lives in water	copepoda
An animal that lives in water	copepodes
An animal that lives in water	coquillage
An animal that lives in water	corail
An animal that lives in water	cottus
An animal that lives in water	couvreur
An animal that lives in water	crabe
An animal that lives in water	crapaud
An animal that lives in water	crevette
An animal that lives in water	crinoides
An animal that lives in water	crocodile
An animal that lives in water	crocodylidae
An animal that lives in water	crustace
An animal that lives in water	crustaces
An animal that lives in water	cyclope
An animal that lives in water	cygne
An animal that lives in water	cypraea
An animal that lives in water	cypraeidae
An animal that lives in water	daphnia
An animal that lives in water	daphnie
An animal that lives in water	daphnies
An animal that lives in water	dasyatidae
An animal that lives in water	dasyatide
An animal that lives in water	dauphin
An animal that lives in water	dco
An animal that lives in water	demi
An animal that lives in water	demoiselle
An animal that lives in water	dipneuste
An animal that lives in water	dipneustes
An animal that lives in water	dipnoi
An animal that lives in water	diversion
An animal that lives in water	dorade
An animal that lives in water	dugong
An animal that lives in water	echeneidae
An animal that lives in water	echinodermata
An animal that lives in water	echinoderme
An animal that lives in water	echinodermes
An animal that lives in water	ecrevisse
An animal that lives in water	elbot
An animal that lives in water	encornet
An animal that lives in water	epaulard
An animal that lives in water	epinephelus
An animal that lives in water	epinoches
An animal that lives in water	eponge
An animal that lives in water	equille
An animal that lives in water	escargot
An animal that lives in water	eschrichtius
An animal that lives in water	espadon
An animal that lives in water	esturgeon
An animal that lives in water	esturgeons
An animal that lives in water	euphausiacea
An animal that lives in water	exclusif
An animal that lives in water	flet
An animal that lives in water	fletan
An animal that lives in water	fretin
An animal that lives in water	gamin
An animal that lives in water	gamine
An animal that lives in water	gardon
An animal that lives in water	garnement
An animal that lives in water	gasteropode
An animal that lives in water	gasteropodes
An animal that lives in water	gasterosteidae
An animal that lives in water	gavial
An animal that lives in water	gavialidae
An animal that lives in water	geant
An animal that lives in water	gerreidae
An animal that lives in water	globicephala
An animal that lives in water	globicephale
An animal that lives in water	gobiidae
An animal that lives in water	gorgonacea
An animal that lives in water	gorgones
An animal that lives in water	goujon
An animal that lives in water	grenouille
An animal that lives in water	guppy
An animal that lives in water	haliotide
An animal that lives in water	haliotis
An animal that lives in water	hareng
An animal that lives in water	hippone
An animal that lives in water	hippopotame
An animal that lives in water	holothuria
An animal that lives in water	holothurie
An animal that lives in water	homard
An animal that lives in water	huitre
An animal that lives in water	hydre
An animal that lives in water	hydrophiidae
An animal that lives in water	hydrophiides
An animal that lives in water	irradiation
An animal that lives in water	istiophoridae
An animal that lives in water	jubarte
An animal that lives in water	krill
An animal that lives in water	labridae
An animal that lives in water	labrides
An animal that lives in water	lamantin
An animal that lives in water	lampris
An animal that lives in water	lancon
An animal that lives in water	langouste
An animal that lives in water	langoustine
An animal that lives in water	leech
An animal that lives in water	limacon
An animal that lives in water	lobotidae
An animal that lives in water	lophiidae
An animal that lives in water	lophiiformes
An animal that lives in water	lote
An animal that lives in water	lotte
An animal that lives in water	loutre
An animal that lives in water	macrouridae
An animal that lives in water	mademoiselle
An animal that lives in water	mako
An animal that lives in water	manchot
An animal that lives in water	maquereau
An animal that lives in water	maraiche
An animal that lives in water	maraudeur
An animal that lives in water	marraiche
An animal that lives in water	marsouin
An animal that lives in water	maskinonge
An animal that lives in water	meduse
An animal that lives in water	megaptere
An animal that lives in water	merlan
An animal that lives in water	meurtrier
An animal that lives in water	mola
An animal that lives in water	mole
An animal that lives in water	mollusque
An animal that lives in water	molly
An animal that lives in water	mome
An animal that lives in water	monacanthidae
An animal that lives in water	morse
An animal that lives in water	morue
An animal that lives in water	moule
An animal that lives in water	mullidae
An animal that lives in water	muraenidae
An animal that lives in water	murene
An animal that lives in water	murenes
An animal that lives in water	narval
An animal that lives in water	nudibranchia
An animal that lives in water	octopode
An animal that lives in water	ormeau
An animal that lives in water	ornithorynque
An animal that lives in water	orphie
An animal that lives in water	orque
An animal that lives in water	ostraciidae
An animal that lives in water	ostracode
An animal that lives in water	otarie
An animal that lives in water	ouaouaron
An animal that lives in water	ours
An animal that lives in water	palourde
An animal that lives in water	pastenague
An animal that lives in water	patelle
An animal that lives in water	pelecanidae
An animal that lives in water	pelecanides
An animal that lives in water	pelican
An animal that lives in water	perche
An animal that lives in water	periophthalmes
An animal that lives in water	periophthalmus
An animal that lives in water	permettre
An animal that lives in water	phocoenidae
An animal that lives in water	phoque
An animal that lives in water	pieuvre
An animal that lives in water	pigeonner
An animal that lives in water	pingouin
An animal that lives in water	pinnipede
An animal that lives in water	piranha
An animal that lives in water	plancton
An animal that lives in water	platypus
An animal that lives in water	plie
An animal that lives in water	poisson
An animal that lives in water	polyodontidae
An animal that lives in water	poulpe
An animal that lives in water	predateur
An animal that lives in water	pristidae
An animal that lives in water	rachycentridae
An animal that lives in water	rachycentron
An animal that lives in water	raie
An animal that lives in water	ranidae
An animal that lives in water	ranides
An animal that lives in water	rayon
An animal that lives in water	remora
An animal that lives in water	requin
An animal that lives in water	requins
An animal that lives in water	rhinobatidae
An animal that lives in water	ridley
An animal that lives in water	rorqual
An animal that lives in water	rotengle
An animal that lives in water	rudd
An animal that lives in water	salamandridae
An animal that lives in water	salmoniculture
An animal that lives in water	sangsue
An animal that lives in water	sarda
An animal that lives in water	sardine
An animal that lives in water	saumon
An animal that lives in water	sceau
An animal that lives in water	scelle
An animal that lives in water	scellement
An animal that lives in water	seiche
An animal that lives in water	seiches
An animal that lives in water	sepiida
An animal that lives in water	seriola
An animal that lives in water	seriole
An animal that lives in water	seul
An animal that lives in water	silure
An animal that lives in water	siluride
An animal that lives in water	sphyraena
An animal that lives in water	sphyrnidae
An animal that lives in water	spirula
An animal that lives in water	sprat
An animal that lives in water	squale
An animal that lives in water	squatina
An animal that lives in water	squatine
An animal that lives in water	squatiniformes
An animal that lives in water	syngnathus
An animal that lives in water	tambour
An animal that lives in water	tanche
An animal that lives in water	taret
An animal that lives in water	tarpon
An animal that lives in water	tassergal
An animal that lives in water	tetard
An animal that lives in water	thon
An animal that lives in water	thonier
An animal that lives in water	torpedo
An animal that lives in water	torpille
An animal that lives in water	toxotidae
An animal that lives in water	traverse
An animal that lives in water	triglidae
An animal that lives in water	triton
An animal that lives in water	tritons
An animal that lives in water	truite
An animal that lives in water	turbot
An animal that lives in water	urchin
An animal that lives in water	vairon
An animal that lives in water	vandoise
An animal that lives in water	vapeur
An animal that lives in water	vautour
An animal that lives in water	vielle
An animal that lives in water	woodlouse
An animal that lives in water	zalophus
Something you wear	accessoire
Something you wear	accoutrement
Something you wear	anneau
Something you wear	anorak
Something you wear	arctique
Something you wear	ascot
Something you wear	aube
Something you wear	bague
Something you wear	balmoral
Something you wear	bandana
Something you wear	bandeau
Something you wear	bandouliere
Something you wear	banian
Something you wear	barboteuse
Something you wear	barniques
Something you wear	bas
Something you wear	basket
Something you wear	baudrier
Something you wear	beret
Something you wear	bicorne
Something you wear	bievre
Something you wear	bijou
Something you wear	bikini
Something you wear	binocles
Something you wear	blanc
Something you wear	blazer
Something you wear	bleu
Something you wear	bleue
Something you wear	blouson
Something you wear	boa
Something you wear	bobbysocks
Something you wear	bobettes
Something you wear	bolo
Something you wear	bonnet
Something you wear	borsalino
Something you wear	botte
Something you wear	bottillon
Something you wear	bracelet
Something you wear	bretelle
Something you wear	broche
Something you wear	bucheron
Something you wear	burnous
Something you wear	caban
Something you wear	cafetan
Something you wear	caftan
Something you wear	cagoule
Something you wear	calcif
Something you wear	calecon
Something you wear	camail
Something you wear	caoutchouc
Something you wear	cap
Something you wear	cape
Something you wear	capote
Something you wear	capuchon
Something you wear	cardigan
Something you wear	casque
Something you wear	casquette
Something you wear	castor
Something you wear	ceinture
Something you wear	chador
Something you wear	chaine
Something you wear	chale
Something you wear	chandail
Something you wear	changement
Something you wear	changer
Something you wear	chapeau
Something you wear	chasseur
Something you wear	chasuble
Something you wear	chaussette
Something you wear	chausson
Something you wear	chaussure
Something you wear	chaussures
Something you wear	chemise
Something you wear	chemisier
Something you wear	chino
Something you wear	chiton
Something you wear	chlamyde
Something you wear	cire
Something you wear	clairon
Something you wear	claque
Something you wear	clef
Something you wear	coiffeuse
Something you wear	col
Something you wear	collant
Something you wear	collants
Something you wear	collier
Something you wear	combinaison
Something you wear	complet
Something you wear	coquille
Something you wear	corolle
Something you wear	corsage
Something you wear	corset
Something you wear	costume
Something you wear	cotillon
Something you wear	couche
Something you wear	couronne
Something you wear	couronnement
Something you wear	courroie
Something you wear	coutume
Something you wear	couvercle
Something you wear	couvert
Something you wear	crampons
Something you wear	cravate
Something you wear	crinoline
Something you wear	culotte
Something you wear	dashiki
Something you wear	deguisement
Something you wear	derby
Something you wear	deshabille
Something you wear	dessous
Something you wear	dhoti
Something you wear	dhuti
Something you wear	diamant
Something you wear	djellaba
Something you wear	doublet
Something you wear	doublon
Something you wear	echarpe
Something you wear	edison
Something you wear	emeraude
Something you wear	endroit
Something you wear	ensemble
Something you wear	epingle
Something you wear	espadrille
Something you wear	esquimau
Something you wear	etole
Something you wear	faite
Something you wear	falzar
Something you wear	fes
Something you wear	feutre
Something you wear	fez
Something you wear	ficelle
Something you wear	fichu
Something you wear	flanelle
Something you wear	flou
Something you wear	fond
Something you wear	foulard
Something you wear	fourreau
Something you wear	fourrure
Something you wear	frac
Something you wear	fringue
Something you wear	gabardine
Something you wear	gaine
Something you wear	gallus
Something you wear	galoche
Something you wear	gant
Something you wear	gemme
Something you wear	general
Something you wear	geta
Something you wear	gilet
Something you wear	grenouillere
Something you wear	gris
Something you wear	grisonner
Something you wear	guepiere
Something you wear	guetre
Something you wear	habillement
Something you wear	habit
Something you wear	habitude
Something you wear	havresac
Something you wear	heaume
Something you wear	hessien
Something you wear	hijab
Something you wear	hombourg
Something you wear	imper
Something you wear	impermeable
Something you wear	interrupteur
Something you wear	jarretelle
Something you wear	jean
Something you wear	jockstrap
Something you wear	joyau
Something you wear	jupe
Something you wear	jupon
Something you wear	justaucorps
Something you wear	justeaucorps
Something you wear	kepi
Something you wear	kilt
Something you wear	kimono
Something you wear	kippa
Something you wear	knickerbockers
Something you wear	knickers
Something you wear	langer
Something you wear	laniere
Something you wear	lavage
Something you wear	laver
Something you wear	lederhose
Something you wear	legging
Something you wear	leggings
Something you wear	lessive
Something you wear	lieu
Something you wear	linge
Something you wear	lingerie
Something you wear	litham
Something you wear	lunettes
Something you wear	machaon
Something you wear	mack
Something you wear	maillot
Something you wear	manchette
Something you wear	manchon
Something you wear	manteau
Something you wear	mantoue
Something you wear	masque
Something you wear	matelot
Something you wear	medaillon
Something you wear	melon
Something you wear	milieu
Something you wear	minijupe
Something you wear	mitaine
Something you wear	mitre
Something you wear	mitten
Something you wear	mocassin
Something you wear	molletiere
Something you wear	mon
Something you wear	montre
Something you wear	moufle
Something you wear	mule
Something you wear	mulet
Something you wear	nageoire
Something you wear	ness
Something you wear	niqab
Something you wear	noir
Something you wear	nuisette
Something you wear	orage
Something you wear	oxford
Something you wear	pagne
Something you wear	paletot
Something you wear	panama
Something you wear	pantalon
Something you wear	pantoufle
Something you wear	paramecie
Something you wear	paramentique
Something you wear	pardessus
Something you wear	pareo
Something you wear	paridhana
Something you wear	paterson
Something you wear	peignoir
Something you wear	pelisse
Something you wear	pendentif
Something you wear	peplos
Something you wear	perle
Something you wear	perruque
Something you wear	pile
Something you wear	place
Something you wear	plimsoll
Something you wear	polonaise
Something you wear	pompage
Something you wear	pompe
Something you wear	poncho
Something you wear	protection
Something you wear	pyjama
Something you wear	repassage
Something you wear	requin
Something you wear	respirateur
Something you wear	reversible
Something you wear	revetir
Something you wear	robe
Something you wear	rubis
Something you wear	sac
Something you wear	sandale
Something you wear	saphir
Something you wear	sari
Something you wear	sarong
Something you wear	sautoir
Something you wear	scapulaire
Something you wear	scutellaire
Something you wear	separer
Something you wear	serviette
Something you wear	shako
Something you wear	shimmy
Something you wear	singulet
Something you wear	slip
Something you wear	smoking
Something you wear	sombrero
Something you wear	sommet
Something you wear	sonnerie
Something you wear	soulier
Something you wear	soutane
Something you wear	spectateur
Something you wear	stetson
Something you wear	store
Something you wear	string
Something you wear	surplis
Something you wear	suspensoir
Something you wear	sweater
Something you wear	sweatshirt
Something you wear	tabar
Something you wear	tabard
Something you wear	tableau
Something you wear	tablier
Something you wear	talon
Something you wear	tam
Something you wear	tchador
Something you wear	teeshirt
Something you wear	tempete
Something you wear	tenue
Something you wear	threads
Something you wear	tiare
Something you wear	ticheurte
Something you wear	tissu
Something you wear	toge
Something you wear	toilette
Something you wear	toupet
Something you wear	transformer
Something you wear	traverse
Something you wear	tricorne
Something you wear	trunks
Something you wear	tunique
Something you wear	turban
Something you wear	tutu
Something you wear	tuyau
Something you wear	tweed
Something you wear	ulster
Something you wear	uniforme
Something you wear	universite
Something you wear	veste
Something you wear	veston
Something you wear	vetement
Something you wear	vetements
Something you wear	vetir
Something you wear	vison
Something you wear	voile
Something you wear	wellington
Something you wear	zibeline
A part of the body	abajoue
A part of the body	abdo
A part of the body	abdomen
A part of the body	abdominal
A part of the body	abducteur
A part of the body	abomasum
A part of the body	acetabule
A part of the body	acetabulum
A part of the body	acromion
A part of the body	acrosome
A part of the body	adducteur
A part of the body	adenoide
A part of the body	afro
A part of the body	aile
A part of the body	aine
A part of the body	aisselle
A part of the body	algue
A part of the body	allantoide
A part of the body	allogreffe
A part of the body	allogreffes
A part of the body	amnios
A part of the body	ampoule
A part of the body	amygdale
A part of the body	amygdales
A part of the body	annexe
A part of the body	annulaire
A part of the body	antenne
A part of the body	antre
A part of the body	anus
A part of the body	aorte
A part of the body	apercu
A part of the body	aponevrose
A part of the body	appareil
A part of the body	appendice
A part of the body	arbrisseau
A part of the body	arbuste
A part of the body	arc
A part of the body	archenteron
A part of the body	archipallium
A part of the body	arete
A part of the body	arme
A part of the body	artere
A part of the body	arteriole
A part of the body	articulation
A part of the body	assiette
A part of the body	aster
A part of the body	astragale
A part of the body	astragales
A part of the body	astragalus
A part of the body	atherome
A part of the body	atlas
A part of the body	atrium
A part of the body	auriculaire
A part of the body	autocollant
A part of the body	autogreffe
A part of the body	avertisseur
A part of the body	axe
A part of the body	axis
A part of the body	bacchante
A part of the body	bai
A part of the body	barbe
A part of the body	barbeau
A part of the body	barbiche
A part of the body	barbillon
A part of the body	bas
A part of the body	bassin
A part of the body	bec
A part of the body	bedaine
A part of the body	biceps
A part of the body	bievre
A part of the body	bite
A part of the body	blair
A part of the body	blastocele
A part of the body	blastopore
A part of the body	bois
A part of the body	borde
A part of the body	bouc
A part of the body	bouche
A part of the body	bouton
A part of the body	branchie
A part of the body	bras
A part of the body	bronche
A part of the body	bronchiole
A part of the body	bronchioles
A part of the body	bubo
A part of the body	buisson
A part of the body	bulbe
A part of the body	burnside
A part of the body	bursa
A part of the body	buste
A part of the body	cadenas
A part of the body	caecum
A part of the body	caillette
A part of the body	caisson
A part of the body	cal
A part of the body	calcaneum
A part of the body	callosite
A part of the body	canal
A part of the body	canin
A part of the body	canine
A part of the body	canon
A part of the body	capsule
A part of the body	cardia
A part of the body	carene
A part of the body	carotide
A part of the body	carotides
A part of the body	cartilage
A part of the body	castor
A part of the body	cavite
A part of the body	ceinture
A part of the body	cellulite
A part of the body	centre
A part of the body	centrer
A part of the body	centriole
A part of the body	centromere
A part of the body	cerveau
A part of the body	cervelet
A part of the body	cervelle
A part of the body	chaine
A part of the body	chair
A part of the body	chambre
A part of the body	charmeuses
A part of the body	chatte
A part of the body	chaume
A part of the body	chelicere
A part of the body	chevelure
A part of the body	cheveu
A part of the body	cheville
A part of the body	chiasma
A part of the body	chignon
A part of the body	choledoque
A part of the body	chorion
A part of the body	choroide
A part of the body	cil
A part of the body	cils
A part of the body	claustrum
A part of the body	clavicule
A part of the body	clito
A part of the body	clitoris
A part of the body	clou
A part of the body	cns
A part of the body	coccyx
A part of the body	cochlee
A part of the body	coecum
A part of the body	coelome
A part of the body	coeur
A part of the body	coffre
A part of the body	cogner
A part of the body	coiffure
A part of the body	colon
A part of the body	con
A part of the body	conduit
A part of the body	condyle
A part of the body	conjonctive
A part of the body	connard
A part of the body	corne
A part of the body	cornee
A part of the body	cornu
A part of the body	coronaire
A part of the body	corporation
A part of the body	cortex
A part of the body	cote
A part of the body	cotelette
A part of the body	cou
A part of the body	couche
A part of the body	coude
A part of the body	couette
A part of the body	couille
A part of the body	couillon
A part of the body	coupe
A part of the body	cours
A part of the body	couvercle
A part of the body	crane
A part of the body	crete
A part of the body	criniere
A part of the body	cristallin
A part of the body	croc
A part of the body	croquis
A part of the body	croupe
A part of the body	crouton
A part of the body	ctenidium
A part of the body	cubitus
A part of the body	cuir
A part of the body	cuisse
A part of the body	cuisses
A part of the body	cul
A part of the body	cytosquelette
A part of the body	darse
A part of the body	decollete
A part of the body	decussation
A part of the body	defense
A part of the body	delivrance
A part of the body	deltoide
A part of the body	dent
A part of the body	dentine
A part of the body	depliant
A part of the body	derriere
A part of the body	diaphragme
A part of the body	diarthrose
A part of the body	diencephale
A part of the body	doigt
A part of the body	dome
A part of the body	dos
A part of the body	drapeau
A part of the body	droit
A part of the body	duodenum
A part of the body	echine
A part of the body	ectoderme
A part of the body	eglise
A part of the body	eleve
A part of the body	elytre
A part of the body	embouchure
A part of the body	eminence
A part of the body	encephale
A part of the body	enclume
A part of the body	encule
A part of the body	endoblaste
A part of the body	endocarde
A part of the body	endocrane
A part of the body	endoderme
A part of the body	endodontie
A part of the body	endometre
A part of the body	endosquelette
A part of the body	endothelium
A part of the body	enkel
A part of the body	entrailles
A part of the body	entrejambe
A part of the body	entreprise
A part of the body	epaule
A part of the body	ephelide
A part of the body	epi
A part of the body	epicarde
A part of the body	epicondyle
A part of the body	epididyme
A part of the body	epiglotte
A part of the body	epine
A part of the body	epingle
A part of the body	epithelia
A part of the body	epithelium
A part of the body	ergot
A part of the body	estomac
A part of the body	etrier
A part of the body	etudiant
A part of the body	exoderme
A part of the body	exosquelette
A part of the body	extendeur
A part of the body	extremite
A part of the body	face
A part of the body	fascia
A part of the body	fasciculus
A part of the body	femur
A part of the body	fesse
A part of the body	fesses
A part of the body	feuillet
A part of the body	fibula
A part of the body	fimbria
A part of the body	fishbone
A part of the body	fistule
A part of the body	flanc
A part of the body	flechisseur
A part of the body	flechisseurs
A part of the body	flexeur
A part of the body	foie
A part of the body	foliole
A part of the body	follicule
A part of the body	fond
A part of the body	fontanelle
A part of the body	fontanelles
A part of the body	fosse
A part of the body	fou
A part of the body	fourrure
A part of the body	fovea
A part of the body	front
A part of the body	furcula
A part of the body	gaine
A part of the body	ganglion
A part of the body	gardon
A part of the body	garrot
A part of the body	gauche
A part of the body	gencive
A part of the body	genou
A part of the body	germe
A part of the body	germinal
A part of the body	gesier
A part of the body	glaieul
A part of the body	gland
A part of the body	glande
A part of the body	glochide
A part of the body	glomerule
A part of the body	glotte
A part of the body	gonade
A part of the body	gorge
A part of the body	gosier
A part of the body	gosse
A part of the body	gouffre
A part of the body	graisse
A part of the body	gras
A part of the body	greffe
A part of the body	greffer
A part of the body	griffe
A part of the body	gros
A part of the body	gueule
A part of the body	hamatum
A part of the body	hanche
A part of the body	haricot
A part of the body	haustorium
A part of the body	helicoptere
A part of the body	hemisphere
A part of the body	heterogreffe
A part of the body	hippocampe
A part of the body	hippocampus
A part of the body	hochet
A part of the body	humerus
A part of the body	hymen
A part of the body	hypophyse
A part of the body	hypothalamus
A part of the body	ileon
A part of the body	ilium
A part of the body	imagette
A part of the body	imperial
A part of the body	incisive
A part of the body	incisives
A part of the body	incus
A part of the body	index
A part of the body	intestin
A part of the body	investissement
A part of the body	iris
A part of the body	ischion
A part of the body	jabot
A part of the body	jambe
A part of the body	jejunum
A part of the body	jeune
A part of the body	joue
A part of the body	jugulaire
A part of the body	kinetochore
A part of the body	kyste
A part of the body	labium
A part of the body	labyrinthe
A part of the body	laine
A part of the body	lambda
A part of the body	lame
A part of the body	langue
A part of the body	lanugo
A part of the body	larynx
A part of the body	lat
A part of the body	lentille
A part of the body	levre
A part of the body	levres
A part of the body	ligament
A part of the body	limacon
A part of the body	liposome
A part of the body	lobe
A part of the body	loculus
A part of the body	lolo
A part of the body	lombes
A part of the body	luette
A part of the body	lumen
A part of the body	lunette
A part of the body	lynx
A part of the body	lysosome
A part of the body	lysosomes
A part of the body	machoire
A part of the body	maidenhead
A part of the body	main
A part of the body	majeur
A part of the body	malleus
A part of the body	mamelle
A part of the body	mamelon
A part of the body	mandibule
A part of the body	manubrium
A part of the body	marsupium
A part of the body	marteau
A part of the body	mastoide
A part of the body	mat
A part of the body	matrice
A part of the body	maw
A part of the body	meat
A part of the body	mediastin
A part of the body	medius
A part of the body	megacolon
A part of the body	membrane
A part of the body	membre
A part of the body	meninge
A part of the body	meniscus
A part of the body	menisque
A part of the body	menton
A part of the body	mesange
A part of the body	mesencephale
A part of the body	mesenchyme
A part of the body	mesentere
A part of the body	mesoblaste
A part of the body	mesocolon
A part of the body	mesoderme
A part of the body	mesothelium
A part of the body	metacarpe
A part of the body	metatarse
A part of the body	metencephale
A part of the body	micropenis
A part of the body	microtubule
A part of the body	microtubules
A part of the body	milieu
A part of the body	miniature
A part of the body	minou
A part of the body	mitochondrie
A part of the body	mitochondries
A part of the body	moelle
A part of the body	molaire
A part of the body	mollet
A part of the body	mons
A part of the body	moule
A part of the body	moustache
A part of the body	mps
A part of the body	muqueuse
A part of the body	muqueuses
A part of the body	muscle
A part of the body	musculature
A part of the body	museau
A part of the body	myocarde
A part of the body	myometre
A part of the body	nacre
A part of the body	nageoire
A part of the body	narine
A part of the body	nasal
A part of the body	naseau
A part of the body	natte
A part of the body	natter
A part of the body	nephron
A part of the body	nerf
A part of the body	neurohypophyse
A part of the body	nez
A part of the body	nibard
A part of the body	noeud
A part of the body	nombril
A part of the body	notochorde
A part of the body	nouille
A part of the body	noyau
A part of the body	nucleole
A part of the body	oculus
A part of the body	oeil
A part of the body	oesophage
A part of the body	oeuf
A part of the body	ombilic
A part of the body	omentum
A part of the body	omoplate
A part of the body	omphalos
A part of the body	onde
A part of the body	ongle
A part of the body	opercule
A part of the body	orbe
A part of the body	orbite
A part of the body	oreille
A part of the body	organe
A part of the body	organite
A part of the body	oriel
A part of the body	orifice
A part of the body	origine
A part of the body	orteil
A part of the body	osteophyte
A part of the body	ostiole
A part of the body	outil
A part of the body	ouverture
A part of the body	ovaire
A part of the body	oviducte
A part of the body	ovipositeur
A part of the body	paf
A part of the body	page
A part of the body	pallidum
A part of the body	palmier
A part of the body	pancreas
A part of the body	panse
A part of the body	papille
A part of the body	parathyroide
A part of the body	parathyroides
A part of the body	parotide
A part of the body	particularite
A part of the body	partition
A part of the body	passage
A part of the body	patella
A part of the body	patte
A part of the body	paume
A part of the body	paupiere
A part of the body	peau
A part of the body	peigne
A part of the body	peigner
A part of the body	pelvis
A part of the body	penis
A part of the body	pericarde
A part of the body	perinee
A part of the body	perioste
A part of the body	peristome
A part of the body	peritoine
A part of the body	permanent
A part of the body	perone
A part of the body	peter
A part of the body	petit
A part of the body	phalange
A part of the body	phallus
A part of the body	pharynx
A part of the body	physiognomonie
A part of the body	physionomie
A part of the body	pied
A part of the body	piege
A part of the body	pierre
A part of the body	pif
A part of the body	pigeonner
A part of the body	pilosite
A part of the body	pince
A part of the body	pincon
A part of the body	pis
A part of the body	placenta
A part of the body	plaque
A part of the body	plevre
A part of the body	plexus
A part of the body	plume
A part of the body	poche
A part of the body	poele
A part of the body	poignet
A part of the body	poil
A part of the body	poing
A part of the body	poitrine
A part of the body	pommette
A part of the body	pompe
A part of the body	pore
A part of the body	portail
A part of the body	porter
A part of the body	posterieur
A part of the body	pouce
A part of the body	poumon
A part of the body	premolaire
A part of the body	premolaires
A part of the body	prepuce
A part of the body	primordium
A part of the body	prise
A part of the body	prosencephale
A part of the body	prostate
A part of the body	prothorax
A part of the body	pseudopode
A part of the body	pseudopodes
A part of the body	pterygion
A part of the body	pubis
A part of the body	puits
A part of the body	pupille
A part of the body	putamen
A part of the body	pylore
A part of the body	queue
A part of the body	quignon
A part of the body	quille
A part of the body	rachis
A part of the body	racine
A part of the body	radiation
A part of the body	radius
A part of the body	ramure
A part of the body	rapide
A part of the body	rate
A part of the body	rayon
A part of the body	rayonnement
A part of the body	recepteur
A part of the body	rectum
A part of the body	region
A part of the body	rein
A part of the body	reseau
A part of the body	retine
A part of the body	rhombencephale
A part of the body	ribosome
A part of the body	ribosomes
A part of the body	ringvinger
A part of the body	robert
A part of the body	rognon
A part of the body	rotule
A part of the body	ruche
A part of the body	ruga
A part of the body	rugas
A part of the body	rumen
A part of the body	sabot
A part of the body	sacrum
A part of the body	sagacite
A part of the body	salle
A part of the body	sang
A part of the body	sarcolemme
A part of the body	sartorius
A part of the body	scaphoide
A part of the body	scapula
A part of the body	sclere
A part of the body	scrotum
A part of the body	scutellaire
A part of the body	sein
A part of the body	selle
A part of the body	seller
A part of the body	semilunaire
A part of the body	septum
A part of the body	sereuse
A part of the body	serre
A part of the body	serrure
A part of the body	sexe
A part of the body	sigmoide
A part of the body	sinus
A part of the body	societe
A part of the body	soupape
A part of the body	sourate
A part of the body	sourcil
A part of the body	sourcils
A part of the body	sphincter
A part of the body	spicule
A part of the body	spiracle
A part of the body	squamosal
A part of the body	squelette
A part of the body	sternum
A part of the body	stigmate
A part of the body	stomate
A part of the body	stomie
A part of the body	striatum
A part of the body	structure
A part of the body	style
A part of the body	sublinguale
A part of the body	subthalamus
A part of the body	sulcus
A part of the body	supporter
A part of the body	suppositoire
A part of the body	surrenales
A part of the body	suture
A part of the body	synoviale
A part of the body	systeme
A part of the body	tabouret
A part of the body	taille
A part of the body	talon
A part of the body	tarse
A part of the body	tarsien
A part of the body	telencephale
A part of the body	tempe
A part of the body	temple
A part of the body	tendon
A part of the body	tendons
A part of the body	tenseur
A part of the body	tentacule
A part of the body	testicule
A part of the body	testicules
A part of the body	tete
A part of the body	teterelle
A part of the body	tetine
A part of the body	teton
A part of the body	thalamus
A part of the body	thorax
A part of the body	thymus
A part of the body	thyroide
A part of the body	tibia
A part of the body	tissu
A part of the body	toison
A part of the body	tonsilla
A part of the body	tonsille
A part of the body	tonsilles
A part of the body	torse
A part of the body	touffe
A part of the body	trachee
A part of the body	tractus
A part of the body	tragus
A part of the body	trait
A part of the body	transplanter
A part of the body	trapeze
A part of the body	trapezoide
A part of the body	trayon
A part of the body	tresse
A part of the body	tresser
A part of the body	tribu
A part of the body	triceps
A part of the body	trochanter
A part of the body	trompe
A part of the body	tronc
A part of the body	troncon
A part of the body	trou
A part of the body	tube
A part of the body	tunique
A part of the body	tympan
A part of the body	ulna
A part of the body	umbilicus
A part of the body	uretere
A part of the body	urethre
A part of the body	uretre
A part of the body	uterus
A part of the body	uvula
A part of the body	uvule
A part of the body	vacuole
A part of the body	vagin
A part of the body	vaisseau
A part of the body	valvule
A part of the body	vanne
A part of the body	vas
A part of the body	veau
A part of the body	vegetation
A part of the body	veine
A part of the body	ventre
A part of the body	verge
A part of the body	vertebre
A part of the body	vertebres
A part of the body	vesicule
A part of the body	vessie
A part of the body	vestibule
A part of the body	via
A part of the body	vibrisse
A part of the body	vibrisses
A part of the body	vignette
A part of the body	virginite
A part of the body	vis
A part of the body	visage
A part of the body	viscere
A part of the body	voile
A part of the body	vomer
A part of the body	vulve
A part of the body	wijsvinger
A part of the body	wishbone
A part of the body	zona
A part of the body	zygoma
A part of the body	zygomatique
Something that flies	abeille
Something that flies	abm
Something that flies	accenteur
Something that flies	acherontia
Something that flies	adjudant
Something that flies	aepyornis
Something that flies	aeronef
Something that flies	aeroplane
Something that flies	afropavo
Something that flies	aigle
Something that flies	aiglon
Something that flies	aigrette
Something that flies	airbus
Something that flies	albatros
Something that flies	alcedinidae
Something that flies	alcedinides
Something that flies	alcidae
Something that flies	alcines
Something that flies	alouette
Something that flies	amazone
Something that flies	amiral
Something that flies	amphibie
Something that flies	amphibien
Something that flies	andouille
Something that flies	andrena
Something that flies	ange
Something that flies	anhinga
Something that flies	ani
Something that flies	anomalopteryx
Something that flies	antimissile
Something that flies	apterygidae
Something that flies	apteryx
Something that flies	aquatique
Something that flies	ara
Something that flies	aramidae
Something that flies	archaeopteryx
Something that flies	archeopteryx
Something that flies	ardeidae
Something that flies	ardeides
Something that flies	argus
Something that flies	aronde
Something that flies	asio
Something that flies	astronaute
Something that flies	astronef
Something that flies	atrichorne
Something that flies	atterrisseur
Something that flies	auk
Something that flies	autogire
Something that flies	autruche
Something that flies	avaler
Something that flies	avion
Something that flies	avocette
Something that flies	bal
Something that flies	balai
Something that flies	balbuzard
Something that flies	balle
Something that flies	ballon
Something that flies	banane
Something that flies	barge
Something that flies	barges
Something that flies	bartavelle
Something that flies	becasse
Something that flies	becasses
Something that flies	becassin
Something that flies	becassine
Something that flies	becassins
Something that flies	becfigue
Something that flies	bergeronettes
Something that flies	bergeronnette
Something that flies	bihoreau
Something that flies	biplan
Something that flies	bireacteur
Something that flies	biset
Something that flies	blackburn
Something that flies	bleu
Something that flies	bleue
Something that flies	blimp
Something that flies	bobolink
Something that flies	bogie
Something that flies	bombardier
Something that flies	bombycillidae
Something that flies	bombycillides
Something that flies	bombyliidae
Something that flies	bourdon
Something that flies	bourdons
Something that flies	bruant
Something that flies	bruit
Something that flies	bubo
Something that flies	bucconidae
Something that flies	bucconides
Something that flies	bucerotidae
Something that flies	bucerotides
Something that flies	budgerigar
Something that flies	bufflehead
Something that flies	bulbuls
Something that flies	bulle
Something that flies	busard
Something that flies	buse
Something that flies	butor
Something that flies	cacatoes
Something that flies	cacatuinae
Something that flies	calao
Something that flies	calaos
Something that flies	calopsitte
Something that flies	canard
Something that flies	canari
Something that flies	cane
Something that flies	caneton
Something that flies	canvasback
Something that flies	caprimulgidae
Something that flies	caprimulgides
Something that flies	capsule
Something that flies	caracara
Something that flies	cardinal
Something that flies	carpette
Something that flies	casoar
Something that flies	cathartidae
Something that flies	cathartides
Something that flies	cecropia
Something that flies	cendre
Something that flies	centropodinae
Something that flies	centropodines
Something that flies	chachalaca
Something that flies	chanteur
Something that flies	chapon
Something that flies	charadriines
Something that flies	chardonneret
Something that flies	chevalier
Something that flies	cheveche
Something that flies	chiroptere
Something that flies	choucas
Something that flies	chouette
Something that flies	chunga
Something that flies	ciconiidae
Something that flies	ciconiides
Something that flies	cigogne
Something that flies	cinabre
Something that flies	coccinelle
Something that flies	cockatiel
Something that flies	coleopteres
Something that flies	colibri
Something that flies	colombe
Something that flies	colvert
Something that flies	condor
Something that flies	condors
Something that flies	contopus
Something that flies	coq
Something that flies	corbeau
Something that flies	cormoran
Something that flies	corneille
Something that flies	cornique
Something that flies	coscoroba
Something that flies	coscorobas
Something that flies	cosmonaute
Something that flies	cotinga
Something that flies	cotingidae
Something that flies	cotingides
Something that flies	coucals
Something that flies	coucou
Something that flies	couille
Something that flies	courlie
Something that flies	courlis
Something that flies	couturiere
Something that flies	cracines
Something that flies	crecerelle
Something that flies	criquet
Something that flies	cuissarde
Something that flies	cuivre
Something that flies	culicidae
Something that flies	cygne
Something that flies	cygnet
Something that flies	dacelo
Something that flies	danaidae
Something that flies	dard
Something that flies	deltaplane
Something that flies	dermoptera
Something that flies	dermopteres
Something that flies	desmodontinae
Something that flies	dinde
Something that flies	dindon
Something that flies	dinornithidae
Something that flies	dinornithides
Something that flies	dirigeable
Something that flies	dodo
Something that flies	dragon
Something that flies	drake
Something that flies	drepanidinae
Something that flies	drepanidines
Something that flies	dronte
Something that flies	dupe
Something that flies	echasse
Something that flies	ecureuil
Something that flies	effraie
Something that flies	eider
Something that flies	eiders
Something that flies	emerillon
Something that flies	emeu
Something that flies	empereur
Something that flies	engoulevent
Something that flies	engoulevents
Something that flies	epervier
Something that flies	estorlet
Something that flies	etincelle
Something that flies	etourneau
Something that flies	eudyptes
Something that flies	exocet
Something that flies	faisan
Something that flies	faucon
Something that flies	fee
Something that flies	feuillage
Something that flies	feuille
Something that flies	flamant
Something that flies	flaneur
Something that flies	fleche
Something that flies	flies
Something that flies	flocon
Something that flies	fois
Something that flies	fou
Something that flies	foulque
Something that flies	foulques
Something that flies	fratercula
Something that flies	frelon
Something that flies	frene
Something that flies	fringillidae
Something that flies	frisbee
Something that flies	fulica
Something that flies	fulmar
Something that flies	fulmars
Something that flies	fumee
Something that flies	fumer
Something that flies	fusee
Something that flies	galbulidae
Something that flies	galbulides
Something that flies	gallinago
Something that flies	gambette
Something that flies	gander
Something that flies	ganga
Something that flies	garganey
Something that flies	gastrophile
Something that flies	geai
Something that flies	geocoucou
Something that flies	geothlypis
Something that flies	gerfaut
Something that flies	glareole
Something that flies	glareolides
Something that flies	glossina
Something that flies	goeland
Something that flies	gonzesse
Something that flies	gorfou
Something that flies	gorgebleue
Something that flies	gracula
Something that flies	graine
Something that flies	grebe
Something that flies	grebes
Something that flies	griffon
Something that flies	grimpars
Something that flies	grive
Something that flies	guacharo
Something that flies	guepe
Something that flies	guillemot
Something that flies	gypaete
Something that flies	haliaeetus
Something that flies	harles
Something that flies	harpie
Something that flies	helicoptere
Something that flies	hematobie
Something that flies	hero
Something that flies	heron
Something that flies	hibou
Something that flies	hirondelle
Something that flies	hoatzin
Something that flies	hoazin
Something that flies	hobby
Something that flies	hocco
Something that flies	hoccos
Something that flies	hochequeue
Something that flies	huitrier
Something that flies	huppe
Something that flies	hydravion
Something that flies	hypoderme
Something that flies	ibis
Something that flies	icterus
Something that flies	idiot
Something that flies	inseparable
Something that flies	jabiru
Something that flies	jacamars
Something that flies	jaeger
Something that flies	jais
Something that flies	jars
Something that flies	jeune
Something that flies	junco
Something that flies	kamikaze
Something that flies	kea
Something that flies	kiwi
Something that flies	labbe
Something that flies	lagopede
Something that flies	lampyre
Something that flies	lander
Something that flies	laniidae
Something that flies	laniides
Something that flies	leipoa
Something that flies	lem
Something that flies	libellule
Something that flies	libellules
Something that flies	limicole
Something that flies	limicoles
Something that flies	limnodromes
Something that flies	limnodromus
Something that flies	limpkin
Something that flies	linotte
Something that flies	locuste
Something that flies	lophodytes
Something that flies	lophophorus
Something that flies	lori
Something that flies	loriinae
Something that flies	loriot
Something that flies	loriquet
Something that flies	loxia
Something that flies	luciole
Something that flies	lune
Something that flies	lutin
Something that flies	lycenide
Something that flies	macareux
Something that flies	macreuse
Something that flies	macreuses
Something that flies	macrotus
Something that flies	mainate
Something that flies	mainates
Something that flies	maleo
Something that flies	mallard
Something that flies	manchot
Something that flies	marabout
Something that flies	maringouin
Something that flies	maringouins
Something that flies	martin
Something that flies	martinet
Something that flies	matou
Something that flies	megapodiidae
Something that flies	megapodiides
Something that flies	menuridae
Something that flies	menurides
Something that flies	merle
Something that flies	merlin
Something that flies	mesange
Something that flies	mesangeai
Something that flies	meunier
Something that flies	miauler
Something that flies	milan
Something that flies	milouin
Something that flies	mimini
Something that flies	miminis
Something that flies	ministre
Something that flies	missile
Something that flies	mite
Something that flies	mites
Something that flies	moa
Something that flies	moas
Something that flies	moineau
Something that flies	molossidae
Something that flies	molothrus
Something that flies	momotidae
Something that flies	momotides
Something that flies	monal
Something that flies	monarque
Something that flies	montgolfiere
Something that flies	morio
Something that flies	motacilla
Something that flies	motmots
Something that flies	mouche
Something that flies	moucheron
Something that flies	mouette
Something that flies	moustique
Something that flies	moustiques
Something that flies	muscicapidae
Something that flies	muscicapides
Something that flies	musophagidae
Something that flies	musophagides
Something that flies	myotis
Something that flies	nana
Something that flies	nandou
Something that flies	navette
Something that flies	navire
Something that flies	nichon
Something that flies	noeud
Something that flies	nymphalidae
Something that flies	nymphalide
Something that flies	oceanite
Something that flies	oenanthe
Something that flies	oestre
Something that flies	oestridae
Something that flies	oie
Something that flies	oilbird
Something that flies	oiseau
Something that flies	oiselet
Something that flies	oison
Something that flies	orbiteur
Something that flies	ornithoptere
Something that flies	ortalide
Something that flies	ortalides
Something that flies	ortolan
Something that flies	osmia
Something that flies	otididae
Something that flies	otidides
Something that flies	otus
Something that flies	outarde
Something that flies	outardes
Something that flies	ovni
Something that flies	pandionidae
Something that flies	paon
Something that flies	paonne
Something that flies	papillon
Something that flies	parachute
Something that flies	paradisier
Something that flies	parulinae
Something that flies	parulines
Something that flies	passereau
Something that flies	passeri
Something that flies	pavo
Something that flies	peafowl
Something that flies	pedionomide
Something that flies	pegase
Something that flies	pelecanidae
Something that flies	pelecanides
Something that flies	pelecanoididae
Something that flies	pelecanoidides
Something that flies	pelican
Something that flies	percnoptere
Something that flies	perdrix
Something that flies	perroquet
Something that flies	perruche
Something that flies	petrel
Something that flies	petrels
Something that flies	phaethon
Something that flies	phaethontides
Something that flies	phaetons
Something that flies	phalarope
Something that flies	phalaropes
Something that flies	phalaropodines
Something that flies	phenix
Something that flies	phoebe
Something that flies	phragmite
Something that flies	phyllostomidae
Something that flies	piaf
Something that flies	pic
Something that flies	picidae
Something that flies	picides
Something that flies	picinae
Something that flies	picines
Something that flies	pics
Something that flies	picumnes
Something that flies	picumninae
Something that flies	picumnines
Something that flies	pie
Something that flies	pigeon
Something that flies	pigeonne
Something that flies	pigeonneau
Something that flies	pilote
Something that flies	pilotis
Something that flies	pingouin
Something that flies	pinguinus
Something that flies	pinicola
Something that flies	pinson
Something that flies	pintade
Something that flies	pipilo
Something that flies	pipit
Something that flies	pipits
Something that flies	pissenlit
Something that flies	pitta
Something that flies	pittidae
Something that flies	pivert
Something that flies	planeur
Something that flies	plaqueminier
Something that flies	plongeon
Something that flies	plongeur
Something that flies	plume
Something that flies	pluvier
Something that flies	podarges
Something that flies	podargidae
Something that flies	podargides
Something that flies	podicipedidae
Something that flies	podicipedides
Something that flies	pointeur
Something that flies	polioptilinae
Something that flies	pollen
Something that flies	poule
Something that flies	poulet
Something that flies	poussiere
Something that flies	poussin
Something that flies	projectile
Something that flies	protoavis
Something that flies	prunella
Something that flies	ptarmigan
Something that flies	pteroclididae
Something that flies	pteroclidides
Something that flies	pteropodidae
Something that flies	puffin
Something that flies	puffins
Something that flies	pycnonotidae
Something that flies	pycnonotides
Something that flies	pyrrhocorax
Something that flies	rail
Something that flies	ramier
Something that flies	rapace
Something that flies	rapide
Something that flies	ratite
Something that flies	regulidae
Something that flies	regulides
Something that flies	reputation
Something that flies	rhea
Something that flies	roitelet
Something that flies	rollier
Something that flies	roquette
Something that flies	rossignol
Something that flies	roussette
Something that flies	rumeur
Something that flies	sabreur
Something that flies	sanderling
Something that flies	sandgrouse
Something that flies	sarcelle
Something that flies	satellite
Something that flies	saturniidae
Something that flies	saucisse
Something that flies	saucisson
Something that flies	scarabee
Something that flies	scooter
Something that flies	scotonycteris
Something that flies	secretaire
Something that flies	semence
Something that flies	serpentaire
Something that flies	sinornis
Something that flies	sittelle
Something that flies	sittidae
Something that flies	sittides
Something that flies	skua
Something that flies	smew
Something that flies	somateria
Something that flies	sorciere
Something that flies	spationaute
Something that flies	spationef
Something that flies	spatule
Something that flies	sphyrapicus
Something that flies	spongieuse
Something that flies	sprite
Something that flies	stercoraire
Something that flies	stercorariini
Something that flies	stercorariinis
Something that flies	sterna
Something that flies	sterne
Something that flies	sternini
Something that flies	strepera
Something that flies	strigiformes
Something that flies	sturnelle
Something that flies	sturnidae
Something that flies	sturnides
Something that flies	stylo
Something that flies	surhomme
Something that flies	sylviidae
Something that flies	sylviides
Something that flies	tadorne
Something that flies	tadornes
Something that flies	takahe
Something that flies	tangara
Something that flies	taon
Something that flies	tapis
Something that flies	taraxacum
Something that flies	teigne
Something that flies	tetras
Something that flies	thalassarche
Something that flies	thamnophilidae
Something that flies	thamnophilides
Something that flies	thraupidae
Something that flies	thraupinae
Something that flies	thraupines
Something that flies	tiercelet
Something that flies	tinamiformes
Something that flies	tinamou
Something that flies	tinamous
Something that flies	tinamus
Something that flies	tisserand
Something that flies	tisserin
Something that flies	todidae
Something that flies	todides
Something that flies	todiers
Something that flies	toucan
Something that flies	tour
Something that flies	touracos
Something that flies	tourd
Something that flies	tournepierre
Something that flies	tourte
Something that flies	tragopan
Something that flies	trochilidae
Something that flies	trochilides
Something that flies	trochiliformes
Something that flies	troglodytinae
Something that flies	troglodytines
Something that flies	trogon
Something that flies	trogonidae
Something that flies	trogonides
Something that flies	tsetse
Something that flies	turboreacteur
Something that flies	tyrannides
Something that flies	tyrannus
Something that flies	upupides
Something that flies	vampire
Something that flies	vampires
Something that flies	vanellinae
Something that flies	vanellines
Something that flies	vanneau
Something that flies	vautour
Something that flies	vespa
Something that flies	vireo
Something that flies	vireonidae
Something that flies	vireonides
Something that flies	virgule
Something that flies	volaille
Something that flies	volant
Something that flies	voler
Something that flies	vulcain
Something that flies	weka
Something that flies	xenicus
Something that flies	xeniques
Something that flies	zeppelin
A type of food	abat
A type of food	abats
A type of food	abricot
A type of food	abricotier
A type of food	acerola
A type of food	agneau
A type of food	agrume
A type of food	aiglefin
A type of food	ail
A type of food	aioli
A type of food	airelle
A type of food	akee
A type of food	aki
A type of food	albacore
A type of food	albumen
A type of food	aliment
A type of food	alimentation
A type of food	allemande
A type of food	allium
A type of food	alose
A type of food	aloyau
A type of food	amande
A type of food	amandier
A type of food	ambroisie
A type of food	amelanche
A type of food	amelanchier
A type of food	ana
A type of food	anacardier
A type of food	ananas
A type of food	anchois
A type of food	andouille
A type of food	aneth
A type of food	anguille
A type of food	anis
A type of food	anneau
A type of food	aperitif
A type of food	arachide
A type of food	aromate
A type of food	aromatisant
A type of food	artichaut
A type of food	aspartame
A type of food	aspect
A type of food	asperge
A type of food	assaisonnement
A type of food	assiette
A type of food	attier
A type of food	aubaine
A type of food	aubergine
A type of food	aveline
A type of food	avena
A type of food	avocat
A type of food	avocatier
A type of food	avoine
A type of food	avorton
A type of food	baba
A type of food	babeurre
A type of food	bagel
A type of food	bague
A type of food	baguette
A type of food	baie
A type of food	baiser
A type of food	baklava
A type of food	banane
A type of food	bananier
A type of food	banique
A type of food	bar
A type of food	barbecue
A type of food	barkis
A type of food	barreau
A type of food	basilic
A type of food	basse
A type of food	beguel
A type of food	beignet
A type of food	bergis
A type of food	bernique
A type of food	bette
A type of food	betterave
A type of food	beurre
A type of food	bifteck
A type of food	bijou
A type of food	biltong
A type of food	biscotin
A type of food	biscotte
A type of food	biscuit
A type of food	bison
A type of food	bisou
A type of food	blanchaille
A type of food	ble
A type of food	blette
A type of food	bleuet
A type of food	blin
A type of food	blini
A type of food	blintz
A type of food	boeuf
A type of food	bologne
A type of food	bonbon
A type of food	bonite
A type of food	borsch
A type of food	bortch
A type of food	bortsch
A type of food	boudoir
A type of food	bouffee
A type of food	bouillabaisse
A type of food	bouillie
A type of food	bouillon
A type of food	boulette
A type of food	boulghour
A type of food	boulgour
A type of food	bouquet
A type of food	breme
A type of food	bresil
A type of food	bretzel
A type of food	brioche
A type of food	broc
A type of food	brochet
A type of food	brocoli
A type of food	brugnon
A type of food	buccin
A type of food	buffle
A type of food	cabillaud
A type of food	cacahuete
A type of food	cacao
A type of food	cachou
A type of food	cadavre
A type of food	caille
A type of food	cajou
A type of food	cake
A type of food	calamar
A type of food	calmar
A type of food	camp
A type of food	canape
A type of food	canard
A type of food	cane
A type of food	caneton
A type of food	canneberge
A type of food	cannelier
A type of food	cannelle
A type of food	cannelloni
A type of food	cannellonis
A type of food	cantaloup
A type of food	capsicum
A type of food	capucine
A type of food	carambole
A type of food	carambolier
A type of food	caramel
A type of food	carbonara
A type of food	cardamome
A type of food	cardon
A type of food	cari
A type of food	carotte
A type of food	carpe
A type of food	carre
A type of food	carrelet
A type of food	carvi
A type of food	casserole
A type of food	catin
A type of food	caviar
A type of food	cedrat
A type of food	celeri
A type of food	centre
A type of food	centrer
A type of food	cereale
A type of food	cereales
A type of food	cerfeuil
A type of food	cerise
A type of food	cerisier
A type of food	cerveau
A type of food	cervelle
A type of food	champignon
A type of food	chapati
A type of food	chapon
A type of food	charlotte
A type of food	charogne
A type of food	chataigne
A type of food	chataignier
A type of food	chatni
A type of food	chaudree
A type of food	chaux
A type of food	cheddar
A type of food	cheeseburger
A type of food	cheptel
A type of food	chevre
A type of food	chevreuil
A type of food	chicoree
A type of food	chien
A type of food	chignon
A type of food	chili
A type of food	chiotte
A type of food	chips
A type of food	chocolat
A type of food	chou
A type of food	choucroute
A type of food	chutney
A type of food	ciboule
A type of food	citron
A type of food	citronnier
A type of food	citrouille
A type of food	citrus
A type of food	civelle
A type of food	cochon
A type of food	cocktail
A type of food	coco
A type of food	cocotier
A type of food	coeur
A type of food	cognassier
A type of food	coing
A type of food	coleslaw
A type of food	colocase
A type of food	colombe
A type of food	coloriage
A type of food	commun
A type of food	compote
A type of food	concentrer
A type of food	concombre
A type of food	condiment
A type of food	confiserie
A type of food	confiture
A type of food	congo
A type of food	conjoint
A type of food	conserver
A type of food	consomme
A type of food	contrefilet
A type of food	copra
A type of food	coprah
A type of food	coque
A type of food	coquillage
A type of food	coquillette
A type of food	corail
A type of food	cordonnier
A type of food	coriandre
A type of food	cornichon
A type of food	corps
A type of food	cote
A type of food	cou
A type of food	courge
A type of food	courgette
A type of food	couscous
A type of food	crabe
A type of food	creme
A type of food	crepe
A type of food	crepiau
A type of food	cresson
A type of food	crevette
A type of food	cric
A type of food	croisillon
A type of food	croissant
A type of food	croquette
A type of food	croupe
A type of food	crouton
A type of food	crumpet
A type of food	curcuma
A type of food	curry
A type of food	custard
A type of food	damas
A type of food	danois
A type of food	darne
A type of food	date
A type of food	datte
A type of food	daucus
A type of food	dco
A type of food	dechets
A type of food	demi
A type of food	denree
A type of food	dessert
A type of food	detritus
A type of food	dieu
A type of food	dinde
A type of food	dindon
A type of food	divinite
A type of food	dorade
A type of food	duff
A type of food	durian
A type of food	durion
A type of food	echalote
A type of food	eclair
A type of food	ecrevisse
A type of food	ecrou
A type of food	eddas
A type of food	edulcorant
A type of food	eglefin
A type of food	elbot
A type of food	embouteillage
A type of food	embrasser
A type of food	empereur
A type of food	enchilada
A type of food	enchiladas
A type of food	encornet
A type of food	endive
A type of food	entrailles
A type of food	entrecote
A type of food	entree
A type of food	epaule
A type of food	epice
A type of food	epinard
A type of food	epingle
A type of food	eponge
A type of food	escargot
A type of food	espadon
A type of food	estragon
A type of food	faine
A type of food	faisan
A type of food	falafel
A type of food	familier
A type of food	farce
A type of food	farine
A type of food	fenouil
A type of food	fenugrec
A type of food	feverole
A type of food	fibre
A type of food	figue
A type of food	figuier
A type of food	figure
A type of food	fille
A type of food	flageolet
A type of food	flan
A type of food	flanc
A type of food	flet
A type of food	fletan
A type of food	foie
A type of food	fondue
A type of food	formule
A type of food	fouet
A type of food	fragile
A type of food	fraise
A type of food	fraisier
A type of food	framboise
A type of food	framboisier
A type of food	franc
A type of food	frangipane
A type of food	frappeur
A type of food	friandise
A type of food	fric
A type of food	fries
A type of food	frite
A type of food	frites
A type of food	fromage
A type of food	froment
A type of food	fruit
A type of food	fugu
A type of food	gaine
A type of food	galantine
A type of food	galette
A type of food	gaspacho
A type of food	gateau
A type of food	gaufre
A type of food	gaultherie
A type of food	gelatine
A type of food	gelee
A type of food	gencive
A type of food	ghee
A type of food	ghi
A type of food	gingembre
A type of food	giroflier
A type of food	glace
A type of food	glaire
A type of food	gnocchi
A type of food	gnocchis
A type of food	goulache
A type of food	goulash
A type of food	goyave
A type of food	goyavier
A type of food	graham
A type of food	grain
A type of food	granola
A type of food	grappe
A type of food	grege
A type of food	grenade
A type of food	grenadier
A type of food	grenadine
A type of food	griller
A type of food	groseille
A type of food	groseillier
A type of food	gruau
A type of food	grueau
A type of food	guacamole
A type of food	guimauve
A type of food	hachis
A type of food	haggis
A type of food	hallah
A type of food	halle
A type of food	hamburger
A type of food	hareng
A type of food	haricot
A type of food	hase
A type of food	herbe
A type of food	heros
A type of food	homard
A type of food	hostie
A type of food	houmous
A type of food	huitre
A type of food	humus
A type of food	hysope
A type of food	hyssopus
A type of food	iceberg
A type of food	igname
A type of food	ingredient
A type of food	jacquier
A type of food	jambalaya
A type of food	jambe
A type of food	jambon
A type of food	jaune
A type of food	jeu
A type of food	joyau
A type of food	jus
A type of food	kaki
A type of food	kebab
A type of food	kebap
A type of food	ketchup
A type of food	kipper
A type of food	kiwi
A type of food	kumquat
A type of food	lait
A type of food	laitance
A type of food	laitue
A type of food	langouste
A type of food	langoustine
A type of food	langue
A type of food	lapin
A type of food	lard
A type of food	lardon
A type of food	lasagne
A type of food	lat
A type of food	legume
A type of food	lentille
A type of food	letchi
A type of food	lievre
A type of food	limacon
A type of food	linguine
A type of food	litchi
A type of food	liveche
A type of food	lombes
A type of food	losange
A type of food	lutefisk
A type of food	macaron
A type of food	macaroni
A type of food	macis
A type of food	madrilene
A type of food	maintenir
A type of food	mais
A type of food	malt
A type of food	mandarin
A type of food	mandarine
A type of food	mandarinier
A type of food	mangoustan
A type of food	mangue
A type of food	manguier
A type of food	manicotti
A type of food	manioc
A type of food	maquereau
A type of food	margarine
A type of food	marge
A type of food	marinade
A type of food	marjolaine
A type of food	marron
A type of food	marshmallow
A type of food	mascarpone
A type of food	maskinonge
A type of food	massepain
A type of food	matza
A type of food	mayonnaise
A type of food	melange
A type of food	melanger
A type of food	melasse
A type of food	melon
A type of food	menthe
A type of food	merlan
A type of food	miche
A type of food	micocoulier
A type of food	miel
A type of food	millet
A type of food	minestrone
A type of food	moelle
A type of food	moka
A type of food	mole
A type of food	morue
A type of food	moule
A type of food	moussaka
A type of food	moutarde
A type of food	mouton
A type of food	mozzarella
A type of food	mozzarelle
A type of food	muesli
A type of food	muffin
A type of food	mure
A type of food	murier
A type of food	murphy
A type of food	muscadier
A type of food	musli
A type of food	myrtille
A type of food	nacho
A type of food	navet
A type of food	nectarine
A type of food	nefle
A type of food	neflier
A type of food	noisette
A type of food	noix
A type of food	nougat
A type of food	nougatine
A type of food	nouille
A type of food	nouilles
A type of food	nourriture
A type of food	noyer
A type of food	octopode
A type of food	oeuf
A type of food	oie
A type of food	oignon
A type of food	oiseau
A type of food	oleiculteur
A type of food	olive
A type of food	omelette
A type of food	oolong
A type of food	orange
A type of food	orge
A type of food	origan
A type of food	oseille
A type of food	pacanier
A type of food	paella
A type of food	page
A type of food	pain
A type of food	palourde
A type of food	pamplemousse
A type of food	panais
A type of food	pancake
A type of food	papaye
A type of food	paprika
A type of food	parfait
A type of food	parfum
A type of food	partie
A type of food	pasteque
A type of food	pastille
A type of food	pastrami
A type of food	patate
A type of food	pate
A type of food	patelle
A type of food	pates
A type of food	patisserie
A type of food	paupiette
A type of food	peche
A type of food	pecher
A type of food	pemmican
A type of food	penne
A type of food	pepite
A type of food	pepperoni
A type of food	perche
A type of food	perdrix
A type of food	persil
A type of food	piccalilli
A type of food	pieuvre
A type of food	pigeon
A type of food	pigeonner
A type of food	pignon
A type of food	pilaf
A type of food	piment
A type of food	pirojki
A type of food	pistache
A type of food	pita
A type of food	pizza
A type of food	plantain
A type of food	plaqueminier
A type of food	plat
A type of food	plie
A type of food	pognon
A type of food	poilu
A type of food	poire
A type of food	poireau
A type of food	poiree
A type of food	poirier
A type of food	pois
A type of food	poisson
A type of food	poitrail
A type of food	poitrine
A type of food	poivre
A type of food	poivrier
A type of food	poivron
A type of food	polenta
A type of food	pomelo
A type of food	pomme
A type of food	porc
A type of food	porreau
A type of food	porridge
A type of food	potage
A type of food	potiron
A type of food	poule
A type of food	poulet
A type of food	poulpe
A type of food	pouls
A type of food	pourpier
A type of food	pousse
A type of food	praline
A type of food	prostituee
A type of food	prune
A type of food	pruneau
A type of food	prunier
A type of food	prunus
A type of food	pudding
A type of food	puree
A type of food	putain
A type of food	pute
A type of food	quark
A type of food	quenelle
A type of food	quetsche
A type of food	quiche
A type of food	radis
A type of food	ragout
A type of food	raifort
A type of food	raisin
A type of food	raisins
A type of food	rarebit
A type of food	ravioli
A type of food	reglisse
A type of food	relish
A type of food	repas
A type of food	reste
A type of food	restes
A type of food	rhubarbe
A type of food	ris
A type of food	risotto
A type of food	riz
A type of food	riziere
A type of food	roc
A type of food	roche
A type of food	rocher
A type of food	rollmops
A type of food	romarin
A type of food	rond
A type of food	roti
A type of food	rotir
A type of food	roule
A type of food	roux
A type of food	rumsteck
A type of food	rutabaga
A type of food	sabayon
A type of food	saccharine
A type of food	safran
A type of food	sage
A type of food	salade
A type of food	salami
A type of food	saler
A type of food	salmoniculture
A type of food	salsa
A type of food	salsifis
A type of food	sambossa
A type of food	samoussa
A type of food	samsa
A type of food	sandwich
A type of food	sarda
A type of food	sardine
A type of food	sarrasin
A type of food	sarriette
A type of food	sashimi
A type of food	saskatoon
A type of food	sauce
A type of food	saucisse
A type of food	saucisson
A type of food	sauge
A type of food	saumon
A type of food	savetier
A type of food	savoie
A type of food	savouries
A type of food	scampi
A type of food	scarole
A type of food	schnitzel
A type of food	scouse
A type of food	sel
A type of food	selle
A type of food	seller
A type of food	semolina
A type of food	semoule
A type of food	seneve
A type of food	seve
A type of food	shoyu
A type of food	silure
A type of food	sirop
A type of food	soja
A type of food	son
A type of food	sorbet
A type of food	sorgho
A type of food	sorgo
A type of food	soupe
A type of food	souvlaki
A type of food	spaghetti
A type of food	spaghettis
A type of food	spaguetti
A type of food	special
A type of food	spiritueux
A type of food	sprat
A type of food	steak
A type of food	succotash
A type of food	sucette
A type of food	sucre
A type of food	sucrerie
A type of food	suer
A type of food	sueur
A type of food	sukiyaki
A type of food	sureau
A type of food	sushi
A type of food	tabboule
A type of food	taboule
A type of food	tagliatelle
A type of food	tahine
A type of food	tahini
A type of food	tamarinier
A type of food	tapioca
A type of food	tarte
A type of food	tartine
A type of food	tassergal
A type of food	taupe
A type of food	tehina
A type of food	tempura
A type of food	teriyaki
A type of food	terrine
A type of food	tetras
A type of food	the
A type of food	thon
A type of food	thym
A type of food	tibia
A type of food	tilleul
A type of food	tiramisu
A type of food	toast
A type of food	tofou
A type of food	tofu
A type of food	tomate
A type of food	topinambour
A type of food	torpille
A type of food	tortellini
A type of food	tortilla
A type of food	tourte
A type of food	traire
A type of food	trancher
A type of food	tresses
A type of food	tripe
A type of food	tripes
A type of food	tropaeolum
A type of food	truffe
A type of food	truite
A type of food	turbot
A type of food	ugli
A type of food	valet
A type of food	vanille
A type of food	vapeur
A type of food	veau
A type of food	vegetal
A type of food	vermicelle
A type of food	vert
A type of food	viande
A type of food	viennoiserie
A type of food	vinaigre
A type of food	vinaigrette
A type of food	volaille
A type of food	witloof
A type of food	wulong
A type of food	yaourt
A type of food	yoghourt
A type of food	yogourt
A type of food	yufka
A type of food	zep
A word meaning happy	actif
A word meaning happy	beatifique
A word meaning happy	comble
A word meaning happy	content
A word meaning happy	contente
A word meaning happy	dore
A word meaning happy	enchante
A word meaning happy	ensoleille
A word meaning happy	gai
A word meaning happy	gaie
A word meaning happy	hardi
A word meaning happy	haut
A word meaning happy	heureuse
A word meaning happy	heureux
A word meaning happy	joyeuse
A word meaning happy	joyeux
A word meaning happy	optimiste
A word meaning happy	prospere
A word meaning happy	radieux
A word meaning happy	ravi
A word meaning happy	ravie
A word meaning happy	reconnaissant
A word meaning happy	triomphal
A word meaning happy	triomphant
A word meaning happy	vif
A tool of some kind	abattage
A tool of some kind	accelerateur
A tool of some kind	accelerometre
A tool of some kind	acier
A tool of some kind	actinometre
A tool of some kind	adage
A tool of some kind	aeroplane
A tool of some kind	affuteuse
A tool of some kind	agrafeuse
A tool of some kind	aiguille
A tool of some kind	aiguisoir
A tool of some kind	aissette
A tool of some kind	alene
A tool of some kind	alesoir
A tool of some kind	alpenstock
A tool of some kind	altimetre
A tool of some kind	amperemetre
A tool of some kind	anemometre
A tool of some kind	appareil
A tool of some kind	araignee
A tool of some kind	arbre
A tool of some kind	arc
A tool of some kind	archives
A tool of some kind	astrolabe
A tool of some kind	attraction
A tool of some kind	avion
A tool of some kind	bac
A tool of some kind	baguette
A tool of some kind	baionnette
A tool of some kind	balai
A tool of some kind	balance
A tool of some kind	balayer
A tool of some kind	baquet
A tool of some kind	barbotine
A tool of some kind	barometre
A tool of some kind	barre
A tool of some kind	batte
A tool of some kind	beaupre
A tool of some kind	beche
A tool of some kind	belier
A tool of some kind	bequille
A tool of some kind	bic
A tool of some kind	bifurcation
A tool of some kind	bistouri
A tool of some kind	bois
A tool of some kind	bolometre
A tool of some kind	bombarder
A tool of some kind	bombe
A tool of some kind	bome
A tool of some kind	boom
A tool of some kind	boqueteau
A tool of some kind	bouilloire
A tool of some kind	boussole
A tool of some kind	bridge
A tool of some kind	brocheuse
A tool of some kind	brosse
A tool of some kind	brouette
A tool of some kind	broussailles
A tool of some kind	burette
A tool of some kind	burin
A tool of some kind	cadran
A tool of some kind	calculateur
A tool of some kind	calculatrice
A tool of some kind	calculette
A tool of some kind	callistemon
A tool of some kind	calorimetre
A tool of some kind	canif
A tool of some kind	caniveau
A tool of some kind	canne
A tool of some kind	caoutchouc
A tool of some kind	carcan
A tool of some kind	cardan
A tool of some kind	carre
A tool of some kind	casserole
A tool of some kind	ceramique
A tool of some kind	charrue
A tool of some kind	chasseur
A tool of some kind	chat
A tool of some kind	chaudiere
A tool of some kind	chaudron
A tool of some kind	chine
A tool of some kind	chinois
A tool of some kind	chronographe
A tool of some kind	chronometre
A tool of some kind	chronometreur
A tool of some kind	chronoscope
A tool of some kind	cisailles
A tool of some kind	ciseau
A tool of some kind	ciseaux
A tool of some kind	cle
A tool of some kind	clef
A tool of some kind	clepsydre
A tool of some kind	cloisonne
A tool of some kind	clou
A tool of some kind	coin
A tool of some kind	comptage
A tool of some kind	compteur
A tool of some kind	coq
A tool of some kind	coque
A tool of some kind	coupant
A tool of some kind	coupecoupe
A tool of some kind	couperet
A tool of some kind	couteau
A tool of some kind	craie
A tool of some kind	crampe
A tool of some kind	crayon
A tool of some kind	cric
A tool of some kind	croc
A tool of some kind	crochet
A tool of some kind	crosse
A tool of some kind	cuiseur
A tool of some kind	dague
A tool of some kind	dame
A tool of some kind	deceder
A tool of some kind	degauchisseuse
A tool of some kind	degre
A tool of some kind	delft
A tool of some kind	dicton
A tool of some kind	diplome
A tool of some kind	dirigeant
A tool of some kind	dosimetre
A tool of some kind	dynamometre
A tool of some kind	echasse
A tool of some kind	echelle
A tool of some kind	ecrou
A tool of some kind	efface
A tool of some kind	effaceur
A tool of some kind	electrometre
A tool of some kind	electroscope
A tool of some kind	enclume
A tool of some kind	entonnoir
A tool of some kind	epine
A tool of some kind	epingle
A tool of some kind	escabeau
A tool of some kind	escroc
A tool of some kind	essieu
A tool of some kind	estimateur
A tool of some kind	etau
A tool of some kind	eteignoir
A tool of some kind	etrier
A tool of some kind	eudiometre
A tool of some kind	evaporometre
A tool of some kind	faience
A tool of some kind	faucille
A tool of some kind	faux
A tool of some kind	fendoir
A tool of some kind	fer
A tool of some kind	feuille
A tool of some kind	fichage
A tool of some kind	fichier
A tool of some kind	fil
A tool of some kind	flagstaff
A tool of some kind	flambeau
A tool of some kind	fleau
A tool of some kind	flotter
A tool of some kind	fouet
A tool of some kind	fourche
A tool of some kind	fourchette
A tool of some kind	fourre
A tool of some kind	fusil
A tool of some kind	gache
A tool of some kind	galvanometre
A tool of some kind	gang
A tool of some kind	gaz
A tool of some kind	genet
A tool of some kind	geolier
A tool of some kind	glissant
A tool of some kind	gomme
A tool of some kind	gracie
A tool of some kind	grappin
A tool of some kind	grattoir
A tool of some kind	gres
A tool of some kind	guepe
A tool of some kind	guidon
A tool of some kind	hache
A tool of some kind	hachoir
A tool of some kind	hamecon
A tool of some kind	harpon
A tool of some kind	helicoptere
A tool of some kind	herminette
A tool of some kind	heros
A tool of some kind	horloge
A tool of some kind	houe
A tool of some kind	hydrometre
A tool of some kind	hygrometre
A tool of some kind	hypsometre
A tool of some kind	indicateur
A tool of some kind	instrument
A tool of some kind	integrateur
A tool of some kind	interferometre
A tool of some kind	jalon
A tool of some kind	jauge
A tool of some kind	javelot
A tool of some kind	journal
A tool of some kind	joystick
A tool of some kind	keris
A tool of some kind	kris
A tool of some kind	kriss
A tool of some kind	lame
A tool of some kind	lance
A tool of some kind	laniere
A tool of some kind	levier
A tool of some kind	lidar
A tool of some kind	louche
A tool of some kind	luxmetre
A tool of some kind	machette
A tool of some kind	magnetometre
A tool of some kind	maillet
A tool of some kind	mandrin
A tool of some kind	manille
A tool of some kind	manivelle
A tool of some kind	manometre
A tool of some kind	maquis
A tool of some kind	marchepied
A tool of some kind	marqueur
A tool of some kind	marteau
A tool of some kind	masse
A tool of some kind	massue
A tool of some kind	mat
A tool of some kind	matraque
A tool of some kind	melangeur
A tool of some kind	merde
A tool of some kind	mesure
A tool of some kind	mesureur
A tool of some kind	metaux
A tool of some kind	metre
A tool of some kind	meule
A tool of some kind	micrometre
A tool of some kind	mixeur
A tool of some kind	mon
A tool of some kind	montre
A tool of some kind	mort
A tool of some kind	mourir
A tool of some kind	niveau
A tool of some kind	noire
A tool of some kind	noix
A tool of some kind	odometre
A tool of some kind	ohmmetre
A tool of some kind	ongle
A tool of some kind	ordinateur
A tool of some kind	outil
A tool of some kind	pagaie
A tool of some kind	pedale
A tool of some kind	pedaler
A tool of some kind	peigne
A tool of some kind	peigner
A tool of some kind	pelle
A tool of some kind	pendule
A tool of some kind	perceuse
A tool of some kind	perche
A tool of some kind	percolateur
A tool of some kind	perforateur
A tool of some kind	piezometre
A tool of some kind	pilon
A tool of some kind	pilotis
A tool of some kind	pince
A tool of some kind	pinceau
A tool of some kind	pinces
A tool of some kind	pioche
A tool of some kind	piolet
A tool of some kind	pipette
A tool of some kind	place
A tool of some kind	plantoir
A tool of some kind	pluviometre
A tool of some kind	podometre
A tool of some kind	poele
A tool of some kind	poignard
A tool of some kind	poker
A tool of some kind	pole
A tool of some kind	ponceuse
A tool of some kind	pont
A tool of some kind	porcelaine
A tool of some kind	pot
A tool of some kind	poteau
A tool of some kind	potentiometre
A tool of some kind	poterie
A tool of some kind	poulie
A tool of some kind	presse
A tool of some kind	prise
A tool of some kind	proverbe
A tool of some kind	pull
A tool of some kind	puzzle
A tool of some kind	pyrometre
A tool of some kind	quadrant
A tool of some kind	quenouille
A tool of some kind	rabot
A tool of some kind	raboteuse
A tool of some kind	radar
A tool of some kind	radiometre
A tool of some kind	rail
A tool of some kind	rails
A tool of some kind	rame
A tool of some kind	rape
A tool of some kind	rapes
A tool of some kind	rapporteur
A tool of some kind	raquette
A tool of some kind	rasoir
A tool of some kind	rateau
A tool of some kind	refractometre
A tool of some kind	regle
A tool of some kind	rene
A tool of some kind	reveil
A tool of some kind	robinet
A tool of some kind	rotor
A tool of some kind	routeur
A tool of some kind	ruban
A tool of some kind	sablier
A tool of some kind	salamandre
A tool of some kind	samovar
A tool of some kind	sander
A tool of some kind	sang
A tool of some kind	scalpel
A tool of some kind	scarabee
A tool of some kind	scie
A tool of some kind	scier
A tool of some kind	scierie
A tool of some kind	scrapeur
A tool of some kind	scrappeur
A tool of some kind	scribe
A tool of some kind	seau
A tool of some kind	secateur
A tool of some kind	secteur
A tool of some kind	seismographe
A tool of some kind	sentence
A tool of some kind	seringue
A tool of some kind	serpe
A tool of some kind	serpette
A tool of some kind	serpilliere
A tool of some kind	serveur
A tool of some kind	sextant
A tool of some kind	siderurgie
A tool of some kind	sismographe
A tool of some kind	sonar
A tool of some kind	sonnerie
A tool of some kind	sonometre
A tool of some kind	sourcier
A tool of some kind	spanner
A tool of some kind	spatule
A tool of some kind	spirometre
A tool of some kind	string
A tool of some kind	style
A tool of some kind	stylo
A tool of some kind	surligneur
A tool of some kind	synchroniseur
A tool of some kind	taillis
A tool of some kind	tapette
A tool of some kind	taximetre
A tool of some kind	tensiometre
A tool of some kind	theiere
A tool of some kind	thermocouple
A tool of some kind	thermocouples
A tool of some kind	thermometre
A tool of some kind	timon
A tool of some kind	tisonnier
A tool of some kind	tomahawk
A tool of some kind	tondeuse
A tool of some kind	tondre
A tool of some kind	torche
A tool of some kind	torpille
A tool of some kind	touche
A tool of some kind	tournevis
A tool of some kind	tronconneuse
A tool of some kind	truelle
A tool of some kind	ustensile
A tool of some kind	valet
A tool of some kind	vapeur
A tool of some kind	varlope
A tool of some kind	verrou
A tool of some kind	vice
A tool of some kind	vilebrequin
A tool of some kind	vis
A tool of some kind	viscosimetre
A tool of some kind	voltmetre
A tool of some kind	vrille
A tool of some kind	wok
A tool of some kind	zep
A tool of some kind	zibeline
Something found in space	aerolite
Something found in space	aerolithe
Something found in space	ampleur
Something found in space	apollon
Something found in space	aspirateur
Something found in space	asteroide
Something found in space	astre
Something found in space	astronaute
Something found in space	astronef
Something found in space	atterrisseur
Something found in space	aube
Something found in space	aurore
Something found in space	bande
Something found in space	binaire
Something found in space	cadre
Something found in space	capsule
Something found in space	comete
Something found in space	configuration
Something found in space	constellation
Something found in space	cosmonaute
Something found in space	cosmos
Something found in space	cratere
Something found in space	creation
Something found in space	deblai
Something found in space	debri
Something found in space	debris
Something found in space	dispersion
Something found in space	eclipse
Something found in space	enquete
Something found in space	etoile
Something found in space	etranger
Something found in space	etrangere
Something found in space	faculte
Something found in space	fusee
Something found in space	galaxie
Something found in space	gare
Something found in space	gaz
Something found in space	geant
Something found in space	geante
Something found in space	grappe
Something found in space	gravitation
Something found in space	gravite
Something found in space	groupe
Something found in space	hubble
Something found in space	hydrargyre
Something found in space	investigation
Something found in space	jupiter
Something found in space	lander
Something found in space	lem
Something found in space	lumiere
Something found in space	lune
Something found in space	lunette
Something found in space	marge
Something found in space	mars
Something found in space	matin
Something found in space	matinee
Something found in space	mercure
Something found in space	mercuriale
Something found in space	meteore
Something found in space	meteorite
Something found in space	meteoroide
Something found in space	micrometeorite
Something found in space	mois
Something found in space	monde
Something found in space	nabot
Something found in space	nain
Something found in space	navette
Something found in space	navire
Something found in space	neant
Something found in space	nebuleuse
Something found in space	neptune
Something found in space	nova
Something found in space	obscurite
Something found in space	occultation
Something found in space	oiseau
Something found in space	orbite
Something found in space	orbiteur
Something found in space	ovni
Something found in space	pesanteur
Something found in space	phosphore
Something found in space	photon
Something found in space	planete
Something found in space	planetesimal
Something found in space	planetoide
Something found in space	plasma
Something found in space	pluton
Something found in space	possibilite
Something found in space	poussiere
Something found in space	pulsar
Something found in space	quasar
Something found in space	radiation
Something found in space	rayonnement
Something found in space	recherche
Something found in space	rhum
Something found in space	roquette
Something found in space	satellite
Something found in space	saturne
Something found in space	soleil
Something found in space	sonnerie
Something found in space	spationaute
Something found in space	spationef
Something found in space	spoutnik
Something found in space	star
Something found in space	starlight
Something found in space	station
Something found in space	supergeante
Something found in space	supernova
Something found in space	telescope
Something found in space	terre
Something found in space	trapeze
Something found in space	trapezoide
Something found in space	univers
Something found in space	uranus
Something found in space	vacuum
Something found in space	variable
Something found in space	vase
Something found in space	venus
Something found in space	vide
Something found in space	volant
A job or profession	abbe
A job or profession	academicien
A job or profession	accessoiriste
A job or profession	accompagnateur
A job or profession	accordeoniste
A job or profession	accordeonsite
A job or profession	accordeur
A job or profession	accoucheur
A job or profession	accoucheuse
A job or profession	accumulateur
A job or profession	acolyte
A job or profession	aconier
A job or profession	acousticien
A job or profession	acrobate
A job or profession	acteur
A job or profession	actrice
A job or profession	actuaire
A job or profession	actuaires
A job or profession	adaptateur
A job or profession	adjoint
A job or profession	adjudant
A job or profession	adjudicateur
A job or profession	adjudication
A job or profession	administrateur
A job or profession	aeronaute
A job or profession	aerostier
A job or profession	affiche
A job or profession	agent
A job or profession	agriculteur
A job or profession	aide
A job or profession	aiguilleur
A job or profession	aile
A job or profession	ailier
A job or profession	algebriste
A job or profession	alieniste
A job or profession	alpiniste
A job or profession	altiste
A job or profession	alto
A job or profession	amateur
A job or profession	ambassadeur
A job or profession	ambassadrice
A job or profession	ambianceur
A job or profession	ambianceuse
A job or profession	amiral
A job or profession	amphitryon
A job or profession	amuseur
A job or profession	analyste
A job or profession	ane
A job or profession	anesthesiste
A job or profession	anthologiste
A job or profession	anthropologue
A job or profession	apiculteur
A job or profession	apothicaire
A job or profession	apothicairerie
A job or profession	apothicaires
A job or profession	appariteur
A job or profession	appele
A job or profession	aquarelliste
A job or profession	arbitre
A job or profession	archeologue
A job or profession	archeveque
A job or profession	archidiacre
A job or profession	archipretre
A job or profession	architecte
A job or profession	architecture
A job or profession	arlequin
A job or profession	arpenteur
A job or profession	arrangeur
A job or profession	arrimeur
A job or profession	artilleur
A job or profession	artisan
A job or profession	artisanat
A job or profession	artiste
A job or profession	assistant
A job or profession	astronaute
A job or profession	astronome
A job or profession	athlete
A job or profession	attraction
A job or profession	attrait
A job or profession	auditeur
A job or profession	aumonier
A job or profession	aurige
A job or profession	auteur
A job or profession	autobiographe
A job or profession	autobus
A job or profession	automobiliste
A job or profession	auxiliaire
A job or profession	aviateur
A job or profession	avironneur
A job or profession	avocat
A job or profession	avocate
A job or profession	avoir
A job or profession	avorteur
A job or profession	aya
A job or profession	bailli
A job or profession	baladin
A job or profession	balayer
A job or profession	balayeur
A job or profession	ballerine
A job or profession	banquier
A job or profession	barbier
A job or profession	barde
A job or profession	barmaid
A job or profession	barman
A job or profession	barreur
A job or profession	barrister
A job or profession	baryton
A job or profession	basketteur
A job or profession	basketteuse
A job or profession	basse
A job or profession	bassiste
A job or profession	basson
A job or profession	bassoniste
A job or profession	batisseur
A job or profession	batman
A job or profession	batonnier
A job or profession	batteur
A job or profession	beadle
A job or profession	bedeau
A job or profession	benevolat
A job or profession	benevole
A job or profession	berceuse
A job or profession	berger
A job or profession	bergere
A job or profession	bibliothecaire
A job or profession	bijoutier
A job or profession	biochimiste
A job or profession	biographe
A job or profession	biologiste
A job or profession	biophysicien
A job or profession	biscuit
A job or profession	blagueur
A job or profession	blanchisseuse
A job or profession	bobby
A job or profession	bonne
A job or profession	bosco
A job or profession	bosseur
A job or profession	botaniste
A job or profession	boucher
A job or profession	bouffon
A job or profession	boulanger
A job or profession	bourgmestre
A job or profession	bouteiller
A job or profession	bouvier
A job or profession	boxer
A job or profession	brasseur
A job or profession	bricoler
A job or profession	brigadier
A job or profession	bucheron
A job or profession	bureaucrate
A job or profession	buteur
A job or profession	butler
A job or profession	cadre
A job or profession	cadreur
A job or profession	caisse
A job or profession	caissier
A job or profession	calligraphe
A job or profession	camelot
A job or profession	cameraman
A job or profession	camionneur
A job or profession	canari
A job or profession	caniveau
A job or profession	canoeiste
A job or profession	canotier
A job or profession	capitaine
A job or profession	car
A job or profession	carboniser
A job or profession	cardinal
A job or profession	cardiologue
A job or profession	caricaturiste
A job or profession	carreleur
A job or profession	carrieriste
A job or profession	cartooniste
A job or profession	castrat
A job or profession	cavalier
A job or profession	centre
A job or profession	chalutier
A job or profession	chancelier
A job or profession	chandeleur
A job or profession	chanoine
A job or profession	chanteur
A job or profession	chanteuse
A job or profession	chapelier
A job or profession	chapman
A job or profession	charbonnier
A job or profession	chargeur
A job or profession	charpentier
A job or profession	charron
A job or profession	chasseresse
A job or profession	chasseur
A job or profession	chaudronnier
A job or profession	chauffeur
A job or profession	chef
A job or profession	cheminot
A job or profession	chercheur
A job or profession	chevrier
A job or profession	chimiste
A job or profession	chirurgie
A job or profession	chirurgien
A job or profession	choeureur
A job or profession	choeureuse
A job or profession	choregraphe
A job or profession	chroniqueur
A job or profession	clairon
A job or profession	clarinettiste
A job or profession	classique
A job or profession	clavieriste
A job or profession	clergyman
A job or profession	cloture
A job or profession	clown
A job or profession	coadjuteur
A job or profession	coauteur
A job or profession	cocher
A job or profession	cochon
A job or profession	codeur
A job or profession	coiffeur
A job or profession	coiffeuse
A job or profession	collectionneur
A job or profession	colonel
A job or profession	colporteur
A job or profession	comedien
A job or profession	comique
A job or profession	commandant
A job or profession	commando
A job or profession	commentateur
A job or profession	commercant
A job or profession	commercial
A job or profession	commodore
A job or profession	compagnon
A job or profession	compere
A job or profession	compilateur
A job or profession	complice
A job or profession	compositeur
A job or profession	compositeurs
A job or profession	comptable
A job or profession	concepteur
A job or profession	concierge
A job or profession	conducteur
A job or profession	confesseur
A job or profession	connetable
A job or profession	conseil
A job or profession	conseiller
A job or profession	conseilleur
A job or profession	conservateur
A job or profession	conservatrice
A job or profession	constructeur
A job or profession	consul
A job or profession	consultant
A job or profession	consultante
A job or profession	contributeur
A job or profession	controleur
A job or profession	copilote
A job or profession	cordonnerie
A job or profession	cordonnier
A job or profession	cornac
A job or profession	cornemuseur
A job or profession	cornemuseux
A job or profession	cornerback
A job or profession	cornettiste
A job or profession	corporal
A job or profession	corsaire
A job or profession	cosmographe
A job or profession	cosmonaute
A job or profession	coursier
A job or profession	courtier
A job or profession	couvreur
A job or profession	covergirl
A job or profession	coyote
A job or profession	crepisseur
A job or profession	cric
A job or profession	critique
A job or profession	crooner
A job or profession	croquemort
A job or profession	cuirassier
A job or profession	cuirassiers
A job or profession	cuire
A job or profession	cuisinier
A job or profession	cuisiniere
A job or profession	cuivre
A job or profession	cultivateur
A job or profession	cure
A job or profession	cursorius
A job or profession	dactylo
A job or profession	dactylographe
A job or profession	danseur
A job or profession	danseuse
A job or profession	debardeur
A job or profession	decorateur
A job or profession	defenseur
A job or profession	demographe
A job or profession	dentiste
A job or profession	depute
A job or profession	dermatologue
A job or profession	dessinateur
A job or profession	dessiner
A job or profession	destinataire
A job or profession	detaillant
A job or profession	detective
A job or profession	deuxieme
A job or profession	developpeur
A job or profession	dhakhan
A job or profession	diacre
A job or profession	diapason
A job or profession	dieteticien
A job or profession	diplomate
A job or profession	directeur
A job or profession	directrice
A job or profession	dirigeant
A job or profession	distributeur
A job or profession	diva
A job or profession	divertisseur
A job or profession	divin
A job or profession	docker
A job or profession	docteur
A job or profession	doge
A job or profession	domestique
A job or profession	donateur
A job or profession	doreur
A job or profession	doreuse
A job or profession	dos
A job or profession	doyen
A job or profession	dragon
A job or profession	dramaturge
A job or profession	dribbleur
A job or profession	droguiste
A job or profession	droit
A job or profession	dyer
A job or profession	ecclesiastique
A job or profession	echanson
A job or profession	ecologiste
A job or profession	ecologue
A job or profession	econometre
A job or profession	econometricien
A job or profession	economiste
A job or profession	ecouteur
A job or profession	ecrivain
A job or profession	ecuyer
A job or profession	editeur
A job or profession	edition
A job or profession	editorialiste
A job or profession	educateur
A job or profession	elaboration
A job or profession	electricien
A job or profession	electricienne
A job or profession	eleveur
A job or profession	embauche
A job or profession	emissaire
A job or profession	employe
A job or profession	employee
A job or profession	emprise
A job or profession	encyclopediste
A job or profession	endocrinologue
A job or profession	enqueteur
A job or profession	enregistreur
A job or profession	enseignant
A job or profession	ensemblier
A job or profession	entomologiste
A job or profession	entraineur
A job or profession	entrepreneur
A job or profession	enumerateur
A job or profession	envoye
A job or profession	epicier
A job or profession	epistolier
A job or profession	eplucheur
A job or profession	epluchoir
A job or profession	equipage
A job or profession	esclave
A job or profession	esclaves
A job or profession	espion
A job or profession	esquire
A job or profession	essuyeur
A job or profession	estheticien
A job or profession	estimateur
A job or profession	ethnographe
A job or profession	ethnologue
A job or profession	etoile
A job or profession	etymologiste
A job or profession	evangeliste
A job or profession	eveque
A job or profession	excavateur
A job or profession	explorateur
A job or profession	fabricant
A job or profession	faciliteur
A job or profession	facilitrice
A job or profession	facteur
A job or profession	falconer
A job or profession	familier
A job or profession	fantasme
A job or profession	fantassin
A job or profession	fantome
A job or profession	farceur
A job or profession	fard
A job or profession	fauconnier
A job or profession	fellah
A job or profession	femme
A job or profession	ferblantier
A job or profession	fermier
A job or profession	fermiere
A job or profession	fileur
A job or profession	fille
A job or profession	fleuriste
A job or profession	flic
A job or profession	florin
A job or profession	flutiste
A job or profession	fonctionnaire
A job or profession	fondateur
A job or profession	footballeur
A job or profession	footballeuse
A job or profession	forestier
A job or profession	forestiere
A job or profession	forgeron
A job or profession	formateur
A job or profession	fou
A job or profession	fourbure
A job or profession	fowler
A job or profession	frappeur
A job or profession	fruitier
A job or profession	funambule
A job or profession	fusilier
A job or profession	galerien
A job or profession	garcon
A job or profession	gaucher
A job or profession	gaucho
A job or profession	gazetier
A job or profession	gendarme
A job or profession	general
A job or profession	generalissime
A job or profession	gens
A job or profession	gentilhomme
A job or profession	geologiste
A job or profession	geologue
A job or profession	geometre
A job or profession	gerant
A job or profession	gerbeur
A job or profession	gerontologue
A job or profession	gestionnaire
A job or profession	goal
A job or profession	goon
A job or profession	goudron
A job or profession	gouvernante
A job or profession	gouverneur
A job or profession	grammairien
A job or profession	grammairienne
A job or profession	greffier
A job or profession	greviste
A job or profession	grive
A job or profession	guide
A job or profession	guitariste
A job or profession	gymnaste
A job or profession	gynecologue
A job or profession	habitant
A job or profession	hacker
A job or profession	halterophile
A job or profession	harper
A job or profession	harpiste
A job or profession	harponneur
A job or profession	herder
A job or profession	herpetologiste
A job or profession	herpetologue
A job or profession	hierarque
A job or profession	historien
A job or profession	historienne
A job or profession	histrion
A job or profession	homme
A job or profession	hote
A job or profession	hotesse
A job or profession	houseman
A job or profession	huissier
A job or profession	humoriste
A job or profession	hussard
A job or profession	hussards
A job or profession	hypnotiseur
A job or profession	ichthyologiste
A job or profession	ichthyologue
A job or profession	idealiste
A job or profession	idole
A job or profession	illustrateur
A job or profession	illustratrice
A job or profession	imam
A job or profession	immunologiste
A job or profession	imprimante
A job or profession	imprimeur
A job or profession	independant
A job or profession	industriel
A job or profession	inferieur
A job or profession	infirmier
A job or profession	infirmiere
A job or profession	ingenieur
A job or profession	inspecteur
A job or profession	instituteur
A job or profession	instructeur
A job or profession	instrument
A job or profession	instrumentiste
A job or profession	interlocuteur
A job or profession	interlocutrice
A job or profession	interne
A job or profession	interniste
A job or profession	interprete
A job or profession	inventeur
A job or profession	investigateur
A job or profession	jack
A job or profession	jambon
A job or profession	jardinier
A job or profession	jazzman
A job or profession	joaillerie
A job or profession	joaillier
A job or profession	jongleur
A job or profession	joueur
A job or profession	journaliste
A job or profession	juge
A job or profession	juriste
A job or profession	justice
A job or profession	kamikaze
A job or profession	keuf
A job or profession	kicker
A job or profession	laitier
A job or profession	laitiere
A job or profession	lanceur
A job or profession	lancier
A job or profession	lanciers
A job or profession	langagier
A job or profession	lapereau
A job or profession	lascar
A job or profession	lecteur
A job or profession	legislateur
A job or profession	lieutenant
A job or profession	linguiste
A job or profession	loi
A job or profession	lourd
A job or profession	lugeur
A job or profession	lugeuse
A job or profession	luthier
A job or profession	machiniste
A job or profession	macis
A job or profession	macon
A job or profession	maestro
A job or profession	magasinier
A job or profession	mage
A job or profession	magicien
A job or profession	magistrat
A job or profession	magnetiseur
A job or profession	mahout
A job or profession	mainmise
A job or profession	maire
A job or profession	maitre
A job or profession	maitresse
A job or profession	majeur
A job or profession	majordome
A job or profession	male
A job or profession	man
A job or profession	mandarin
A job or profession	mandarine
A job or profession	mandataire
A job or profession	manifestant
A job or profession	mannequin
A job or profession	manucure
A job or profession	maquillage
A job or profession	maraicher
A job or profession	marathonien
A job or profession	marchand
A job or profession	marechal
A job or profession	marin
A job or profession	marine
A job or profession	marionnettiste
A job or profession	mason
A job or profession	matelot
A job or profession	mathematicien
A job or profession	matrone
A job or profession	mecanicien
A job or profession	mecano
A job or profession	medecin
A job or profession	melter
A job or profession	menagere
A job or profession	menuiserie
A job or profession	menuisier
A job or profession	mercaticien
A job or profession	mercer
A job or profession	messager
A job or profession	messenger
A job or profession	metallurgiste
A job or profession	metayer
A job or profession	meunier
A job or profession	milicien
A job or profession	militaire
A job or profession	mime
A job or profession	mine
A job or profession	mineralogiste
A job or profession	mineur
A job or profession	minimaliste
A job or profession	ministre
A job or profession	minter
A job or profession	missionnaire
A job or profession	modele
A job or profession	modiste
A job or profession	moine
A job or profession	moissonneuse
A job or profession	monachisme
A job or profession	monsieur
A job or profession	monteur
A job or profession	mousquetaire
A job or profession	mur
A job or profession	musicien
A job or profession	mycologiste
A job or profession	nageur
A job or profession	negociant
A job or profession	negre
A job or profession	nettoyeur
A job or profession	nettoyeuse
A job or profession	neurologiste
A job or profession	neurologue
A job or profession	nonce
A job or profession	nonne
A job or profession	notaire
A job or profession	nounou
A job or profession	nourrice
A job or profession	nutritionniste
A job or profession	obstetricien
A job or profession	oceanographe
A job or profession	oculiste
A job or profession	officier
A job or profession	oleiculteur
A job or profession	oncologue
A job or profession	operateur
A job or profession	opticien
A job or profession	optique
A job or profession	ordinaire
A job or profession	organiste
A job or profession	ornithologiste
A job or profession	ornithologue
A job or profession	orthodontiste
A job or profession	orthopediste
A job or profession	outil
A job or profession	ouvrier
A job or profession	page
A job or profession	paleontologue
A job or profession	paparazzi
A job or profession	paparazzo
A job or profession	para
A job or profession	parachutisme
A job or profession	parachutiste
A job or profession	paralegal
A job or profession	parodontologue
A job or profession	parolier
A job or profession	pasteur
A job or profession	pathologiste
A job or profession	patineur
A job or profession	patineuse
A job or profession	patre
A job or profession	patron
A job or profession	pavaner
A job or profession	payeur
A job or profession	paysan
A job or profession	pdg
A job or profession	peagiste
A job or profession	pecheur
A job or profession	pedagogue
A job or profession	pediatre
A job or profession	peintre
A job or profession	pekan
A job or profession	pelleteuse
A job or profession	peon
A job or profession	pepinieriste
A job or profession	percepteur
A job or profession	perchiste
A job or profession	personnage
A job or profession	petrolier
A job or profession	pharmacie
A job or profession	pharmacien
A job or profession	pharmacologue
A job or profession	phoneticien
A job or profession	photographe
A job or profession	physicien
A job or profession	physicienne
A job or profession	physiologiste
A job or profession	pianiste
A job or profession	pigiste
A job or profession	pilote
A job or profession	pion
A job or profession	piper
A job or profession	pisteur
A job or profession	piston
A job or profession	pitman
A job or profession	platrier
A job or profession	plomb
A job or profession	plombier
A job or profession	plongeur
A job or profession	podologie
A job or profession	podologue
A job or profession	poete
A job or profession	poetesse
A job or profession	poissarde
A job or profession	poissonnerie
A job or profession	poissonnier
A job or profession	polemique
A job or profession	police
A job or profession	policier
A job or profession	policiere
A job or profession	pompier
A job or profession	porc
A job or profession	portier
A job or profession	poste
A job or profession	poster
A job or profession	potier
A job or profession	poulet
A job or profession	praticien
A job or profession	pratiquant
A job or profession	prebendier
A job or profession	precheur
A job or profession	predicateur
A job or profession	prelat
A job or profession	prelature
A job or profession	president
A job or profession	pressing
A job or profession	preteur
A job or profession	pretre
A job or profession	pretresse
A job or profession	primat
A job or profession	primate
A job or profession	principal
A job or profession	prive
A job or profession	processeur
A job or profession	procureur
A job or profession	produce
A job or profession	producteur
A job or profession	professeur
A job or profession	profession
A job or profession	professionnel
A job or profession	programmateur
A job or profession	programmeur
A job or profession	programmeuse
A job or profession	proie
A job or profession	promoteur
A job or profession	prospecteur
A job or profession	prospectrice
A job or profession	psalmiste
A job or profession	psychanalyste
A job or profession	psychiatre
A job or profession	psychiatriste
A job or profession	psychologue
A job or profession	publicain
A job or profession	publicains
A job or profession	questeur
A job or profession	questeurs
A job or profession	rabbin
A job or profession	rabbins
A job or profession	radiologiste
A job or profession	radiologue
A job or profession	raffineur
A job or profession	rameur
A job or profession	ranger
A job or profession	rapporteur
A job or profession	rat
A job or profession	recepteur
A job or profession	receptionniste
A job or profession	receveur
A job or profession	rechaud
A job or profession	recolteur
A job or profession	recrue
A job or profession	recruteur
A job or profession	recteur
A job or profession	redacteur
A job or profession	redaction
A job or profession	regatier
A job or profession	regulation
A job or profession	relieur
A job or profession	relieuse
A job or profession	religieuse
A job or profession	religieux
A job or profession	reparateur
A job or profession	repetiteur
A job or profession	reporter
A job or profession	representant
A job or profession	reserve
A job or profession	restaurateur
A job or profession	revendeur
A job or profession	revivaliste
A job or profession	rhumatologiste
A job or profession	rhumatologue
A job or profession	rodeur
A job or profession	roma
A job or profession	romancier
A job or profession	romantique
A job or profession	routeur
A job or profession	sacristain
A job or profession	sacristaine
A job or profession	salarie
A job or profession	sauveteur
A job or profession	savetier
A job or profession	saxophoniste
A job or profession	scenariste
A job or profession	scientifique
A job or profession	scribe
A job or profession	scripteur
A job or profession	sculpteur
A job or profession	second
A job or profession	seconde
A job or profession	secretaire
A job or profession	seismologiste
A job or profession	semanticien
A job or profession	semioticien
A job or profession	senateur
A job or profession	senatrice
A job or profession	senechal
A job or profession	sergent
A job or profession	serrurier
A job or profession	servant
A job or profession	servante
A job or profession	serveur
A job or profession	serveuse
A job or profession	sherif
A job or profession	shoemaker
A job or profession	siderurgiste
A job or profession	singer
A job or profession	sismologue
A job or profession	skater
A job or profession	skateur
A job or profession	skateuse
A job or profession	skieur
A job or profession	skieuse
A job or profession	slavey
A job or profession	sociologiste
A job or profession	sociologue
A job or profession	soeur
A job or profession	soldat
A job or profession	soliste
A job or profession	sommelier
A job or profession	soprano
A job or profession	sorcier
A job or profession	souffleur
A job or profession	soumission
A job or profession	spationaute
A job or profession	specialiste
A job or profession	sport
A job or profession	sportif
A job or profession	sportive
A job or profession	sprinter
A job or profession	sprinteur
A job or profession	star
A job or profession	starlette
A job or profession	statisticien
A job or profession	stevedore
A job or profession	stewardesse
A job or profession	striptease
A job or profession	structure
A job or profession	subalterne
A job or profession	subordonne
A job or profession	subrecargue
A job or profession	suisse
A job or profession	sureau
A job or profession	surrealiste
A job or profession	syndic
A job or profession	syndicaliste
A job or profession	syntacticien
A job or profession	syntacticienne
A job or profession	tailleur
A job or profession	talonneur
A job or profession	tambour
A job or profession	tankiste
A job or profession	tanneur
A job or profession	taureau
A job or profession	taxidermiste
A job or profession	taxman
A job or profession	taxonomiste
A job or profession	tec
A job or profession	technicien
A job or profession	televangeliste
A job or profession	temp
A job or profession	tenor
A job or profession	tete
A job or profession	thatcher
A job or profession	therapeute
A job or profession	thuriferaire
A job or profession	timonier
A job or profession	tiroir
A job or profession	tisserand
A job or profession	tisserin
A job or profession	tonnelier
A job or profession	toubib
A job or profession	tourd
A job or profession	tout
A job or profession	toxicologue
A job or profession	tracker
A job or profession	traducteur
A job or profession	trafiquant
A job or profession	transformateur
A job or profession	traqueur
A job or profession	travailleur
A job or profession	trayeuse
A job or profession	tromboniste
A job or profession	troubadour
A job or profession	tsigane
A job or profession	typographe
A job or profession	tzigane
A job or profession	universitaire
A job or profession	vacher
A job or profession	valet
A job or profession	vendeur
A job or profession	vendeuse
A job or profession	ventriloque
A job or profession	veterinaire
A job or profession	vicaire
A job or profession	videur
A job or profession	vigilantisme
A job or profession	violoncelliste
A job or profession	violoniste
A job or profession	virologue
A job or profession	virtuose
A job or profession	vitrier
A job or profession	vizir
A job or profession	voix
A job or profession	volontaire
A job or profession	vrp
A job or profession	wagoner
A job or profession	waterman
A job or profession	workman
A job or profession	wright
A job or profession	yuppie
A job or profession	zoologiste
A job or profession	zoologue
Something you read	accaparement
Something you read	acteur
Something you read	aerogramme
Something you read	affiche
Something you read	agenda
Something you read	alinea
Something you read	almanach
Something you read	annuaire
Something you read	annuel
Something you read	anthologie
Something you read	archives
Something you read	article
Something you read	atlas
Something you read	autobiographie
Something you read	autorite
Something you read	bail
Something you read	ballade
Something you read	bestiaire
Something you read	bible
Something you read	billet
Something you read	billette
Something you read	biographie
Something you read	blog
Something you read	blogue
Something you read	boussole
Something you read	breviaire
Something you read	brochure
Something you read	bulletin
Something you read	carte
Something you read	catalogue
Something you read	catechisme
Something you read	cerveau
Something you read	chanson
Something you read	chansonnier
Something you read	chapitre
Something you read	chemise
Something you read	choix
Something you read	circulaire
Something you read	collecte
Something you read	collection
Something you read	comedien
Something you read	comic
Something you read	comics
Something you read	comique
Something you read	compendium
Something you read	compilation
Something you read	compte
Something you read	contracter
Something you read	contrat
Something you read	coran
Something you read	courbe
Something you read	courriel
Something you read	cuisinier
Something you read	cuisiniere
Something you read	cyberlettre
Something you read	depliant
Something you read	dictionnaire
Something you read	divan
Something you read	dossier
Something you read	drap
Something you read	ecaille
Something you read	echelle
Something you read	eddas
Something you read	edit
Something you read	edition
Something you read	effet
Something you read	elegie
Something you read	emploi
Something you read	encyclique
Something you read	encyclopedie
Something you read	ephemeride
Something you read	ephemerides
Something you read	epique
Something you read	epitre
Something you read	epopee
Something you read	esprit
Something you read	essai
Something you read	etiquette
Something you read	etude
Something you read	excuser
Something you read	expression
Something you read	fable
Something you read	facture
Something you read	facturer
Something you read	fax
Something you read	feuille
Something you read	fiction
Something you read	fil
Something you read	foliole
Something you read	fontaine
Something you read	formule
Something you read	forum
Something you read	gare
Something you read	geste
Something you read	glissant
Something you read	glose
Something you read	glossaire
Something you read	graphe
Something you read	graphique
Something you read	grille
Something you read	grimoire
Something you read	gros
Something you read	guide
Something you read	haiku
Something you read	hebdomadaire
Something you read	heroique
Something you read	histoire
Something you read	horloge
Something you read	horoscope
Something you read	huissier
Something you read	humoriste
Something you read	hymnaire
Something you read	impression
Something you read	infolettre
Something you read	introduction
Something you read	invention
Something you read	invitation
Something you read	inviter
Something you read	itineraire
Something you read	jauge
Something you read	jour
Something you read	journal
Something you read	journalier
Something you read	journellement
Something you read	langage
Something you read	langue
Something you read	lease
Something you read	lecteur
Something you read	lecture
Something you read	legende
Something you read	lettre
Something you read	levre
Something you read	levres
Something you read	lexique
Something you read	limerick
Something you read	linguistique
Something you read	lire
Something you read	liste
Something you read	livre
Something you read	livret
Something you read	local
Something you read	location
Something you read	magazine
Something you read	manuel
Something you read	mel
Something you read	memorandum
Something you read	mens
Something you read	mensuel
Something you read	mensuellement
Something you read	menu
Something you read	message
Something you read	missel
Something you read	missive
Something you read	mot
Something you read	mots
Something you read	myth
Something you read	mythe
Something you read	note
Something you read	nouveau
Something you read	nouvelle
Something you read	numero
Something you read	ode
Something you read	omnibus
Something you read	ordonnance
Something you read	organe
Something you read	organigramme
Something you read	orgue
Something you read	page
Something you read	palmier
Something you read	pamphlet
Something you read	panneau
Something you read	papier
Something you read	paragraphe
Something you read	paume
Something you read	pendule
Something you read	periodique
Something you read	phrase
Something you read	piece
Something you read	placard
Something you read	place
Something you read	plan
Something you read	plieur
Something you read	plieuse
Something you read	poeme
Something you read	poesie
Something you read	point
Something you read	poste
Something you read	poulet
Something you read	prescription
Something you read	preuve
Something you read	prose
Something you read	prospectus
Something you read	publication
Something you read	pulp
Something you read	pulps
Something you read	quittance
Something you read	quotidien
Something you read	rapport
Something you read	recepisse
Something you read	reception
Something you read	recette
Something you read	recit
Something you read	recu
Something you read	reevaluation
Something you read	reference
Something you read	reimpression
Something you read	repertoire
Something you read	reserver
Something you read	revue
Something you read	rhapsody
Something you read	rime
Something you read	roman
Something you read	saga
Something you read	salle
Something you read	scenario
Something you read	section
Something you read	serie
Something you read	signal
Something you read	signe
Something you read	site
Something you read	sonnet
Something you read	source
Something you read	station
Something you read	tabloid
Something you read	tabloide
Something you read	telecopieur
Something you read	telegramme
Something you read	temoignage
Something you read	testament
Something you read	tete
Something you read	texte
Something you read	thesaurisation
Something you read	thesaurus
Something you read	these
Something you read	ticket
Something you read	titre
Something you read	tome
Something you read	tract
Something you read	traite
Something you read	vers
Something you read	vie
Something you read	vocabulaire
Something you read	volition
Something you read	volonte
Something you read	volume
Something you read	vouloir
Something you read	webjournal
Something electronic	abaque
Something electronic	abattement
Something electronic	accablement
Something electronic	accessoire
Something electronic	accordeur
Something electronic	accumulateur
Something electronic	administration
Something electronic	aerien
Something electronic	affichage
Something electronic	agenda
Something electronic	alarme
Something electronic	amp
Something electronic	ampere
Something electronic	amphitryon
Something electronic	amplificateur
Something electronic	ampoule
Something electronic	androide
Something electronic	ante
Something electronic	antenne
Something electronic	arithmographe
Something electronic	armature
Something electronic	aspirateur
Something electronic	attenuateur
Something electronic	audioprothese
Something electronic	automate
Something electronic	balayeur
Something electronic	batterie
Something electronic	bbs
Something electronic	bip
Something electronic	bobine
Something electronic	boucher
Something electronic	bougie
Something electronic	bouilloire
Something electronic	boulier
Something electronic	bouteille
Something electronic	bribe
Something electronic	bridge
Something electronic	brosse
Something electronic	brouilleur
Something electronic	bulbe
Something electronic	cahier
Something electronic	calculateur
Something electronic	calculatrice
Something electronic	calculette
Something electronic	calepin
Something electronic	cam
Something electronic	camera
Something electronic	camescope
Something electronic	capacite
Something electronic	capteur
Something electronic	cargaison
Something electronic	carnet
Something electronic	carte
Something electronic	carton
Something electronic	cartouche
Something electronic	cellulaire
Something electronic	cellule
Something electronic	chandelle
Something electronic	chargement
Something electronic	chauffage
Something electronic	circuit
Something electronic	clavardoir
Something electronic	clavier
Something electronic	client
Something electronic	cloche
Something electronic	combine
Something electronic	comptable
Something electronic	compte
Something electronic	condensateur
Something electronic	congelateur
Something electronic	consideration
Something electronic	consoler
Something electronic	consternation
Something electronic	controleur
Something electronic	convive
Something electronic	copeau
Something electronic	cotisation
Something electronic	couleuvre
Something electronic	cric
Something electronic	cro
Something electronic	crt
Something electronic	cuisiniere
Something electronic	dactylo
Something electronic	dechirage
Something electronic	defense
Something electronic	defibrillateur
Something electronic	del
Something electronic	demodulateur
Something electronic	demolition
Something electronic	detecteur
Something electronic	diode
Something electronic	directoire
Something electronic	disjoncteur
Something electronic	dongle
Something electronic	eclat
Something electronic	ecouteur
Something electronic	ecran
Something electronic	electromenager
Something electronic	electrophorus
Something electronic	enceinte
Something electronic	ensemble
Something electronic	envoyeur
Something electronic	essoreuse
Something electronic	estimateur
Something electronic	eventail
Something electronic	expediteur
Something electronic	fenetre
Something electronic	fer
Something electronic	fet
Something electronic	fiche
Something electronic	filtre
Something electronic	flambeau
Something electronic	flaneur
Something electronic	fond
Something electronic	four
Something electronic	fourneau
Something electronic	fragment
Something electronic	frigo
Something electronic	garcon
Something electronic	gaziniere
Something electronic	generateur
Something electronic	glaciere
Something electronic	goniometre
Something electronic	gps
Something electronic	gradateur
Something electronic	gsm
Something electronic	horloge
Something electronic	hote
Something electronic	humanoide
Something electronic	iconoscope
Something electronic	illustration
Something electronic	image
Something electronic	imprimante
Something electronic	imprimeur
Something electronic	inductance
Something electronic	insecte
Something electronic	interface
Something electronic	joystick
Something electronic	kinescope
Something electronic	klystron
Something electronic	lampe
Something electronic	led
Something electronic	lentille
Something electronic	lest
Something electronic	liaison
Something electronic	lien
Something electronic	linotype
Something electronic	locuteur
Something electronic	lune
Something electronic	mach
Something electronic	magnetophone
Something electronic	magnetron
Something electronic	maser
Something electronic	megaphone
Something electronic	melangeur
Something electronic	micro
Something electronic	microphone
Something electronic	micropuce
Something electronic	mike
Something electronic	milieu
Something electronic	mixeur
Something electronic	mobile
Something electronic	modem
Something electronic	module
Something electronic	mon
Something electronic	moniteur
Something electronic	montre
Something electronic	morceau
Something electronic	mosaique
Something electronic	multiplexeur
Something electronic	natel
Something electronic	orbiteur
Something electronic	ordinateur
Something electronic	oreillette
Something electronic	organisateur
Something electronic	origine
Something electronic	oscillateur
Something electronic	oscilloscope
Something electronic	pacemaker
Something electronic	panneau
Something electronic	parafoudre
Something electronic	passerelle
Something electronic	pendule
Something electronic	pentode
Something electronic	peripherique
Something electronic	peu
Something electronic	phare
Something electronic	photocellule
Something electronic	photopile
Something electronic	phraseur
Something electronic	pile
Something electronic	planificateur
Something electronic	plat
Something electronic	poele
Something electronic	police
Something electronic	pont
Something electronic	port
Something electronic	portable
Something electronic	portail
Something electronic	portatif
Something electronic	porte
Something electronic	portee
Something electronic	pot
Something electronic	potentiometre
Something electronic	premier
Something electronic	primaire
Something electronic	processeur
Something electronic	projecteur
Something electronic	prostration
Something electronic	puce
Something electronic	quartz
Something electronic	quipo
Something electronic	quipou
Something electronic	quipu
Something electronic	radiateur
Something electronic	radio
Something electronic	radiocassette
Something electronic	radiotelephone
Something electronic	reacteur
Something electronic	recepteur
Something electronic	rechaud
Something electronic	refrigerateur
Something electronic	refroidisseur
Something electronic	regle
Something electronic	relais
Something electronic	repondeur
Something electronic	resistance
Something electronic	resistant
Something electronic	resisteur
Something electronic	robot
Something electronic	rotor
Something electronic	routeur
Something electronic	satellite
Something electronic	scanner
Something electronic	scanneur
Something electronic	scsi
Something electronic	secheuse
Something electronic	sechoir
Something electronic	securite
Something electronic	senseur
Something electronic	serveur
Something electronic	sideration
Something electronic	site
Something electronic	solenoide
Something electronic	sonnette
Something electronic	soucoupe
Something electronic	souris
Something electronic	stupefaction
Something electronic	stupeur
Something electronic	synthetiseur
Something electronic	tableau
Something electronic	tabulatrice
Something electronic	tandoor
Something electronic	tele
Something electronic	telecommande
Something electronic	teleimprimeur
Something electronic	telephone
Something electronic	telephoner
Something electronic	telescripteur
Something electronic	teletype
Something electronic	televiseur
Something electronic	televisie
Something electronic	television
Something electronic	telex
Something electronic	teloche
Something electronic	terminal
Something electronic	tete
Something electronic	tetrode
Something electronic	thermostat
Something electronic	toasteur
Something electronic	toile
Something electronic	torche
Something electronic	transducteur
Something electronic	transformateur
Something electronic	transformer
Something electronic	transistor
Something electronic	transmetteur
Something electronic	transpondeur
Something electronic	triode
Something electronic	tweeter
Something electronic	vacuum
Something electronic	valet
Something electronic	vase
Something electronic	ventilateur
Something electronic	vide
Something electronic	video
Something electronic	vipere
Something electronic	webcam
Something electronic	webcamera
Something electronic	woofer
A word meaning fast	actif
A word meaning fast	agile
A word meaning fast	aile
A word meaning fast	bon
A word meaning fast	chaud
A word meaning fast	diligent
A word meaning fast	flotte
A word meaning fast	hatif
A word meaning fast	immediat
A word meaning fast	impermeable
A word meaning fast	instant
A word meaning fast	instantane
A word meaning fast	jeuner
A word meaning fast	leste
A word meaning fast	lisse
A word meaning fast	moment
A word meaning fast	presse
A word meaning fast	prompt
A word meaning fast	rapide
A word meaning fast	rapidement
A word meaning fast	veloce
A word meaning fast	vif
A word meaning fast	vite
A word meaning fast	vivant
A type of building	abattoir
A type of building	abbaye
A type of building	abri
A type of building	academie
A type of building	acierie
A type of building	aerodrome
A type of building	aeroport
A type of building	aiguille
A type of building	aire
A type of building	airport
A type of building	alcazar
A type of building	ambassade
A type of building	amphitheatre
A type of building	appartement
A type of building	aquarium
A type of building	architecture
A type of building	arene
A type of building	arenes
A type of building	aristote
A type of building	armurier
A type of building	arsenal
A type of building	asile
A type of building	atelier
A type of building	attique
A type of building	auberge
A type of building	auvent
A type of building	banque
A type of building	bar
A type of building	barbacane
A type of building	barbet
A type of building	barn
A type of building	basilique
A type of building	bastille
A type of building	batiment
A type of building	batterie
A type of building	bazar
A type of building	bedlam
A type of building	bethel
A type of building	bibliotheque
A type of building	bidonville
A type of building	bistro
A type of building	bistrot
A type of building	boite
A type of building	bordel
A type of building	boucherie
A type of building	boulangerie
A type of building	boutique
A type of building	brasserie
A type of building	bureau
A type of building	cabane
A type of building	cabaret
A type of building	cabine
A type of building	cafe
A type of building	cafeteria
A type of building	campanile
A type of building	cantine
A type of building	capharnaum
A type of building	caravanserail
A type of building	caserne
A type of building	casino
A type of building	cathedrale
A type of building	cathode
A type of building	centrale
A type of building	centre
A type of building	chaine
A type of building	chalet
A type of building	chapelle
A type of building	charcuterie
A type of building	chateau
A type of building	chaumiere
A type of building	cine
A type of building	cinema
A type of building	cirque
A type of building	claque
A type of building	clinique
A type of building	clocher
A type of building	cloitre
A type of building	club
A type of building	college
A type of building	colonne
A type of building	commerce
A type of building	confiserie
A type of building	conserverie
A type of building	consistoire
A type of building	consulat
A type of building	copropriete
A type of building	couvent
A type of building	crematorium
A type of building	datcha
A type of building	demeure
A type of building	dependance
A type of building	depot
A type of building	disco
A type of building	discotheque
A type of building	domaine
A type of building	dome
A type of building	domicile
A type of building	dortoir
A type of building	droguerie
A type of building	duplex
A type of building	echoppe
A type of building	ecole
A type of building	ecurie
A type of building	edifice
A type of building	eglise
A type of building	entrepot
A type of building	eolienne
A type of building	epingle
A type of building	ermitage
A type of building	estaminet
A type of building	etable
A type of building	fabrique
A type of building	feu
A type of building	film
A type of building	fleche
A type of building	fleuriste
A type of building	foire
A type of building	fonderie
A type of building	fort
A type of building	forteresse
A type of building	foyer
A type of building	galerie
A type of building	garage
A type of building	gare
A type of building	gazebo
A type of building	geole
A type of building	glaciere
A type of building	glissoire
A type of building	gloriette
A type of building	grange
A type of building	gril
A type of building	gym
A type of building	gymnase
A type of building	habitation
A type of building	han
A type of building	hangar
A type of building	hermitage
A type of building	hippodrome
A type of building	hopital
A type of building	hosto
A type of building	hotel
A type of building	hutte
A type of building	igloo
A type of building	iglou
A type of building	immeuble
A type of building	infirmerie
A type of building	institution
A type of building	khan
A type of building	kiosque
A type of building	kirk
A type of building	lab
A type of building	labo
A type of building	laboratoire
A type of building	librairie
A type of building	loge
A type of building	logement
A type of building	lupanar
A type of building	madhouse
A type of building	magasin
A type of building	magistrat
A type of building	mai
A type of building	mairie
A type of building	maison
A type of building	maisonnette
A type of building	manoir
A type of building	maquila
A type of building	maquiladora
A type of building	marche
A type of building	menagerie
A type of building	mercerie
A type of building	minaret
A type of building	ministere
A type of building	mirador
A type of building	monastere
A type of building	morgue
A type of building	mosquee
A type of building	musee
A type of building	niche
A type of building	observatoire
A type of building	opera
A type of building	orbite
A type of building	pagode
A type of building	palais
A type of building	pantheon
A type of building	parc
A type of building	parfumerie
A type of building	patinoire
A type of building	patisserie
A type of building	pensionnat
A type of building	phare
A type of building	pharmaceutique
A type of building	pharmacie
A type of building	pharmacien
A type of building	pile
A type of building	pinacle
A type of building	pizzeria
A type of building	planetarium
A type of building	posada
A type of building	poulailler
A type of building	presbytere
A type of building	prieure
A type of building	prison
A type of building	prive
A type of building	promenade
A type of building	propriete
A type of building	pub
A type of building	pylone
A type of building	pyramide
A type of building	quincaillerie
A type of building	radiobalise
A type of building	radiophare
A type of building	raffinerie
A type of building	ranch
A type of building	refectoire
A type of building	region
A type of building	residence
A type of building	restaurant
A type of building	rive
A type of building	rucher
A type of building	ruine
A type of building	salle
A type of building	sampler
A type of building	sanatorium
A type of building	sanctuaire
A type of building	scierie
A type of building	sejour
A type of building	serre
A type of building	serrure
A type of building	signe
A type of building	silo
A type of building	spa
A type of building	sphere
A type of building	stade
A type of building	station
A type of building	stationner
A type of building	superette
A type of building	supermarche
A type of building	sweatshop
A type of building	synagogue
A type of building	tabernacle
A type of building	taule
A type of building	taverne
A type of building	tempe
A type of building	temple
A type of building	tente
A type of building	terminal
A type of building	terminus
A type of building	theatre
A type of building	tipi
A type of building	tour
A type of building	treteau
A type of building	tribunal
A type of building	universite
A type of building	usine
A type of building	villa
A type of building	voliere
A type of building	wigwam
A type of building	yourte
A type of building	ziggourat
A type of building	ziggurat
A type of building	zone
A type of building	zoo
A thing with wheels	aeroplane
A thing with wheels	ambler
A thing with wheels	ambulance
A thing with wheels	amphibie
A thing with wheels	amphibien
A thing with wheels	auto
A thing with wheels	autobus
A thing with wheels	autocar
A thing with wheels	automobile
A thing with wheels	avion
A thing with wheels	bagage
A thing with wheels	benne
A thing with wheels	berlin
A thing with wheels	berline
A thing with wheels	bibliobus
A thing with wheels	bicyclette
A thing with wheels	boudeur
A thing with wheels	bouteur
A thing with wheels	break
A thing with wheels	brouette
A thing with wheels	bulldozer
A thing with wheels	bureau
A thing with wheels	bus
A thing with wheels	cabriolet
A thing with wheels	camion
A thing with wheels	camionneur
A thing with wheels	caravane
A thing with wheels	carrosse
A thing with wheels	chaise
A thing with wheels	char
A thing with wheels	chariot
A thing with wheels	charrette
A thing with wheels	charrue
A thing with wheels	chat
A thing with wheels	chenille
A thing with wheels	citerne
A thing with wheels	colis
A thing with wheels	compact
A thing with wheels	corbillard
A thing with wheels	cyclomoteur
A thing with wheels	decapotable
A thing with wheels	depanneuse
A thing with wheels	diligence
A thing with wheels	dogcart
A thing with wheels	electrique
A thing with wheels	entraineur
A thing with wheels	epave
A thing with wheels	familiale
A thing with wheels	fauteuil
A thing with wheels	fiacre
A thing with wheels	fumeur
A thing with wheels	gondole
A thing with wheels	jais
A thing with wheels	jeep
A thing with wheels	jouet
A thing with wheels	landau
A thing with wheels	limousin
A thing with wheels	limousine
A thing with wheels	locomotive
A thing with wheels	minicar
A thing with wheels	mobylette
A thing with wheels	monocycle
A thing with wheels	monospace
A thing with wheels	moto
A thing with wheels	motobasculeur
A thing with wheels	motocycle
A thing with wheels	motocyclette
A thing with wheels	motoneige
A thing with wheels	navetteur
A thing with wheels	ordinaire
A thing with wheels	piege
A thing with wheels	poignee
A thing with wheels	poussette
A thing with wheels	rickshaw
A thing with wheels	routier
A thing with wheels	runabout
A thing with wheels	sac
A thing with wheels	scooter
A thing with wheels	shinkansen
A thing with wheels	skate
A thing with wheels	skateboard
A thing with wheels	surrey
A thing with wheels	sut
A thing with wheels	tandem
A thing with wheels	tank
A thing with wheels	taxi
A thing with wheels	technique
A thing with wheels	telepherique
A thing with wheels	tombereau
A thing with wheels	tracteur
A thing with wheels	train
A thing with wheels	tram
A thing with wheels	tramway
A thing with wheels	traverse
A thing with wheels	tricycle
A thing with wheels	trike
A thing with wheels	trishaw
A thing with wheels	troika
A thing with wheels	trolley
A thing with wheels	trolleybus
A thing with wheels	trottinette
A thing with wheels	truc
A thing with wheels	valise
A thing with wheels	velo
A thing with wheels	velocipede
A thing with wheels	velomoteur
A thing with wheels	voiture
A thing with wheels	voiturette
A thing with wheels	wagon
Something metal	acier
Something metal	aiguille
Something metal	aimant
Something metal	airain
Something metal	alliage
Something metal	alu
Something metal	aluminium
Something metal	alun
Something metal	amalgame
Something metal	americium
Something metal	antimoine
Something metal	argent
Something metal	armure
Something metal	attraction
Something metal	bac
Something metal	baryum
Something metal	berkelium
Something metal	beryllium
Something metal	bifurcation
Something metal	bismuth
Something metal	blindage
Something metal	boite
Something metal	bouclier
Something metal	bouilloire
Something metal	braser
Something metal	bronze
Something metal	cabaret
Something metal	cadenas
Something metal	cadmium
Something metal	caesium
Something metal	calcium
Something metal	californium
Something metal	canette
Something metal	canon
Something metal	casque
Something metal	cerium
Something metal	cesium
Something metal	chaine
Something metal	charniere
Something metal	chrome
Something metal	ciseaux
Something metal	cle
Something metal	clef
Something metal	cloche
Something metal	cloture
Something metal	clou
Something metal	cobalt
Something metal	columbium
Something metal	constantan
Something metal	coq
Something metal	couteau
Something metal	crypte
Something metal	cuiller
Something metal	cuillere
Something metal	cuivre
Something metal	cupronickel
Something metal	curium
Something metal	danger
Something metal	dans
Something metal	dedans
Something metal	dysprosium
Something metal	ecu
Something metal	einsteinium
Something metal	electrum
Something metal	enchainement
Something metal	enclume
Something metal	epee
Something metal	epingle
Something metal	eqp
Something metal	erbium
Something metal	escrime
Something metal	etain
Something metal	europium
Something metal	fer
Something metal	fermium
Something metal	fil
Something metal	fourche
Something metal	fourchette
Something metal	francium
Something metal	gadolinium
Something metal	gallium
Something metal	geolier
Something metal	glucinium
Something metal	gond
Something metal	hafnium
Something metal	heaume
Something metal	holmium
Something metal	hydrargyre
Something metal	indium
Something metal	inox
Something metal	insigne
Something metal	iridium
Something metal	laiton
Something metal	lanthane
Something metal	lithium
Something metal	lutecium
Something metal	magnesium
Something metal	manganese
Something metal	marteau
Something metal	mat
Something metal	medaille
Something metal	mercure
Something metal	mercuriale
Something metal	metal
Something metal	molybdene
Something metal	neodyme
Something metal	neptunium
Something metal	nickel
Something metal	niobium
Something metal	ongle
Something metal	osmium
Something metal	palladium
Something metal	palmier
Something metal	paume
Something metal	piece
Something metal	pipe
Something metal	plateau
Something metal	plateaux
Something metal	platine
Something metal	plomb
Something metal	poele
Something metal	polonium
Something metal	porte
Something metal	porteur
Something metal	pot
Something metal	potassium
Something metal	potin
Something metal	poutre
Something metal	poutrelle
Something metal	praseodyme
Something metal	pressurage
Something metal	printemps
Something metal	prometheum
Something metal	promethium
Something metal	protactinium
Something metal	pull
Something metal	radium
Something metal	rail
Something metal	rampe
Something metal	regule
Something metal	rhenium
Something metal	rhodium
Something metal	rubidium
Something metal	ruthenium
Something metal	samarium
Something metal	scandium
Something metal	securite
Something metal	serrure
Something metal	sodium
Something metal	sonnerie
Something metal	sonnette
Something metal	soudage
Something metal	souder
Something metal	soudure
Something metal	spanner
Something metal	strontium
Something metal	tantale
Something metal	technetium
Something metal	terbium
Something metal	thallium
Something metal	thorium
Something metal	thulium
Something metal	titane
Something metal	tombac
Something metal	tombak
Something metal	tonneau
Something metal	touche
Something metal	trophee
Something metal	tungstene
Something metal	tuyau
Something metal	uranium
Something metal	vanadium
Something metal	vis
Something metal	voute
Something metal	wolfram
Something metal	ytterbium
Something metal	yttrium
Something metal	zinc
Something metal	zirconium
A type of plant	abaca
A type of plant	abelia
A type of plant	abricot
A type of plant	abricotier
A type of plant	absinthe
A type of plant	acacia
A type of plant	acajou
A type of plant	acanthe
A type of plant	acanthus
A type of plant	acerola
A type of plant	achillea
A type of plant	achillee
A type of plant	acleisanthes
A type of plant	aconit
A type of plant	adansonia
A type of plant	adiante
A type of plant	agapanthus
A type of plant	agave
A type of plant	agrimonia
A type of plant	agrume
A type of plant	aigremoine
A type of plant	ail
A type of plant	ailanthus
A type of plant	airelle
A type of plant	ajonc
A type of plant	ajoncs
A type of plant	albizia
A type of plant	algue
A type of plant	algues
A type of plant	allium
A type of plant	aloe
A type of plant	aloes
A type of plant	alpiniste
A type of plant	althaea
A type of plant	alto
A type of plant	alyssum
A type of plant	amande
A type of plant	amandier
A type of plant	amarante
A type of plant	amaryllis
A type of plant	amas
A type of plant	ambrette
A type of plant	ambroisie
A type of plant	amelanchier
A type of plant	amertume
A type of plant	amidonnier
A type of plant	ana
A type of plant	anacardier
A type of plant	ananas
A type of plant	anchusa
A type of plant	ancolie
A type of plant	anemone
A type of plant	aneth
A type of plant	angelique
A type of plant	angiosperme
A type of plant	angiospermes
A type of plant	anis
A type of plant	anthurium
A type of plant	apocyne
A type of plant	aqueux
A type of plant	aquifoliaceae
A type of plant	aquifoliacees
A type of plant	aquilegia
A type of plant	arachide
A type of plant	araucaria
A type of plant	arbousier
A type of plant	arbre
A type of plant	arbrisseau
A type of plant	arbuste
A type of plant	arbutus
A type of plant	archange
A type of plant	areca
A type of plant	arethusa
A type of plant	arethuse
A type of plant	aristoloche
A type of plant	armoise
A type of plant	arnica
A type of plant	arroche
A type of plant	artemisia
A type of plant	artichaut
A type of plant	arum
A type of plant	asperge
A type of plant	asphodele
A type of plant	aspidistra
A type of plant	aster
A type of plant	astilbe
A type of plant	attier
A type of plant	aube
A type of plant	aubepine
A type of plant	aubergine
A type of plant	aulne
A type of plant	aurone
A type of plant	autotrophie
A type of plant	avena
A type of plant	avocat
A type of plant	avocatier
A type of plant	avoine
A type of plant	azalea
A type of plant	azalee
A type of plant	baie
A type of plant	balai
A type of plant	balsamine
A type of plant	bambou
A type of plant	banane
A type of plant	bananier
A type of plant	banda
A type of plant	banian
A type of plant	banksia
A type of plant	baobab
A type of plant	barbadine
A type of plant	barbeau
A type of plant	barbotine
A type of plant	bardane
A type of plant	bardanes
A type of plant	basilic
A type of plant	baume
A type of plant	begonia
A type of plant	begonias
A type of plant	belladone
A type of plant	benjoin
A type of plant	benny
A type of plant	berberidaceae
A type of plant	berce
A type of plant	bergamote
A type of plant	bergamotier
A type of plant	betel
A type of plant	bette
A type of plant	betterave
A type of plant	bibace
A type of plant	bigarade
A type of plant	bigaradier
A type of plant	ble
A type of plant	blette
A type of plant	bleuet
A type of plant	boite
A type of plant	bonsai
A type of plant	botrychium
A type of plant	bougainvillea
A type of plant	bougainvillee
A type of plant	bougainvillier
A type of plant	bouleau
A type of plant	brocoli
A type of plant	brome
A type of plant	brugnon
A type of plant	bruyere
A type of plant	bruyeres
A type of plant	bryonia
A type of plant	bryophyta
A type of plant	bryophyte
A type of plant	buis
A type of plant	buisson
A type of plant	cacahuete
A type of plant	cacao
A type of plant	cacaotier
A type of plant	cacaoyer
A type of plant	cachoutier
A type of plant	cactaceae
A type of plant	cactees
A type of plant	cactus
A type of plant	cafe
A type of plant	cajou
A type of plant	calendula
A type of plant	calla
A type of plant	callune
A type of plant	calypso
A type of plant	camarine
A type of plant	camelia
A type of plant	camellia
A type of plant	camerisier
A type of plant	camomille
A type of plant	campanula
A type of plant	campanule
A type of plant	campanules
A type of plant	canna
A type of plant	cannabis
A type of plant	canne
A type of plant	canneberge
A type of plant	cannelier
A type of plant	cannelle
A type of plant	cantaloup
A type of plant	capsicum
A type of plant	capucine
A type of plant	caragana
A type of plant	carambole
A type of plant	carambolier
A type of plant	carcade
A type of plant	cardamome
A type of plant	cardere
A type of plant	cardinales
A type of plant	cardon
A type of plant	carex
A type of plant	carotte
A type of plant	caroube
A type of plant	caroubier
A type of plant	carvi
A type of plant	cassia
A type of plant	cassier
A type of plant	casuarina
A type of plant	cataire
A type of plant	catalpa
A type of plant	catgut
A type of plant	cattleya
A type of plant	cedrat
A type of plant	cedre
A type of plant	celeri
A type of plant	cendre
A type of plant	centauree
A type of plant	cep
A type of plant	cereale
A type of plant	cerfeuil
A type of plant	cerise
A type of plant	cerisier
A type of plant	chamaecyparis
A type of plant	champignon
A type of plant	channidae
A type of plant	chanvre
A type of plant	chardon
A type of plant	charite
A type of plant	charme
A type of plant	charmes
A type of plant	chataigne
A type of plant	chataignier
A type of plant	chaux
A type of plant	chelidoine
A type of plant	chene
A type of plant	chervis
A type of plant	chevrefeuille
A type of plant	chicoree
A type of plant	chiendent
A type of plant	chocolat
A type of plant	chou
A type of plant	chrysantheme
A type of plant	ciboule
A type of plant	ciboulette
A type of plant	cigue
A type of plant	cil
A type of plant	cinchona
A type of plant	cineraria
A type of plant	citron
A type of plant	citronnier
A type of plant	citrouille
A type of plant	citrus
A type of plant	cive
A type of plant	clairon
A type of plant	clematis
A type of plant	clematite
A type of plant	cleome
A type of plant	coca
A type of plant	coco
A type of plant	cocobolo
A type of plant	cocotier
A type of plant	cognassier
A type of plant	coing
A type of plant	coleus
A type of plant	colocase
A type of plant	columbine
A type of plant	colza
A type of plant	concombre
A type of plant	conflore
A type of plant	conifere
A type of plant	conium
A type of plant	convolvulus
A type of plant	coquelicot
A type of plant	coreopsis
A type of plant	coriandre
A type of plant	corne
A type of plant	cornouiller
A type of plant	cornus
A type of plant	corossol
A type of plant	corydale
A type of plant	corydales
A type of plant	cosmos
A type of plant	coton
A type of plant	cotoneaster
A type of plant	coucou
A type of plant	coudrier
A type of plant	courge
A type of plant	courgette
A type of plant	couronne
A type of plant	cresson
A type of plant	criquet
A type of plant	crocus
A type of plant	cryptogame
A type of plant	cube
A type of plant	cubebe
A type of plant	cultivar
A type of plant	cumin
A type of plant	curcuma
A type of plant	cycadophyta
A type of plant	cycadophytes
A type of plant	cyclamen
A type of plant	cyclamens
A type of plant	cymbidium
A type of plant	cyperacees
A type of plant	cypres
A type of plant	cyrilla
A type of plant	dahlia
A type of plant	daikon
A type of plant	daisy
A type of plant	daphne
A type of plant	darse
A type of plant	daucus
A type of plant	dauphinelle
A type of plant	dauphinelles
A type of plant	delphinium
A type of plant	dentaire
A type of plant	derris
A type of plant	deutzia
A type of plant	diatomee
A type of plant	dicotyledone
A type of plant	dicotyledones
A type of plant	dictame
A type of plant	digitale
A type of plant	dracaena
A type of plant	dracena
A type of plant	drapeau
A type of plant	drosera
A type of plant	droseras
A type of plant	dryade
A type of plant	durian
A type of plant	durion
A type of plant	ebene
A type of plant	echalote
A type of plant	echappatoire
A type of plant	edelweiss
A type of plant	eleusine
A type of plant	ellebore
A type of plant	elodee
A type of plant	embryon
A type of plant	empetrum
A type of plant	endemique
A type of plant	endive
A type of plant	epeautre
A type of plant	ephedra
A type of plant	ephedrine
A type of plant	epi
A type of plant	epicea
A type of plant	epinard
A type of plant	epinette
A type of plant	epiphyte
A type of plant	episcia
A type of plant	erable
A type of plant	erica
A type of plant	estragon
A type of plant	eucalyptus
A type of plant	euphorbe
A type of plant	euphorbes
A type of plant	fagus
A type of plant	fenouil
A type of plant	fenugrec
A type of plant	fetuque
A type of plant	ficaire
A type of plant	fiel
A type of plant	figue
A type of plant	figuier
A type of plant	figure
A type of plant	filago
A type of plant	filicophyta
A type of plant	flamboyant
A type of plant	flamboyants
A type of plant	fleur
A type of plant	flore
A type of plant	fongus
A type of plant	forsythia
A type of plant	fougere
A type of plant	fougeres
A type of plant	frais
A type of plant	fraise
A type of plant	fraisier
A type of plant	framboise
A type of plant	framboisier
A type of plant	frangipanier
A type of plant	freesia
A type of plant	frein
A type of plant	freinage
A type of plant	frene
A type of plant	fromage
A type of plant	froment
A type of plant	fuchsia
A type of plant	fuite
A type of plant	fuji
A type of plant	fumeterre
A type of plant	fusee
A type of plant	gaillardia
A type of plant	galanga
A type of plant	galangue
A type of plant	galaxie
A type of plant	gametophyte
A type of plant	garance
A type of plant	gardenia
A type of plant	gardenias
A type of plant	gaultherie
A type of plant	gazania
A type of plant	gencive
A type of plant	genet
A type of plant	genevrier
A type of plant	gentiana
A type of plant	gentiane
A type of plant	geophyte
A type of plant	geranium
A type of plant	gesneria
A type of plant	gingembre
A type of plant	gingko
A type of plant	ginkgo
A type of plant	ginseng
A type of plant	glaieul
A type of plant	gloxinia
A type of plant	glycine
A type of plant	goemon
A type of plant	gombo
A type of plant	goyave
A type of plant	goyavier
A type of plant	graphite
A type of plant	grassette
A type of plant	grenade
A type of plant	grenadelle
A type of plant	grenadier
A type of plant	grenadille
A type of plant	grenouillette
A type of plant	groseille
A type of plant	groseillier
A type of plant	guede
A type of plant	gui
A type of plant	guigne
A type of plant	gymnospermes
A type of plant	halophyte
A type of plant	haricot
A type of plant	hedera
A type of plant	helianthe
A type of plant	helianthus
A type of plant	heliopsis
A type of plant	hellebore
A type of plant	hemerocalle
A type of plant	herbe
A type of plant	hetre
A type of plant	hibiscus
A type of plant	honnetete
A type of plant	hortensia
A type of plant	hortensias
A type of plant	houblon
A type of plant	houx
A type of plant	hoya
A type of plant	hydrangea
A type of plant	hysope
A type of plant	igname
A type of plant	ilex
A type of plant	indigo
A type of plant	indigotier
A type of plant	iris
A type of plant	ivraie
A type of plant	jacaranda
A type of plant	jacarandas
A type of plant	jacinthe
A type of plant	jacquier
A type of plant	jasmin
A type of plant	jonquille
A type of plant	jusquiame
A type of plant	kaki
A type of plant	kali
A type of plant	kalmia
A type of plant	kauri
A type of plant	kelp
A type of plant	kiwi
A type of plant	kniphofia
A type of plant	kola
A type of plant	kudzu
A type of plant	kumquat
A type of plant	laiche
A type of plant	laitue
A type of plant	laminaire
A type of plant	laminariales
A type of plant	lande
A type of plant	lantana
A type of plant	larkspur
A type of plant	lathraea
A type of plant	lathree
A type of plant	laurier
A type of plant	lavande
A type of plant	legume
A type of plant	lentille
A type of plant	lespedeza
A type of plant	liane
A type of plant	lierre
A type of plant	lilas
A type of plant	lin
A type of plant	linaire
A type of plant	liquidambar
A type of plant	lis
A type of plant	liseron
A type of plant	liserons
A type of plant	liveche
A type of plant	lobelia
A type of plant	lobelies
A type of plant	locuste
A type of plant	longane
A type of plant	longanier
A type of plant	lot
A type of plant	lotus
A type of plant	lucerne
A type of plant	lupin
A type of plant	lupins
A type of plant	luzerne
A type of plant	lycium
A type of plant	lycopode
A type of plant	lys
A type of plant	macadamia
A type of plant	magnolia
A type of plant	magnoliophyta
A type of plant	maguey
A type of plant	mai
A type of plant	mais
A type of plant	mallee
A type of plant	malvoisie
A type of plant	maman
A type of plant	mandarin
A type of plant	mandarine
A type of plant	mandarinier
A type of plant	mandragore
A type of plant	mangoustan
A type of plant	mangrove
A type of plant	mangue
A type of plant	manguier
A type of plant	manioc
A type of plant	maquis
A type of plant	margousier
A type of plant	marguerite
A type of plant	marijuana
A type of plant	mariposa
A type of plant	marjolaine
A type of plant	marronnier
A type of plant	masse
A type of plant	mate
A type of plant	mauve
A type of plant	may
A type of plant	mayflower
A type of plant	mel
A type of plant	meleze
A type of plant	melilot
A type of plant	melilots
A type of plant	melilotus
A type of plant	melon
A type of plant	menthe
A type of plant	merisier
A type of plant	mesquite
A type of plant	metasequoia
A type of plant	mezcal
A type of plant	micocoulier
A type of plant	millefeuille
A type of plant	millet
A type of plant	milo
A type of plant	mimosa
A type of plant	moelle
A type of plant	molene
A type of plant	molenes
A type of plant	monarda
A type of plant	monocotyledone
A type of plant	montagne
A type of plant	morelle
A type of plant	mouron
A type of plant	mousse
A type of plant	moutarde
A type of plant	muflier
A type of plant	mure
A type of plant	murier
A type of plant	muscadier
A type of plant	mycete
A type of plant	mycota
A type of plant	myrte
A type of plant	myrtille
A type of plant	narcisse
A type of plant	narcissus
A type of plant	navet
A type of plant	nectarine
A type of plant	neem
A type of plant	nefle
A type of plant	neflier
A type of plant	nepeta
A type of plant	nerprun
A type of plant	noisetier
A type of plant	noisette
A type of plant	noix
A type of plant	noyer
A type of plant	ocotillo
A type of plant	odontoglossum
A type of plant	oeillet
A type of plant	oignon
A type of plant	oleandre
A type of plant	olive
A type of plant	olivier
A type of plant	oncidium
A type of plant	oncidiums
A type of plant	onobrychis
A type of plant	orange
A type of plant	oranger
A type of plant	orchidee
A type of plant	orchis
A type of plant	orge
A type of plant	origan
A type of plant	origanum
A type of plant	orme
A type of plant	ornemental
A type of plant	orpin
A type of plant	ortie
A type of plant	oseille
A type of plant	osier
A type of plant	ouate
A type of plant	oxalis
A type of plant	pacanier
A type of plant	pachysandra
A type of plant	paletuvier
A type of plant	palmier
A type of plant	palmyre
A type of plant	pamplemousse
A type of plant	pamplemoussier
A type of plant	panais
A type of plant	papaye
A type of plant	paprika
A type of plant	papyrus
A type of plant	paquerette
A type of plant	paradisier
A type of plant	pasteque
A type of plant	patate
A type of plant	patisson
A type of plant	paume
A type of plant	pavot
A type of plant	pavots
A type of plant	peche
A type of plant	pecher
A type of plant	pelargonium
A type of plant	pensee
A type of plant	pernambouc
A type of plant	persil
A type of plant	pervenche
A type of plant	petunia
A type of plant	peuplier
A type of plant	peyotl
A type of plant	philadelphus
A type of plant	philodendron
A type of plant	phlox
A type of plant	phytolacca
A type of plant	phytolaques
A type of plant	phytoplancton
A type of plant	piment
A type of plant	pin
A type of plant	pinon
A type of plant	pipal
A type of plant	pissenlit
A type of plant	pistache
A type of plant	pivoine
A type of plant	plant
A type of plant	plantain
A type of plant	plante
A type of plant	plaquebiere
A type of plant	plaqueminier
A type of plant	platane
A type of plant	plumbago
A type of plant	plumeria
A type of plant	poinsettia
A type of plant	poire
A type of plant	poireau
A type of plant	poiree
A type of plant	poirier
A type of plant	pois
A type of plant	poivre
A type of plant	poivrier
A type of plant	poivron
A type of plant	polemonium
A type of plant	pomelo
A type of plant	pomme
A type of plant	pommier
A type of plant	porreau
A type of plant	portulaca
A type of plant	potiron
A type of plant	pourpier
A type of plant	prele
A type of plant	primevere
A type of plant	primeveres
A type of plant	primula
A type of plant	protea
A type of plant	prune
A type of plant	prunellier
A type of plant	prunier
A type of plant	prunus
A type of plant	pueraire
A type of plant	pulsatilla
A type of plant	pulsatille
A type of plant	pur
A type of plant	pyracantha
A type of plant	pyrola
A type of plant	quenettier
A type of plant	radis
A type of plant	raifort
A type of plant	raiponce
A type of plant	ramie
A type of plant	rauvolfia
A type of plant	rauwolfia
A type of plant	reglisse
A type of plant	renoncule
A type of plant	reseda
A type of plant	resedas
A type of plant	rhododendron
A type of plant	rhubarbe
A type of plant	rhus
A type of plant	riz
A type of plant	romarin
A type of plant	ronce
A type of plant	roquette
A type of plant	rose
A type of plant	roseau
A type of plant	rosier
A type of plant	rossolis
A type of plant	rotin
A type of plant	rutabaga
A type of plant	safran
A type of plant	sage
A type of plant	saguaro
A type of plant	sainfoin
A type of plant	salade
A type of plant	salvia
A type of plant	samba
A type of plant	sanicle
A type of plant	sans
A type of plant	sansevieria
A type of plant	sansevierias
A type of plant	sanve
A type of plant	sapin
A type of plant	saponaire
A type of plant	sapotillier
A type of plant	sarrasin
A type of plant	sarriette
A type of plant	sauge
A type of plant	sauges
A type of plant	saule
A type of plant	savonnier
A type of plant	saxifrage
A type of plant	saxifrages
A type of plant	scabieuse
A type of plant	scabieuses
A type of plant	scilla
A type of plant	scille
A type of plant	scilles
A type of plant	sedum
A type of plant	seigle
A type of plant	semis
A type of plant	sempervirent
A type of plant	seneve
A type of plant	senna
A type of plant	seringas
A type of plant	seringats
A type of plant	sesame
A type of plant	shortia
A type of plant	silene
A type of plant	simple
A type of plant	simplification
A type of plant	sisal
A type of plant	smilax
A type of plant	soja
A type of plant	solanum
A type of plant	solidages
A type of plant	solidago
A type of plant	sorgho
A type of plant	sorgo
A type of plant	souci
A type of plant	soucis
A type of plant	spermaphyte
A type of plant	spermatophyta
A type of plant	spermatophyte
A type of plant	sphagnaceae
A type of plant	sphagnum
A type of plant	sphaigne
A type of plant	sphaignes
A type of plant	sporophyte
A type of plant	stapelia
A type of plant	statice
A type of plant	stephanotis
A type of plant	stramoine
A type of plant	styrax
A type of plant	succulente
A type of plant	sumac
A type of plant	sureau
A type of plant	surelle
A type of plant	sycamore
A type of plant	sycomore
A type of plant	syringa
A type of plant	tabac
A type of plant	tagete
A type of plant	tallipot
A type of plant	tamarinier
A type of plant	tamaris
A type of plant	tanaisie
A type of plant	taraxacum
A type of plant	teck
A type of plant	teff
A type of plant	thallophyte
A type of plant	thallophytes
A type of plant	the
A type of plant	theier
A type of plant	thon
A type of plant	thym
A type of plant	tilleul
A type of plant	tithonia
A type of plant	tomate
A type of plant	topinambour
A type of plant	torche
A type of plant	tournesol
A type of plant	tracheobionta
A type of plant	trapa
A type of plant	trefle
A type of plant	trefles
A type of plant	tremble
A type of plant	trilles
A type of plant	trillium
A type of plant	tritoma
A type of plant	troene
A type of plant	tubereuse
A type of plant	tulipe
A type of plant	tulipes
A type of plant	ulex
A type of plant	utriculaire
A type of plant	utriculaires
A type of plant	utricularia
A type of plant	vaccaire
A type of plant	valeriane
A type of plant	vanda
A type of plant	vanille
A type of plant	varech
A type of plant	vegetal
A type of plant	verbena
A type of plant	vernonia
A type of plant	veronica
A type of plant	veronique
A type of plant	verveine
A type of plant	vesce
A type of plant	vieillard
A type of plant	vigne
A type of plant	viol
A type of plant	violet
A type of plant	violette
A type of plant	wampi
A type of plant	weigela
A type of plant	wisteria
A type of plant	woodsia
A type of plant	xerophyte
A type of plant	yucca
A type of plant	zamia
A type of plant	zinnia
A type of plant	zoysia
A word meaning difficult	ambitieux
A word meaning difficult	ardu
A word meaning difficult	chatouilleuse
A word meaning difficult	chatouilleux
A word meaning difficult	complexe
A word meaning difficult	difficile
A word meaning difficult	dur
A word meaning difficult	embarrassant
A word meaning difficult	ennuyeux
A word meaning difficult	ereintant
A word meaning difficult	fort
A word meaning difficult	fute
A word meaning difficult	genant
A word meaning difficult	grand
A word meaning difficult	haut
A word meaning difficult	herculeen
A word meaning difficult	herculeenne
A word meaning difficult	laborieux
A word meaning difficult	lourd
A word meaning difficult	mechant
A word meaning difficult	miserable
A word meaning difficult	penible
A word meaning difficult	problematique
A word meaning difficult	pugnace
A word meaning difficult	puissant
A word meaning difficult	robuste
A word meaning difficult	sagace
A word meaning difficult	serieux
A word meaning difficult	severe
A word meaning difficult	solide
A word meaning difficult	troublant
A type of dance	abdomen
A type of dance	automate
A type of dance	bal
A type of dance	balancoire
A type of dance	balle
A type of dance	ballet
A type of dance	beguine
A type of dance	boule
A type of dance	carre
A type of dance	charlatanerie
A type of dance	claque
A type of dance	commise
A type of dance	contemporain
A type of dance	danse
A type of dance	danser
A type of dance	enclenchement
A type of dance	eolienne
A type of dance	escroquerie
A type of dance	estomac
A type of dance	fandango
A type of dance	farandole
A type of dance	flamenco
A type of dance	fouler
A type of dance	generalisation
A type of dance	jazz
A type of dance	ligne
A type of dance	mazurka
A type of dance	menuet
A type of dance	mode
A type of dance	neant
A type of dance	oubli
A type of dance	pat
A type of dance	polka
A type of dance	popping
A type of dance	promenade
A type of dance	rap
A type of dance	robinet
A type of dance	robot
A type of dance	rumba
A type of dance	salsa
A type of dance	samba
A type of dance	scottish
A type of dance	shimmy
A type of dance	style
A type of dance	swing
A type of dance	tango
A type of dance	taper
A type of dance	tarentelle
A type of dance	tendance
A type of dance	valse
A type of dance	vent
A type of dance	ventre
A type of dance	verrouillage
Something you can drink	absinthe
Something you can drink	acide
Something you can drink	aigre
Something you can drink	alcool
Something you can drink	ale
Something you can drink	amer
Something you can drink	ancien
Something you can drink	anisette
Something you can drink	aperitif
Something you can drink	aquavit
Something you can drink	arack
Something you can drink	arak
Something you can drink	araq
Something you can drink	babeurre
Something you can drink	bardeau
Something you can drink	biere
Something you can drink	bock
Something you can drink	bockbier
Something you can drink	boisson
Something you can drink	bouillon
Something you can drink	bourbon
Something you can drink	brandy
Something you can drink	brasser
Something you can drink	breuvage
Something you can drink	cacao
Something you can drink	cafe
Something you can drink	canton
Something you can drink	champagne
Something you can drink	chapman
Something you can drink	cheptel
Something you can drink	chicoree
Something you can drink	chocolat
Something you can drink	choix
Something you can drink	cidre
Something you can drink	citronnade
Something you can drink	coca
Something you can drink	cocktail
Something you can drink	cognac
Something you can drink	coke
Something you can drink	cola
Something you can drink	collins
Something you can drink	cordial
Something you can drink	cordonnier
Something you can drink	coup
Something you can drink	criquet
Something you can drink	daiquiri
Something you can drink	devoir
Something you can drink	eau
Something you can drink	elixir
Something you can drink	esprit
Something you can drink	eveque
Something you can drink	expresso
Something you can drink	fee
Something you can drink	geneve
Something you can drink	gin
Something you can drink	gnole
Something you can drink	grappa
Something you can drink	grog
Something you can drink	hargneux
Something you can drink	hydromel
Something you can drink	interesser
Something you can drink	interet
Something you can drink	jerez
Something you can drink	jus
Something you can drink	kava
Something you can drink	kawa
Something you can drink	kumiz
Something you can drink	kvas
Something you can drink	lait
Something you can drink	latte
Something you can drink	leman
Something you can drink	limonade
Something you can drink	liqueur
Something you can drink	lutin
Something you can drink	macon
Something you can drink	mais
Something you can drink	malt
Something you can drink	manhattan
Something you can drink	margarita
Something you can drink	martini
Something you can drink	millesime
Something you can drink	mimosa
Something you can drink	moka
Something you can drink	mout
Something you can drink	muscadelle
Something you can drink	nectar
Something you can drink	negus
Something you can drink	orangeade
Something you can drink	ouzo
Something you can drink	palinka
Something you can drink	papa
Something you can drink	pastis
Something you can drink	pepe
Something you can drink	perry
Something you can drink	phosphate
Something you can drink	pinard
Something you can drink	poire
Something you can drink	port
Something you can drink	porto
Something you can drink	potage
Something you can drink	potion
Something you can drink	pulque
Something you can drink	ratafia
Something you can drink	recolte
Something you can drink	retsina
Something you can drink	rhum
Something you can drink	rose
Something you can drink	sake
Something you can drink	sambuca
Something you can drink	sauterelle
Something you can drink	savetier
Something you can drink	schnaps
Something you can drink	seigle
Something you can drink	seve
Something you can drink	slivovitz
Something you can drink	soda
Something you can drink	sonorisation
Something you can drink	soude
Something you can drink	soupe
Something you can drink	spiritueux
Something you can drink	sprite
Something you can drink	starkbier
Something you can drink	tasse
Something you can drink	tequila
Something you can drink	the
Something you can drink	tisane
Something you can drink	tournevis
Something you can drink	tumbler
Something you can drink	vendange
Something you can drink	vermouth
Something you can drink	vermouths
Something you can drink	verre
Something you can drink	vieux
Something you can drink	vin
Something you can drink	vodka
Something you can drink	whiskey
Something you can drink	whisky
Something you can drink	xeres
Something you can drink	yaourt
Something you can drink	yoghourt
Something you can drink	yogourt
Something you can drink	zinfandel
Something you can drink	zombi
Something you can drink	zombie
A thing in a toolbox	adage
A thing in a toolbox	agrafeuse
A thing in a toolbox	alene
A thing in a toolbox	ancre
A thing in a toolbox	ancrer
A thing in a toolbox	appareil
A thing in a toolbox	arc
A thing in a toolbox	archives
A thing in a toolbox	attache
A thing in a toolbox	attraction
A thing in a toolbox	avion
A thing in a toolbox	base
A thing in a toolbox	basique
A thing in a toolbox	batterie
A thing in a toolbox	beche
A thing in a toolbox	bit
A thing in a toolbox	boqueteau
A thing in a toolbox	bouline
A thing in a toolbox	bouton
A thing in a toolbox	bridge
A thing in a toolbox	broche
A thing in a toolbox	brocheuse
A thing in a toolbox	broussailles
A thing in a toolbox	cable
A thing in a toolbox	cadenas
A thing in a toolbox	canal
A thing in a toolbox	caniveau
A thing in a toolbox	carre
A thing in a toolbox	chaine
A thing in a toolbox	charniere
A thing in a toolbox	chat
A thing in a toolbox	cheville
A thing in a toolbox	ciseau
A thing in a toolbox	cle
A thing in a toolbox	clou
A thing in a toolbox	colle
A thing in a toolbox	commutateur
A thing in a toolbox	conduit
A thing in a toolbox	coq
A thing in a toolbox	coque
A thing in a toolbox	couteau
A thing in a toolbox	cracher
A thing in a toolbox	crampe
A thing in a toolbox	crayon
A thing in a toolbox	crochet
A thing in a toolbox	degauchisseuse
A thing in a toolbox	degre
A thing in a toolbox	dicton
A thing in a toolbox	dirigeant
A thing in a toolbox	echelle
A thing in a toolbox	ecrou
A thing in a toolbox	epingle
A thing in a toolbox	esprit
A thing in a toolbox	etau
A thing in a toolbox	fichage
A thing in a toolbox	fichier
A thing in a toolbox	fil
A thing in a toolbox	flambeau
A thing in a toolbox	flotter
A thing in a toolbox	fourche
A thing in a toolbox	fourre
A thing in a toolbox	gache
A thing in a toolbox	gant
A thing in a toolbox	gencive
A thing in a toolbox	geolier
A thing in a toolbox	glissant
A thing in a toolbox	gond
A thing in a toolbox	goujon
A thing in a toolbox	gracie
A thing in a toolbox	grattoir
A thing in a toolbox	hamecon
A thing in a toolbox	joint
A thing in a toolbox	lien
A thing in a toolbox	linkup
A thing in a toolbox	loquet
A thing in a toolbox	lunettes
A thing in a toolbox	magazine
A thing in a toolbox	maillet
A thing in a toolbox	mamie
A thing in a toolbox	manivelle
A thing in a toolbox	maquis
A thing in a toolbox	marqueur
A thing in a toolbox	marteau
A thing in a toolbox	masse
A thing in a toolbox	mastic
A thing in a toolbox	matrice
A thing in a toolbox	metaux
A thing in a toolbox	mousqueton
A thing in a toolbox	neant
A thing in a toolbox	niveau
A thing in a toolbox	nixe
A thing in a toolbox	noeud
A thing in a toolbox	noix
A thing in a toolbox	nouer
A thing in a toolbox	ongle
A thing in a toolbox	parenthese
A thing in a toolbox	pecher
A thing in a toolbox	pelle
A thing in a toolbox	perceuse
A thing in a toolbox	peu
A thing in a toolbox	phoque
A thing in a toolbox	pile
A thing in a toolbox	pilon
A thing in a toolbox	pince
A thing in a toolbox	pinces
A thing in a toolbox	place
A thing in a toolbox	plantoir
A thing in a toolbox	point
A thing in a toolbox	pont
A thing in a toolbox	presse
A thing in a toolbox	prise
A thing in a toolbox	protection
A thing in a toolbox	proue
A thing in a toolbox	proverbe
A thing in a toolbox	pull
A thing in a toolbox	punaise
A thing in a toolbox	rabot
A thing in a toolbox	rape
A thing in a toolbox	relier
A thing in a toolbox	revue
A thing in a toolbox	rien
A thing in a toolbox	rivet
A thing in a toolbox	rondelle
A thing in a toolbox	ruban
A thing in a toolbox	scarabee
A thing in a toolbox	sceau
A thing in a toolbox	scelle
A thing in a toolbox	scellement
A thing in a toolbox	scie
A thing in a toolbox	scier
A thing in a toolbox	scrapeur
A thing in a toolbox	scrappeur
A thing in a toolbox	scribe
A thing in a toolbox	secateur
A thing in a toolbox	sentence
A thing in a toolbox	serpette
A thing in a toolbox	serrure
A thing in a toolbox	slipknot
A thing in a toolbox	spanner
A thing in a toolbox	spot
A thing in a toolbox	taillis
A thing in a toolbox	terrain
A thing in a toolbox	torche
A thing in a toolbox	tourillon
A thing in a toolbox	tournevis
A thing in a toolbox	truelle
A thing in a toolbox	utilite
A thing in a toolbox	varlope
A thing in a toolbox	ver
A thing in a toolbox	vers
A thing in a toolbox	vis
A thing in a toolbox	zero
A thing in a toolbox	zilch
A type of insect	abeille
A type of insect	acarien
A type of insect	aleyrodoidea
A type of insect	amiral
A type of insect	anoploure
A type of insect	anoplura
A type of insect	aoutat
A type of insect	aphanipteres
A type of insect	aphidoidea
A type of insect	araignee
A type of insect	asticot
A type of insect	blattaria
A type of insect	blatte
A type of insect	blattes
A type of insect	blattopteres
A type of insect	bleu
A type of insect	bleue
A type of insect	bogue
A type of insect	bourdon
A type of insect	bourdons
A type of insect	cafard
A type of insect	cancrelat
A type of insect	canne
A type of insect	ceratite
A type of insect	cercopoidea
A type of insect	chalcidoidea
A type of insect	charancon
A type of insect	chenille
A type of insect	chrysalide
A type of insect	chrysomeles
A type of insect	chrysomelidae
A type of insect	cicadellidae
A type of insect	cicadidae
A type of insect	cigale
A type of insect	cinabre
A type of insect	coccinelle
A type of insect	cochenille
A type of insect	coleopteres
A type of insect	collembola
A type of insect	collembole
A type of insect	collemboles
A type of insect	coquerelle
A type of insect	crabe
A type of insect	cricket
A type of insect	criquet
A type of insect	cuivre
A type of insect	culicidae
A type of insect	culicoide
A type of insect	curculionoidea
A type of insect	cynipidae
A type of insect	danaidae
A type of insect	demoiselle
A type of insect	demoiselles
A type of insect	dermaptera
A type of insect	dermapteres
A type of insect	drosophila
A type of insect	drosophile
A type of insect	ecoute
A type of insect	elateridae
A type of insect	empereur
A type of insect	ephemeroptera
A type of insect	ephemeropteres
A type of insect	forficule
A type of insect	formicidae
A type of insect	fourmi
A type of insect	fourmis
A type of insect	frelon
A type of insect	gardon
A type of insect	gastrophile
A type of insect	glossina
A type of insect	grillon
A type of insect	guepe
A type of insect	guepes
A type of insect	hanneton
A type of insect	insecte
A type of insect	isoptera
A type of insect	isopteres
A type of insect	lampyre
A type of insect	larve
A type of insect	libellule
A type of insect	libellules
A type of insect	locuste
A type of insect	luciole
A type of insect	mante
A type of insect	mantis
A type of insect	mantodea
A type of insect	mantopteres
A type of insect	maringouin
A type of insect	maringouins
A type of insect	meloidae
A type of insect	meloides
A type of insect	melolontha
A type of insect	membracidae
A type of insect	meunier
A type of insect	microbes
A type of insect	militaire
A type of insect	mite
A type of insect	mites
A type of insect	monarque
A type of insect	morpion
A type of insect	mouche
A type of insect	moucheron
A type of insect	moustique
A type of insect	moustiques
A type of insect	nymphalidae
A type of insect	nymphalide
A type of insect	nymphe
A type of insect	oestre
A type of insect	oestridae
A type of insect	paon
A type of insect	papillon
A type of insect	phasmide
A type of insect	phlebotome
A type of insect	plecoptera
A type of insect	pou
A type of insect	psocoptere
A type of insect	puce
A type of insect	puceron
A type of insect	punaise
A type of insect	pupe
A type of insect	reduve
A type of insect	saturniidae
A type of insect	sauterelle
A type of insect	sauterelles
A type of insect	scarabaeus
A type of insect	scarabee
A type of insect	sialis
A type of insect	simulie
A type of insect	siphonaptera
A type of insect	siphonapteres
A type of insect	soldat
A type of insect	symphyta
A type of insect	symphytes
A type of insect	taon
A type of insect	taupin
A type of insect	tenebrionidae
A type of insect	termite
A type of insect	termites
A type of insect	thrips
A type of insect	thysanoptera
A type of insect	thysanoptere
A type of insect	thysanopteres
A type of insect	tique
A type of insect	toucher
A type of insect	triatome
A type of insect	tsetse
A type of insect	vespa
A type of insect	vespidae
A type of insect	virgule
A type of insect	voler
A type of insect	zygoptera
A type of weather event	abc
A type of weather event	air
A type of weather event	alize
A type of weather event	altocumulus
A type of weather event	altostratus
A type of weather event	anticyclone
A type of weather event	aquilon
A type of weather event	atmosphere
A type of weather event	aube
A type of weather event	aurore
A type of weather event	avalanche
A type of weather event	averse
A type of weather event	bas
A type of weather event	bassin
A type of weather event	bise
A type of weather event	blizzard
A type of weather event	bouffee
A type of weather event	brise
A type of weather event	brouillard
A type of weather event	brouillon
A type of weather event	bruine
A type of weather event	bruiner
A type of weather event	brume
A type of weather event	calme
A type of weather event	canicule
A type of weather event	chinook
A type of weather event	choc
A type of weather event	cirrocumulus
A type of weather event	cirrostratus
A type of weather event	cirrus
A type of weather event	clemence
A type of weather event	commerce
A type of weather event	condensat
A type of weather event	condensation
A type of weather event	congelation
A type of weather event	congeler
A type of weather event	cotra
A type of weather event	coup
A type of weather event	courant
A type of weather event	crachin
A type of weather event	cumulonimbus
A type of weather event	cumulus
A type of weather event	cyclone
A type of weather event	debacle
A type of weather event	degel
A type of weather event	degeler
A type of weather event	deluge
A type of weather event	depression
A type of weather event	douche
A type of weather event	eclair
A type of weather event	ensoleillement
A type of weather event	exhalaison
A type of weather event	fondre
A type of weather event	fonte
A type of weather event	foudre
A type of weather event	front
A type of weather event	fusion
A type of weather event	gel
A type of weather event	geler
A type of weather event	givre
A type of weather event	gorgee
A type of weather event	grele
A type of weather event	greler
A type of weather event	grelon
A type of weather event	gresil
A type of weather event	gronder
A type of weather event	haleine
A type of weather event	halo
A type of weather event	harmattan
A type of weather event	haut
A type of weather event	inondation
A type of weather event	inonder
A type of weather event	intemperie
A type of weather event	inversion
A type of weather event	kamsin
A type of weather event	khamsin
A type of weather event	matin
A type of weather event	matinee
A type of weather event	mistral
A type of weather event	mousson
A type of weather event	neige
A type of weather event	nimbe
A type of weather event	nimbus
A type of weather event	norther
A type of weather event	nuage
A type of weather event	onde
A type of weather event	orage
A type of weather event	ouragan
A type of weather event	paques
A type of weather event	perturbation
A type of weather event	pleuvoir
A type of weather event	pluie
A type of weather event	poche
A type of weather event	precipitation
A type of weather event	rafale
A type of weather event	rechauffement
A type of weather event	rosee
A type of weather event	sabler
A type of weather event	secheresse
A type of weather event	silence
A type of weather event	silencieux
A type of weather event	simoun
A type of weather event	sirocco
A type of weather event	smog
A type of weather event	soleil
A type of weather event	solidification
A type of weather event	souffle
A type of weather event	souffler
A type of weather event	souther
A type of weather event	stratus
A type of weather event	suer
A type of weather event	sueur
A type of weather event	tempete
A type of weather event	temps
A type of weather event	thermique
A type of weather event	tonner
A type of weather event	tonnerre
A type of weather event	tornade
A type of weather event	torrent
A type of weather event	tourbillon
A type of weather event	trombe
A type of weather event	trowal
A type of weather event	tsunami
A type of weather event	turbulence
A type of weather event	typhon
A type of weather event	vague
A type of weather event	vent
A type of weather event	virga
A type of weather event	wester
A type of weather event	zephyr
A type of shoe	arctique
A type of shoe	balmoral
A type of shoe	basket
A type of shoe	botte
A type of shoe	bottillon
A type of shoe	caoutchouc
A type of shoe	chausson
A type of shoe	chaussure
A type of shoe	chaussures
A type of shoe	claque
A type of shoe	coin
A type of shoe	crampons
A type of shoe	cuissarde
A type of shoe	entraineur
A type of shoe	espadrille
A type of shoe	faineant
A type of shoe	flaneur
A type of shoe	formateur
A type of shoe	galoche
A type of shoe	geta
A type of shoe	glandeur
A type of shoe	guetre
A type of shoe	hessien
A type of shoe	limicole
A type of shoe	limicoles
A type of shoe	mocassin
A type of shoe	mule
A type of shoe	mulet
A type of shoe	nageoire
A type of shoe	oxford
A type of shoe	pantoufle
A type of shoe	paramecie
A type of shoe	plimsoll
A type of shoe	poignard
A type of shoe	pompage
A type of shoe	pompe
A type of shoe	quai
A type of shoe	requin
A type of shoe	sandale
A type of shoe	soulier
A type of shoe	spectateur
A type of shoe	talon
A type of shoe	universite
A type of shoe	wellington
A type of bird	accenteur
A type of bird	adjudant
A type of bird	aepyornis
A type of bird	aigle
A type of bird	aiglon
A type of bird	aigrette
A type of bird	albatros
A type of bird	alcedinidae
A type of bird	alcedinides
A type of bird	alcidae
A type of bird	alcines
A type of bird	alouette
A type of bird	amazone
A type of bird	anhinga
A type of bird	ani
A type of bird	apterygidae
A type of bird	apteryx
A type of bird	aquatique
A type of bird	ara
A type of bird	aramidae
A type of bird	archaeopteryx
A type of bird	archeopteryx
A type of bird	ardeidae
A type of bird	ardeides
A type of bird	argus
A type of bird	aronde
A type of bird	auk
A type of bird	autruche
A type of bird	avaler
A type of bird	avocette
A type of bird	balbuzard
A type of bird	barge
A type of bird	barges
A type of bird	becasse
A type of bird	becasses
A type of bird	becassin
A type of bird	becassine
A type of bird	becassins
A type of bird	becfigue
A type of bird	bergeronettes
A type of bird	bergeronnette
A type of bird	bobolink
A type of bird	bombycillidae
A type of bird	bombycillides
A type of bird	bruant
A type of bird	bucerotidae
A type of bird	bucerotides
A type of bird	budgerigar
A type of bird	bufflehead
A type of bird	bulbuls
A type of bird	busard
A type of bird	buse
A type of bird	butor
A type of bird	cacatoes
A type of bird	cacatuinae
A type of bird	caille
A type of bird	calao
A type of bird	calaos
A type of bird	calopsitte
A type of bird	canard
A type of bird	canari
A type of bird	cane
A type of bird	caneton
A type of bird	canvasback
A type of bird	caprimulgidae
A type of bird	caprimulgides
A type of bird	caracara
A type of bird	cardinal
A type of bird	casoar
A type of bird	chanteur
A type of bird	chapon
A type of bird	charadriines
A type of bird	chardonneret
A type of bird	chevalier
A type of bird	choucas
A type of bird	chouette
A type of bird	chunga
A type of bird	ciconiidae
A type of bird	ciconiides
A type of bird	cigogne
A type of bird	cockatiel
A type of bird	colibri
A type of bird	colombe
A type of bird	colvert
A type of bird	con
A type of bird	condor
A type of bird	condors
A type of bird	contopus
A type of bird	coq
A type of bird	corbeau
A type of bird	cormoran
A type of bird	corneille
A type of bird	cotinga
A type of bird	cotingidae
A type of bird	cotingides
A type of bird	coucou
A type of bird	courlie
A type of bird	courlis
A type of bird	couturiere
A type of bird	cracines
A type of bird	crecerelle
A type of bird	cuissarde
A type of bird	cygne
A type of bird	cygnet
A type of bird	dacelo
A type of bird	dinde
A type of bird	dindon
A type of bird	dinornithidae
A type of bird	dinornithides
A type of bird	dodo
A type of bird	drake
A type of bird	drepanidinae
A type of bird	drepanidines
A type of bird	dronte
A type of bird	dupe
A type of bird	echasse
A type of bird	effraie
A type of bird	eider
A type of bird	eiders
A type of bird	emerillon
A type of bird	emeu
A type of bird	engoulevent
A type of bird	engoulevents
A type of bird	epervier
A type of bird	etourneau
A type of bird	faisan
A type of bird	faucon
A type of bird	fink
A type of bird	flamant
A type of bird	fou
A type of bird	foulque
A type of bird	foulques
A type of bird	fratercula
A type of bird	fringillidae
A type of bird	fulica
A type of bird	fulmar
A type of bird	fulmars
A type of bird	galbulidae
A type of bird	galbulides
A type of bird	gallinago
A type of bird	gambette
A type of bird	gander
A type of bird	ganga
A type of bird	garganey
A type of bird	geai
A type of bird	geocoucou
A type of bird	geothlypis
A type of bird	gerfaut
A type of bird	glareole
A type of bird	glareolides
A type of bird	goeland
A type of bird	gonzesse
A type of bird	gracula
A type of bird	grebe
A type of bird	grebes
A type of bird	grive
A type of bird	guacharo
A type of bird	guillemot
A type of bird	gypaete
A type of bird	harles
A type of bird	harpie
A type of bird	hero
A type of bird	heron
A type of bird	hibou
A type of bird	hirondelle
A type of bird	hoatzin
A type of bird	hoazin
A type of bird	hobby
A type of bird	hocco
A type of bird	hoccos
A type of bird	hochequeue
A type of bird	huitrier
A type of bird	huppe
A type of bird	ibis
A type of bird	icterus
A type of bird	idiot
A type of bird	inseparable
A type of bird	jabiru
A type of bird	jacamars
A type of bird	jaeger
A type of bird	jars
A type of bird	jeune
A type of bird	junco
A type of bird	kea
A type of bird	kiwi
A type of bird	labbe
A type of bird	lagopede
A type of bird	laniidae
A type of bird	laniides
A type of bird	limicole
A type of bird	limicoles
A type of bird	limnodromes
A type of bird	limnodromus
A type of bird	limpkin
A type of bird	linotte
A type of bird	lori
A type of bird	loriinae
A type of bird	loriot
A type of bird	loriquet
A type of bird	loxia
A type of bird	macareux
A type of bird	macreuse
A type of bird	macreuses
A type of bird	mainate
A type of bird	mainates
A type of bird	mallard
A type of bird	manchot
A type of bird	marabout
A type of bird	martin
A type of bird	martinet
A type of bird	matou
A type of bird	megapodiidae
A type of bird	megapodiides
A type of bird	menuridae
A type of bird	menurides
A type of bird	merle
A type of bird	merlin
A type of bird	mesange
A type of bird	mesangeai
A type of bird	miauler
A type of bird	milan
A type of bird	milouin
A type of bird	mimini
A type of bird	miminis
A type of bird	moa
A type of bird	moas
A type of bird	moineau
A type of bird	molothrus
A type of bird	momotidae
A type of bird	momotides
A type of bird	motacilla
A type of bird	motmots
A type of bird	mouette
A type of bird	muscicapidae
A type of bird	muscicapides
A type of bird	musophagidae
A type of bird	musophagides
A type of bird	nana
A type of bird	nandou
A type of bird	nichon
A type of bird	noeud
A type of bird	oenanthe
A type of bird	oie
A type of bird	oilbird
A type of bird	oiseau
A type of bird	oiselet
A type of bird	oison
A type of bird	ortolan
A type of bird	otididae
A type of bird	otidides
A type of bird	outarde
A type of bird	outardes
A type of bird	pandionidae
A type of bird	paon
A type of bird	paonne
A type of bird	passereau
A type of bird	passeri
A type of bird	pavo
A type of bird	peafowl
A type of bird	pelecanidae
A type of bird	pelecanides
A type of bird	pelican
A type of bird	perdrix
A type of bird	perroquet
A type of bird	perruche
A type of bird	petrel
A type of bird	petrels
A type of bird	phalarope
A type of bird	phalaropes
A type of bird	phalaropodines
A type of bird	phoebe
A type of bird	phragmite
A type of bird	piaf
A type of bird	pic
A type of bird	picidae
A type of bird	picides
A type of bird	picinae
A type of bird	picines
A type of bird	pics
A type of bird	pie
A type of bird	pigeon
A type of bird	pigeonne
A type of bird	pigeonneau
A type of bird	pilotis
A type of bird	pingouin
A type of bird	pinicola
A type of bird	pinson
A type of bird	pintade
A type of bird	pipilo
A type of bird	pipit
A type of bird	pipits
A type of bird	pivert
A type of bird	plaqueminier
A type of bird	plongeon
A type of bird	plongeur
A type of bird	pluvier
A type of bird	podicipedidae
A type of bird	podicipedides
A type of bird	polioptilinae
A type of bird	poule
A type of bird	poulet
A type of bird	poussin
A type of bird	prunella
A type of bird	ptarmigan
A type of bird	pteroclididae
A type of bird	pteroclidides
A type of bird	puffin
A type of bird	puffins
A type of bird	pycnonotidae
A type of bird	pycnonotides
A type of bird	pyrrhocorax
A type of bird	rail
A type of bird	ramier
A type of bird	rapace
A type of bird	rapide
A type of bird	regulidae
A type of bird	regulides
A type of bird	rhea
A type of bird	rollier
A type of bird	rossignol
A type of bird	sabreur
A type of bird	sanderling
A type of bird	sandgrouse
A type of bird	sarcelle
A type of bird	scooter
A type of bird	sittelle
A type of bird	sittidae
A type of bird	sittides
A type of bird	smew
A type of bird	somateria
A type of bird	spatule
A type of bird	sphyrapicus
A type of bird	stercoraire
A type of bird	stercorariini
A type of bird	stercorariinis
A type of bird	sterna
A type of bird	sterne
A type of bird	sternini
A type of bird	strigiformes
A type of bird	sturnelle
A type of bird	sturnidae
A type of bird	sturnides
A type of bird	stylo
A type of bird	tadorne
A type of bird	tadornes
A type of bird	takahe
A type of bird	tangara
A type of bird	tetras
A type of bird	thalassarche
A type of bird	thraupidae
A type of bird	thraupinae
A type of bird	thraupines
A type of bird	tiercelet
A type of bird	tinamiformes
A type of bird	tinamou
A type of bird	tinamous
A type of bird	tinamus
A type of bird	tisserand
A type of bird	tisserin
A type of bird	todidae
A type of bird	todides
A type of bird	todiers
A type of bird	toucan
A type of bird	tour
A type of bird	touracos
A type of bird	tourd
A type of bird	tournepierre
A type of bird	tragopan
A type of bird	trochilidae
A type of bird	trochilides
A type of bird	trochiliformes
A type of bird	troglodytinae
A type of bird	troglodytines
A type of bird	trogon
A type of bird	trogonidae
A type of bird	trogonides
A type of bird	tyrannides
A type of bird	tyrannus
A type of bird	upupides
A type of bird	vanellinae
A type of bird	vanellines
A type of bird	vanneau
A type of bird	vautour
A type of bird	vireo
A type of bird	vireonidae
A type of bird	vireonides
A type of bird	volaille
A type of bird	weka
A type of bird	xenicus
A type of rock or mineral	acanthite
A type of rock or mineral	actinote
A type of rock or mineral	adobe
A type of rock or mineral	agate
A type of rock or mineral	airain
A type of rock or mineral	albatre
A type of rock or mineral	albite
A type of rock or mineral	alexandrite
A type of rock or mineral	almandin
A type of rock or mineral	alu
A type of rock or mineral	alumine
A type of rock or mineral	aluminium
A type of rock or mineral	alun
A type of rock or mineral	amblygonite
A type of rock or mineral	ambre
A type of rock or mineral	americium
A type of rock or mineral	amethyste
A type of rock or mineral	amiante
A type of rock or mineral	amphibole
A type of rock or mineral	amphiboles
A type of rock or mineral	amphibolite
A type of rock or mineral	andesite
A type of rock or mineral	andradite
A type of rock or mineral	anorthite
A type of rock or mineral	anthophyllite
A type of rock or mineral	antimoine
A type of rock or mineral	antimonite
A type of rock or mineral	apatite
A type of rock or mineral	aphanite
A type of rock or mineral	aplite
A type of rock or mineral	aragonite
A type of rock or mineral	ardoise
A type of rock or mineral	argent
A type of rock or mineral	argile
A type of rock or mineral	arsenopyrite
A type of rock or mineral	asbeste
A type of rock or mineral	asphalte
A type of rock or mineral	augite
A type of rock or mineral	aventurine
A type of rock or mineral	ballast
A type of rock or mineral	barite
A type of rock or mineral	baryum
A type of rock or mineral	basalte
A type of rock or mineral	batholite
A type of rock or mineral	bauxite
A type of rock or mineral	bentonite
A type of rock or mineral	berkelium
A type of rock or mineral	beryl
A type of rock or mineral	beryllium
A type of rock or mineral	bille
A type of rock or mineral	biotite
A type of rock or mineral	bismuth
A type of rock or mineral	bitume
A type of rock or mineral	bloc
A type of rock or mineral	borax
A type of rock or mineral	bornite
A type of rock or mineral	breche
A type of rock or mineral	bronze
A type of rock or mineral	cabochon
A type of rock or mineral	cadmium
A type of rock or mineral	caesium
A type of rock or mineral	caillou
A type of rock or mineral	calamine
A type of rock or mineral	calcaire
A type of rock or mineral	calcedoine
A type of rock or mineral	calcite
A type of rock or mineral	calcium
A type of rock or mineral	californium
A type of rock or mineral	carnotite
A type of rock or mineral	cassiterite
A type of rock or mineral	cerium
A type of rock or mineral	cerusite
A type of rock or mineral	cesium
A type of rock or mineral	chalcocite
A type of rock or mineral	chalcopyrite
A type of rock or mineral	chalcosine
A type of rock or mineral	charbon
A type of rock or mineral	chlorite
A type of rock or mineral	chlorites
A type of rock or mineral	chrome
A type of rock or mineral	chromite
A type of rock or mineral	chrysoberyl
A type of rock or mineral	chrysoprase
A type of rock or mineral	chrysotile
A type of rock or mineral	cinabre
A type of rock or mineral	citrine
A type of rock or mineral	cobalt
A type of rock or mineral	cobaltite
A type of rock or mineral	columbium
A type of rock or mineral	concentration
A type of rock or mineral	concentrer
A type of rock or mineral	conglomerat
A type of rock or mineral	corail
A type of rock or mineral	cordierite
A type of rock or mineral	corindon
A type of rock or mineral	cornaline
A type of rock or mineral	craie
A type of rock or mineral	cristal
A type of rock or mineral	cryolite
A type of rock or mineral	cryolithe
A type of rock or mineral	cuivre
A type of rock or mineral	cuprite
A type of rock or mineral	curium
A type of rock or mineral	dans
A type of rock or mineral	dedans
A type of rock or mineral	diamant
A type of rock or mineral	diorite
A type of rock or mineral	disthene
A type of rock or mineral	dolomite
A type of rock or mineral	dysprosium
A type of rock or mineral	einsteinium
A type of rock or mineral	emeraude
A type of rock or mineral	emeri
A type of rock or mineral	emery
A type of rock or mineral	eqp
A type of rock or mineral	erbium
A type of rock or mineral	erythrite
A type of rock or mineral	escarboucle
A type of rock or mineral	etain
A type of rock or mineral	europium
A type of rock or mineral	feldspath
A type of rock or mineral	fer
A type of rock or mineral	fermium
A type of rock or mineral	filon
A type of rock or mineral	flint
A type of rock or mineral	flocon
A type of rock or mineral	fluorine
A type of rock or mineral	fluorite
A type of rock or mineral	francium
A type of rock or mineral	gabbro
A type of rock or mineral	gadolinium
A type of rock or mineral	galene
A type of rock or mineral	galet
A type of rock or mineral	gallium
A type of rock or mineral	garnierite
A type of rock or mineral	gel
A type of rock or mineral	gemme
A type of rock or mineral	geode
A type of rock or mineral	gibbsite
A type of rock or mineral	givre
A type of rock or mineral	glace
A type of rock or mineral	glacon
A type of rock or mineral	glauconite
A type of rock or mineral	glucinium
A type of rock or mineral	gneiss
A type of rock or mineral	goethite
A type of rock or mineral	graphite
A type of rock or mineral	gravier
A type of rock or mineral	greisen
A type of rock or mineral	grelon
A type of rock or mineral	grenat
A type of rock or mineral	gres
A type of rock or mineral	gypse
A type of rock or mineral	hafnium
A type of rock or mineral	halite
A type of rock or mineral	heliotrope
A type of rock or mineral	hematite
A type of rock or mineral	hemimorphite
A type of rock or mineral	holmium
A type of rock or mineral	hornblende
A type of rock or mineral	houille
A type of rock or mineral	hydrargyre
A type of rock or mineral	ichtyocolle
A type of rock or mineral	ilmenite
A type of rock or mineral	indium
A type of rock or mineral	iridium
A type of rock or mineral	jacinthe
A type of rock or mineral	jadeite
A type of rock or mineral	jargon
A type of rock or mineral	jaspe
A type of rock or mineral	joyau
A type of rock or mineral	kaolin
A type of rock or mineral	kaolinite
A type of rock or mineral	kernite
A type of rock or mineral	kimberlite
A type of rock or mineral	laiton
A type of rock or mineral	lanthane
A type of rock or mineral	lave
A type of rock or mineral	lazuli
A type of rock or mineral	lepidolite
A type of rock or mineral	lest
A type of rock or mineral	limonite
A type of rock or mineral	lithium
A type of rock or mineral	lutecium
A type of rock or mineral	magma
A type of rock or mineral	magnesite
A type of rock or mineral	magnesium
A type of rock or mineral	magnetite
A type of rock or mineral	malachite
A type of rock or mineral	manganese
A type of rock or mineral	manganite
A type of rock or mineral	marbre
A type of rock or mineral	mat
A type of rock or mineral	matrice
A type of rock or mineral	mercure
A type of rock or mineral	mercuriale
A type of rock or mineral	metal
A type of rock or mineral	mica
A type of rock or mineral	micaschiste
A type of rock or mineral	minerai
A type of rock or mineral	mineral
A type of rock or mineral	molybdene
A type of rock or mineral	molybdenite
A type of rock or mineral	monazite
A type of rock or mineral	morganite
A type of rock or mineral	moscovite
A type of rock or mineral	muscovite
A type of rock or mineral	natrolite
A type of rock or mineral	neodyme
A type of rock or mineral	nepheline
A type of rock or mineral	nephelinite
A type of rock or mineral	nephelite
A type of rock or mineral	neptunium
A type of rock or mineral	nickel
A type of rock or mineral	niobium
A type of rock or mineral	obsidienne
A type of rock or mineral	ocre
A type of rock or mineral	oligiste
A type of rock or mineral	olivenite
A type of rock or mineral	olivine
A type of rock or mineral	onyx
A type of rock or mineral	opale
A type of rock or mineral	orpiment
A type of rock or mineral	orthoclase
A type of rock or mineral	orthose
A type of rock or mineral	osmium
A type of rock or mineral	pahoehoe
A type of rock or mineral	palladium
A type of rock or mineral	pechblende
A type of rock or mineral	pegmatite
A type of rock or mineral	pentlandite
A type of rock or mineral	periclase
A type of rock or mineral	peridot
A type of rock or mineral	peridotite
A type of rock or mineral	perle
A type of rock or mineral	phlogopite
A type of rock or mineral	pierre
A type of rock or mineral	plasma
A type of rock or mineral	platine
A type of rock or mineral	platre
A type of rock or mineral	plomb
A type of rock or mineral	plumbago
A type of rock or mineral	plutonique
A type of rock or mineral	polonium
A type of rock or mineral	ponce
A type of rock or mineral	porcelaine
A type of rock or mineral	porphyre
A type of rock or mineral	potassium
A type of rock or mineral	praseodyme
A type of rock or mineral	pressurage
A type of rock or mineral	prometheum
A type of rock or mineral	promethium
A type of rock or mineral	protactinium
A type of rock or mineral	pyrite
A type of rock or mineral	pyromorphite
A type of rock or mineral	pyrope
A type of rock or mineral	pyroxene
A type of rock or mineral	pyroxenes
A type of rock or mineral	pyrrhotite
A type of rock or mineral	quartz
A type of rock or mineral	quartzite
A type of rock or mineral	radium
A type of rock or mineral	realgar
A type of rock or mineral	rhenium
A type of rock or mineral	rhodium
A type of rock or mineral	rhodochrosite
A type of rock or mineral	rhodonite
A type of rock or mineral	rhyolite
A type of rock or mineral	roc
A type of rock or mineral	roche
A type of rock or mineral	rocher
A type of rock or mineral	rubidium
A type of rock or mineral	rubis
A type of rock or mineral	ruthenium
A type of rock or mineral	rutile
A type of rock or mineral	sable
A type of rock or mineral	samarium
A type of rock or mineral	saphir
A type of rock or mineral	sardine
A type of rock or mineral	scandium
A type of rock or mineral	scheelite
A type of rock or mineral	schiste
A type of rock or mineral	sel
A type of rock or mineral	sial
A type of rock or mineral	silex
A type of rock or mineral	sodium
A type of rock or mineral	soufre
A type of rock or mineral	sphalerite
A type of rock or mineral	spinelle
A type of rock or mineral	spodumene
A type of rock or mineral	steatite
A type of rock or mineral	stibine
A type of rock or mineral	strass
A type of rock or mineral	strontianite
A type of rock or mineral	strontium
A type of rock or mineral	sylvanite
A type of rock or mineral	sylvinite
A type of rock or mineral	talc
A type of rock or mineral	tantale
A type of rock or mineral	technetium
A type of rock or mineral	terbium
A type of rock or mineral	thallium
A type of rock or mineral	thorium
A type of rock or mineral	thulium
A type of rock or mineral	titane
A type of rock or mineral	topaze
A type of rock or mineral	tourmaline
A type of rock or mineral	tremolite
A type of rock or mineral	tripoli
A type of rock or mineral	tuf
A type of rock or mineral	tuffeau
A type of rock or mineral	tungstene
A type of rock or mineral	turquoise
A type of rock or mineral	uranium
A type of rock or mineral	vanadium
A type of rock or mineral	vesuvianite
A type of rock or mineral	wolfram
A type of rock or mineral	wolframite
A type of rock or mineral	wollastonite
A type of rock or mineral	wulfenite
A type of rock or mineral	ytterbium
A type of rock or mineral	yttrium
A type of rock or mineral	zeolite
A type of rock or mineral	zeolithe
A type of rock or mineral	zinc
A type of rock or mineral	zircon
A type of rock or mineral	zirconium
A fruit	abricot
A fruit	abricotier
A fruit	acerola
A fruit	agrume
A fruit	airelle
A fruit	akee
A fruit	aki
A fruit	amande
A fruit	amandier
A fruit	amelanche
A fruit	amelanchier
A fruit	ana
A fruit	ananas
A fruit	attier
A fruit	aubaine
A fruit	avocat
A fruit	avocatier
A fruit	baie
A fruit	banane
A fruit	bananier
A fruit	bleuet
A fruit	brugnon
A fruit	canneberge
A fruit	cantaloup
A fruit	carambole
A fruit	carambolier
A fruit	cedrat
A fruit	cerise
A fruit	cerisier
A fruit	chaux
A fruit	chiotte
A fruit	citron
A fruit	citronnier
A fruit	citrus
A fruit	clementine
A fruit	coco
A fruit	cocotier
A fruit	cognassier
A fruit	coing
A fruit	cric
A fruit	damas
A fruit	date
A fruit	datte
A fruit	drupe
A fruit	durian
A fruit	durion
A fruit	empereur
A fruit	figue
A fruit	figuier
A fruit	figure
A fruit	fraise
A fruit	fraisier
A fruit	framboise
A fruit	framboisier
A fruit	fruit
A fruit	gaultherie
A fruit	goyave
A fruit	goyavier
A fruit	grappe
A fruit	grenade
A fruit	grenadier
A fruit	groseille
A fruit	groseillier
A fruit	jacquier
A fruit	kaki
A fruit	kiwi
A fruit	kumquat
A fruit	letchi
A fruit	litchi
A fruit	mandarin
A fruit	mandarine
A fruit	mandarinier
A fruit	mangoustan
A fruit	mangue
A fruit	manguier
A fruit	melon
A fruit	micocoulier
A fruit	mure
A fruit	murier
A fruit	myrtille
A fruit	nectarine
A fruit	nefle
A fruit	neflier
A fruit	oleiculteur
A fruit	olive
A fruit	orange
A fruit	pamplemousse
A fruit	papaye
A fruit	pasteque
A fruit	peche
A fruit	pecher
A fruit	piridion
A fruit	plantain
A fruit	plaqueminier
A fruit	poire
A fruit	poirier
A fruit	pomelo
A fruit	pomme
A fruit	prune
A fruit	pruneau
A fruit	prunier
A fruit	prunus
A fruit	quetsche
A fruit	raisin
A fruit	raisins
A fruit	sans
A fruit	saskatoon
A fruit	sureau
A fruit	tamarinier
A fruit	tilleul
A fruit	tomate
A fruit	ugli
A fruit	valet
A vegetable	ail
A vegetable	allium
A vegetable	artichaut
A vegetable	asperge
A vegetable	aubergine
A vegetable	bette
A vegetable	betterave
A vegetable	blette
A vegetable	broc
A vegetable	brocoli
A vegetable	calebasse
A vegetable	capsicum
A vegetable	cardon
A vegetable	carotte
A vegetable	celeri
A vegetable	champignon
A vegetable	chicoree
A vegetable	chili
A vegetable	chou
A vegetable	ciboule
A vegetable	ciboulette
A vegetable	citrouille
A vegetable	cive
A vegetable	colocase
A vegetable	colocasia
A vegetable	concombre
A vegetable	cornichon
A vegetable	courge
A vegetable	courgette
A vegetable	cresson
A vegetable	daucus
A vegetable	echalote
A vegetable	eddas
A vegetable	endive
A vegetable	epinard
A vegetable	eponge
A vegetable	fenouil
A vegetable	feverole
A vegetable	flageolet
A vegetable	fric
A vegetable	fries
A vegetable	frite
A vegetable	frites
A vegetable	fusee
A vegetable	gingembre
A vegetable	gombo
A vegetable	haricot
A vegetable	iceberg
A vegetable	igname
A vegetable	laitue
A vegetable	legume
A vegetable	lentille
A vegetable	mais
A vegetable	manioc
A vegetable	moelle
A vegetable	moutarde
A vegetable	murphy
A vegetable	navet
A vegetable	oignon
A vegetable	oseille
A vegetable	panais
A vegetable	patate
A vegetable	piment
A vegetable	plantain
A vegetable	pognon
A vegetable	poireau
A vegetable	poiree
A vegetable	pois
A vegetable	poivre
A vegetable	poivrier
A vegetable	poivron
A vegetable	pomme
A vegetable	porreau
A vegetable	potiron
A vegetable	pouls
A vegetable	pourpier
A vegetable	pousse
A vegetable	radis
A vegetable	rhubarbe
A vegetable	roquette
A vegetable	rutabaga
A vegetable	salade
A vegetable	salsifis
A vegetable	savoie
A vegetable	scarole
A vegetable	seneve
A vegetable	soja
A vegetable	tomate
A vegetable	topinambour
A vegetable	truffe
A vegetable	vegetal
A vegetable	vert
A vegetable	witloof
An animal	abalone
An animal	abeille
An animal	aboyeur
An animal	abudefduf
An animal	acanthocephale
An animal	acarien
An animal	accenteur
An animal	acinonychinae
An animal	acipenser
An animal	acraniens
An animal	actinia
An animal	actinie
An animal	actinistiens
An animal	addax
An animal	adjudant
An animal	aepyornis
An animal	affenpinscher
An animal	affiche
An animal	agama
An animal	agneau
An animal	agouti
An animal	aigle
An animal	aiglefin
An animal	aiglon
An animal	aigrette
An animal	albacore
An animal	albatros
An animal	alcedinidae
An animal	alcedinides
An animal	alcidae
An animal	alcines
An animal	alectis
An animal	aleyrodoidea
An animal	alligator
An animal	allosaure
An animal	allosaurus
An animal	alose
An animal	alouate
An animal	alouates
An animal	alouette
An animal	alpaga
An animal	amazone
An animal	amerique
An animal	amiral
An animal	ammodytidae
An animal	amniota
An animal	amniotes
An animal	amphibie
An animal	amphibien
An animal	amphioxus
An animal	amraye
An animal	anaconda
An animal	anchois
An animal	ane
An animal	anemone
An animal	anesse
An animal	anguille
An animal	anhinga
An animal	ani
An animal	animal
An animal	ankylosaure
An animal	ankylosaurus
An animal	annelida
An animal	annelides
An animal	anoa
An animal	anoploure
An animal	anoplura
An animal	antennariidae
An animal	anthropoide
An animal	antilocapra
An animal	antilocaprides
An animal	antilope
An animal	antilopes
An animal	aoutat
An animal	apatosaurus
An animal	aphanipteres
An animal	aphidoidea
An animal	apterygidae
An animal	apteryx
An animal	aquatique
An animal	ara
An animal	arachnida
An animal	arachnide
An animal	araignee
An animal	aramidae
An animal	archaeopteryx
An animal	archeopteryx
An animal	archosauria
An animal	archosauriens
An animal	arenicoles
An animal	argali
An animal	argentin
An animal	argus
An animal	aronde
An animal	arthropode
An animal	artiodactyla
An animal	artiodactyle
An animal	artiodactyles
An animal	aspic
An animal	asterie
An animal	asticot
An animal	auk
An animal	aurochs
An animal	autruche
An animal	avocette
An animal	avorton
An animal	axolotl
An animal	babiroussa
An animal	babouin
An animal	baie
An animal	balaena
An animal	balanus
An animal	balbuzard
An animal	baleine
An animal	baliste
An animal	balistidae
An animal	balistides
An animal	balle
An animal	bambin
An animal	bandicoots
An animal	banteng
An animal	barbue
An animal	bardot
An animal	barge
An animal	barges
An animal	barzoi
An animal	basenji
An animal	basilic
An animal	basse
An animal	batard
An animal	batrachoididae
An animal	batracien
An animal	baudet
An animal	beagle
An animal	becasse
An animal	becasses
An animal	becassin
An animal	becassine
An animal	becassins
An animal	becfigue
An animal	beefalo
An animal	bejaune
An animal	belier
An animal	beluga
An animal	berger
An animal	bergeronettes
An animal	bergeronnette
An animal	bernique
An animal	betail
An animal	bete
An animal	biche
An animal	bichon
An animal	bievre
An animal	bilharzie
An animal	binturong
An animal	bique
An animal	bison
An animal	blaireau
An animal	blanchaille
An animal	blastocyste
An animal	blastula
An animal	blattaria
An animal	blatte
An animal	blattes
An animal	blattopteres
An animal	blenniidae
An animal	blennioidei
An animal	bleu
An animal	bleue
An animal	boa
An animal	bobcat
An animal	bobolink
An animal	bobtail
An animal	boeuf
An animal	bogue
An animal	bombycillidae
An animal	bombycillides
An animal	bongare
An animal	bongo
An animal	bonite
An animal	bot
An animal	bouc
An animal	bouledogue
An animal	bouquetin
An animal	bourdon
An animal	bourdons
An animal	bovin
An animal	boxer
An animal	brachiopodes
An animal	bramidae
An animal	brebis
An animal	breme
An animal	briard
An animal	bricoler
An animal	brochet
An animal	brontosaurus
An animal	bruant
An animal	bubale
An animal	buccin
An animal	bucerotidae
An animal	bucerotides
An animal	budgerigar
An animal	buffle
An animal	bufflehead
An animal	bulbuls
An animal	busard
An animal	buse
An animal	butor
An animal	cabassous
An animal	cabillaud
An animal	cacatoes
An animal	cacatuinae
An animal	cachalot
An animal	cafard
An animal	caiman
An animal	calamar
An animal	calao
An animal	calaos
An animal	callionymidae
An animal	calmar
An animal	calopsitte
An animal	cameleon
An animal	camelopard
An animal	camelus
An animal	campagnol
An animal	canard
An animal	canari
An animal	cancrelat
An animal	cane
An animal	caneton
An animal	caniche
An animal	canin
An animal	canine
An animal	canne
An animal	canvasback
An animal	capelan
An animal	capibara
An animal	capricornis
An animal	caprimulgidae
An animal	caprimulgides
An animal	capsule
An animal	captif
An animal	capybara
An animal	caracal
An animal	caracara
An animal	carassin
An animal	carboniser
An animal	carcajou
An animal	cardinal
An animal	cariacou
An animal	caribou
An animal	carlin
An animal	carne
An animal	carnivore
An animal	carpe
An animal	carrelet
An animal	casoar
An animal	castor
An animal	castration
An animal	centipede
An animal	centropomidae
An animal	cephalochordes
An animal	cephalopodes
An animal	cerastes
An animal	ceratite
An animal	cercopitheque
An animal	cercopitheques
An animal	cercopoidea
An animal	cerf
An animal	cervidae
An animal	cervides
An animal	cestode
An animal	cetace
An animal	chabot
An animal	chacal
An animal	chalcidoidea
An animal	chameau
An animal	chamois
An animal	chanteur
An animal	chapon
An animal	charadriines
An animal	charancon
An animal	chardonneret
An animal	charge
An animal	chat
An animal	chaton
An animal	chenille
An animal	cheptel
An animal	chevaine
An animal	cheval
An animal	chevalier
An animal	chevesne
An animal	chevre
An animal	chevreau
An animal	chevreuil
An animal	chien
An animal	chienchien
An animal	chienne
An animal	chilopoda
An animal	chilopodes
An animal	chimpanze
An animal	chinchard
An animal	chinchilla
An animal	chiot
An animal	chiton
An animal	choucas
An animal	chouette
An animal	chrysalide
An animal	chrysomeles
An animal	chrysomelidae
An animal	chunga
An animal	cicadellidae
An animal	cicadidae
An animal	cichlidae
An animal	cichlide
An animal	ciconiidae
An animal	ciconiides
An animal	cigale
An animal	cigogne
An animal	cinabre
An animal	civelle
An animal	civette
An animal	clebard
An animal	cloporte
An animal	clupea
An animal	coati
An animal	coatis
An animal	cobra
An animal	coccinelle
An animal	cochenille
An animal	cochon
An animal	cochonnet
An animal	cockatiel
An animal	cocker
An animal	coelacanthe
An animal	coelacanthes
An animal	coleopteres
An animal	colibri
An animal	collembola
An animal	collembole
An animal	collemboles
An animal	colley
An animal	colobe
An animal	colobus
An animal	colombe
An animal	colt
An animal	colubridae
An animal	colubride
An animal	colubrides
An animal	colvert
An animal	comment
An animal	comte
An animal	condor
An animal	condors
An animal	conger
An animal	congre
An animal	congres
An animal	conque
An animal	contopus
An animal	copepoda
An animal	copepodes
An animal	coq
An animal	coquerelle
An animal	coquillage
An animal	corail
An animal	corbeau
An animal	cordes
An animal	corgi
An animal	cormoran
An animal	corneille
An animal	corniaud
An animal	cotinga
An animal	cotingidae
An animal	cotingides
An animal	cottus
An animal	coucou
An animal	cougar
An animal	couleuvre
An animal	courlie
An animal	courlis
An animal	couturiere
An animal	couvreur
An animal	coyote
An animal	crabe
An animal	cracines
An animal	crapaud
An animal	creature
An animal	crecerelle
An animal	crevette
An animal	cric
An animal	cricetomyinae
An animal	cricket
An animal	crinoides
An animal	criquet
An animal	crocodile
An animal	crocodylidae
An animal	crotale
An animal	crustace
An animal	crustaces
An animal	cryptobranchus
An animal	ctenophora
An animal	ctenophores
An animal	cuissarde
An animal	cuivre
An animal	cul
An animal	culicidae
An animal	culicoide
An animal	cuon
An animal	curculionoidea
An animal	cuscus
An animal	cyclope
An animal	cyclostome
An animal	cygne
An animal	cygnet
An animal	cynipidae
An animal	cypraea
An animal	cypraeidae
An animal	dacelo
An animal	daine
An animal	dalmatien
An animal	daman
An animal	damans
An animal	dame
An animal	danaidae
An animal	daphnia
An animal	daphnie
An animal	daphnies
An animal	dasyatidae
An animal	dasyatide
An animal	dasyure
An animal	dauphin
An animal	dco
An animal	deinonychus
An animal	demi
An animal	demoiselle
An animal	demoiselles
An animal	dendroaspis
An animal	dermaptera
An animal	dermapteres
An animal	dermoptera
An animal	dermopteres
An animal	destrier
An animal	detective
An animal	dhole
An animal	diapsida
An animal	diapsides
An animal	dinde
An animal	dindon
An animal	dingo
An animal	dinornithidae
An animal	dinornithides
An animal	dinosaure
An animal	diplodocus
An animal	diplopoda
An animal	diplopodes
An animal	dipneuste
An animal	dipneustes
An animal	dipnoi
An animal	dipodidae
An animal	diversion
An animal	dodo
An animal	doe
An animal	dogue
An animal	dorade
An animal	dragon
An animal	drake
An animal	drepanidinae
An animal	drepanidines
An animal	dromadaire
An animal	dromedary
An animal	dronte
An animal	drosophila
An animal	drosophile
An animal	dugong
An animal	echasse
An animal	echeneidae
An animal	echidne
An animal	echinococcus
An animal	echinodermata
An animal	echinoderme
An animal	echinodermes
An animal	ecoute
An animal	ecrevisse
An animal	ectotherme
An animal	ecureuil
An animal	effraie
An animal	eider
An animal	eiders
An animal	elan
An animal	eland
An animal	elateridae
An animal	elbot
An animal	elephant
An animal	elephantides
An animal	elk
An animal	embryon
An animal	emerillon
An animal	emeu
An animal	empereur
An animal	encornet
An animal	enfant
An animal	engoulevent
An animal	engoulevents
An animal	epagneul
An animal	epaulard
An animal	epervier
An animal	ephemeroptera
An animal	ephemeropteres
An animal	epinephelus
An animal	epinoches
An animal	eponge
An animal	equille
An animal	equin
An animal	escargot
An animal	eschrichtius
An animal	espadon
An animal	esturgeon
An animal	esturgeons
An animal	etalon
An animal	etourneau
An animal	etre
An animal	euchore
An animal	euphausiacea
An animal	eurypterida
An animal	eurypterides
An animal	ewe
An animal	exclusif
An animal	eyra
An animal	faisan
An animal	faon
An animal	faucheur
An animal	faucheux
An animal	faucon
An animal	faune
An animal	fauve
An animal	feist
An animal	felide
An animal	felin
An animal	femelle
An animal	flamant
An animal	flet
An animal	fletan
An animal	foetus
An animal	forficule
An animal	formicidae
An animal	fou
An animal	foulque
An animal	foulques
An animal	fourmi
An animal	fourmilier
An animal	fourmis
An animal	fratercula
An animal	frelon
An animal	fretin
An animal	fringillidae
An animal	fruit
An animal	fulica
An animal	fulmar
An animal	fulmars
An animal	furet
An animal	galago
An animal	galagonidae
An animal	galbulidae
An animal	galbulides
An animal	gallinago
An animal	gambette
An animal	gander
An animal	ganga
An animal	garce
An animal	gardon
An animal	garganey
An animal	gasteropode
An animal	gasteropodes
An animal	gasterosteidae
An animal	gastrophile
An animal	gastrula
An animal	gaur
An animal	gavial
An animal	gavialidae
An animal	gayal
An animal	gazelle
An animal	gazelles
An animal	geai
An animal	geant
An animal	gecko
An animal	gekkonidae
An animal	gemsbok
An animal	genette
An animal	genisse
An animal	geocoucou
An animal	geomyidae
An animal	geothlypis
An animal	gerbille
An animal	gerbilles
An animal	gerbillinae
An animal	gerboise
An animal	gerenuk
An animal	gerfaut
An animal	gerreidae
An animal	gib
An animal	gibbon
An animal	gibbons
An animal	gibier
An animal	gigantostraces
An animal	girafe
An animal	glareole
An animal	glareolides
An animal	globicephala
An animal	globicephale
An animal	glossina
An animal	glouton
An animal	gnou
An animal	gnous
An animal	gobiidae
An animal	goeland
An animal	gonzesse
An animal	goret
An animal	gorgonacea
An animal	gorgones
An animal	gorilla
An animal	gorille
An animal	gorilles
An animal	goujon
An animal	gracula
An animal	grebe
An animal	grebes
An animal	grenouille
An animal	grillon
An animal	gris
An animal	grive
An animal	grizzli
An animal	grizzly
An animal	guacharo
An animal	guanaco
An animal	guepard
An animal	guepe
An animal	guepes
An animal	guetre
An animal	guillemot
An animal	guppy
An animal	gypaete
An animal	hadrosaurus
An animal	haliotide
An animal	haliotis
An animal	hamster
An animal	hamsters
An animal	hanneton
An animal	hanouman
An animal	hanuman
An animal	hareng
An animal	harles
An animal	harpie
An animal	hart
An animal	hartebeest
An animal	hase
An animal	hemione
An animal	herbivore
An animal	hereford
An animal	herisson
An animal	hermine
An animal	heron
An animal	herpestinae
An animal	hibou
An animal	hippone
An animal	hippopotame
An animal	hippopotamus
An animal	hirondelle
An animal	hoatzin
An animal	hoazin
An animal	hobby
An animal	hocco
An animal	hoccos
An animal	hochequeue
An animal	hogg
An animal	holothuria
An animal	holothurie
An animal	homard
An animal	hominidae
An animal	hominides
An animal	homme
An animal	hongre
An animal	huitre
An animal	huitrier
An animal	humain
An animal	humaine
An animal	humanite
An animal	huppe
An animal	hurleurs
An animal	husky
An animal	hyaena
An animal	hyaenidae
An animal	hydre
An animal	hyene
An animal	hyenes
An animal	hyenides
An animal	hyracoide
An animal	hyracoidea
An animal	ibis
An animal	ichthyosaure
An animal	ichthyosaures
An animal	ichthyosauria
An animal	icterus
An animal	iguana
An animal	iguane
An animal	iguanodon
An animal	impala
An animal	impalla
An animal	indri
An animal	insecte
An animal	inseparable
An animal	invertebre
An animal	irbis
An animal	isard
An animal	isoptera
An animal	isopteres
An animal	istiophoridae
An animal	jabiru
An animal	jacamars
An animal	jaeger
An animal	jaguar
An animal	jaguarondi
An animal	jars
An animal	jeu
An animal	jeune
An animal	jouet
An animal	jubarte
An animal	jument
An animal	junco
An animal	kangourou
An animal	kea
An animal	keeshond
An animal	kiang
An animal	kinkajou
An animal	kiwi
An animal	koala
An animal	kob
An animal	komondor
An animal	krill
An animal	labbe
An animal	labridae
An animal	labrides
An animal	lagopede
An animal	lama
An animal	lamantin
An animal	lambkin
An animal	lampris
An animal	lamproie
An animal	lampyre
An animal	lancon
An animal	langouste
An animal	langoustine
An animal	laniidae
An animal	laniides
An animal	lapereau
An animal	lapin
An animal	lapine
An animal	larve
An animal	laurier
An animal	leech
An animal	leiolopisma
An animal	lemming
An animal	lemmings
An animal	lemur
An animal	lemurien
An animal	lemuriformes
An animal	leopard
An animal	levrier
An animal	lezard
An animal	libellule
An animal	libellules
An animal	lievre
An animal	ligre
An animal	ligron
An animal	limacon
An animal	limicole
An animal	limicoles
An animal	limier
An animal	limnodromes
An animal	limnodromus
An animal	limpkin
An animal	linotte
An animal	lion
An animal	lionne
An animal	llama
An animal	lobotidae
An animal	locuste
An animal	loir
An animal	lombric
An animal	longhorn
An animal	lophiidae
An animal	lophiiformes
An animal	lori
An animal	loriinae
An animal	loriot
An animal	loriquet
An animal	lote
An animal	lotte
An animal	loup
An animal	loutre
An animal	louve
An animal	loxia
An animal	luciole
An animal	lynx
An animal	macaque
An animal	macareux
An animal	macreuse
An animal	macreuses
An animal	macrouridae
An animal	mademoiselle
An animal	mainate
An animal	mainates
An animal	maki
An animal	mako
An animal	mallard
An animal	mamba
An animal	mambas
An animal	mammifere
An animal	mammouth
An animal	manchot
An animal	mandrill
An animal	mangouste
An animal	mante
An animal	mantis
An animal	mantodea
An animal	mantopteres
An animal	maquereau
An animal	marabout
An animal	maraiche
An animal	margay
An animal	maringouin
An animal	maringouins
An animal	markhor
An animal	marmot
An animal	marmotte
An animal	marraiche
An animal	marsouin
An animal	marsupial
An animal	marsupiaux
An animal	marte
An animal	martes
An animal	martin
An animal	martinet
An animal	martre
An animal	martres
An animal	maskinonge
An animal	mastiff
An animal	mastodonte
An animal	mastodontes
An animal	matou
An animal	meduse
An animal	megapodiidae
An animal	megapodiides
An animal	megaptere
An animal	meloidae
An animal	meloides
An animal	melolontha
An animal	membracidae
An animal	menopome
An animal	menuridae
An animal	menurides
An animal	merlan
An animal	merle
An animal	merlin
An animal	mesange
An animal	mesangeai
An animal	metazoaire
An animal	meunier
An animal	meurtrier
An animal	miauler
An animal	microbes
An animal	miette
An animal	milan
An animal	militaire
An animal	milouin
An animal	mimini
An animal	miminis
An animal	minou
An animal	mite
An animal	mites
An animal	moa
An animal	moas
An animal	moineau
An animal	mola
An animal	mole
An animal	mollet
An animal	mollusque
An animal	molly
An animal	moloch
An animal	molothrus
An animal	momotidae
An animal	momotides
An animal	monacanthidae
An animal	monarque
An animal	monde
An animal	moniteur
An animal	monotremata
An animal	monotreme
An animal	monstre
An animal	morceau
An animal	morpion
An animal	morse
An animal	morue
An animal	morula
An animal	motacilla
An animal	motmots
An animal	mouche
An animal	moucheron
An animal	mouette
An animal	moufette
An animal	mouffette
An animal	mouflon
An animal	moule
An animal	moustique
An animal	moustiques
An animal	mouton
An animal	mule
An animal	mulet
An animal	mullidae
An animal	mulot
An animal	muntiacus
An animal	muraenidae
An animal	murene
An animal	murenes
An animal	musaraigne
An animal	muscicapidae
An animal	muscicapides
An animal	musophagidae
An animal	musophagides
An animal	mustang
An animal	myoxidae
An animal	myriapode
An animal	myxines
An animal	myxinidae
An animal	myxiniformes
An animal	naja
An animal	nana
An animal	nandou
An animal	narval
An animal	necrophage
An animal	nematoda
An animal	nematode
An animal	nematodes
An animal	nemorhaedus
An animal	nichon
An animal	nilgaut
An animal	noeud
An animal	nounou
An animal	nudibranchia
An animal	numbat
An animal	nyala
An animal	nymphalidae
An animal	nymphalide
An animal	nymphe
An animal	ocelot
An animal	octopode
An animal	oenanthe
An animal	oestre
An animal	oestridae
An animal	oie
An animal	oilbird
An animal	oiseau
An animal	oiselet
An animal	oison
An animal	okapi
An animal	omnivore
An animal	once
An animal	onychophora
An animal	onychophores
An animal	ophidien
An animal	opossum
An animal	orangutan
An animal	oreille
An animal	orignal
An animal	ormeau
An animal	ornithopoda
An animal	ornithopodes
An animal	ornithorynque
An animal	orphelin
An animal	orphie
An animal	orque
An animal	ortolan
An animal	orvet
An animal	orvets
An animal	orycterope
An animal	oryx
An animal	oseille
An animal	ostraciidae
An animal	ostracode
An animal	ostracoderme
An animal	ostracodermi
An animal	otididae
An animal	otidides
An animal	ouaouaron
An animal	ouistiti
An animal	ouistitis
An animal	ours
An animal	outarde
An animal	outardes
An animal	ouvrier
An animal	ovin
An animal	oxyure
An animal	paca
An animal	pacemaker
An animal	pachyderme
An animal	palefrenier
An animal	palomino
An animal	palourde
An animal	panda
An animal	pandionidae
An animal	pangolin
An animal	pangolins
An animal	panthere
An animal	paon
An animal	paonne
An animal	papillon
An animal	paresse
An animal	paresseux
An animal	passereau
An animal	passeri
An animal	pastenague
An animal	patelle
An animal	pavo
An animal	peafowl
An animal	pecari
An animal	pecaris
An animal	pecheur
An animal	peintre
An animal	pekan
An animal	pelecanidae
An animal	pelecanides
An animal	pelican
An animal	peludo
An animal	pelycosauria
An animal	peramelidae
An animal	peramelides
An animal	perceuse
An animal	perche
An animal	perdrix
An animal	periophthalmes
An animal	periophthalmus
An animal	perissodactyla
An animal	perissodactyle
An animal	permettre
An animal	perroquet
An animal	perruche
An animal	petrel
An animal	petrels
An animal	phacochere
An animal	phalanger
An animal	phalarope
An animal	phalaropes
An animal	phalaropodines
An animal	phascolomes
An animal	phasmide
An animal	phlebotome
An animal	phocoenidae
An animal	phoebe
An animal	pholidotes
An animal	phoque
An animal	phoronida
An animal	phragmite
An animal	piaf
An animal	pic
An animal	picidae
An animal	picides
An animal	picinae
An animal	picines
An animal	pics
An animal	pie
An animal	pieuvre
An animal	pigeon
An animal	pigeonne
An animal	pigeonneau
An animal	pigeonner
An animal	pika
An animal	pilotage
An animal	pilotis
An animal	pingouin
An animal	pinicola
An animal	pinnipede
An animal	pinson
An animal	pintade
An animal	pinto
An animal	pipilo
An animal	pipit
An animal	pipits
An animal	piranha
An animal	pivert
An animal	placentaire
An animal	plaqueminier
An animal	plathelminthe
An animal	plathelminthes
An animal	platodes
An animal	platypus
An animal	platyrhiniens
An animal	platyrrhini
An animal	platyrrhiniens
An animal	plecoptera
An animal	plesiosaures
An animal	plie
An animal	plongeon
An animal	plongeur
An animal	pluvier
An animal	podicipedidae
An animal	podicipedides
An animal	pointeur
An animal	poisson
An animal	polioptilinae
An animal	polychaeta
An animal	polyodontidae
An animal	poney
An animal	porc
An animal	porcelet
An animal	porcin
An animal	pou
An animal	poulain
An animal	poule
An animal	poulet
An animal	pouliche
An animal	poulpe
An animal	pourceau
An animal	poussin
An animal	predateur
An animal	predateurs
An animal	primat
An animal	primate
An animal	primates
An animal	prisonnier
An animal	pristidae
An animal	proboscidien
An animal	proie
An animal	pronghorn
An animal	prosimien
An animal	prosimiens
An animal	protele
An animal	prunella
An animal	psocoptere
An animal	ptarmigan
An animal	pteroclididae
An animal	pteroclidides
An animal	pterodactyle
An animal	pterosaures
An animal	pterosauria
An animal	puce
An animal	puceron
An animal	puffin
An animal	puffins
An animal	puma
An animal	punaise
An animal	pupe
An animal	putois
An animal	pycnogonida
An animal	pycnogonide
An animal	pycnogonides
An animal	pycnonotidae
An animal	pycnonotides
An animal	pyrrhocorax
An animal	python
An animal	quadrupede
An animal	quagga
An animal	rachycentridae
An animal	rachycentron
An animal	ragondin
An animal	raie
An animal	rail
An animal	ramier
An animal	ranidae
An animal	ranides
An animal	rapace
An animal	rapide
An animal	rat
An animal	ratel
An animal	ratier
An animal	ratite
An animal	rauque
An animal	reduve
An animal	regulidae
An animal	regulides
An animal	reindeer
An animal	reine
An animal	remora
An animal	renard
An animal	renne
An animal	reptile
An animal	requin
An animal	requins
An animal	retriever
An animal	rhea
An animal	rhesus
An animal	rhino
An animal	rhinobatidae
An animal	rhinoceros
An animal	ridley
An animal	ringhal
An animal	robogiciel
An animal	rodentia
An animal	rollier
An animal	rongeur
An animal	rookie
An animal	rorqual
An animal	rossignol
An animal	rotengle
An animal	rotifera
An animal	rotiferes
An animal	roussette
An animal	royal
An animal	rudd
An animal	sabreur
An animal	sagouin
An animal	saiga
An animal	salamandre
An animal	salamandridae
An animal	salmoniculture
An animal	salpe
An animal	sambar
An animal	sanderling
An animal	sandgrouse
An animal	sanglier
An animal	sangsue
An animal	sarcelle
An animal	sarda
An animal	sardine
An animal	sarigue
An animal	saturniidae
An animal	saumon
An animal	sauromalus
An animal	sauropoda
An animal	sauterelle
An animal	sauterelles
An animal	scarabaeus
An animal	scarabee
An animal	sceau
An animal	scelle
An animal	scellement
An animal	schipperke
An animal	schnauzer
An animal	scincidae
An animal	scincide
An animal	scinque
An animal	scinques
An animal	scooter
An animal	scop
An animal	scorpion
An animal	scorpiones
An animal	scorpions
An animal	seiche
An animal	seiches
An animal	semer
An animal	sepiida
An animal	seriola
An animal	seriole
An animal	serpent
An animal	serval
An animal	seul
An animal	shire
An animal	shorthorn
An animal	sialis
An animal	siamang
An animal	silure
An animal	siluride
An animal	simien
An animal	simulie
An animal	singe
An animal	siphonaptera
An animal	siphonapteres
An animal	sirene
An animal	sittelle
An animal	sittidae
An animal	sittides
An animal	skunks
An animal	smew
An animal	soldat
An animal	somateria
An animal	souris
An animal	souslic
An animal	spatule
An animal	spermophile
An animal	sphyraena
An animal	sphyrapicus
An animal	sphyrnidae
An animal	spirula
An animal	sprat
An animal	springbok
An animal	squale
An animal	squatina
An animal	squatine
An animal	squatiniformes
An animal	stayer
An animal	stegosaure
An animal	stegosaurus
An animal	stercoraire
An animal	stercorariini
An animal	stercorariinis
An animal	sterna
An animal	sterne
An animal	sternini
An animal	strigiformes
An animal	sturnelle
An animal	sturnidae
An animal	sturnides
An animal	stylo
An animal	suisse
An animal	supporter
An animal	suricate
An animal	survivant
An animal	symphyta
An animal	symphytes
An animal	synapsida
An animal	synapsides
An animal	syngnathus
An animal	tadorne
An animal	tadornes
An animal	takahe
An animal	takin
An animal	talapoin
An animal	tamandua
An animal	tamarin
An animal	tamarins
An animal	tambour
An animal	tamia
An animal	tamias
An animal	tanche
An animal	tangara
An animal	taon
An animal	tapir
An animal	tardigrada
An animal	tardigrade
An animal	tardigrades
An animal	tarentule
An animal	taret
An animal	tarpan
An animal	tarpon
An animal	tarsier
An animal	tarsiidae
An animal	tassergal
An animal	tatou
An animal	taupe
An animal	taupin
An animal	taureau
An animal	tayassuidae
An animal	teckel
An animal	tenebrionidae
An animal	tenia
An animal	tenide
An animal	tenrec
An animal	termite
An animal	termites
An animal	terre
An animal	terrier
An animal	testudinidae
An animal	testudinides
An animal	tetard
An animal	tete
An animal	tetrapoda
An animal	tetrapode
An animal	tetrapodes
An animal	tetras
An animal	thalassarche
An animal	thon
An animal	thonier
An animal	thraupidae
An animal	thraupinae
An animal	thraupines
An animal	thrips
An animal	thylacine
An animal	thysanoptera
An animal	thysanoptere
An animal	thysanopteres
An animal	tiercelet
An animal	tiglon
An animal	tigre
An animal	tigresse
An animal	tigron
An animal	tinamiformes
An animal	tinamou
An animal	tinamous
An animal	tinamus
An animal	tique
An animal	tisserand
An animal	tisserin
An animal	todidae
An animal	todides
An animal	todiers
An animal	torpedo
An animal	torpille
An animal	tortue
An animal	toucan
An animal	tour
An animal	touracos
An animal	tourd
An animal	tournepierre
An animal	toutou
An animal	toxotidae
An animal	tragopan
An animal	travailleur
An animal	traverse
An animal	triatome
An animal	triceratops
An animal	trichine
An animal	triglidae
An animal	trilobita
An animal	trilobite
An animal	trilobites
An animal	triton
An animal	tritons
An animal	trochilidae
An animal	trochilides
An animal	trochiliformes
An animal	troglodytinae
An animal	troglodytines
An animal	trogon
An animal	trogonidae
An animal	trogonides
An animal	trombidium
An animal	truie
An animal	truite
An animal	tsetse
An animal	tuatara
An animal	tunicata
An animal	tunicates
An animal	tunicier
An animal	tuniciers
An animal	turbellarie
An animal	turbot
An animal	tyrannides
An animal	tyrannosaure
An animal	tyrannosaurus
An animal	tyrannus
An animal	unau
An animal	upupides
An animal	urial
An animal	urochordata
An animal	urochordes
An animal	urocordes
An animal	ursides
An animal	vache
An animal	vairon
An animal	valet
An animal	vandoise
An animal	vanellinae
An animal	vanellines
An animal	vanneau
An animal	vapeur
An animal	varans
An animal	varanus
An animal	vautour
An animal	veau
An animal	vendangeron
An animal	ver
An animal	vermine
An animal	verrat
An animal	vertebre
An animal	vespa
An animal	vespidae
An animal	vielle
An animal	vigogne
An animal	vipere
An animal	vireo
An animal	vireonidae
An animal	vireonides
An animal	virgule
An animal	viscache
An animal	vison
An animal	viverridae
An animal	viverrides
An animal	volaille
An animal	voler
An animal	vombatidae
An animal	vombatides
An animal	wagfadjur
An animal	wallaby
An animal	wapiti
An animal	waterbuck
An animal	weka
An animal	wombat
An animal	wombats
An animal	woodlouse
An animal	xenicus
An animal	yack
An animal	yak
An animal	yearling
An animal	zebre
An animal	zebu
An animal	zibeline
An animal	zoophyte
An animal	zooplancton
An animal	zygoptera
A mammal	aboyeur
A mammal	acinonychinae
A mammal	addax
A mammal	affenpinscher
A mammal	affiche
A mammal	agouti
A mammal	alouate
A mammal	alouates
A mammal	alpaga
A mammal	amerique
A mammal	amraye
A mammal	ane
A mammal	anesse
A mammal	anoa
A mammal	anthropoide
A mammal	antilocapra
A mammal	antilocaprides
A mammal	antilope
A mammal	antilopes
A mammal	argali
A mammal	artiodactyla
A mammal	artiodactyle
A mammal	artiodactyles
A mammal	aurochs
A mammal	babiroussa
A mammal	babouin
A mammal	baie
A mammal	balaena
A mammal	baleine
A mammal	bandicoots
A mammal	banteng
A mammal	bardot
A mammal	barzoi
A mammal	basenji
A mammal	batard
A mammal	baudet
A mammal	beagle
A mammal	beefalo
A mammal	belette
A mammal	belier
A mammal	beluga
A mammal	berger
A mammal	betail
A mammal	biche
A mammal	bichon
A mammal	bievre
A mammal	binturong
A mammal	bique
A mammal	bison
A mammal	blaireau
A mammal	bobcat
A mammal	bobtail
A mammal	boeuf
A mammal	bongo
A mammal	bouc
A mammal	bouledogue
A mammal	bouquetin
A mammal	bovin
A mammal	boxer
A mammal	brebis
A mammal	briard
A mammal	bubale
A mammal	buffle
A mammal	busard
A mammal	cabassous
A mammal	cachalot
A mammal	camelopard
A mammal	camelus
A mammal	campagnol
A mammal	caniche
A mammal	canin
A mammal	canine
A mammal	capibara
A mammal	capricornis
A mammal	capybara
A mammal	caracal
A mammal	carcajou
A mammal	cariacou
A mammal	caribou
A mammal	carlin
A mammal	carne
A mammal	carnivore
A mammal	castor
A mammal	castration
A mammal	cercopitheque
A mammal	cercopitheques
A mammal	cerf
A mammal	cervidae
A mammal	cervides
A mammal	cetace
A mammal	chacal
A mammal	chameau
A mammal	chamois
A mammal	charge
A mammal	chat
A mammal	cheptel
A mammal	cheval
A mammal	chevre
A mammal	chevreau
A mammal	chevreuil
A mammal	chien
A mammal	chienchien
A mammal	chienne
A mammal	chimpanze
A mammal	chinchilla
A mammal	chiot
A mammal	civette
A mammal	clebard
A mammal	coati
A mammal	coatis
A mammal	cochon
A mammal	cocker
A mammal	colley
A mammal	colobe
A mammal	colobus
A mammal	comment
A mammal	comte
A mammal	corgi
A mammal	corniaud
A mammal	cougar
A mammal	coyote
A mammal	cric
A mammal	cricetomyinae
A mammal	cul
A mammal	cuon
A mammal	cuscus
A mammal	daine
A mammal	dalmatien
A mammal	daman
A mammal	damans
A mammal	dame
A mammal	dasyure
A mammal	dauphin
A mammal	dermoptera
A mammal	dermopteres
A mammal	destrier
A mammal	detective
A mammal	dhole
A mammal	dingo
A mammal	dipodidae
A mammal	doe
A mammal	dogue
A mammal	dromadaire
A mammal	dromedary
A mammal	dugong
A mammal	echidne
A mammal	ecureuil
A mammal	elan
A mammal	eland
A mammal	elephant
A mammal	elephantides
A mammal	elk
A mammal	enfant
A mammal	epagneul
A mammal	epaulard
A mammal	equin
A mammal	eschrichtius
A mammal	etalon
A mammal	euchore
A mammal	ewe
A mammal	eyra
A mammal	faon
A mammal	fauve
A mammal	feist
A mammal	felide
A mammal	felin
A mammal	femelle
A mammal	fourmilier
A mammal	furet
A mammal	galago
A mammal	galagonidae
A mammal	garce
A mammal	gaur
A mammal	gayal
A mammal	gazelle
A mammal	gazelles
A mammal	geant
A mammal	gemsbok
A mammal	genette
A mammal	genisse
A mammal	geomyidae
A mammal	gerbille
A mammal	gerbilles
A mammal	gerbillinae
A mammal	gerboise
A mammal	gerenuk
A mammal	gib
A mammal	gibbon
A mammal	gibbons
A mammal	girafe
A mammal	globicephala
A mammal	globicephale
A mammal	glouton
A mammal	gnou
A mammal	gnous
A mammal	gorilla
A mammal	gorille
A mammal	gorilles
A mammal	gris
A mammal	grizzli
A mammal	grizzly
A mammal	guanaco
A mammal	guepard
A mammal	hamster
A mammal	hamsters
A mammal	hanouman
A mammal	hanuman
A mammal	hart
A mammal	hartebeest
A mammal	hase
A mammal	hemione
A mammal	hereford
A mammal	herisson
A mammal	hermine
A mammal	herpestinae
A mammal	hippone
A mammal	hippopotame
A mammal	hippopotamus
A mammal	hominidae
A mammal	hominides
A mammal	homme
A mammal	hongre
A mammal	humain
A mammal	humaine
A mammal	humanite
A mammal	hurleurs
A mammal	husky
A mammal	hyaena
A mammal	hyaenidae
A mammal	hyene
A mammal	hyenes
A mammal	hyenides
A mammal	hyracoide
A mammal	hyracoidea
A mammal	impala
A mammal	impalla
A mammal	indri
A mammal	irbis
A mammal	isard
A mammal	jaguar
A mammal	jaguarondi
A mammal	jouet
A mammal	jubarte
A mammal	jument
A mammal	kangourou
A mammal	keeshond
A mammal	kiang
A mammal	kinkajou
A mammal	koala
A mammal	kob
A mammal	komondor
A mammal	lama
A mammal	lamantin
A mammal	lapereau
A mammal	lapin
A mammal	lapine
A mammal	laurier
A mammal	lemming
A mammal	lemmings
A mammal	lemur
A mammal	lemurien
A mammal	lemuriformes
A mammal	leopard
A mammal	levrier
A mammal	lievre
A mammal	ligre
A mammal	ligron
A mammal	limier
A mammal	lion
A mammal	lionne
A mammal	llama
A mammal	loir
A mammal	longhorn
A mammal	loup
A mammal	loutre
A mammal	louve
A mammal	lynx
A mammal	macaque
A mammal	maki
A mammal	mammifere
A mammal	mammouth
A mammal	mandrill
A mammal	mangouste
A mammal	margay
A mammal	markhor
A mammal	marmot
A mammal	marmotte
A mammal	marsouin
A mammal	marsupial
A mammal	marsupiaux
A mammal	marte
A mammal	martes
A mammal	martre
A mammal	martres
A mammal	mastiff
A mammal	mastodonte
A mammal	mastodontes
A mammal	matou
A mammal	megaptere
A mammal	megere
A mammal	meurtrier
A mammal	miette
A mammal	minou
A mammal	mol
A mammal	mole
A mammal	monde
A mammal	monotremata
A mammal	monotreme
A mammal	morse
A mammal	moufette
A mammal	mouffette
A mammal	mouflon
A mammal	mouton
A mammal	mule
A mammal	mulet
A mammal	mulot
A mammal	muntiacus
A mammal	musaraigne
A mammal	mustang
A mammal	mustela
A mammal	myoxidae
A mammal	narval
A mammal	nemorhaedus
A mammal	nilgaut
A mammal	nounou
A mammal	numbat
A mammal	nyala
A mammal	ocelot
A mammal	okapi
A mammal	once
A mammal	opossum
A mammal	orangutan
A mammal	orignal
A mammal	ornithorynque
A mammal	orque
A mammal	orycterope
A mammal	oryx
A mammal	oseille
A mammal	ouistiti
A mammal	ouistitis
A mammal	ours
A mammal	ovin
A mammal	paca
A mammal	pacemaker
A mammal	pachyderme
A mammal	palefrenier
A mammal	palomino
A mammal	panda
A mammal	pangolin
A mammal	pangolins
A mammal	panthere
A mammal	papillon
A mammal	paresse
A mammal	paresseux
A mammal	pecari
A mammal	pecaris
A mammal	pecheur
A mammal	peintre
A mammal	pekan
A mammal	peludo
A mammal	peramelidae
A mammal	peramelides
A mammal	perceuse
A mammal	perissodactyla
A mammal	perissodactyle
A mammal	phacochere
A mammal	phalanger
A mammal	phascolomes
A mammal	phocoenidae
A mammal	pholidotes
A mammal	phoque
A mammal	pika
A mammal	pilotage
A mammal	pinnipede
A mammal	pinto
A mammal	platypus
A mammal	platyrhiniens
A mammal	platyrrhini
A mammal	platyrrhiniens
A mammal	pointeur
A mammal	poney
A mammal	porc
A mammal	porcin
A mammal	pourceau
A mammal	predateurs
A mammal	primat
A mammal	primate
A mammal	primates
A mammal	proboscidien
A mammal	pronghorn
A mammal	prosimien
A mammal	prosimiens
A mammal	protele
A mammal	puma
A mammal	putois
A mammal	quagga
A mammal	ragondin
A mammal	rat
A mammal	ratel
A mammal	ratier
A mammal	rauque
A mammal	reindeer
A mammal	reine
A mammal	renard
A mammal	renne
A mammal	retriever
A mammal	rhesus
A mammal	rhino
A mammal	rhinoceros
A mammal	rodentia
A mammal	rongeur
A mammal	rorqual
A mammal	roussette
A mammal	royal
A mammal	sagouin
A mammal	saiga
A mammal	sambar
A mammal	sanglier
A mammal	sarigue
A mammal	sceau
A mammal	scelle
A mammal	scellement
A mammal	schipperke
A mammal	schnauzer
A mammal	semer
A mammal	serval
A mammal	shire
A mammal	shorthorn
A mammal	siamang
A mammal	simien
A mammal	singe
A mammal	skunks
A mammal	souris
A mammal	souslic
A mammal	spermophile
A mammal	springbok
A mammal	suisse
A mammal	supporter
A mammal	suricate
A mammal	takin
A mammal	talapoin
A mammal	tamandua
A mammal	tamarin
A mammal	tamarins
A mammal	tamia
A mammal	tamias
A mammal	tapir
A mammal	tarpan
A mammal	tarsier
A mammal	tarsiidae
A mammal	tatou
A mammal	taupe
A mammal	taureau
A mammal	tayassuidae
A mammal	teckel
A mammal	tenrec
A mammal	terrier
A mammal	thylacine
A mammal	tiglon
A mammal	tigre
A mammal	tigresse
A mammal	tigron
A mammal	toutou
A mammal	truie
A mammal	unau
A mammal	urial
A mammal	ursides
A mammal	vache
A mammal	valet
A mammal	verrat
A mammal	vigogne
A mammal	viscache
A mammal	vison
A mammal	viverridae
A mammal	viverrides
A mammal	vombatidae
A mammal	vombatides
A mammal	wallaby
A mammal	wapiti
A mammal	waterbuck
A mammal	wombat
A mammal	wombats
A mammal	yack
A mammal	yak
A mammal	yearling
A mammal	zebre
A mammal	zebu
A mammal	zibeline
A reptile or amphibian	agama
A reptile or amphibian	alligator
A reptile or amphibian	allosaure
A reptile or amphibian	allosaurus
A reptile or amphibian	amphibie
A reptile or amphibian	amphibien
A reptile or amphibian	anaconda
A reptile or amphibian	ankylosaure
A reptile or amphibian	ankylosaurus
A reptile or amphibian	apatosaurus
A reptile or amphibian	archosauria
A reptile or amphibian	archosauriens
A reptile or amphibian	aspic
A reptile or amphibian	axolotl
A reptile or amphibian	basilic
A reptile or amphibian	batracien
A reptile or amphibian	boa
A reptile or amphibian	bongare
A reptile or amphibian	brontosaurus
A reptile or amphibian	caiman
A reptile or amphibian	cameleon
A reptile or amphibian	cerastes
A reptile or amphibian	cobra
A reptile or amphibian	colubridae
A reptile or amphibian	colubride
A reptile or amphibian	colubrides
A reptile or amphibian	couleuvre
A reptile or amphibian	crapaud
A reptile or amphibian	crocodile
A reptile or amphibian	crocodylidae
A reptile or amphibian	crotale
A reptile or amphibian	cryptobranchus
A reptile or amphibian	deinonychus
A reptile or amphibian	dendroaspis
A reptile or amphibian	diapsida
A reptile or amphibian	diapsides
A reptile or amphibian	dinosaure
A reptile or amphibian	diplodocus
A reptile or amphibian	dragon
A reptile or amphibian	gavial
A reptile or amphibian	gavialidae
A reptile or amphibian	gecko
A reptile or amphibian	gekkonidae
A reptile or amphibian	grenouille
A reptile or amphibian	hadrosaurus
A reptile or amphibian	ichthyosaure
A reptile or amphibian	ichthyosaures
A reptile or amphibian	ichthyosauria
A reptile or amphibian	iguana
A reptile or amphibian	iguane
A reptile or amphibian	iguanodon
A reptile or amphibian	leiolopisma
A reptile or amphibian	lezard
A reptile or amphibian	mamba
A reptile or amphibian	mambas
A reptile or amphibian	menopome
A reptile or amphibian	moloch
A reptile or amphibian	moniteur
A reptile or amphibian	naja
A reptile or amphibian	ophidien
A reptile or amphibian	ornithopoda
A reptile or amphibian	ornithopodes
A reptile or amphibian	orvet
A reptile or amphibian	orvets
A reptile or amphibian	ouaouaron
A reptile or amphibian	pelycosauria
A reptile or amphibian	plesiosaures
A reptile or amphibian	pterodactyle
A reptile or amphibian	pterosaures
A reptile or amphibian	pterosauria
A reptile or amphibian	python
A reptile or amphibian	ranidae
A reptile or amphibian	ranides
A reptile or amphibian	rapide
A reptile or amphibian	reptile
A reptile or amphibian	ridley
A reptile or amphibian	ringhal
A reptile or amphibian	salamandre
A reptile or amphibian	salamandridae
A reptile or amphibian	sauromalus
A reptile or amphibian	sauropoda
A reptile or amphibian	scincidae
A reptile or amphibian	scincide
A reptile or amphibian	scinque
A reptile or amphibian	scinques
A reptile or amphibian	serpent
A reptile or amphibian	sirene
A reptile or amphibian	stegosaure
A reptile or amphibian	stegosaurus
A reptile or amphibian	synapsida
A reptile or amphibian	synapsides
A reptile or amphibian	testudinidae
A reptile or amphibian	testudinides
A reptile or amphibian	tetard
A reptile or amphibian	tortue
A reptile or amphibian	triceratops
A reptile or amphibian	triton
A reptile or amphibian	tritons
A reptile or amphibian	tuatara
A reptile or amphibian	tyrannosaure
A reptile or amphibian	tyrannosaurus
A reptile or amphibian	varans
A reptile or amphibian	varanus
A reptile or amphibian	vipere
A vehicle	aboyer
A vehicle	aeroglisseur
A vehicle	aeronef
A vehicle	aeroplane
A vehicle	airbus
A vehicle	ambulance
A vehicle	amphibie
A vehicle	amphibien
A vehicle	andouille
A vehicle	aneantissement
A vehicle	antimissile
A vehicle	arche
A vehicle	ark
A vehicle	astronef
A vehicle	atterrisseur
A vehicle	auto
A vehicle	autobus
A vehicle	autocar
A vehicle	autogire
A vehicle	automobile
A vehicle	avion
A vehicle	bac
A vehicle	baleiniere
A vehicle	ballon
A vehicle	banane
A vehicle	barge
A vehicle	barque
A vehicle	bateau
A vehicle	batiment
A vehicle	benne
A vehicle	berlin
A vehicle	berline
A vehicle	bibliobus
A vehicle	bicyclette
A vehicle	biplan
A vehicle	bireacteur
A vehicle	blimp
A vehicle	bogie
A vehicle	bombardier
A vehicle	boudeur
A vehicle	bouteur
A vehicle	boutre
A vehicle	break
A vehicle	brigantin
A vehicle	brigantine
A vehicle	brouette
A vehicle	bulldozer
A vehicle	bus
A vehicle	cabine
A vehicle	cabriolet
A vehicle	camion
A vehicle	camionneur
A vehicle	canoe
A vehicle	canoes
A vehicle	canonniere
A vehicle	canot
A vehicle	capsule
A vehicle	caraque
A vehicle	caravane
A vehicle	carrosse
A vehicle	catamaran
A vehicle	catboat
A vehicle	chaland
A vehicle	chaloupe
A vehicle	chalutier
A vehicle	char
A vehicle	chariot
A vehicle	charrette
A vehicle	charrue
A vehicle	chat
A vehicle	chenille
A vehicle	citerne
A vehicle	cloison
A vehicle	compact
A vehicle	coracle
A vehicle	corbillard
A vehicle	corsaire
A vehicle	corvette
A vehicle	cotre
A vehicle	cuirasse
A vehicle	cyclomoteur
A vehicle	decapotable
A vehicle	demineur
A vehicle	depanneuse
A vehicle	deriveur
A vehicle	destroyer
A vehicle	destructeur
A vehicle	diligence
A vehicle	dinghy
A vehicle	dirigeable
A vehicle	dogcart
A vehicle	ecorce
A vehicle	electrique
A vehicle	embarcation
A vehicle	entraineur
A vehicle	epave
A vehicle	esquif
A vehicle	familiale
A vehicle	felouque
A vehicle	ferry
A vehicle	fiacre
A vehicle	fregate
A vehicle	fumeur
A vehicle	fusee
A vehicle	galere
A vehicle	galion
A vehicle	goelette
A vehicle	gondole
A vehicle	helicoptere
A vehicle	hovercraft
A vehicle	hydravion
A vehicle	hydroptere
A vehicle	jais
A vehicle	jeep
A vehicle	kamikaze
A vehicle	kayak
A vehicle	ketch
A vehicle	lancement
A vehicle	lancer
A vehicle	landau
A vehicle	lander
A vehicle	limousin
A vehicle	limousine
A vehicle	locomotive
A vehicle	lougre
A vehicle	metro
A vehicle	metropolitain
A vehicle	minicar
A vehicle	missile
A vehicle	mobylette
A vehicle	monocycle
A vehicle	monospace
A vehicle	moto
A vehicle	motobasculeur
A vehicle	motocycle
A vehicle	motocyclette
A vehicle	motoneige
A vehicle	naufrage
A vehicle	navette
A vehicle	navetteur
A vehicle	navire
A vehicle	nef
A vehicle	oiseau
A vehicle	ordinaire
A vehicle	ornithoptere
A vehicle	paquebot
A vehicle	paquet
A vehicle	pelleteuse
A vehicle	peniche
A vehicle	petrolier
A vehicle	piege
A vehicle	pirate
A vehicle	pirogue
A vehicle	planeur
A vehicle	plate
A vehicle	ponton
A vehicle	poussette
A vehicle	projectile
A vehicle	pyroscaphe
A vehicle	radeau
A vehicle	remorquer
A vehicle	remorqueur
A vehicle	rickshaw
A vehicle	roquette
A vehicle	routier
A vehicle	runabout
A vehicle	sampan
A vehicle	saucisse
A vehicle	saucisson
A vehicle	scooter
A vehicle	shinkansen
A vehicle	skate
A vehicle	skateboard
A vehicle	skiff
A vehicle	sloop
A vehicle	spationef
A vehicle	supertanker
A vehicle	surrey
A vehicle	sut
A vehicle	suv
A vehicle	tandem
A vehicle	tank
A vehicle	tankiste
A vehicle	taxi
A vehicle	technique
A vehicle	telepherique
A vehicle	tombereau
A vehicle	tour
A vehicle	tracteur
A vehicle	train
A vehicle	traineau
A vehicle	tram
A vehicle	tramway
A vehicle	traverse
A vehicle	tricycle
A vehicle	triere
A vehicle	trike
A vehicle	trimaran
A vehicle	trireme
A vehicle	trishaw
A vehicle	troika
A vehicle	trolley
A vehicle	trolleybus
A vehicle	trottinette
A vehicle	truc
A vehicle	turboreacteur
A vehicle	vaisseau
A vehicle	vapeur
A vehicle	vedette
A vehicle	vehicule
A vehicle	velo
A vehicle	velocipede
A vehicle	velomoteur
A vehicle	voilier
A vehicle	voiture
A vehicle	voiturette
A vehicle	volant
A vehicle	wagon
A vehicle	yacht
A vehicle	yole
A vehicle	youyou
A tree	abricot
A tree	abricotier
A tree	acacia
A tree	acajou
A tree	adansonia
A tree	agrume
A tree	ailanthus
A tree	albizia
A tree	amande
A tree	amandier
A tree	anacardier
A tree	aquifoliaceae
A tree	aquifoliacees
A tree	araucaria
A tree	arbre
A tree	arbuste
A tree	areca
A tree	attier
A tree	aube
A tree	aulne
A tree	avocat
A tree	avocatier
A tree	baie
A tree	bambou
A tree	banane
A tree	bananier
A tree	banian
A tree	baobab
A tree	bergamote
A tree	bergamotier
A tree	bibace
A tree	bigarade
A tree	bigaradier
A tree	bonsai
A tree	bouleau
A tree	brugnon
A tree	cacao
A tree	cacaotier
A tree	cacaoyer
A tree	cachoutier
A tree	cafe
A tree	cajou
A tree	cannelier
A tree	cannelle
A tree	carambole
A tree	carambolier
A tree	caroube
A tree	caroubier
A tree	cassia
A tree	cassier
A tree	casuarina
A tree	catalpa
A tree	cedrat
A tree	cedre
A tree	cendre
A tree	cerise
A tree	cerisier
A tree	chamaecyparis
A tree	charme
A tree	charmes
A tree	chataigne
A tree	chataignier
A tree	chaux
A tree	chene
A tree	chiotte
A tree	cinchona
A tree	citron
A tree	citronnier
A tree	citrus
A tree	coco
A tree	cocobolo
A tree	cocotier
A tree	cognassier
A tree	coing
A tree	conifere
A tree	cornouiller
A tree	cornus
A tree	corossol
A tree	coudrier
A tree	couronne
A tree	criquet
A tree	cypres
A tree	durian
A tree	durion
A tree	ebene
A tree	epi
A tree	epicea
A tree	epinette
A tree	erable
A tree	eucalyptus
A tree	fagus
A tree	figue
A tree	figuier
A tree	figure
A tree	flamboyant
A tree	flamboyants
A tree	frene
A tree	fuji
A tree	gencive
A tree	genevrier
A tree	gingko
A tree	ginkgo
A tree	goyave
A tree	goyavier
A tree	grenade
A tree	grenadier
A tree	guigne
A tree	hetre
A tree	houx
A tree	ilex
A tree	jacaranda
A tree	jacarandas
A tree	jacquier
A tree	kaki
A tree	kauri
A tree	kola
A tree	kumquat
A tree	laurier
A tree	liquidambar
A tree	locuste
A tree	longane
A tree	longanier
A tree	macadamia
A tree	magnolia
A tree	mallee
A tree	mandarin
A tree	mandarine
A tree	mandarinier
A tree	mangoustan
A tree	mangrove
A tree	mangue
A tree	manguier
A tree	margousier
A tree	marron
A tree	marronnier
A tree	mate
A tree	mel
A tree	meleze
A tree	merisier
A tree	metasequoia
A tree	micocoulier
A tree	mimosa
A tree	mure
A tree	murier
A tree	muscadier
A tree	myrte
A tree	nectarine
A tree	neem
A tree	nefle
A tree	neflier
A tree	noisetier
A tree	noisette
A tree	noix
A tree	noyer
A tree	oleiculteur
A tree	olive
A tree	olivier
A tree	orange
A tree	oranger
A tree	orme
A tree	osier
A tree	pacanier
A tree	paletuvier
A tree	palmier
A tree	palmyre
A tree	pamplemousse
A tree	pamplemoussier
A tree	papaye
A tree	paume
A tree	peche
A tree	pecher
A tree	pernambouc
A tree	peuplier
A tree	pin
A tree	pinon
A tree	pipal
A tree	pistache
A tree	plaqueminier
A tree	platane
A tree	poire
A tree	poirier
A tree	pomelo
A tree	pomme
A tree	pommier
A tree	prune
A tree	prunier
A tree	prunus
A tree	quenettier
A tree	rotin
A tree	samba
A tree	sapin
A tree	sapotillier
A tree	saule
A tree	savonnier
A tree	sequoia
A tree	sycamore
A tree	sycomore
A tree	tallipot
A tree	tamarinier
A tree	teck
A tree	tilleul
A tree	tremble
A tree	zibeline
A flower	ancolie
A flower	anemone
A flower	aquilegia
A flower	arethusa
A flower	arethuse
A flower	aster
A flower	azalea
A flower	azalee
A flower	balai
A flower	banda
A flower	barbeau
A flower	barbotine
A flower	begonia
A flower	begonias
A flower	bleuet
A flower	bougainvillea
A flower	bougainvillee
A flower	bougainvillier
A flower	bourgeon
A flower	bruyere
A flower	calendula
A flower	calla
A flower	callune
A flower	calypso
A flower	camelia
A flower	camellia
A flower	camerisier
A flower	cattleya
A flower	chaton
A flower	chelidoine
A flower	chevrefeuille
A flower	chrysantheme
A flower	cineraria
A flower	columbine
A flower	coquelicot
A flower	corydale
A flower	corydales
A flower	cosmos
A flower	creation
A flower	crocus
A flower	cyclamen
A flower	cyclamens
A flower	cymbidium
A flower	dahlia
A flower	daisy
A flower	dauphinelle
A flower	dauphinelles
A flower	delphinium
A flower	digitale
A flower	drapeau
A flower	edelweiss
A flower	ficaire
A flower	filago
A flower	fleur
A flower	freesia
A flower	gardenia
A flower	gardenias
A flower	gazania
A flower	gentiana
A flower	gentiane
A flower	geranium
A flower	glaieul
A flower	glycine
A flower	grappe
A flower	grenouillette
A flower	helianthe
A flower	helianthus
A flower	hibiscus
A flower	hortensia
A flower	hortensias
A flower	hydrangea
A flower	inflorescence
A flower	iris
A flower	iule
A flower	jacinthe
A flower	jasmin
A flower	jonquille
A flower	larkspur
A flower	lavande
A flower	lilas
A flower	linaire
A flower	lis
A flower	lotus
A flower	lupin
A flower	lupins
A flower	lys
A flower	magnolia
A flower	maman
A flower	marguerite
A flower	monde
A flower	muflier
A flower	narcisse
A flower	narcissus
A flower	odontoglossum
A flower	oeillet
A flower	oeuf
A flower	ombelle
A flower	oncidium
A flower	oncidiums
A flower	orchidee
A flower	orchis
A flower	panicule
A flower	paquerette
A flower	pavot
A flower	pavots
A flower	pelargonium
A flower	pensee
A flower	petunia
A flower	pissenlit
A flower	pivoine
A flower	portulaca
A flower	pourpier
A flower	primevere
A flower	primeveres
A flower	primula
A flower	protea
A flower	raceme
A flower	ranunculus
A flower	renoncule
A flower	renoncules
A flower	rose
A flower	rosier
A flower	sans
A flower	saponaire
A flower	scabieuse
A flower	scabieuses
A flower	shortia
A flower	silene
A flower	souci
A flower	soucis
A flower	sureau
A flower	tagete
A flower	tanaisie
A flower	taraxacum
A flower	thyrse
A flower	tithonia
A flower	topinambour
A flower	tournesol
A flower	trefle
A flower	trefles
A flower	tubereuse
A flower	tulipe
A flower	tulipes
A flower	univers
A flower	vaccaire
A flower	valeriane
A flower	vanda
A flower	vanille
A flower	verbena
A flower	veronica
A flower	veronique
A flower	verveine
A flower	violet
A flower	violette
A flower	wisteria
A flower	zinnia
A musical instrument	accordeon
A musical instrument	accordoir
A musical instrument	aile
A musical instrument	alto
A musical instrument	anche
A musical instrument	avertisseur
A musical instrument	balalaika
A musical instrument	banjo
A musical instrument	baron
A musical instrument	baryton
A musical instrument	basse
A musical instrument	basson
A musical instrument	biseau
A musical instrument	bois
A musical instrument	bombarder
A musical instrument	bongo
A musical instrument	bouilloire
A musical instrument	bourdon
A musical instrument	bugle
A musical instrument	calliope
A musical instrument	canon
A musical instrument	carillon
A musical instrument	castagnettes
A musical instrument	celesta
A musical instrument	chalemie
A musical instrument	chalumeau
A musical instrument	chanter
A musical instrument	chanterelle
A musical instrument	chaudiere
A musical instrument	chimere
A musical instrument	cistre
A musical instrument	cithare
A musical instrument	clairon
A musical instrument	clarinette
A musical instrument	clavecin
A musical instrument	clavicorde
A musical instrument	clavier
A musical instrument	cloche
A musical instrument	contrebasse
A musical instrument	contrebasson
A musical instrument	cor
A musical instrument	corne
A musical instrument	cornemuse
A musical instrument	cornet
A musical instrument	cromorne
A musical instrument	cymbale
A musical instrument	diapason
A musical instrument	double
A musical instrument	electrocyte
A musical instrument	electrocytes
A musical instrument	epinette
A musical instrument	euphonium
A musical instrument	fife
A musical instrument	fifre
A musical instrument	flageolet
A musical instrument	flute
A musical instrument	foret
A musical instrument	glockenspiel
A musical instrument	gong
A musical instrument	guitare
A musical instrument	guiterne
A musical instrument	harmonica
A musical instrument	harmonium
A musical instrument	harpe
A musical instrument	hautbois
A musical instrument	helicon
A musical instrument	instrument
A musical instrument	kazoo
A musical instrument	laiton
A musical instrument	levriad
A musical instrument	luth
A musical instrument	lyre
A musical instrument	mandoline
A musical instrument	maraca
A musical instrument	maracas
A musical instrument	marimba
A musical instrument	membranophone
A musical instrument	membraphone
A musical instrument	musette
A musical instrument	ocarina
A musical instrument	organe
A musical instrument	orgue
A musical instrument	piano
A musical instrument	piccolo
A musical instrument	piege
A musical instrument	pipe
A musical instrument	psalterion
A musical instrument	sacqueboute
A musical instrument	saqueboute
A musical instrument	sax
A musical instrument	saxhorn
A musical instrument	saxo
A musical instrument	saxophone
A musical instrument	serpent
A musical instrument	shamisen
A musical instrument	siffler
A musical instrument	sifflet
A musical instrument	simple
A musical instrument	sitar
A musical instrument	sonnette
A musical instrument	soubassophone
A musical instrument	sousaphone
A musical instrument	synthetiseur
A musical instrument	tambour
A musical instrument	tambourin
A musical instrument	tamtam
A musical instrument	thabor
A musical instrument	timbale
A musical instrument	timbales
A musical instrument	traquenard
A musical instrument	triangle
A musical instrument	trombone
A musical instrument	trompe
A musical instrument	trompette
A musical instrument	tuba
A musical instrument	tuyau
A musical instrument	ukulele
A musical instrument	vent
A musical instrument	vibraphone
A musical instrument	viole
A musical instrument	violon
A musical instrument	violoncelle
A musical instrument	xylophone
A sport	acrobatie
A sport	aviron
A sport	badminton
A sport	bal
A sport	balle
A sport	ballon
A sport	baseball
A sport	basket
A sport	basketball
A sport	billard
A sport	billards
A sport	bodybuilding
A sport	boule
A sport	bowling
A sport	boxe
A sport	catch
A sport	chasse
A sport	cloture
A sport	corrida
A sport	courge
A sport	courir
A sport	course
A sport	crabe
A sport	cricket
A sport	criquet
A sport	croquet
A sport	crosse
A sport	culturisme
A sport	curling
A sport	cyclisme
A sport	decathlon
A sport	deroulement
A sport	dressage
A sport	equitation
A sport	escalade
A sport	escrime
A sport	flechettes
A sport	foot
A sport	football
A sport	frisbee
A sport	glisse
A sport	golf
A sport	gravir
A sport	grillon
A sport	gymnastique
A sport	halterophilie
A sport	handball
A sport	hockey
A sport	hurdler
A sport	javelot
A sport	judo
A sport	karate
A sport	lutte
A sport	marathon
A sport	marche
A sport	nager
A sport	natation
A sport	navigation
A sport	netball
A sport	parachutisme
A sport	patinage
A sport	peche
A sport	pentathlon
A sport	piscine
A sport	plongeon
A sport	polo
A sport	pool
A sport	rassembler
A sport	relais
A sport	rodeo
A sport	rond
A sport	rounders
A sport	rugby
A sport	saut
A sport	skateboard
A sport	ski
A sport	snorkeling
A sport	soccer
A sport	softball
A sport	sport
A sport	squash
A sport	sumo
A sport	surf
A sport	swingball
A sport	tauromachie
A sport	tennis
A sport	tetherball
A sport	troll
A sport	varappe
A sport	venerie
A sport	voler
A color	abricot
A color	abricotier
A color	agoua
A color	airain
A color	albatre
A color	amas
A color	ambre
A color	aqua
A color	argent
A color	azur
A color	beige
A color	blanc
A color	blancheur
A color	bleu
A color	bleue
A color	blondeur
A color	bourgogne
A color	bronze
A color	bronzer
A color	bruler
A color	brun
A color	bruyere
A color	bureaucratie
A color	cafe
A color	canari
A color	caramel
A color	cardinal
A color	carmin
A color	caucasien
A color	cerise
A color	cerisier
A color	ceruleen
A color	champagne
A color	charbon
A color	chartreuse
A color	chataigne
A color	chaux
A color	chocolat
A color	chocolatier
A color	choix
A color	citron
A color	citronnier
A color	cobalt
A color	complementaire
A color	complexion
A color	corail
A color	couleur
A color	craie
A color	cramoisi
A color	creme
A color	cuivre
A color	cyan
A color	defense
A color	ebene
A color	ecarlate
A color	emeraude
A color	equite
A color	faon
A color	fuchsia
A color	galeux
A color	gris
A color	grisonner
A color	indigo
A color	ivoire
A color	jaune
A color	kaki
A color	lavande
A color	lilas
A color	lot
A color	magenta
A color	mais
A color	mandarine
A color	marine
A color	marron
A color	masse
A color	mauve
A color	mckim
A color	montagne
A color	moutarde
A color	noir
A color	nuance
A color	obscurite
A color	ocre
A color	oeillet
A color	oleiculteur
A color	olive
A color	ombre
A color	orange
A color	ordinaire
A color	outremer
A color	paille
A color	paleur
A color	paperasserie
A color	pastel
A color	peche
A color	pecher
A color	perle
A color	pervenche
A color	pomme
A color	pourpre
A color	prune
A color	prunier
A color	rose
A color	rouge
A color	rouille
A color	rubis
A color	safran
A color	salmoniculture
A color	sans
A color	saphir
A color	sarcelle
A color	saumon
A color	seneve
A color	sepia
A color	sureau
A color	teint
A color	teinte
A color	tilleul
A color	ton
A color	topaze
A color	turquoise
A color	variables
A color	vermeil
A color	vert
A color	vin
A color	violet
A color	violette
A color	zibeline
An emotion or feeling	abandonner
An emotion or feeling	abattement
An emotion or feeling	abomination
An emotion or feeling	accablement
An emotion or feeling	accent
An emotion or feeling	acharnement
An emotion or feeling	admiration
An emotion or feeling	adoration
An emotion or feeling	affect
An emotion or feeling	affection
An emotion or feeling	affliction
An emotion or feeling	affres
An emotion or feeling	agacement
An emotion or feeling	agape
An emotion or feeling	agitation
An emotion or feeling	agonie
An emotion or feeling	agrement
An emotion or feeling	agression
An emotion or feeling	agressivite
An emotion or feeling	aimer
An emotion or feeling	alarme
An emotion or feeling	alienation
An emotion or feeling	allegresse
An emotion or feeling	amativite
An emotion or feeling	ambition
An emotion or feeling	ambivalence
An emotion or feeling	ame
An emotion or feeling	amertume
An emotion or feeling	amitie
An emotion or feeling	amour
An emotion or feeling	amourette
An emotion or feeling	amusement
An emotion or feeling	anglophilie
An emotion or feeling	anglophobie
An emotion or feeling	angoisse
An emotion or feeling	animosite
An emotion or feeling	anticipation
An emotion or feeling	antipathie
An emotion or feeling	anxiete
An emotion or feeling	apathie
An emotion or feeling	appartenance
An emotion or feeling	appetit
An emotion or feeling	apprehension
An emotion or feeling	approbation
An emotion or feeling	ardeur
An emotion or feeling	atrocite
An emotion or feeling	attente
An emotion or feeling	autorite
An emotion or feeling	aversion
An emotion or feeling	avidite
An emotion or feeling	bang
An emotion or feeling	bassin
An emotion or feeling	beatification
An emotion or feeling	beatitude
An emotion or feeling	beguin
An emotion or feeling	benevolence
An emotion or feeling	biens
An emotion or feeling	bilan
An emotion or feeling	blessure
An emotion or feeling	bonheur
An emotion or feeling	botter
An emotion or feeling	capitulation
An emotion or feeling	caprice
An emotion or feeling	carquois
An emotion or feeling	censure
An emotion or feeling	cer
An emotion or feeling	certitude
An emotion or feeling	chagrin
An emotion or feeling	chaleur
An emotion or feeling	choc
An emotion or feeling	chose
An emotion or feeling	coeur
An emotion or feeling	colere
An emotion or feeling	compagnie
An emotion or feeling	compassion
An emotion or feeling	compatibilite
An emotion or feeling	complaisance
An emotion or feeling	complexe
An emotion or feeling	componction
An emotion or feeling	comprehension
An emotion or feeling	concretisation
An emotion or feeling	concupiscence
An emotion or feeling	condoleance
An emotion or feeling	confiance
An emotion or feeling	conflit
An emotion or feeling	confort
An emotion or feeling	confusion
An emotion or feeling	conscience
An emotion or feeling	consolation
An emotion or feeling	consoler
An emotion or feeling	consternation
An emotion or feeling	contentement
An emotion or feeling	contenu
An emotion or feeling	cour
An emotion or feeling	courage
An emotion or feeling	crainte
An emotion or feeling	crise
An emotion or feeling	cruaute
An emotion or feeling	culpabilite
An emotion or feeling	curiosite
An emotion or feeling	cynisme
An emotion or feeling	deception
An emotion or feeling	dedain
An emotion or feeling	defaite
An emotion or feeling	defaitisme
An emotion or feeling	defiance
An emotion or feeling	degout
An emotion or feeling	degrevement
An emotion or feeling	demanger
An emotion or feeling	demission
An emotion or feeling	dependance
An emotion or feeling	depot
An emotion or feeling	depression
An emotion or feeling	desarroi
An emotion or feeling	desesperance
An emotion or feeling	desesperer
An emotion or feeling	desespoir
An emotion or feeling	desir
An emotion or feeling	desolation
An emotion or feeling	desordre
An emotion or feeling	deuil
An emotion or feeling	devastation
An emotion or feeling	devouement
An emotion or feeling	dignite
An emotion or feeling	distance
An emotion or feeling	domestique
An emotion or feeling	douleur
An emotion or feeling	doute
An emotion or feeling	dysphoria
An emotion or feeling	dysphorie
An emotion or feeling	echec
An emotion or feeling	effroi
An emotion or feeling	egard
An emotion or feeling	egotisme
An emotion or feeling	electricite
An emotion or feeling	embarras
An emotion or feeling	emmerde
An emotion or feeling	emotion
An emotion or feeling	empathie
An emotion or feeling	emphase
An emotion or feeling	emulation
An emotion or feeling	enchantement
An emotion or feeling	encouragement
An emotion or feeling	ennui
An emotion or feeling	entente
An emotion or feeling	enthousiasme
An emotion or feeling	envie
An emotion or feeling	envier
An emotion or feeling	epouvante
An emotion or feeling	equanimite
An emotion or feeling	erotisme
An emotion or feeling	esperance
An emotion or feeling	esperer
An emotion or feeling	espoir
An emotion or feeling	esprit
An emotion or feeling	estomac
An emotion or feeling	etat
An emotion or feeling	etonnement
An emotion or feeling	euphoria
An emotion or feeling	euphorie
An emotion or feeling	exasperation
An emotion or feeling	excitation
An emotion or feeling	exoneration
An emotion or feeling	extase
An emotion or feeling	exuberance
An emotion or feeling	exultation
An emotion or feeling	faiblesse
An emotion or feeling	faim
An emotion or feeling	fascination
An emotion or feeling	fatigue
An emotion or feeling	faveur
An emotion or feeling	felicite
An emotion or feeling	ferveur
An emotion or feeling	feu
An emotion or feeling	fierte
An emotion or feeling	fievre
An emotion or feeling	foi
An emotion or feeling	fraternite
An emotion or feeling	frisson
An emotion or feeling	frissonner
An emotion or feeling	frite
An emotion or feeling	frustration
An emotion or feeling	fureur
An emotion or feeling	furie
An emotion or feeling	gaiete
An emotion or feeling	garantie
An emotion or feeling	gigoter
An emotion or feeling	glaieul
An emotion or feeling	gout
An emotion or feeling	gouter
An emotion or feeling	gratitude
An emotion or feeling	gravite
An emotion or feeling	gre
An emotion or feeling	haine
An emotion or feeling	harcelement
An emotion or feeling	hilarite
An emotion or feeling	homosexuel
An emotion or feeling	honte
An emotion or feeling	horreur
An emotion or feeling	hostilite
An emotion or feeling	humeur
An emotion or feeling	humiliation
An emotion or feeling	humilite
An emotion or feeling	hysterie
An emotion or feeling	idolatrie
An emotion or feeling	illumination
An emotion or feeling	impatience
An emotion or feeling	impulsion
An emotion or feeling	incertitude
An emotion or feeling	inconfort
An emotion or feeling	indignation
An emotion or feeling	infatuation
An emotion or feeling	ingratitude
An emotion or feeling	inimitie
An emotion or feeling	injure
An emotion or feeling	inquietude
An emotion or feeling	insatisfaction
An emotion or feeling	insistance
An emotion or feeling	intimidation
An emotion or feeling	intimite
An emotion or feeling	intoxication
An emotion or feeling	irascibilite
An emotion or feeling	ire
An emotion or feeling	isolation
An emotion or feeling	isolement
An emotion or feeling	jalousie
An emotion or feeling	joie
An emotion or feeling	jouissance
An emotion or feeling	langueur
An emotion or feeling	lascivite
An emotion or feeling	lassitude
An emotion or feeling	legerete
An emotion or feeling	liberte
An emotion or feeling	libido
An emotion or feeling	loyaute
An emotion or feeling	luxure
An emotion or feeling	mal
An emotion or feeling	malheur
An emotion or feeling	mascaret
An emotion or feeling	masochisme
An emotion or feeling	mecontentement
An emotion or feeling	mefiance
An emotion or feeling	melancolie
An emotion or feeling	mepris
An emotion or feeling	mepriser
An emotion or feeling	misanthropie
An emotion or feeling	misere
An emotion or feeling	misogynie
An emotion or feeling	misologie
An emotion or feeling	misoneisme
An emotion or feeling	moi
An emotion or feeling	mysophilie
An emotion or feeling	nationalisme
An emotion or feeling	nausee
An emotion or feeling	nervosite
An emotion or feeling	nirvana
An emotion or feeling	nostalgie
An emotion or feeling	nymphomanie
An emotion or feeling	objet
An emotion or feeling	offense
An emotion or feeling	ombrage
An emotion or feeling	ombre
An emotion or feeling	oppression
An emotion or feeling	optimisme
An emotion or feeling	orgueil
An emotion or feeling	paix
An emotion or feeling	panique
An emotion or feeling	passion
An emotion or feeling	peche
An emotion or feeling	peine
An emotion or feeling	penchant
An emotion or feeling	penitence
An emotion or feeling	perturbation
An emotion or feeling	pessimisme
An emotion or feeling	peur
An emotion or feeling	pitie
An emotion or feeling	plaie
An emotion or feeling	plaisir
An emotion or feeling	poids
An emotion or feeling	poignarder
An emotion or feeling	pompier
An emotion or feeling	ponderation
An emotion or feeling	possesion
An emotion or feeling	preference
An emotion or feeling	premonition
An emotion or feeling	preoccupation
An emotion or feeling	preoccupations
An emotion or feeling	preoccuper
An emotion or feeling	presentation
An emotion or feeling	pressentiment
An emotion or feeling	pression
An emotion or feeling	privation
An emotion or feeling	propension
An emotion or feeling	prostration
An emotion or feeling	quietude
An emotion or feeling	rancoeur
An emotion or feeling	rancune
An emotion or feeling	rate
An emotion or feeling	reconnaissance
An emotion or feeling	regret
An emotion or feeling	relief
An emotion or feeling	relish
An emotion or feeling	remerciement
An emotion or feeling	remords
An emotion or feeling	repentance
An emotion or feeling	repenti
An emotion or feeling	repentir
An emotion or feeling	repos
An emotion or feeling	repulsion
An emotion or feeling	respect
An emotion or feeling	respecter
An emotion or feeling	ressac
An emotion or feeling	ressentiment
An emotion or feeling	reve
An emotion or feeling	reverence
An emotion or feeling	ruer
An emotion or feeling	ruth
An emotion or feeling	sadisme
An emotion or feeling	sadomasochisme
An emotion or feeling	salle
An emotion or feeling	satisfaction
An emotion or feeling	satyriasis
An emotion or feeling	satyrisme
An emotion or feeling	scene
An emotion or feeling	schadenfreude
An emotion or feeling	scrupule
An emotion or feeling	securite
An emotion or feeling	sensation
An emotion or feeling	sensibilite
An emotion or feeling	sensualisme
An emotion or feeling	sentiment
An emotion or feeling	sevrage
An emotion or feeling	sexe
An emotion or feeling	sideration
An emotion or feeling	sincerite
An emotion or feeling	solitude
An emotion or feeling	sollicitude
An emotion or feeling	souci
An emotion or feeling	souffrance
An emotion or feeling	souhait
An emotion or feeling	soulagement
An emotion or feeling	soumission
An emotion or feeling	stimulation
An emotion or feeling	stress
An emotion or feeling	stupefaction
An emotion or feeling	stupeur
An emotion or feeling	surprendre
An emotion or feeling	surprise
An emotion or feeling	sympathie
An emotion or feeling	technophobie
An emotion or feeling	tendance
An emotion or feeling	tendresse
An emotion or feeling	teneur
An emotion or feeling	tentation
An emotion or feeling	terreur
An emotion or feeling	timidite
An emotion or feeling	torture
An emotion or feeling	torturer
An emotion or feeling	tourment
An emotion or feeling	tourmente
An emotion or feeling	tourmenter
An emotion or feeling	trac
An emotion or feeling	tracas
An emotion or feeling	tranquillite
An emotion or feeling	transport
An emotion or feeling	transporter
An emotion or feeling	traumatisme
An emotion or feeling	tremblement
An emotion or feeling	triomphe
An emotion or feeling	tristesse
An emotion or feeling	trouble
An emotion or feeling	turbulence
An emotion or feeling	vanite
An emotion or feeling	veneration
An emotion or feeling	venin
An emotion or feeling	ventre
An emotion or feeling	vigueur
An emotion or feeling	volupte
An emotion or feeling	zele
A piece of furniture	agence
A piece of furniture	armoire
A piece of furniture	autel
A piece of furniture	banc
A piece of furniture	bar
A piece of furniture	base
A piece of furniture	bercante
A piece of furniture	berceau
A piece of furniture	berceuse
A piece of furniture	bibliotheque
A piece of furniture	bistro
A piece of furniture	boite
A piece of furniture	bouffee
A piece of furniture	box
A piece of furniture	buffet
A piece of furniture	bureau
A piece of furniture	butte
A piece of furniture	cabriolet
A piece of furniture	cafeteria
A piece of furniture	caisse
A piece of furniture	calecon
A piece of furniture	canape
A piece of furniture	carpette
A piece of furniture	cathedre
A piece of furniture	chaise
A piece of furniture	chalit
A piece of furniture	chambranle
A piece of furniture	classeur
A piece of furniture	clope
A piece of furniture	coffre
A piece of furniture	coiffeuse
A piece of furniture	colline
A piece of furniture	commode
A piece of furniture	comptoir
A piece of furniture	comptoire
A piece of furniture	consoler
A piece of furniture	coussiege
A piece of furniture	culotte
A piece of furniture	decapotable
A piece of furniture	divan
A piece of furniture	dossier
A piece of furniture	dressing
A piece of furniture	etabli
A piece of furniture	etagere
A piece of furniture	fauteuil
A piece of furniture	fee
A piece of furniture	fichier
A piece of furniture	futon
A piece of furniture	glace
A piece of furniture	hamac
A piece of furniture	lampe
A piece of furniture	lit
A piece of furniture	lunette
A piece of furniture	lutrin
A piece of furniture	manteau
A piece of furniture	matelas
A piece of furniture	meuble
A piece of furniture	minibar
A piece of furniture	miroir
A piece of furniture	monticule
A piece of furniture	nid
A piece of furniture	pedale
A piece of furniture	pede
A piece of furniture	penderie
A piece of furniture	pet
A piece of furniture	piedestal
A piece of furniture	placard
A piece of furniture	plateau
A piece of furniture	poitrine
A piece of furniture	portemanteau
A piece of furniture	pouf
A piece of furniture	propitiatoire
A piece of furniture	prout
A piece of furniture	pupitre
A piece of furniture	rayon
A piece of furniture	saladerie
A piece of furniture	secretaire
A piece of furniture	sein
A piece of furniture	siege
A piece of furniture	socle
A piece of furniture	sofa
A piece of furniture	sommier
A piece of furniture	support
A piece of furniture	table
A piece of furniture	tableau
A piece of furniture	tablette
A piece of furniture	tabouret
A piece of furniture	tante
A piece of furniture	tapette
A piece of furniture	tapis
A piece of furniture	thorax
A piece of furniture	tiroir
A piece of furniture	toolbox
A piece of furniture	transat
A piece of furniture	tribu
A piece of furniture	tronc
A piece of furniture	trone
A piece of furniture	urne
A piece of furniture	vaisselier
A piece of furniture	vanite
A piece of furniture	vitrine
A piece of furniture	voiturette
A piece of furniture	windsor
A weapon	abm
A weapon	acier
A weapon	adm
A weapon	aflatoxine
A weapon	anthrax
A weapon	antimissile
A weapon	arbalete
A weapon	arc
A weapon	arme
A weapon	armement
A weapon	armurier
A weapon	arquebuse
A weapon	arsenal
A weapon	artillerie
A weapon	automatique
A weapon	baionnette
A weapon	bal
A weapon	baliste
A weapon	balle
A weapon	barre
A weapon	basilic
A weapon	batte
A weapon	bazooka
A weapon	blockbuster
A weapon	bombardement
A weapon	bombarder
A weapon	bombe
A weapon	boule
A weapon	boulet
A weapon	bricole
A weapon	broadsword
A weapon	brochet
A weapon	brulot
A weapon	canne
A weapon	canon
A weapon	carabine
A weapon	catapulte
A weapon	chevrotine
A weapon	cimeterre
A weapon	club
A weapon	colt
A weapon	coq
A weapon	coupecoupe
A weapon	couteau
A weapon	cuivre
A weapon	dague
A weapon	dard
A weapon	deathcharge
A weapon	entailleur
A weapon	epee
A weapon	espingole
A weapon	estramacon
A weapon	exocet
A weapon	fauchon
A weapon	feu
A weapon	fleche
A weapon	fouet
A weapon	fronde
A weapon	fumigene
A weapon	fusee
A weapon	fusil
A weapon	gatling
A weapon	grenade
A weapon	hache
A weapon	hallebarde
A weapon	harpon
A weapon	incendiaire
A weapon	javelot
A weapon	kalachnikov
A weapon	keris
A weapon	kirpan
A weapon	kris
A weapon	kriss
A weapon	laiton
A weapon	lance
A weapon	laser
A weapon	machette
A weapon	macis
A weapon	mangonneau
A weapon	marteau
A weapon	masse
A weapon	massue
A weapon	matraque
A weapon	mine
A weapon	missile
A weapon	mitraillette
A weapon	mitrailleuse
A weapon	mortier
A weapon	mousquet
A weapon	munition
A weapon	neuf
A weapon	obusier
A weapon	pagaie
A weapon	part
A weapon	personnel
A weapon	pistolet
A weapon	poignard
A weapon	pointeur
A weapon	poulain
A weapon	projectile
A weapon	proue
A weapon	querelle
A weapon	rapiere
A weapon	revolver
A weapon	roquette
A weapon	sabre
A weapon	sagaie
A weapon	sarbacane
A weapon	sarin
A weapon	seb
A weapon	sicaire
A weapon	soman
A weapon	spandau
A weapon	thompson
A weapon	tomahawk
A weapon	torpille
A weapon	trebuchet
A weapon	trident
A weapon	tromblon
A weapon	yperite
A game	accaparement
A game	aller
A game	allusion
A game	anecdote
A game	aura
A game	aureole
A game	baccara
A game	backgammon
A game	badminton
A game	bal
A game	balle
A game	ballon
A game	baseball
A game	basket
A game	basketball
A game	berceau
A game	besigue
A game	billard
A game	billards
A game	bingo
A game	bolivie
A game	bonneteau
A game	bouche
A game	boule
A game	bourreau
A game	bowling
A game	bowls
A game	bridge
A game	buveur
A game	cabillaud
A game	cacher
A game	canasta
A game	capsule
A game	cartes
A game	casino
A game	catch
A game	charabia
A game	charade
A game	checkers
A game	chercher
A game	chicago
A game	contracter
A game	contrat
A game	courge
A game	crapette
A game	craps
A game	crib
A game	cribbage
A game	cricket
A game	criquet
A game	croquet
A game	crosse
A game	cuir
A game	cuirasse
A game	curling
A game	cyclone
A game	dame
A game	dames
A game	danger
A game	dessin
A game	dessiner
A game	dire
A game	domino
A game	dominos
A game	echec
A game	echelle
A game	elu
A game	faro
A game	flechettes
A game	foot
A game	football
A game	frisbee
A game	gin
A game	golf
A game	gribouiller
A game	gribouillis
A game	griffonner
A game	grillon
A game	halo
A game	handball
A game	hockey
A game	indice
A game	isochrone
A game	ivrogne
A game	jeu
A game	keno
A game	loterie
A game	ludiciel
A game	ludo
A game	majong
A game	marelle
A game	minigolf
A game	monopole
A game	morpion
A game	morue
A game	muet
A game	musical
A game	netball
A game	oeil
A game	ophidien
A game	osselets
A game	oubli
A game	pachisi
A game	parcheesi
A game	parlement
A game	partie
A game	pas
A game	passerelle
A game	patience
A game	peau
A game	peligre
A game	pendu
A game	pingpong
A game	poivrot
A game	poker
A game	polo
A game	pont
A game	pool
A game	poste
A game	preuve
A game	proverbe
A game	quille
A game	quiz
A game	rami
A game	rassembler
A game	reculer
A game	remorquer
A game	rhum
A game	risque
A game	risquer
A game	rond
A game	roulette
A game	rounders
A game	rugby
A game	salamandre
A game	samba
A game	scie
A game	scrabble
A game	serpent
A game	shogi
A game	sieste
A game	simon
A game	soccer
A game	softball
A game	son
A game	sot
A game	soulard
A game	squash
A game	statue
A game	sweepstake
A game	swingball
A game	tennis
A game	tetherball
A game	tisonnier
A game	tombola
A game	tornade
A game	tour
A game	tourner
A game	trictrac
A game	voler
A game	voyage
A game	voyagiste
A game	waterpolo
A game	whist
A dessert or sweet treat	ambroisie
A dessert or sweet treat	anneau
A dessert or sweet treat	baba
A dessert or sweet treat	bague
A dessert or sweet treat	baiser
A dessert or sweet treat	baklava
A dessert or sweet treat	bar
A dessert or sweet treat	barreau
A dessert or sweet treat	beignet
A dessert or sweet treat	beurre
A dessert or sweet treat	bijou
A dessert or sweet treat	biscuit
A dessert or sweet treat	bisou
A dessert or sweet treat	blin
A dessert or sweet treat	blini
A dessert or sweet treat	blintz
A dessert or sweet treat	bonbon
A dessert or sweet treat	boudoir
A dessert or sweet treat	bouffee
A dessert or sweet treat	cacao
A dessert or sweet treat	cachou
A dessert or sweet treat	cake
A dessert or sweet treat	caramel
A dessert or sweet treat	catin
A dessert or sweet treat	centre
A dessert or sweet treat	centrer
A dessert or sweet treat	charlotte
A dessert or sweet treat	chocolat
A dessert or sweet treat	chou
A dessert or sweet treat	compote
A dessert or sweet treat	confiserie
A dessert or sweet treat	confiture
A dessert or sweet treat	conserver
A dessert or sweet treat	cordonnerie
A dessert or sweet treat	cordonnier
A dessert or sweet treat	crepe
A dessert or sweet treat	crepiau
A dessert or sweet treat	croissant
A dessert or sweet treat	crumpet
A dessert or sweet treat	custard
A dessert or sweet treat	danois
A dessert or sweet treat	dessert
A dessert or sweet treat	dieu
A dessert or sweet treat	divinite
A dessert or sweet treat	doux
A dessert or sweet treat	duff
A dessert or sweet treat	eclair
A dessert or sweet treat	embouteillage
A dessert or sweet treat	embrasser
A dessert or sweet treat	fille
A dessert or sweet treat	flan
A dessert or sweet treat	fouet
A dessert or sweet treat	fragile
A dessert or sweet treat	frangipane
A dessert or sweet treat	friandise
A dessert or sweet treat	galette
A dessert or sweet treat	gateau
A dessert or sweet treat	gaufre
A dessert or sweet treat	gelatine
A dessert or sweet treat	gelee
A dessert or sweet treat	gencive
A dessert or sweet treat	gingembre
A dessert or sweet treat	glace
A dessert or sweet treat	guimauve
A dessert or sweet treat	hostie
A dessert or sweet treat	joyau
A dessert or sweet treat	lat
A dessert or sweet treat	losange
A dessert or sweet treat	loukoum
A dessert or sweet treat	loukoumia
A dessert or sweet treat	macaron
A dessert or sweet treat	maintenir
A dessert or sweet treat	marshmallow
A dessert or sweet treat	massepain
A dessert or sweet treat	menthe
A dessert or sweet treat	meringue
A dessert or sweet treat	miel
A dessert or sweet treat	muffin
A dessert or sweet treat	nougat
A dessert or sweet treat	nougatine
A dessert or sweet treat	orange
A dessert or sweet treat	oreo
A dessert or sweet treat	pancake
A dessert or sweet treat	parfait
A dessert or sweet treat	parfum
A dessert or sweet treat	pastille
A dessert or sweet treat	pate
A dessert or sweet treat	patisserie
A dessert or sweet treat	pigeonner
A dessert or sweet treat	plombieres
A dessert or sweet treat	polkagris
A dessert or sweet treat	praline
A dessert or sweet treat	prostituee
A dessert or sweet treat	pudding
A dessert or sweet treat	putain
A dessert or sweet treat	pute
A dessert or sweet treat	quenelle
A dessert or sweet treat	quiche
A dessert or sweet treat	rabote
A dessert or sweet treat	reglisse
A dessert or sweet treat	roc
A dessert or sweet treat	roche
A dessert or sweet treat	rocher
A dessert or sweet treat	rond
A dessert or sweet treat	sabayon
A dessert or sweet treat	savetier
A dessert or sweet treat	shoemaker
A dessert or sweet treat	sirop
A dessert or sweet treat	sorbet
A dessert or sweet treat	sucette
A dessert or sweet treat	sucrerie
A dessert or sweet treat	sucreries
A dessert or sweet treat	sweet
A dessert or sweet treat	tarte
A dessert or sweet treat	tiramisu
A dessert or sweet treat	tortilla
A dessert or sweet treat	tourte
A dessert or sweet treat	truffe
A dessert or sweet treat	viennoiserie
A type of fish	abudefduf
A type of fish	acipenser
A type of fish	actinistiens
A type of fish	age
A type of fish	aiglefin
A type of fish	albacore
A type of fish	alectis
A type of fish	alevin
A type of fish	alose
A type of fish	ammodytidae
A type of fish	anchois
A type of fish	anguille
A type of fish	antennariidae
A type of fish	argentin
A type of fish	baliste
A type of fish	balistidae
A type of fish	balistides
A type of fish	bambin
A type of fish	barbue
A type of fish	barracuda
A type of fish	basse
A type of fish	batrachoididae
A type of fish	beluga
A type of fish	biche
A type of fish	blanchaille
A type of fish	blenniidae
A type of fish	blennioidei
A type of fish	bonite
A type of fish	bramidae
A type of fish	breme
A type of fish	bricoler
A type of fish	brochet
A type of fish	cabillaud
A type of fish	callichthyidae
A type of fish	callionymidae
A type of fish	canot
A type of fish	capelan
A type of fish	capsule
A type of fish	carassin
A type of fish	carboniser
A type of fish	carcharhinidae
A type of fish	carpe
A type of fish	carrelet
A type of fish	centre
A type of fish	centropomidae
A type of fish	chabot
A type of fish	chaetodon
A type of fish	chaetodontidae
A type of fish	chaetodontides
A type of fish	chevaine
A type of fish	chevesne
A type of fish	chinchard
A type of fish	cichlidae
A type of fish	cichlide
A type of fish	civelle
A type of fish	clupea
A type of fish	coelacanthe
A type of fish	coelacanthes
A type of fish	conger
A type of fish	congre
A type of fish	congres
A type of fish	cottus
A type of fish	cyclopteridae
A type of fish	cynoglossidae
A type of fish	dasyatidae
A type of fish	dasyatide
A type of fish	dauphin
A type of fish	dco
A type of fish	demoiselle
A type of fish	deriveur
A type of fish	dinghy
A type of fish	diodontidae
A type of fish	dipneuste
A type of fish	dipneustes
A type of fish	dipnoi
A type of fish	diversion
A type of fish	dorade
A type of fish	echeneidae
A type of fish	eglefin
A type of fish	elbot
A type of fish	epinephelus
A type of fish	epinoches
A type of fish	equille
A type of fish	espadon
A type of fish	esturgeon
A type of fish	esturgeons
A type of fish	exclusif
A type of fish	exocet
A type of fish	exocoetidae
A type of fish	fistulariidae
A type of fish	fistulariides
A type of fish	flet
A type of fish	fletan
A type of fish	fretin
A type of fish	gambusie
A type of fish	gardon
A type of fish	gasterosteidae
A type of fish	gempylidae
A type of fish	gerreidae
A type of fish	ginglymostoma
A type of fish	gobiidae
A type of fish	goujon
A type of fish	guppy
A type of fish	gymnuridae
A type of fish	hareng
A type of fish	hexanchidae
A type of fish	hippocampe
A type of fish	irradiation
A type of fish	istiophoridae
A type of fish	kyphosidae
A type of fish	labridae
A type of fish	labrides
A type of fish	lamniformes
A type of fish	lampris
A type of fish	lancon
A type of fish	liparidae
A type of fish	lobotidae
A type of fish	lompe
A type of fish	lophiidae
A type of fish	lophiiformes
A type of fish	lote
A type of fish	lotte
A type of fish	luvaridae
A type of fish	luvarus
A type of fish	macrouridae
A type of fish	mademoiselle
A type of fish	mako
A type of fish	maquereau
A type of fish	maraiche
A type of fish	maraudeur
A type of fish	margate
A type of fish	marraiche
A type of fish	maskinonge
A type of fish	merlan
A type of fish	mola
A type of fish	mole
A type of fish	molly
A type of fish	monacanthidae
A type of fish	morse
A type of fish	morue
A type of fish	mullidae
A type of fish	muraenidae
A type of fish	murene
A type of fish	murenes
A type of fish	myctophidae
A type of fish	odontaspididae
A type of fish	orphie
A type of fish	ostariophysi
A type of fish	osteichthyes
A type of fish	osteichtyes
A type of fish	ostraciidae
A type of fish	pastenague
A type of fish	peche
A type of fish	perchaude
A type of fish	perche
A type of fish	periophthalmes
A type of fish	periophthalmus
A type of fish	peristediidae
A type of fish	permettre
A type of fish	pigeonner
A type of fish	piranha
A type of fish	plie
A type of fish	pois
A type of fish	poisson
A type of fish	pollachius
A type of fish	polyodontidae
A type of fish	polyprionidae
A type of fish	pomoxis
A type of fish	predateur
A type of fish	pristidae
A type of fish	rachycentridae
A type of fish	rachycentron
A type of fish	raie
A type of fish	rascasses
A type of fish	rayon
A type of fish	remora
A type of fish	requin
A type of fish	requins
A type of fish	rhinobatidae
A type of fish	rivulus
A type of fish	rotengle
A type of fish	rudd
A type of fish	salmoniculture
A type of fish	sandre
A type of fish	sarda
A type of fish	sardine
A type of fish	saumon
A type of fish	scare
A type of fish	scaridae
A type of fish	scorpaena
A type of fish	scorpaenidae
A type of fish	seriola
A type of fish	seriole
A type of fish	seul
A type of fish	siganus
A type of fish	silure
A type of fish	siluridae
A type of fish	siluride
A type of fish	sphyraena
A type of fish	sphyrnidae
A type of fish	sprat
A type of fish	squale
A type of fish	squatina
A type of fish	squatine
A type of fish	squatiniformes
A type of fish	syngnathus
A type of fish	tambour
A type of fish	tanche
A type of fish	tarpon
A type of fish	tassergal
A type of fish	thon
A type of fish	thonier
A type of fish	tilapia
A type of fish	torpedo
A type of fish	torpille
A type of fish	toxotidae
A type of fish	traverse
A type of fish	trichiuridae
A type of fish	triglidae
A type of fish	truite
A type of fish	turbot
A type of fish	vairon
A type of fish	vandoise
A type of fish	vautour
A type of fish	vielle
A type of fish	youyou
A type of fish	zee
A container	abreuvoir
A container	aisance
A container	alambic
A container	amphore
A container	ampoule
A container	aquarium
A container	armoire
A container	autoclave
A container	autocuiseur
A container	bac
A container	bagage
A container	baignoire
A container	bain
A container	ballon
A container	banane
A container	baptistere
A container	baquet
A container	baratte
A container	baratter
A container	barquette
A container	barrique
A container	bassine
A container	becher
A container	ben
A container	benitier
A container	bidet
A container	boisseau
A container	boite
A container	bouilloire
A container	bouteille
A container	broc
A container	brochure
A container	buffet
A container	burettes
A container	cabaret
A container	cabas
A container	cabillaud
A container	caddy
A container	caisse
A container	calebasse
A container	calice
A container	canette
A container	canon
A container	cantine
A container	capsule
A container	carafe
A container	carafon
A container	carquois
A container	cartable
A container	carton
A container	cas
A container	casse
A container	catafalque
A container	cause
A container	cendrier
A container	cercueil
A container	chaudiere
A container	chaudron
A container	chaussure
A container	chemise
A container	chiotte
A container	chope
A container	citerne
A container	coffre
A container	colis
A container	compact
A container	container
A container	conteneur
A container	corbeille
A container	creuset
A container	crib
A container	cribbage
A container	crypte
A container	cuve
A container	danger
A container	depliant
A container	digesteur
A container	dixie
A container	dossier
A container	dressing
A container	encens
A container	encensoir
A container	encrier
A container	enveloppe
A container	erlenmeyer
A container	etain
A container	etui
A container	evier
A container	exemple
A container	fiole
A container	foliole
A container	fosse
A container	fourreau
A container	frisson
A container	frissonner
A container	fut
A container	gallon
A container	glaciere
A container	gobelet
A container	havresac
A container	hotte
A container	imperial
A container	ise
A container	jacuzzi
A container	kylix
A container	lanceur
A container	lavabo
A container	lavoir
A container	lien
A container	livret
A container	lota
A container	lote
A container	louche
A container	magnum
A container	mallette
A container	manche
A container	manille
A container	matchbox
A container	medaillon
A container	membranophone
A container	membraphone
A container	mortier
A container	morue
A container	nabuchodonosor
A container	ostensoir
A container	pamphlet
A container	panier
A container	paquet
A container	penderie
A container	percolateur
A container	perron
A container	pichet
A container	placard
A container	plateau
A container	plateaux
A container	plieur
A container	plieuse
A container	poche
A container	pochette
A container	poele
A container	poignee
A container	poitrine
A container	portefeuille
A container	portfolio
A container	pot
A container	potiche
A container	poubelle
A container	poudriere
A container	puits
A container	recipient
A container	refroidisseur
A container	repertoire
A container	reservoir
A container	sac
A container	sacoche
A container	saladier
A container	samovar
A container	sarcophage
A container	seau
A container	securite
A container	sein
A container	serviette
A container	silo
A container	soulier
A container	stein
A container	sterilisateur
A container	tabatiere
A container	tambour
A container	tank
A container	tasse
A container	theiere
A container	thermos
A container	thorax
A container	tiroir
A container	tonneau
A container	tonnelet
A container	toolbox
A container	tremblement
A container	tribu
A container	tronc
A container	trousse
A container	tube
A container	tva
A container	urne
A container	vaisseau
A container	valise
A container	valisette
A container	vase
A container	verre
A container	vesicule
A container	vessie
A container	vitrine
A container	voute
A shape	abreuvoir
A shape	aire
A shape	anneau
A shape	antidiamant
A shape	arbre
A shape	arc
A shape	asterisme
A shape	bague
A shape	bande
A shape	bassin
A shape	beignet
A shape	bloc
A shape	boite
A shape	bombe
A shape	bosse
A shape	bout
A shape	cannelure
A shape	carene
A shape	carre
A shape	cercle
A shape	cime
A shape	cladogramme
A shape	coeur
A shape	coin
A shape	cone
A shape	conique
A shape	coniques
A shape	courbe
A shape	couteau
A shape	coyau
A shape	creneau
A shape	crete
A shape	croissant
A shape	croix
A shape	cube
A shape	cylindre
A shape	decagone
A shape	delta
A shape	dent
A shape	depression
A shape	diamant
A shape	disque
A shape	dodecaedre
A shape	dodecagone
A shape	domaine
A shape	dome
A shape	ecossais
A shape	ellipse
A shape	ellipsoide
A shape	enflure
A shape	engrenage
A shape	equateur
A shape	ergot
A shape	escalade
A shape	etincelle
A shape	etoile
A shape	extrusion
A shape	fente
A shape	fissure
A shape	fleche
A shape	flute
A shape	forme
A shape	fosse
A shape	fossette
A shape	gratter
A shape	griffer
A shape	helice
A shape	hemicycle
A shape	hemisphere
A shape	heptagone
A shape	hexaedre
A shape	hexagone
A shape	hexagramme
A shape	hyperbola
A shape	hyperbole
A shape	icosaedre
A shape	impression
A shape	langue
A shape	lat
A shape	ligne
A shape	losange
A shape	marque
A shape	milan
A shape	niche
A shape	noeud
A shape	nonagone
A shape	octaedre
A shape	octogone
A shape	onde
A shape	orbite
A shape	ovale
A shape	ovoide
A shape	parabole
A shape	paraboloide
A shape	pave
A shape	pentacle
A shape	pentaedre
A shape	pentagone
A shape	pentagramme
A shape	pentalpha
A shape	piste
A shape	plat
A shape	platine
A shape	poche
A shape	point
A shape	pointe
A shape	pointeur
A shape	polyedre
A shape	polygone
A shape	prismatoide
A shape	prisme
A shape	projection
A shape	protuberance
A shape	pyramide
A shape	quadrangle
A shape	quadrilatere
A shape	queue
A shape	quille
A shape	rabais
A shape	rainure
A shape	raphe
A shape	recession
A shape	rectangle
A shape	region
A shape	regulier
A shape	rhombe
A shape	rhomboedre
A shape	rhombus
A shape	ride
A shape	rider
A shape	ristourne
A shape	rond
A shape	rouleau
A shape	roulement
A shape	rubrique
A shape	saillie
A shape	secteur
A shape	sein
A shape	sillon
A shape	solide
A shape	sonnerie
A shape	soucoupe
A shape	sphere
A shape	spheroide
A shape	spirale
A shape	star
A shape	tasse
A shape	tete
A shape	tetraedre
A shape	titre
A shape	tore
A shape	trapeze
A shape	trapezoide
A shape	triangle
A shape	tronc
A shape	undecagone
A shape	vague
A shape	ventre
A shape	verrue
A shape	whisky
A shape	zigzag
A shape	zone
A herb or spice	abaca
A herb or spice	acanthe
A herb or spice	acanthus
A herb or spice	achillea
A herb or spice	achillee
A herb or spice	acleisanthes
A herb or spice	agrimonia
A herb or spice	agripaume
A herb or spice	aigremoine
A herb or spice	ail
A herb or spice	aioli
A herb or spice	aldrovanda
A herb or spice	alexandre
A herb or spice	alkekenge
A herb or spice	allemande
A herb or spice	alliaire
A herb or spice	alocasia
A herb or spice	alpiste
A herb or spice	alto
A herb or spice	alyssum
A herb or spice	amarante
A herb or spice	amas
A herb or spice	amidonnier
A herb or spice	amorphophallus
A herb or spice	ana
A herb or spice	ananas
A herb or spice	anchusa
A herb or spice	aneth
A herb or spice	angelique
A herb or spice	anis
A herb or spice	arabette
A herb or spice	arabidopsis
A herb or spice	arachide
A herb or spice	archange
A herb or spice	argemone
A herb or spice	arnica
A herb or spice	aromate
A herb or spice	aromatisant
A herb or spice	arroche
A herb or spice	artichaut
A herb or spice	arum
A herb or spice	asaret
A herb or spice	asarets
A herb or spice	aspartame
A herb or spice	asperge
A herb or spice	aspidistra
A herb or spice	assaisonnement
A herb or spice	astilbe
A herb or spice	astrance
A herb or spice	astrances
A herb or spice	astrantia
A herb or spice	aubergine
A herb or spice	autruche
A herb or spice	avena
A herb or spice	avoine
A herb or spice	ayapana
A herb or spice	baie
A herb or spice	ballote
A herb or spice	bambou
A herb or spice	banane
A herb or spice	bananier
A herb or spice	basilic
A herb or spice	bearnaise
A herb or spice	belladone
A herb or spice	benny
A herb or spice	berberidaceae
A herb or spice	berce
A herb or spice	bercy
A herb or spice	bergenia
A herb or spice	bette
A herb or spice	betterave
A herb or spice	blanchette
A herb or spice	ble
A herb or spice	blette
A herb or spice	boursette
A herb or spice	brocoli
A herb or spice	brome
A herb or spice	cacahuete
A herb or spice	camomille
A herb or spice	campanula
A herb or spice	campanule
A herb or spice	campanules
A herb or spice	canna
A herb or spice	canne
A herb or spice	cannelier
A herb or spice	cannelle
A herb or spice	capselle
A herb or spice	capucine
A herb or spice	caramel
A herb or spice	carbonara
A herb or spice	cardamine
A herb or spice	cardamome
A herb or spice	cardere
A herb or spice	cardinales
A herb or spice	cardon
A herb or spice	cari
A herb or spice	carotte
A herb or spice	carvi
A herb or spice	cataire
A herb or spice	celeri
A herb or spice	cereale
A herb or spice	cerfeuil
A herb or spice	chaenactis
A herb or spice	charite
A herb or spice	chatni
A herb or spice	chicoree
A herb or spice	chiendent
A herb or spice	chili
A herb or spice	chou
A herb or spice	chutney
A herb or spice	ciboulette
A herb or spice	cive
A herb or spice	clairette
A herb or spice	clairon
A herb or spice	cleome
A herb or spice	colbert
A herb or spice	coleus
A herb or spice	colocase
A herb or spice	columbo
A herb or spice	colza
A herb or spice	condiment
A herb or spice	conflore
A herb or spice	congo
A herb or spice	coquelicot
A herb or spice	coreopsis
A herb or spice	coriandre
A herb or spice	cornichon
A herb or spice	coucou
A herb or spice	cresson
A herb or spice	crotalaria
A herb or spice	cumin
A herb or spice	curcuma
A herb or spice	curry
A herb or spice	daikon
A herb or spice	darse
A herb or spice	daucus
A herb or spice	dentaire
A herb or spice	dictame
A herb or spice	digitale
A herb or spice	diplotaxis
A herb or spice	doucette
A herb or spice	draba
A herb or spice	draves
A herb or spice	drosera
A herb or spice	droseras
A herb or spice	edulcorant
A herb or spice	eleusine
A herb or spice	elsholtzia
A herb or spice	endive
A herb or spice	epeautre
A herb or spice	epice
A herb or spice	epilobe
A herb or spice	epinard
A herb or spice	epingle
A herb or spice	estragon
A herb or spice	fenouil
A herb or spice	fenugrec
A herb or spice	fetuque
A herb or spice	feve
A herb or spice	frais
A herb or spice	fraise
A herb or spice	fraisier
A herb or spice	froment
A herb or spice	fromental
A herb or spice	fumeterre
A herb or spice	fusee
A herb or spice	galaxie
A herb or spice	ganteline
A herb or spice	genevrier
A herb or spice	genlisea
A herb or spice	geranium
A herb or spice	gesneria
A herb or spice	gingembre
A herb or spice	ginseng
A herb or spice	girofle
A herb or spice	giroflier
A herb or spice	gombo
A herb or spice	graphite
A herb or spice	grassette
A herb or spice	grenadine
A herb or spice	grenouillette
A herb or spice	guacamole
A herb or spice	guede
A herb or spice	haricot
A herb or spice	herbe
A herb or spice	honnetete
A herb or spice	houmous
A herb or spice	humus
A herb or spice	hysope
A herb or spice	hyssopus
A herb or spice	imperatoire
A herb or spice	inula
A herb or spice	ivraie
A herb or spice	jus
A herb or spice	jusquiame
A herb or spice	ketchup
A herb or spice	kniphofia
A herb or spice	krigia
A herb or spice	laitue
A herb or spice	lathraea
A herb or spice	lathree
A herb or spice	laurier
A herb or spice	lavande
A herb or spice	legume
A herb or spice	lentille
A herb or spice	lin
A herb or spice	liveche
A herb or spice	lobelia
A herb or spice	lobelies
A herb or spice	lot
A herb or spice	lucerne
A herb or spice	luzerne
A herb or spice	maceron
A herb or spice	mache
A herb or spice	macis
A herb or spice	mais
A herb or spice	mandragore
A herb or spice	maniguette
A herb or spice	margarine
A herb or spice	marge
A herb or spice	marinade
A herb or spice	marjolaine
A herb or spice	martynia
A herb or spice	masse
A herb or spice	mayonnaise
A herb or spice	melasse
A herb or spice	menthe
A herb or spice	miel
A herb or spice	millefeuille
A herb or spice	millet
A herb or spice	milo
A herb or spice	moka
A herb or spice	mole
A herb or spice	molene
A herb or spice	molenes
A herb or spice	monarda
A herb or spice	monarde
A herb or spice	montagne
A herb or spice	morgeline
A herb or spice	mouron
A herb or spice	moutarde
A herb or spice	muscadier
A herb or spice	myosotis
A herb or spice	nantua
A herb or spice	navet
A herb or spice	nepeta
A herb or spice	olive
A herb or spice	onobrychis
A herb or spice	oolong
A herb or spice	oreillette
A herb or spice	orge
A herb or spice	origan
A herb or spice	origanum
A herb or spice	orpin
A herb or spice	oseille
A herb or spice	ostruche
A herb or spice	oxalis
A herb or spice	panais
A herb or spice	paprika
A herb or spice	paradisier
A herb or spice	parfum
A herb or spice	paspalum
A herb or spice	pate
A herb or spice	pavot
A herb or spice	pavots
A herb or spice	pelargonium
A herb or spice	pensee
A herb or spice	persil
A herb or spice	petasite
A herb or spice	petasites
A herb or spice	phlox
A herb or spice	phragmite
A herb or spice	physostegia
A herb or spice	phytolacca
A herb or spice	phytolaques
A herb or spice	piccalilli
A herb or spice	piloselle
A herb or spice	piment
A herb or spice	pissenlit
A herb or spice	plantain
A herb or spice	plumbago
A herb or spice	poiree
A herb or spice	pois
A herb or spice	poivre
A herb or spice	poivrier
A herb or spice	poivron
A herb or spice	polemonium
A herb or spice	pourpier
A herb or spice	primevere
A herb or spice	primeveres
A herb or spice	primula
A herb or spice	pur
A herb or spice	pyrola
A herb or spice	radis
A herb or spice	raifort
A herb or spice	raiponce
A herb or spice	ramie
A herb or spice	rampon
A herb or spice	reglisse
A herb or spice	relish
A herb or spice	renoncule
A herb or spice	reseda
A herb or spice	resedas
A herb or spice	rhubarbe
A herb or spice	rhus
A herb or spice	riz
A herb or spice	romarin
A herb or spice	roquette
A herb or spice	roridulaceae
A herb or spice	roseau
A herb or spice	rossolis
A herb or spice	rutabaga
A herb or spice	saccharine
A herb or spice	safran
A herb or spice	sage
A herb or spice	sainfoin
A herb or spice	salade
A herb or spice	saler
A herb or spice	salsa
A herb or spice	salvia
A herb or spice	sanicle
A herb or spice	sanve
A herb or spice	sarrasin
A herb or spice	sarriette
A herb or spice	sauce
A herb or spice	sauge
A herb or spice	sauges
A herb or spice	saxifrage
A herb or spice	saxifrages
A herb or spice	scorsonere
A herb or spice	sedum
A herb or spice	seigle
A herb or spice	sel
A herb or spice	seneve
A herb or spice	serpolet
A herb or spice	sesame
A herb or spice	sesbania
A herb or spice	shoyu
A herb or spice	simple
A herb or spice	simplification
A herb or spice	sirop
A herb or spice	soja
A herb or spice	sorgho
A herb or spice	sorgo
A herb or spice	stapelia
A herb or spice	sucre
A herb or spice	sumac
A herb or spice	surelle
A herb or spice	tabac
A herb or spice	tahine
A herb or spice	tahini
A herb or spice	tapenade
A herb or spice	taraxacum
A herb or spice	taupe
A herb or spice	teff
A herb or spice	tehina
A herb or spice	the
A herb or spice	thym
A herb or spice	tomate
A herb or spice	torche
A herb or spice	trefle
A herb or spice	trefles
A herb or spice	tritoma
A herb or spice	tropaeolum
A herb or spice	uda
A herb or spice	utriculaire
A herb or spice	utriculaires
A herb or spice	utricularia
A herb or spice	valerianelle
A herb or spice	vanille
A herb or spice	vegetal
A herb or spice	veluette
A herb or spice	vernonia
A herb or spice	vesce
A herb or spice	vinaigre
A herb or spice	vinaigrette
A herb or spice	viol
A herb or spice	violet
A herb or spice	violette
A herb or spice	worcestershire
A herb or spice	wulong
A herb or spice	zizanie
A herb or spice	zoysia
A type of fabric	acetate
A type of fabric	alligator
A type of fabric	alpaga
A type of fabric	ankara
A type of fabric	arachneen
A type of fabric	bache
A type of fabric	balbriggan
A type of fabric	baldaquin
A type of fabric	bandana
A type of fabric	batiste
A type of fabric	bavoir
A type of fabric	boiteux
A type of fabric	brocart
A type of fabric	cachemire
A type of fabric	camo
A type of fabric	camouflage
A type of fabric	canard
A type of fabric	cane
A type of fabric	cannabis
A type of fabric	caoutchouc
A type of fabric	carcan
A type of fabric	ceinturage
A type of fabric	chambray
A type of fabric	chamois
A type of fabric	chantoung
A type of fabric	chanvre
A type of fabric	chevelure
A type of fabric	cheveu
A type of fabric	chevreau
A type of fabric	chiffon
A type of fabric	chinchilla
A type of fabric	chintz
A type of fabric	coton
A type of fabric	couche
A type of fabric	cretonne
A type of fabric	crinoline
A type of fabric	cube
A type of fabric	cuir
A type of fabric	daim
A type of fabric	damas
A type of fabric	dentelle
A type of fabric	edison
A type of fabric	elasthanne
A type of fabric	enfant
A type of fabric	etamine
A type of fabric	etoffe
A type of fabric	feu
A type of fabric	feutre
A type of fabric	fibre
A type of fabric	flanelle
A type of fabric	flash
A type of fabric	foc
A type of fabric	frise
A type of fabric	gabardine
A type of fabric	gaze
A type of fabric	grain
A type of fabric	haillon
A type of fabric	huck
A type of fabric	hunier
A type of fabric	isard
A type of fabric	jean
A type of fabric	jersey
A type of fabric	joug
A type of fabric	jute
A type of fabric	kaki
A type of fabric	lacet
A type of fabric	laine
A type of fabric	lambeau
A type of fabric	langer
A type of fabric	latex
A type of fabric	lavette
A type of fabric	levant
A type of fabric	levis
A type of fabric	lin
A type of fabric	linge
A type of fabric	lungi
A type of fabric	madras
A type of fabric	maille
A type of fabric	maroc
A type of fabric	marseille
A type of fabric	matiere
A type of fabric	mohair
A type of fabric	moka
A type of fabric	mollet
A type of fabric	moquette
A type of fabric	mouchoir
A type of fabric	mousseline
A type of fabric	neoprene
A type of fabric	nylon
A type of fabric	ouate
A type of fabric	paisley
A type of fabric	paterson
A type of fabric	peau
A type of fabric	peluche
A type of fabric	percale
A type of fabric	perroquet
A type of fabric	plafond
A type of fabric	poil
A type of fabric	polyester
A type of fabric	popeline
A type of fabric	quart
A type of fabric	rayonne
A type of fabric	reseau
A type of fabric	royal
A type of fabric	satin
A type of fabric	selle
A type of fabric	seller
A type of fabric	serge
A type of fabric	serviette
A type of fabric	shirting
A type of fabric	silesie
A type of fabric	similicuir
A type of fabric	skai
A type of fabric	soie
A type of fabric	solde
A type of fabric	spinnaker
A type of fabric	suede
A type of fabric	suedine
A type of fabric	superieur
A type of fabric	synthetique
A type of fabric	taffetas
A type of fabric	talon
A type of fabric	tapisserie
A type of fabric	tartan
A type of fabric	tartane
A type of fabric	tenue
A type of fabric	terry
A type of fabric	textile
A type of fabric	tissu
A type of fabric	toile
A type of fabric	toison
A type of fabric	torchon
A type of fabric	train
A type of fabric	tricot
A type of fabric	tricoter
A type of fabric	tulle
A type of fabric	tweed
A type of fabric	vachette
A type of fabric	veau
A type of fabric	velcro
A type of fabric	velours
A type of fabric	vinyle
A type of fabric	viyella
A type of fabric	voilage
A type of fabric	voile
A word meaning big	ample
A word meaning big	ampoule
A word meaning big	astronomique
A word meaning big	bombastique
A word meaning big	boursoufle
A word meaning big	colossal
A word meaning big	considerable
A word meaning big	corpulent
A word meaning big	cosmique
A word meaning big	double
A word meaning big	elephantesque
A word meaning big	elephantin
A word meaning big	elephantine
A word meaning big	enfle
A word meaning big	enorme
A word meaning big	epique
A word meaning big	epopee
A word meaning big	etendu
A word meaning big	faramineux
A word meaning big	galactique
A word meaning big	gargantuesque
A word meaning big	geant
A word meaning big	gigantesque
A word meaning big	grand
A word meaning big	grande
A word meaning big	grave
A word meaning big	gros
A word meaning big	grosse
A word meaning big	heroique
A word meaning big	immense
A word meaning big	important
A word meaning big	intense
A word meaning big	large
A word meaning big	macro
A word meaning big	majeur
A word meaning big	mammouth
A word meaning big	massif
A word meaning big	monstrueux
A word meaning big	montagneux
A word meaning big	monumental
A word meaning big	nombreux
A word meaning big	pompeux
A word meaning big	profond
A word meaning big	rhetorique
A word meaning big	sensible
A word meaning big	significatif
A word meaning big	superieur
A word meaning big	surdimensionne
A word meaning big	titanesque
A word meaning big	vaste
A word meaning big	volumineux
A word meaning small	atomique
A word meaning small	court
A word meaning small	courte
A word meaning small	diminutif
A word meaning small	etroit
A word meaning small	faible
A word meaning small	immature
A word meaning small	infime
A word meaning small	infinitesimal
A word meaning small	jeune
A word meaning small	lilliputien
A word meaning small	limite
A word meaning small	menu
A word meaning small	microscopique
A word meaning small	mineur
A word meaning small	mini
A word meaning small	minime
A word meaning small	minuscule
A word meaning small	minute
A word meaning small	modeste
A word meaning small	moindre
A word meaning small	nain
A word meaning small	petit
A word meaning small	petite
A word meaning small	svelte
A word meaning small	tatasse
A word meaning small	trivial
A word meaning angry	aberrant
A word meaning angry	atroce
A word meaning angry	blanc
A word meaning angry	cendre
A word meaning angry	clair
A word meaning angry	colerique
A word meaning angry	courrouce
A word meaning angry	dement
A word meaning angry	enerve
A word meaning angry	enrage
A word meaning angry	eperdu
A word meaning angry	fache
A word meaning angry	fachee
A word meaning angry	farouche
A word meaning angry	feroce
A word meaning angry	fou
A word meaning angry	furieuse
A word meaning angry	furieux
A word meaning angry	incolore
A word meaning angry	indigne
A word meaning angry	insane
A word meaning angry	irascible
A word meaning angry	irrite
A word meaning angry	lumiere
A word meaning angry	lumineux
A word meaning angry	noir
A word meaning angry	sauvage
A word meaning angry	susceptible
A word meaning angry	tempetueux
A word meaning angry	violent
A word meaning cold	ablette
A word meaning cold	arctique
A word meaning cold	cool
A word meaning cold	cru
A word meaning cold	fissa
A word meaning cold	fraiche
A word meaning cold	frais
A word meaning cold	frigide
A word meaning cold	frisquet
A word meaning cold	froid
A word meaning cold	froide
A word meaning cold	gele
A word meaning cold	glace
A word meaning cold	glacial
A word meaning cold	hivernal
A word meaning cold	inamical
A word meaning cold	polaire
A word meaning cold	rassis
A word meaning cold	rhume
