Something you find in a kitchen	aal
Something you find in a kitchen	abbelwoi
Something you find in a kitchen	abbildung
Something you find in a kitchen	absinth
Something you find in a kitchen	absinthe
Something you find in a kitchen	abstellbrett
Something you find in a kitchen	abwasch
Something you find in a kitchen	abwaschbecken
Something you find in a kitchen	abwrackkarre
Something you find in a kitchen	ackersalat
Something you find in a kitchen	adamsapfel
Something you find in a kitchen	affenbrot
Something you find in a kitchen	affeneis
Something you find in a kitchen	affenhandy
Something you find in a kitchen	affenknacker
Something you find in a kitchen	affenkotelett
Something you find in a kitchen	affenschnitzel
Something you find in a kitchen	affensteak
Something you find in a kitchen	akanthus
Something you find in a kitchen	ale
Something you find in a kitchen	alk
Something you find in a kitchen	alkohol
Something you find in a kitchen	alkoholika
Something you find in a kitchen	allerlei
Something you find in a kitchen	allesschreiber
Something you find in a kitchen	alsem
Something you find in a kitchen	altar
Something you find in a kitchen	altmaterial
Something you find in a kitchen	altwaren
Something you find in a kitchen	amaretto
Something you find in a kitchen	amer
Something you find in a kitchen	ananas
Something you find in a kitchen	anis
Something you find in a kitchen	anisium
Something you find in a kitchen	anisschnaps
Something you find in a kitchen	anken
Something you find in a kitchen	aperitif
Something you find in a kitchen	apero
Something you find in a kitchen	apfel
Something you find in a kitchen	apfelbrei
Something you find in a kitchen	apfelfrucht
Something you find in a kitchen	apfelkoch
Something you find in a kitchen	apfelkompott
Something you find in a kitchen	apfelmost
Something you find in a kitchen	apfelmus
Something you find in a kitchen	apfelwein
Something you find in a kitchen	appetitanreger
Something you find in a kitchen	appetizer
Something you find in a kitchen	aprikose
Something you find in a kitchen	aqua
Something you find in a kitchen	arak
Something you find in a kitchen	arbeitstisch
Something you find in a kitchen	aroma
Something you find in a kitchen	aschlauch
Something you find in a kitchen	askalonzwiebel
Something you find in a kitchen	auflauf
Something you find in a kitchen	aufsichtsrat
Something you find in a kitchen	augendeckel
Something you find in a kitchen	augenkanne
Something you find in a kitchen	augenlid
Something you find in a kitchen	ausschank
Something you find in a kitchen	austrieb
Something you find in a kitchen	backofen
Something you find in a kitchen	backwaren
Something you find in a kitchen	backwerk
Something you find in a kitchen	bagel
Something you find in a kitchen	ballerbruhe
Something you find in a kitchen	ballschutz
Something you find in a kitchen	banane
Something you find in a kitchen	bandnudeln
Something you find in a kitchen	bar
Something you find in a kitchen	barendreck
Something you find in a kitchen	barenklau
Something you find in a kitchen	barenzucker
Something you find in a kitchen	barlapp
Something you find in a kitchen	batate
Something you find in a kitchen	baumnuss
Something you find in a kitchen	bechamelsauce
Something you find in a kitchen	bechamelsosse
Something you find in a kitchen	becherglas
Something you find in a kitchen	beefsteak
Something you find in a kitchen	beigabe
Something you find in a kitchen	beinheil
Something you find in a kitchen	beinwell
Something you find in a kitchen	beinwurz
Something you find in a kitchen	beirat
Something you find in a kitchen	beize
Something you find in a kitchen	berliner
Something you find in a kitchen	beschleuniger
Something you find in a kitchen	besteck
Something you find in a kitchen	beugel
Something you find in a kitchen	bickbeere
Something you find in a kitchen	bienenkraut
Something you find in a kitchen	bier
Something you find in a kitchen	bierbembel
Something you find in a kitchen	bierbong
Something you find in a kitchen	bierkrug
Something you find in a kitchen	bierrutsche
Something you find in a kitchen	bierseidel
Something you find in a kitchen	biersturzer
Something you find in a kitchen	bimbeskanzler
Something you find in a kitchen	birne
Something you find in a kitchen	biskotte
Something you find in a kitchen	biskuit
Something you find in a kitchen	bitter
Something you find in a kitchen	bitterschnaps
Something you find in a kitchen	blasenkirsche
Something you find in a kitchen	blattkohl
Something you find in a kitchen	blaubeere
Something you find in a kitchen	blaukraut
Something you find in a kitchen	blumenkohl
Something you find in a kitchen	blumenzwiebel
Something you find in a kitchen	blutenkohl
Something you find in a kitchen	bockbier
Something you find in a kitchen	bodenkohlrabi
Something you find in a kitchen	bohne
Something you find in a kitchen	bohnenkase
Something you find in a kitchen	bohnenquark
Something you find in a kitchen	bolkstoff
Something you find in a kitchen	bomsken
Something you find in a kitchen	bonbon
Something you find in a kitchen	bonbonsirup
Something you find in a kitchen	bonus
Something you find in a kitchen	bootleg
Something you find in a kitchen	bord
Something you find in a kitchen	borretsch
Something you find in a kitchen	bouillon
Something you find in a kitchen	branntwein
Something you find in a kitchen	brassicaceae
Something you find in a kitchen	brathahnchen
Something you find in a kitchen	brathuhn
Something you find in a kitchen	bratklops
Something you find in a kitchen	bratklosschen
Something you find in a kitchen	bratrost
Something you find in a kitchen	bratwurst
Something you find in a kitchen	braunkohl
Something you find in a kitchen	brause
Something you find in a kitchen	brei
Something you find in a kitchen	breitlauch
Something you find in a kitchen	bretzel
Something you find in a kitchen	breze
Something you find in a kitchen	brezel
Something you find in a kitchen	brezn
Something you find in a kitchen	bries
Something you find in a kitchen	brisolette
Something you find in a kitchen	broccoli
Something you find in a kitchen	brockelkohl
Something you find in a kitchen	broiler
Something you find in a kitchen	brokkoli
Something you find in a kitchen	brot
Something you find in a kitchen	brotchen
Something you find in a kitchen	brotlaib
Something you find in a kitchen	bruhe
Something you find in a kitchen	bruttogewicht
Something you find in a kitchen	bucherbord
Something you find in a kitchen	bucherbrett
Something you find in a kitchen	buchweizen
Something you find in a kitchen	bucking
Something you find in a kitchen	buckling
Something you find in a kitchen	bulette
Something you find in a kitchen	bulle
Something you find in a kitchen	bummerlsalat
Something you find in a kitchen	bumskopf
Something you find in a kitchen	burger
Something you find in a kitchen	burokraft
Something you find in a kitchen	butter
Something you find in a kitchen	buttertruffel
Something you find in a kitchen	callgirl
Something you find in a kitchen	canape
Something you find in a kitchen	cappuccino
Something you find in a kitchen	cashewbaum
Something you find in a kitchen	cephalopod
Something you find in a kitchen	champagner
Something you find in a kitchen	cherrytomate
Something you find in a kitchen	chicoree
Something you find in a kitchen	chili
Something you find in a kitchen	chinagras
Something you find in a kitchen	chinaschilf
Something you find in a kitchen	chnobli
Something you find in a kitchen	chutney
Something you find in a kitchen	citrone
Something you find in a kitchen	clementine
Something you find in a kitchen	cocktail
Something you find in a kitchen	cocktailtomate
Something you find in a kitchen	cognac
Something you find in a kitchen	coke
Something you find in a kitchen	cola
Something you find in a kitchen	couscous
Something you find in a kitchen	couverture
Something you find in a kitchen	cowboyfilm
Something you find in a kitchen	creme
Something you find in a kitchen	crepe
Something you find in a kitchen	croissant
Something you find in a kitchen	cruciferae
Something you find in a kitchen	dambedei
Something you find in a kitchen	dampfgarer
Something you find in a kitchen	datensatz
Something you find in a kitchen	datum
Something you find in a kitchen	dauerlutscher
Something you find in a kitchen	dekanter
Something you find in a kitchen	delikatessen
Something you find in a kitchen	dessert
Something you find in a kitchen	dessertbanane
Something you find in a kitchen	diagramm
Something you find in a kitchen	dill
Something you find in a kitchen	dille
Something you find in a kitchen	dillkraut
Something you find in a kitchen	dip
Something you find in a kitchen	dirne
Something you find in a kitchen	donut
Something you find in a kitchen	dope
Something you find in a kitchen	dorfmatratze
Something you find in a kitchen	dorrfleisch
Something you find in a kitchen	dose
Something you find in a kitchen	dost
Something you find in a kitchen	doughnut
Something you find in a kitchen	draufgabe
Something you find in a kitchen	dreingabe
Something you find in a kitchen	dressing
Something you find in a kitchen	drosera
Something you find in a kitchen	druckbehalter
Something you find in a kitchen	drudenfuss
Something you find in a kitchen	drudenkraut
Something you find in a kitchen	durian
Something you find in a kitchen	durianbaum
Something you find in a kitchen	ebbelwoi
Something you find in a kitchen	edelnutte
Something you find in a kitchen	edelzwiebel
Something you find in a kitchen	eidotter
Something you find in a kitchen	eierauflauf
Something you find in a kitchen	eierbecher
Something you find in a kitchen	eierkuchen
Something you find in a kitchen	eierpuffer
Something you find in a kitchen	eigelb
Something you find in a kitchen	einbrenn
Something you find in a kitchen	einbrenne
Something you find in a kitchen	eingeweide
Something you find in a kitchen	eintopf
Something you find in a kitchen	eintopfgericht
Something you find in a kitchen	eintragung
Something you find in a kitchen	eis
Something you find in a kitchen	eisbecher
Something you find in a kitchen	eisbergsalat
Something you find in a kitchen	eiscreme
Something you find in a kitchen	eiskasten
Something you find in a kitchen	eiskrem
Something you find in a kitchen	eiskreme
Something you find in a kitchen	eissalat
Something you find in a kitchen	eisschrank
Something you find in a kitchen	elefantengras
Something you find in a kitchen	elixier
Something you find in a kitchen	eller
Something you find in a kitchen	ellhorn
Something you find in a kitchen	ente
Something you find in a kitchen	entkleidung
Something you find in a kitchen	entsafter
Something you find in a kitchen	entsorgung
Something you find in a kitchen	erdapfelpuffer
Something you find in a kitchen	erdbeere
Something you find in a kitchen	erdkohlrabi
Something you find in a kitchen	erdnussbutter
Something you find in a kitchen	erdnusspaste
Something you find in a kitchen	erektion
Something you find in a kitchen	erganzung
Something you find in a kitchen	eschalotte
Something you find in a kitchen	eschlauch
Something you find in a kitchen	escort
Something you find in a kitchen	escortgirl
Something you find in a kitchen	espresso
Something you find in a kitchen	essbesteck
Something you find in a kitchen	essen
Something you find in a kitchen	essiggurke
Something you find in a kitchen	essloffel
Something you find in a kitchen	esssachen
Something you find in a kitchen	esswaren
Something you find in a kitchen	extra
Something you find in a kitchen	fabaceae
Something you find in a kitchen	fach
Something you find in a kitchen	farberdistel
Something you find in a kitchen	farberwaid
Something you find in a kitchen	farbstoff
Something you find in a kitchen	faschiertes
Something you find in a kitchen	faserhirse
Something you find in a kitchen	fastnacht
Something you find in a kitchen	fastnachtszeit
Something you find in a kitchen	federvieh
Something you find in a kitchen	feinkost
Something you find in a kitchen	feinzucker
Something you find in a kitchen	felderbse
Something you find in a kitchen	feldhase
Something you find in a kitchen	feldsalat
Something you find in a kitchen	feuerwasser
Something you find in a kitchen	filet
Something you find in a kitchen	fisch
Something you find in a kitchen	flachs
Something you find in a kitchen	fladle
Something you find in a kitchen	flaschenkurbis
Something you find in a kitchen	flattermann
Something you find in a kitchen	fleisch
Something you find in a kitchen	fleischklops
Something you find in a kitchen	fleischkloss
Something you find in a kitchen	fleischkuchla
Something you find in a kitchen	fleischkuchle
Something you find in a kitchen	fleischlaberl
Something you find in a kitchen	fleischlaiberl
Something you find in a kitchen	fleischlauch
Something you find in a kitchen	fleischspiess
Something you find in a kitchen	fliese
Something you find in a kitchen	flosse
Something you find in a kitchen	flussigbrot
Something you find in a kitchen	folie
Something you find in a kitchen	fondant
Something you find in a kitchen	forke
Something you find in a kitchen	fotze
Something you find in a kitchen	fressalien
Something you find in a kitchen	freudenmadchen
Something you find in a kitchen	frikadelle
Something you find in a kitchen	fritten
Something you find in a kitchen	fritter
Something you find in a kitchen	frucht
Something you find in a kitchen	fruchtpresse
Something you find in a kitchen	fruchtwein
Something you find in a kitchen	fusel
Something you find in a kitchen	futterhirse
Something you find in a kitchen	gabel
Something you find in a kitchen	gallert
Something you find in a kitchen	gallerte
Something you find in a kitchen	ganja
Something you find in a kitchen	gartenerdbeere
Something you find in a kitchen	gashaxn
Something you find in a kitchen	geback
Something you find in a kitchen	gebrau
Something you find in a kitchen	gedarme
Something you find in a kitchen	gefrierschrank
Something you find in a kitchen	gefriertruhe
Something you find in a kitchen	gehacktes
Something you find in a kitchen	gehackteskloss
Something you find in a kitchen	geissfuss
Something you find in a kitchen	gelatine
Something you find in a kitchen	gelbrube
Something you find in a kitchen	gelbwurz
Something you find in a kitchen	geldkasse
Something you find in a kitchen	geldkassette
Something you find in a kitchen	geldkasten
Something you find in a kitchen	geldschublade
Something you find in a kitchen	gelee
Something you find in a kitchen	gemenge
Something you find in a kitchen	gemisch
Something you find in a kitchen	gemurmel
Something you find in a kitchen	gemuse
Something you find in a kitchen	gemusespargel
Something you find in a kitchen	genick
Something you find in a kitchen	genitalschutz
Something you find in a kitchen	gerstensaft
Something you find in a kitchen	geschirr
Something you find in a kitchen	geschirrspuler
Something you find in a kitchen	geschling
Something you find in a kitchen	gespritzter
Something you find in a kitchen	gewiegtes
Something you find in a kitchen	gewurz
Something you find in a kitchen	gewurzgurke
Something you find in a kitchen	gewurzkuchen
Something you find in a kitchen	gichtmoos
Something you find in a kitchen	gin
Something you find in a kitchen	gipfel
Something you find in a kitchen	glace
Something you find in a kitchen	glas
Something you find in a kitchen	glucke
Something you find in a kitchen	gluckhenne
Something you find in a kitchen	glucosesirup
Something you find in a kitchen	glukosesirup
Something you find in a kitchen	glykosesirup
Something you find in a kitchen	gnocchi
Something you find in a kitchen	goashaxn
Something you find in a kitchen	goldbroiler
Something you find in a kitchen	goliath
Something you find in a kitchen	gollasch
Something you find in a kitchen	gotterspeise
Something you find in a kitchen	goulasch
Something you find in a kitchen	granatapfel
Something you find in a kitchen	grapefrucht
Something you find in a kitchen	grapefruit
Something you find in a kitchen	grappa
Something you find in a kitchen	gras
Something you find in a kitchen	graspflanze
Something you find in a kitchen	grattimann
Something you find in a kitchen	greifhand
Something you find in a kitchen	grenadine
Something you find in a kitchen	grill
Something you find in a kitchen	grilletta
Something you find in a kitchen	grillhahnchen
Something you find in a kitchen	grillwurst
Something you find in a kitchen	grittibanz
Something you find in a kitchen	grubengold
Something you find in a kitchen	grunes
Something you find in a kitchen	grunkohl
Something you find in a kitchen	grunzeug
Something you find in a kitchen	grunzochse
Something you find in a kitchen	gsalz
Something you find in a kitchen	gujasch
Something you find in a kitchen	gulasch
Something you find in a kitchen	gulyas
Something you find in a kitchen	gummiadler
Something you find in a kitchen	gurke
Something you find in a kitchen	gurkenkraut
Something you find in a kitchen	guts
Something you find in a kitchen	hack
Something you find in a kitchen	hackfleisch
Something you find in a kitchen	hackhuller
Something you find in a kitchen	hackplatzli
Something you find in a kitchen	hacktatschli
Something you find in a kitchen	haferbrei
Something you find in a kitchen	haferschleim
Something you find in a kitchen	hafersuppe
Something you find in a kitchen	haggis
Something you find in a kitchen	hahn
Something you find in a kitchen	hahnchen
Something you find in a kitchen	halbimmergrun
Something you find in a kitchen	hals
Something you find in a kitchen	halsbonbon
Something you find in a kitchen	hamburger
Something you find in a kitchen	hand
Something you find in a kitchen	handtuch
Something you find in a kitchen	happchen
Something you find in a kitchen	harnkraut
Something you find in a kitchen	hartgeldnutte
Something you find in a kitchen	hartheu
Something you find in a kitchen	haschee
Something you find in a kitchen	hase
Something you find in a kitchen	hasenlaub
Something you find in a kitchen	hauptgang
Something you find in a kitchen	hauptgericht
Something you find in a kitchen	hauptspeise
Something you find in a kitchen	hefegeback
Something you find in a kitchen	hefekerl
Something you find in a kitchen	heidekorn
Something you find in a kitchen	heidelbeere
Something you find in a kitchen	heiltrank
Something you find in a kitchen	hendel
Something you find in a kitchen	hendl
Something you find in a kitchen	henkel
Something you find in a kitchen	henne
Something you find in a kitchen	herd
Something you find in a kitchen	herdplatte
Something you find in a kitchen	herkuleskraut
Something you find in a kitchen	herkulesstaude
Something you find in a kitchen	hermel
Something you find in a kitchen	hermelin
Something you find in a kitchen	hermunzel
Something you find in a kitchen	herrgottsblut
Something you find in a kitchen	hetare
Something you find in a kitchen	hexenkraut
Something you find in a kitchen	hirse
Something you find in a kitchen	hobelbank
Something you find in a kitchen	hocker
Something you find in a kitchen	hodenschutz
Something you find in a kitchen	holder
Something you find in a kitchen	holler
Something you find in a kitchen	holunder
Something you find in a kitchen	honigkuchen
Something you find in a kitchen	honigwein
Something you find in a kitchen	hopfentee
Something you find in a kitchen	hoppel
Something you find in a kitchen	hoppler
Something you find in a kitchen	horizontale
Something you find in a kitchen	hornchen
Something you find in a kitchen	huhn
Something you find in a kitchen	huller
Something you find in a kitchen	hulsenfruchte
Something you find in a kitchen	humpen
Something you find in a kitchen	hundeblume
Something you find in a kitchen	hune
Something you find in a kitchen	hunengestalt
Something you find in a kitchen	hure
Something you find in a kitchen	hustenbonbon
Something you find in a kitchen	hypericum
Something you find in a kitchen	ingrediens
Something you find in a kitchen	ingredienz
Something you find in a kitchen	innereien
Something you find in a kitchen	interesse
Something you find in a kitchen	isoglukose
Something you find in a kitchen	isolierflasche
Something you find in a kitchen	jackbaumfrucht
Something you find in a kitchen	jackfrucht
Something you find in a kitchen	jagdbeute
Something you find in a kitchen	jak
Something you find in a kitchen	jakobsfrucht
Something you find in a kitchen	joghurt
Something you find in a kitchen	jogurt
Something you find in a kitchen	johannisblut
Something you find in a kitchen	johanniskraut
Something you find in a kitchen	judenkirsche
Something you find in a kitchen	jungtrieb
Something you find in a kitchen	kabis
Something you find in a kitchen	kachel
Something you find in a kitchen	kaffee
Something you find in a kitchen	kaffeemaschine
Something you find in a kitchen	kaiserschmarrn
Something you find in a kitchen	kakao
Something you find in a kitchen	kakaogetrank
Something you find in a kitchen	kakaomilch
Something you find in a kitchen	kakaotrunk
Something you find in a kitchen	kaldaunen
Something you find in a kitchen	kalebasse
Something you find in a kitchen	kamille
Something you find in a kitchen	kanapee
Something you find in a kitchen	kandis
Something you find in a kitchen	kandiszucker
Something you find in a kitchen	kannenpflanze
Something you find in a kitchen	kapuziner
Something you find in a kitchen	karfiol
Something you find in a kitchen	karotte
Something you find in a kitchen	karre
Something you find in a kitchen	kasefrucht
Something you find in a kitchen	kasekohl
Something you find in a kitchen	kasekuchen
Something you find in a kitchen	kassa
Something you find in a kitchen	kasse
Something you find in a kitchen	kasserolle
Something you find in a kitchen	kebab
Something you find in a kitchen	keks
Something you find in a kitchen	kelch
Something you find in a kitchen	kelkenbusch
Something you find in a kitchen	kelle
Something you find in a kitchen	kelter
Something you find in a kitchen	kernobst
Something you find in a kitchen	kessel
Something you find in a kitchen	ketchup
Something you find in a kitchen	ketschup
Something you find in a kitchen	kettenkraut
Something you find in a kitchen	kichererbse
Something you find in a kitchen	kipfel
Something you find in a kitchen	kirschtomate
Something you find in a kitchen	kiwi
Something you find in a kitchen	kiwifrucht
Something you find in a kitchen	klapperkiste
Something you find in a kitchen	klausenmann
Something you find in a kitchen	kleiderschrank
Something you find in a kitchen	kleinigkeit
Something you find in a kitchen	klumpchen
Something you find in a kitchen	kluntje
Something you find in a kitchen	knacker
Something you find in a kitchen	knackwurst
Something you find in a kitchen	knete
Something you find in a kitchen	knetgummi
Something you find in a kitchen	knetmasse
Something you find in a kitchen	knoblauch
Something you find in a kitchen	knofel
Something you find in a kitchen	knofi
Something you find in a kitchen	knollenwinde
Something you find in a kitchen	kobold
Something you find in a kitchen	kochplatte
Something you find in a kitchen	kochschokolade
Something you find in a kitchen	koffeinfrei
Something you find in a kitchen	kognak
Something you find in a kitchen	koharer
Something you find in a kitchen	kohl
Something you find in a kitchen	kohle
Something you find in a kitchen	kohler
Something you find in a kitchen	kohlfisch
Something you find in a kitchen	kohlrabi
Something you find in a kitchen	kohlrube
Something you find in a kitchen	kokosgeback
Something you find in a kitchen	kokotte
Something you find in a kitchen	koks
Something you find in a kitchen	koloss
Something you find in a kitchen	kolossalfilm
Something you find in a kitchen	kombidampfer
Something you find in a kitchen	komfrei
Something you find in a kitchen	konditorwaren
Something you find in a kitchen	konfekt
Something you find in a kitchen	konfiture
Something you find in a kitchen	konvektomat
Something you find in a kitchen	kopffusser
Something you find in a kitchen	korkenzieher
Something you find in a kitchen	korn
Something you find in a kitchen	kornbrand
Something you find in a kitchen	kornerhirse
Something you find in a kitchen	kracherl
Something you find in a kitchen	kracker
Something you find in a kitchen	krake
Something you find in a kitchen	kralle
Something you find in a kitchen	krampfkraut
Something you find in a kitchen	krampus
Something you find in a kitchen	kranbeere
Something you find in a kitchen	krapfen
Something you find in a kitchen	krappel
Something you find in a kitchen	krauskohl
Something you find in a kitchen	kraut
Something you find in a kitchen	krawallbrause
Something you find in a kitchen	kren
Something you find in a kitchen	kreuzblutler
Something you find in a kitchen	kronsbeere
Something you find in a kitchen	kuchen
Something you find in a kitchen	kuchengerat
Something you find in a kitchen	kuchenherd
Something you find in a kitchen	kuchenkraut
Something you find in a kitchen	kuchenutensil
Something you find in a kitchen	kuchenwerkzeug
Something you find in a kitchen	kuhfuss
Something you find in a kitchen	kuhlschrank
Something you find in a kitchen	kuhltruhe
Something you find in a kitchen	kulturerdbeere
Something you find in a kitchen	kuratorium
Something you find in a kitchen	kurbis
Something you find in a kitchen	kurbisgewachs
Something you find in a kitchen	kurkuma
Something you find in a kitchen	kurtisane
Something you find in a kitchen	kurvenblatt
Something you find in a kitchen	kuskus
Something you find in a kitchen	kuverture
Something you find in a kitchen	laborschale
Something you find in a kitchen	ladenkasse
Something you find in a kitchen	lake
Something you find in a kitchen	lakritz
Something you find in a kitchen	lakritze
Something you find in a kitchen	lamm
Something you find in a kitchen	langohr
Something you find in a kitchen	lasagne
Something you find in a kitchen	laternenblume
Something you find in a kitchen	latte
Something you find in a kitchen	lauch
Something you find in a kitchen	lavabo
Something you find in a kitchen	lebensmittel
Something you find in a kitchen	lebkuchen
Something you find in a kitchen	lebkuchenmann
Something you find in a kitchen	lebzelten
Something you find in a kitchen	leckerchen
Something you find in a kitchen	leckerei
Something you find in a kitchen	leckerli
Something you find in a kitchen	legehenne
Something you find in a kitchen	leghenne
Something you find in a kitchen	leguminosae
Something you find in a kitchen	leguminose
Something you find in a kitchen	lende
Something you find in a kitchen	lendenbraten
Something you find in a kitchen	lid
Something you find in a kitchen	liebesapfel
Something you find in a kitchen	liebesdame
Something you find in a kitchen	liebesdienerin
Something you find in a kitchen	liebesmadchen
Something you find in a kitchen	liebstockel
Something you find in a kitchen	limo
Something you find in a kitchen	limonade
Something you find in a kitchen	limone
Something you find in a kitchen	loffelbiskuit
Something you find in a kitchen	loki
Something you find in a kitchen	lolli
Something you find in a kitchen	lorbeer
Something you find in a kitchen	lorbeerblatt
Something you find in a kitchen	lorke
Something you find in a kitchen	lowenzahn
Something you find in a kitchen	lungenbraten
Something you find in a kitchen	lusche
Something you find in a kitchen	lutscher
Something you find in a kitchen	maggikraut
Something you find in a kitchen	maissirup
Something you find in a kitchen	maiszucker
Something you find in a kitchen	majo
Something you find in a kitchen	majonase
Something you find in a kitchen	makrone
Something you find in a kitchen	mandarine
Something you find in a kitchen	mandellikor
Something you find in a kitchen	marihuana
Something you find in a kitchen	marille
Something you find in a kitchen	marinade
Something you find in a kitchen	marmelade
Something you find in a kitchen	marshmallow
Something you find in a kitchen	martini
Something you find in a kitchen	martinstag
Something you find in a kitchen	mass
Something you find in a kitchen	masskrug
Something you find in a kitchen	massstab
Something you find in a kitchen	maurerbrause
Something you find in a kitchen	mausespeck
Something you find in a kitchen	mayo
Something you find in a kitchen	mayonnaise
Something you find in a kitchen	meerrettich
Something you find in a kitchen	mehlschwitze
Something you find in a kitchen	mehlspeise
Something you find in a kitchen	melange
Something you find in a kitchen	met
Something you find in a kitchen	metze
Something you find in a kitchen	mikro
Something you find in a kitchen	mikrowelle
Something you find in a kitchen	milchkaffee
Something you find in a kitchen	milchsauce
Something you find in a kitchen	milchshake
Something you find in a kitchen	milchstock
Something you find in a kitchen	milchwurz
Something you find in a kitchen	milkshake
Something you find in a kitchen	miscanthus
Something you find in a kitchen	mischung
Something you find in a kitchen	mix
Something you find in a kitchen	mixer
Something you find in a kitchen	mixstab
Something you find in a kitchen	mixtur
Something you find in a kitchen	mohre
Something you find in a kitchen	mohrenkopf
Something you find in a kitchen	mohrrube
Something you find in a kitchen	monchsblume
Something you find in a kitchen	monumentalfilm
Something you find in a kitchen	moorwurzel
Something you find in a kitchen	moosbeere
Something you find in a kitchen	morgenlatte
Something you find in a kitchen	mose
Something you find in a kitchen	most
Something you find in a kitchen	moster
Something you find in a kitchen	mostert
Something you find in a kitchen	mostpresse
Something you find in a kitchen	mostrich
Something you find in a kitchen	motivation
Something you find in a kitchen	muckefuck
Something you find in a kitchen	muesli
Something you find in a kitchen	mummelmann
Something you find in a kitchen	mummler
Something you find in a kitchen	mundtuch
Something you find in a kitchen	mungatzen
Something you find in a kitchen	mus
Something you find in a kitchen	musche
Something you find in a kitchen	muschi
Something you find in a kitchen	muskat
Something you find in a kitchen	muskatnuss
Something you find in a kitchen	musli
Something you find in a kitchen	mussitation
Something you find in a kitchen	mutterkraut
Something you find in a kitchen	nachschlag
Something you find in a kitchen	nachspeise
Something you find in a kitchen	nachtisch
Something you find in a kitchen	nageleisen
Something you find in a kitchen	nahrung
Something you find in a kitchen	nahrungsmittel
Something you find in a kitchen	naschereien
Something you find in a kitchen	naschkram
Something you find in a kitchen	naschwerk
Something you find in a kitchen	nass
Something you find in a kitchen	naturalrabatt
Something you find in a kitchen	negerkuss
Something you find in a kitchen	nelkenpfeffer
Something you find in a kitchen	nepenthes
Something you find in a kitchen	neunauge
Something you find in a kitchen	nierenbaum
Something you find in a kitchen	nocken
Something you find in a kitchen	nockerln
Something you find in a kitchen	nougat
Something you find in a kitchen	nuckel
Something you find in a kitchen	nuckelpinne
Something you find in a kitchen	nudelauflauf
Something you find in a kitchen	nudelholz
Something you find in a kitchen	nudeln
Something you find in a kitchen	nudelwalker
Something you find in a kitchen	nugat
Something you find in a kitchen	nuggi
Something you find in a kitchen	nusslisalat
Something you find in a kitchen	nutte
Something you find in a kitchen	obers
Something you find in a kitchen	obst
Something you find in a kitchen	obstbanane
Something you find in a kitchen	obstkuchen
Something you find in a kitchen	obstpresse
Something you find in a kitchen	obsttorte
Something you find in a kitchen	octopus
Something you find in a kitchen	ofen
Something you find in a kitchen	ofenkuchlein
Something you find in a kitchen	okra
Something you find in a kitchen	oktopus
Something you find in a kitchen	omelettes
Something you find in a kitchen	opfertisch
Something you find in a kitchen	oregano
Something you find in a kitchen	origano
Something you find in a kitchen	ott
Something you find in a kitchen	ouzo
Something you find in a kitchen	overheadfolie
Something you find in a kitchen	palatschinke
Something you find in a kitchen	palatschinken
Something you find in a kitchen	palmwein
Something you find in a kitchen	pampe
Something you find in a kitchen	pampelmuse
Something you find in a kitchen	pangech
Something you find in a kitchen	pannekuche
Something you find in a kitchen	pantograf
Something you find in a kitchen	pantograph
Something you find in a kitchen	paprika
Something you find in a kitchen	paprikaschote
Something you find in a kitchen	paradeisapfel
Something you find in a kitchen	paradeiser
Something you find in a kitchen	paradeissauce
Something you find in a kitchen	paradeissosse
Something you find in a kitchen	paradiesapfel
Something you find in a kitchen	paradiesfrucht
Something you find in a kitchen	parlando
Something you find in a kitchen	pasta
Something you find in a kitchen	pastel
Something you find in a kitchen	pastinak
Something you find in a kitchen	pastinake
Something you find in a kitchen	pastis
Something you find in a kitchen	pennal
Something you find in a kitchen	penne
Something you find in a kitchen	peperoni
Something you find in a kitchen	petrischale
Something you find in a kitchen	pfahlrohr
Something you find in a kitchen	pfannenkuchen
Something you find in a kitchen	pfannkuchen
Something you find in a kitchen	pfeffergurke
Something you find in a kitchen	pfefferkuchen
Something you find in a kitchen	pfirsich
Something you find in a kitchen	pflanzen
Something you find in a kitchen	pflaume
Something you find in a kitchen	pflaumenkuchen
Something you find in a kitchen	pfote
Something you find in a kitchen	pia
Something you find in a kitchen	piepmatz
Something you find in a kitchen	piment
Something you find in a kitchen	platte
Something you find in a kitchen	platzli
Something you find in a kitchen	plempe
Something you find in a kitchen	plent
Something you find in a kitchen	plins
Something you find in a kitchen	plinse
Something you find in a kitchen	plinsen
Something you find in a kitchen	plinz
Something you find in a kitchen	plorre
Something you find in a kitchen	pokal
Something you find in a kitchen	pokling
Something you find in a kitchen	polenta
Something you find in a kitchen	pommes
Something you find in a kitchen	pop
Something you find in a kitchen	popmusik
Something you find in a kitchen	porree
Something you find in a kitchen	poulet
Something you find in a kitchen	praline
Something you find in a kitchen	pralinee
Something you find in a kitchen	pralinen
Something you find in a kitchen	pranke
Something you find in a kitchen	preiselbeere
Something you find in a kitchen	printe
Something you find in a kitchen	professionelle
Something you find in a kitchen	prommetaat
Something you find in a kitchen	prostituierte
Something you find in a kitchen	prufstein
Something you find in a kitchen	prummekooke
Something you find in a kitchen	prummetaat
Something you find in a kitchen	pruumetaat
Something you find in a kitchen	pudding
Something you find in a kitchen	puderzucker
Something you find in a kitchen	purierstab
Something you find in a kitchen	pusteblume
Something you find in a kitchen	quark
Something you find in a kitchen	quarkkuchen
Something you find in a kitchen	quarkspeise
Something you find in a kitchen	quarktorte
Something you find in a kitchen	quecksilber
Something you find in a kitchen	quendel
Something you find in a kitchen	quetsche
Something you find in a kitchen	quetschekuche
Something you find in a kitchen	quirl
Something you find in a kitchen	radi
Something you find in a kitchen	ragout
Something you find in a kitchen	rahm
Something you find in a kitchen	raki
Something you find in a kitchen	rambutan
Something you find in a kitchen	rammler
Something you find in a kitchen	rande
Something you find in a kitchen	rap
Something you find in a kitchen	rapunze
Something you find in a kitchen	rapunzel
Something you find in a kitchen	rasenpflanze
Something you find in a kitchen	raubpressung
Something you find in a kitchen	raucherhering
Something you find in a kitchen	raufutter
Something you find in a kitchen	raugewicht
Something you find in a kitchen	rauhgewicht
Something you find in a kitchen	rauke
Something you find in a kitchen	raunen
Something you find in a kitchen	rebensaft
Something you find in a kitchen	reet
Something you find in a kitchen	reibekuchen
Something you find in a kitchen	reibeplatzchen
Something you find in a kitchen	reiberdatschi
Something you find in a kitchen	reif
Something you find in a kitchen	reis
Something you find in a kitchen	remoulade
Something you find in a kitchen	rettich
Something you find in a kitchen	rhabarber
Something you find in a kitchen	riebel
Something you find in a kitchen	riebli
Something you find in a kitchen	ried
Something you find in a kitchen	riese
Something you find in a kitchen	riesenkerl
Something you find in a kitchen	riesenorange
Something you find in a kitchen	riesenschilf
Something you find in a kitchen	ring
Something you find in a kitchen	rohre
Something you find in a kitchen	rohricht
Something you find in a kitchen	romer
Something you find in a kitchen	rosine
Something you find in a kitchen	rost
Something you find in a kitchen	rostbeule
Something you find in a kitchen	rostbratwurst
Something you find in a kitchen	rostbrot
Something you find in a kitchen	roster
Something you find in a kitchen	rostlaube
Something you find in a kitchen	rotkabis
Something you find in a kitchen	rotkohl
Something you find in a kitchen	rotkraut
Something you find in a kitchen	rube
Something you find in a kitchen	rubkohl
Something you find in a kitchen	rucola
Something you find in a kitchen	ruebli
Something you find in a kitchen	ruhrbesen
Something you find in a kitchen	rukola
Something you find in a kitchen	rundstuck
Something you find in a kitchen	russenkraut
Something you find in a kitchen	sackhalter
Something you find in a kitchen	saflor
Something you find in a kitchen	saftpresse
Something you find in a kitchen	sahne
Something you find in a kitchen	sahnebonbon
Something you find in a kitchen	salatdressing
Something you find in a kitchen	salatsosse
Something you find in a kitchen	satsuma
Something you find in a kitchen	saublume
Something you find in a kitchen	sauce
Something you find in a kitchen	sauerampfer
Something you find in a kitchen	sauerkohl
Something you find in a kitchen	sauerkraut
Something you find in a kitchen	sauerlump
Something you find in a kitchen	saufmaschine
Something you find in a kitchen	schabau
Something you find in a kitchen	schafchen
Something you find in a kitchen	schalotte
Something you find in a kitchen	schalrippchen
Something you find in a kitchen	schampus
Something you find in a kitchen	schank
Something you find in a kitchen	schankraum
Something you find in a kitchen	schaubild
Something you find in a kitchen	schaumkuss
Something you find in a kitchen	schaumschlager
Something you find in a kitchen	scheidenvorhof
Something you find in a kitchen	schemel
Something you find in a kitchen	schichtkase
Something you find in a kitchen	schikoree
Something you find in a kitchen	schilf
Something you find in a kitchen	schilfbewuchs
Something you find in a kitchen	schilfgurtel
Something you find in a kitchen	schilfrohr
Something you find in a kitchen	schinken
Something you find in a kitchen	schlag
Something you find in a kitchen	schlaghose
Something you find in a kitchen	schlangenmoos
Something you find in a kitchen	schleckerei
Something you find in a kitchen	schlecksl
Something you find in a kitchen	schleckstangel
Something you find in a kitchen	schleuder
Something you find in a kitchen	schlotzer
Something you find in a kitchen	schmalwurz
Something you find in a kitchen	schmalzbleaml
Something you find in a kitchen	schmarsel
Something you find in a kitchen	schnaps
Something you find in a kitchen	schneebesen
Something you find in a kitchen	schneerute
Something you find in a kitchen	schnelle
Something you find in a kitchen	schnitzel
Something you find in a kitchen	schnuller
Something you find in a kitchen	schoko
Something you find in a kitchen	schokokuss
Something you find in a kitchen	schokolade
Something you find in a kitchen	schokoriegel
Something you find in a kitchen	scholle
Something you find in a kitchen	schoppen
Something you find in a kitchen	schorle
Something you find in a kitchen	schrank
Something you find in a kitchen	schreibkraft
Something you find in a kitchen	schrippe
Something you find in a kitchen	schrot
Something you find in a kitchen	schrott
Something you find in a kitchen	schrottauto
Something you find in a kitchen	schrottbuchse
Something you find in a kitchen	schrotthaufen
Something you find in a kitchen	schrottkarre
Something you find in a kitchen	schrottkiste
Something you find in a kitchen	schrottmuhle
Something you find in a kitchen	schrottwagen
Something you find in a kitchen	schubfach
Something you find in a kitchen	schublade
Something you find in a kitchen	schussel
Something you find in a kitchen	schuttstein
Something you find in a kitchen	schwarzbeere
Something you find in a kitchen	schwarzwurz
Something you find in a kitchen	schwedenbombe
Something you find in a kitchen	schwingbesen
Something you find in a kitchen	schwitzmehl
Something you find in a kitchen	seelachs
Something you find in a kitchen	seidel
Something you find in a kitchen	seife
Something you find in a kitchen	sekretar
Something you find in a kitchen	selbstheilung
Something you find in a kitchen	semmel
Something you find in a kitchen	senf
Something you find in a kitchen	service
Something you find in a kitchen	serviette
Something you find in a kitchen	sexarbeiterin
Something you find in a kitchen	siessschmeer
Something you find in a kitchen	sirup
Something you find in a kitchen	sitz
Something you find in a kitchen	smoothie
Something you find in a kitchen	snackbar
Something you find in a kitchen	snacktheke
Something you find in a kitchen	soda
Something you find in a kitchen	softdrink
Something you find in a kitchen	sojadrink
Something you find in a kitchen	sojamilch
Something you find in a kitchen	sojaquark
Something you find in a kitchen	sonnentau
Something you find in a kitchen	sorghum
Something you find in a kitchen	sosse
Something you find in a kitchen	souffle
Something you find in a kitchen	soufflee
Something you find in a kitchen	spagetti
Something you find in a kitchen	spaghetti
Something you find in a kitchen	spareribs
Something you find in a kitchen	spargel
Something you find in a kitchen	spargelkohl
Something you find in a kitchen	spatel
Something you find in a kitchen	speis
Something you find in a kitchen	speiseeis
Something you find in a kitchen	speisekammer
Something you find in a kitchen	spezerei
Something you find in a kitchen	spirituose
Something you find in a kitchen	spirituosen
Something you find in a kitchen	spontanheilung
Something you find in a kitchen	sportpokal
Something you find in a kitchen	sprechgesang
Something you find in a kitchen	sprit
Something you find in a kitchen	spross
Something you find in a kitchen	sprossenkohl
Something you find in a kitchen	spulbecken
Something you find in a kitchen	spule
Something you find in a kitchen	spulmaschine
Something you find in a kitchen	spulwasser
Something you find in a kitchen	spund
Something you find in a kitchen	stabmixer
Something you find in a kitchen	stachelbeere
Something you find in a kitchen	stander
Something you find in a kitchen	starkbier
Something you find in a kitchen	starkesirup
Something you find in a kitchen	staubzucker
Something you find in a kitchen	steamer
Something you find in a kitchen	steckrube
Something you find in a kitchen	steinfrucht
Something you find in a kitchen	steinkrug
Something you find in a kitchen	steinobst
Something you find in a kitchen	sterbehilfe
Something you find in a kitchen	sterz
Something you find in a kitchen	stew
Something you find in a kitchen	stieltopf
Something you find in a kitchen	stinkfrucht
Something you find in a kitchen	stoppelzieher
Something you find in a kitchen	storchschnabel
Something you find in a kitchen	strassendirne
Something you find in a kitchen	streuselkuchen
Something you find in a kitchen	streuzucker
Something you find in a kitchen	strichi
Something you find in a kitchen	strichmadchen
Something you find in a kitchen	strip
Something you find in a kitchen	striptease
Something you find in a kitchen	stuckenzucker
Something you find in a kitchen	stuhl
Something you find in a kitchen	stutenkerl
Something you find in a kitchen	stutenmann
Something you find in a kitchen	sultanine
Something you find in a kitchen	suppenloffel
Something you find in a kitchen	suspensorium
Something you find in a kitchen	susses
Something you find in a kitchen	sussholz
Something you find in a kitchen	sussigkeiten
Something you find in a kitchen	susskartoffel
Something you find in a kitchen	susskram
Something you find in a kitchen	sussspeise
Something you find in a kitchen	susswaren
Something you find in a kitchen	susswasseraal
Something you find in a kitchen	tabak
Something you find in a kitchen	tabelle
Something you find in a kitchen	tafelgeschirr
Something you find in a kitchen	tafeli
Something you find in a kitchen	tagliatelle
Something you find in a kitchen	tangerine
Something you find in a kitchen	teigrolle
Something you find in a kitchen	teigwaren
Something you find in a kitchen	teller
Something you find in a kitchen	theke
Something you find in a kitchen	thermometer
Something you find in a kitchen	thermoskanne
Something you find in a kitchen	thymian
Something you find in a kitchen	thymus
Something you find in a kitchen	tiefkuhler
Something you find in a kitchen	tiefkuhltruhe
Something you find in a kitchen	tiefschutz
Something you find in a kitchen	timer
Something you find in a kitchen	tintenfisch
Something you find in a kitchen	tipper
Something you find in a kitchen	tischbesteck
Something you find in a kitchen	toast
Something you find in a kitchen	toastautomat
Something you find in a kitchen	toastbrot
Something you find in a kitchen	toaster
Something you find in a kitchen	tobak
Something you find in a kitchen	toddy
Something you find in a kitchen	toffee
Something you find in a kitchen	tofu
Something you find in a kitchen	tomate
Something you find in a kitchen	tomatensauce
Something you find in a kitchen	tomatensosse
Something you find in a kitchen	tonmischer
Something you find in a kitchen	topfen
Something you find in a kitchen	topfenkuchen
Something you find in a kitchen	torte
Something you find in a kitchen	traubenkohl
Something you find in a kitchen	tresen
Something you find in a kitchen	trester
Something you find in a kitchen	tresterbrand
Something you find in a kitchen	tresterschnaps
Something you find in a kitchen	trichter
Something you find in a kitchen	trockenfleisch
Something you find in a kitchen	truffes
Something you find in a kitchen	tunke
Something you find in a kitchen	veilchen
Something you find in a kitchen	venuskicher
Something you find in a kitchen	vermischung
Something you find in a kitchen	verwaltungsrat
Something you find in a kitchen	viez
Something you find in a kitchen	viktualien
Something you find in a kitchen	vinaigrette
Something you find in a kitchen	viola
Something you find in a kitchen	vogel
Something you find in a kitchen	vogerlsalat
Something you find in a kitchen	vorratskammer
Something you find in a kitchen	vorspeise
Something you find in a kitchen	vorstand
Something you find in a kitchen	vorzimmerherr
Something you find in a kitchen	vulva
Something you find in a kitchen	wachmacher
Something you find in a kitchen	wackelpeter
Something you find in a kitchen	wackelpudding
Something you find in a kitchen	waldbeere
Something you find in a kitchen	wallholz
Something you find in a kitchen	wallwurz
Something you find in a kitchen	walnuss
Something you find in a kitchen	wandbrett
Something you find in a kitchen	wasabi
Something you find in a kitchen	waschbecken
Something you find in a kitchen	waschmuschel
Something you find in a kitchen	waschsoda
Something you find in a kitchen	waschtisch
Something you find in a kitchen	wasser
Something you find in a kitchen	wasserchen
Something you find in a kitchen	wasserglas
Something you find in a kitchen	wecken
Something you find in a kitchen	weckenmannchen
Something you find in a kitchen	weckerl
Something you find in a kitchen	weckmann
Something you find in a kitchen	weed
Something you find in a kitchen	weggli
Something you find in a kitchen	wein
Something you find in a kitchen	weinbeere
Something you find in a kitchen	weinbrand
Something you find in a kitchen	weinglas
Something you find in a kitchen	weinkaraffe
Something you find in a kitchen	weinschorle
Something you find in a kitchen	weintraube
Something you find in a kitchen	weisskase
Something you find in a kitchen	wellholz
Something you find in a kitchen	welschkohl
Something you find in a kitchen	welschkraut
Something you find in a kitchen	welschzwiebel
Something you find in a kitchen	werkbank
Something you find in a kitchen	werktisch
Something you find in a kitchen	wermut
Something you find in a kitchen	wermutkraut
Something you find in a kitchen	western
Something you find in a kitchen	wiesenlattich
Something you find in a kitchen	wild
Something you find in a kitchen	wildbeere
Something you find in a kitchen	wildbret
Something you find in a kitchen	wildfleisch
Something you find in a kitchen	wildwestfilm
Something you find in a kitchen	windbeutel
Something you find in a kitchen	wintergrun
Something you find in a kitchen	winterkohl
Something you find in a kitchen	winterlauch
Something you find in a kitchen	wirsing
Something you find in a kitchen	wirsingkohl
Something you find in a kitchen	wirz
Something you find in a kitchen	wodka
Something you find in a kitchen	wruke
Something you find in a kitchen	wundallheil
Something you find in a kitchen	wundertrank
Something you find in a kitchen	wurfelzucker
Something you find in a kitchen	wurze
Something you find in a kitchen	wurzel
Something you find in a kitchen	wurzelgemuse
Something you find in a kitchen	wurzelsellerie
Something you find in a kitchen	wurzessenz
Something you find in a kitchen	wurzfleisch
Something you find in a kitchen	wurzstoff
Something you find in a kitchen	yak
Something you find in a kitchen	zaltli
Something you find in a kitchen	zapfen
Something you find in a kitchen	zapfhahn
Something you find in a kitchen	zauberstab
Something you find in a kitchen	zaubertrank
Something you find in a kitchen	zeitgeber
Something you find in a kitchen	zeller
Something you find in a kitchen	zibebe
Something you find in a kitchen	zibetbaum
Something you find in a kitchen	ziegenfuss
Something you find in a kitchen	zielwasser
Something you find in a kitchen	zitrone
Something you find in a kitchen	znuni
Something you find in a kitchen	zucker
Something you find in a kitchen	zuckerhirse
Something you find in a kitchen	zuckerhut
Something you find in a kitchen	zuckerl
Something you find in a kitchen	zuckersaft
Something you find in a kitchen	zuckerstock
Something you find in a kitchen	zuckerwaren
Something you find in a kitchen	zuckerwasser
Something you find in a kitchen	zuckerzeug
Something you find in a kitchen	zugabe
Something you find in a kitchen	zutat
Something you find in a kitchen	zweimetermann
Something you find in a kitchen	zwerg
Something you find in a kitchen	zwetsche
Something you find in a kitchen	zwetschge
Something you find in a kitchen	zwetschke
Something you find in a kitchen	zwiebel
Something you find in a kitchen	zwiebelfisch
An animal that lives in water	aal
An animal that lives in water	aalquappe
An animal that lives in water	aalraupe
An animal that lives in water	aalrutte
An animal that lives in water	abalone
An animal that lives in water	ableger
An animal that lives in water	ackerschnecke
An animal that lives in water	anemone
An animal that lives in water	anzugtrager
An animal that lives in water	assassine
An animal that lives in water	auftragskiller
An animal that lives in water	auftragsmorder
An animal that lives in water	auslaufer
An animal that lives in water	beluga
An animal that lives in water	berufskiller
An animal that lives in water	blutsauger
An animal that lives in water	breitling
An animal that lives in water	brisling
An animal that lives in water	cephalopod
An animal that lives in water	delfin
An animal that lives in water	delphin
An animal that lives in water	diebsgesindel
An animal that lives in water	dobel
An animal that lives in water	dorsch
An animal that lives in water	dracula
An animal that lives in water	drescherhai
An animal that lives in water	dugong
An animal that lives in water	echinoderme
An animal that lives in water	ente
An animal that lives in water	entenkopf
An animal that lives in water	entenschnabel
An animal that lives in water	falschmeldung
An animal that lives in water	fuchshai
An animal that lives in water	grindwal
An animal that lives in water	hechtdorsch
An animal that lives in water	hitman
An animal that lives in water	holzbohrwurm
An animal that lives in water	hulse
An animal that lives in water	kabeljau
An animal that lives in water	kaulbarsch
An animal that lives in water	killer
An animal that lives in water	klumpen
An animal that lives in water	konigslachs
An animal that lives in water	kopffusser
An animal that lives in water	krake
An animal that lives in water	krokodil
An animal that lives in water	landesstrasse
An animal that lives in water	leitstrahl
An animal that lives in water	manschette
An animal that lives in water	marlin
An animal that lives in water	marodeure
An animal that lives in water	meduse
An animal that lives in water	meeraal
An animal that lives in water	meerohr
An animal that lives in water	molluske
An animal that lives in water	muffe
An animal that lives in water	nacktschnecke
An animal that lives in water	neunauge
An animal that lives in water	nosferatu
An animal that lives in water	octopus
An animal that lives in water	oktopus
An animal that lives in water	panzerechse
An animal that lives in water	panzertier
An animal that lives in water	peilstrahl
An animal that lives in water	pilotwal
An animal that lives in water	pinguin
An animal that lives in water	plunderer
An animal that lives in water	pompon
An animal that lives in water	profikiller
An animal that lives in water	puschel
An animal that lives in water	putzschwamm
An animal that lives in water	qualle
An animal that lives in water	quappaal
An animal that lives in water	quappe
An animal that lives in water	quinnat
An animal that lives in water	raubgesindel
An animal that lives in water	richtstrahl
An animal that lives in water	riese
An animal that lives in water	rolli
An animal that lives in water	ruppe
An animal that lives in water	rutte
An animal that lives in water	schildkrote
An animal that lives in water	scholle
An animal that lives in water	schwamm
An animal that lives in water	seeaal
An animal that lives in water	seehecht
An animal that lives in water	seeohr
An animal that lives in water	speerfisch
An animal that lives in water	sprott
An animal that lives in water	staatsstrasse
An animal that lives in water	stachelhauter
An animal that lives in water	strahl
An animal that lives in water	tanzwedel
An animal that lives in water	tausender
An animal that lives in water	tausi
An animal that lives in water	thon
An animal that lives in water	thunfisch
An animal that lives in water	tintenfisch
An animal that lives in water	torpedo
An animal that lives in water	torpedorochen
An animal that lives in water	treische
An animal that lives in water	trische
An animal that lives in water	trusche
An animal that lives in water	tunfisch
An animal that lives in water	vampir
An animal that lives in water	vorberge
An animal that lives in water	wal
An animal that lives in water	walfisch
An animal that lives in water	weichtier
An animal that lives in water	weisswal
An animal that lives in water	windroschen
An animal that lives in water	zeitungsente
An animal that lives in water	zitterrochen
An animal that lives in water	zwerg
Something you wear	abendkleid
Something you wear	abendrobe
Something you wear	accessoire
Something you wear	alpenmutze
Something you wear	anhanger
Something you wear	anorak
Something you wear	anstecknadel
Something you wear	anziehsache
Something you wear	anzug
Something you wear	arbeitskittel
Something you wear	arbeitsschuh
Something you wear	armbanduhr
Something you wear	armreif
Something you wear	armspange
Something you wear	aser
Something you wear	augenglaser
Something you wear	babydoll
Something you wear	badebekleidung
Something you wear	ballkleid
Something you wear	bandalier
Something you wear	bandelier
Something you wear	bandolier
Something you wear	baskenmutze
Something you wear	beinkleid
Something you wear	bekleidung
Something you wear	besetzung
Something you wear	bestand
Something you wear	blaumann
Something you wear	bluse
Something you wear	boot
Something you wear	botten
Something you wear	breeches
Something you wear	brille
Something you wear	brosche
Something you wear	brummer
Something you wear	brustgeschirr
Something you wear	brustnadel
Something you wear	bustenhalter
Something you wear	bux
Something you wear	buxe
Something you wear	campinghose
Something you wear	cap
Something you wear	chiton
Something you wear	chronograf
Something you wear	chronograph
Something you wear	clog
Something you wear	clubweste
Something you wear	cocktailkleid
Something you wear	collier
Something you wear	dachhelm
Something you wear	datenmaske
Something you wear	dessous
Something you wear	dirndl
Something you wear	dirndlkleid
Something you wear	edelstein
Something you wear	eingabefeld
Something you wear	einteiler
Something you wear	fenster
Something you wear	fensterflugel
Something you wear	fetzen
Something you wear	fifi
Something you wear	fliege
Something you wear	frack
Something you wear	frauentracht
Something you wear	fummel
Something you wear	fussbekleidung
Something you wear	ganzanzug
Something you wear	gasmaske
Something you wear	gummi
Something you wear	haarersatz
Something you wear	haarteil
Something you wear	habit
Something you wear	halbstiefel
Something you wear	halsband
Something you wear	halskette
Something you wear	hanger
Something you wear	haube
Something you wear	helm
Something you wear	helmdach
Something you wear	hemd
Something you wear	hemdbluse
Something you wear	holzpantine
Something you wear	holzpantoffel
Something you wear	holzschuh
Something you wear	hoschen
Something you wear	hose
Something you wear	hosen
Something you wear	hosenhebe
Something you wear	hosentrager
Something you wear	hufthalter
Something you wear	hut
Something you wear	inventar
Something you wear	istbestand
Something you wear	jacke
Something you wear	janker
Something you wear	jarmulke
Something you wear	jean
Something you wear	jeans
Something you wear	jeanshose
Something you wear	jesuslatsche
Something you wear	jogginghose
Something you wear	joppe
Something you wear	juwel
Something you wear	kappe
Something you wear	kapuze
Something you wear	kapuzenjacke
Something you wear	kasack
Something you wear	kette
Something you wear	kilt
Something you wear	kippa
Something you wear	kittel
Something you wear	klamotte
Something you wear	kleid
Something you wear	kleidungsstuck
Something you wear	klompe
Something you wear	klotschen
Something you wear	klunker
Something you wear	knickerbocker
Something you wear	kniebundhose
Something you wear	kniehose
Something you wear	kniehosen
Something you wear	knobelbecher
Something you wear	kollier
Something you wear	kondom
Something you wear	korperwasche
Something you wear	korsage
Something you wear	korselett
Something you wear	korsett
Something you wear	kostum
Something you wear	kostumierung
Something you wear	kragenknopf
Something you wear	kutte
Something you wear	lagerbestand
Something you wear	latschen
Something you wear	lederweste
Something you wear	leggings
Something you wear	leggins
Something you wear	leibwasche
Something you wear	lendenschurz
Something you wear	lendentuch
Something you wear	levis
Something you wear	liveticker
Something you wear	lorgnette
Something you wear	lummeltute
Something you wear	maske
Something you wear	maskenkostum
Something you wear	maskerade
Something you wear	maskierung
Something you wear	mieder
Something you wear	mief
Something you wear	monchsgewand
Something you wear	muff
Something you wear	muschelperle
Something you wear	mutze
Something you wear	nachtanzug
Something you wear	nachthemd
Something you wear	nasenfahrrad
Something you wear	neglige
Something you wear	negligee
Something you wear	newsticker
Something you wear	nicki
Something you wear	nietenhose
Something you wear	ohrring
Something you wear	ohrstecker
Something you wear	olzeug
Something you wear	ordenstracht
Something you wear	ornament
Something you wear	overall
Something you wear	pantine
Something you wear	papstkrone
Something you wear	parallelepiped
Something you wear	pariser
Something you wear	partykleid
Something you wear	pelerine
Something you wear	perle
Something you wear	perucke
Something you wear	polter
Something you wear	poncho
Something you wear	praser
Something you wear	praservativ
Something you wear	pulli
Something you wear	pullmankappe
Something you wear	pullmannkappe
Something you wear	pullover
Something you wear	pyjama
Something you wear	regenhaut
Something you wear	regenmantel
Something you wear	regenumhang
Something you wear	reithosen
Something you wear	riemen
Something you wear	rock
Something you wear	rockchen
Something you wear	rockmusik
Something you wear	rolli
Something you wear	rucksack
Something you wear	ruder
Something you wear	sandale
Something you wear	sandhalm
Something you wear	sandrohr
Something you wear	sari
Something you wear	schamper
Something you wear	schlafanzug
Something you wear	schlappen
Something you wear	schlubber
Something you wear	schlupfer
Something you wear	schminkraum
Something you wear	schmuck
Something you wear	schmuckstein
Something you wear	schmuckwerk
Something you wear	schneejacke
Something you wear	schottenrock
Something you wear	schuh
Something you wear	schuhe
Something you wear	schuhwerk
Something you wear	schulterfrei
Something you wear	schurz
Something you wear	schurze
Something you wear	schutzanzug
Something you wear	schwankungen
Something you wear	seehafer
Something you wear	sehbehelf
Something you wear	sehhilfe
Something you wear	shirt
Something you wear	skull
Something you wear	slip
Something you wear	sneaker
Something you wear	spat
Something you wear	spekuliereisen
Something you wear	sportkleidung
Something you wear	sportschuh
Something you wear	spritzkerze
Something you wear	spruhkerze
Something you wear	stein
Something you wear	sternchenfeuer
Something you wear	sternenspruher
Something you wear	sternlespeier
Something you wear	sternschneuzer
Something you wear	sternspritzer
Something you wear	sternspruher
Something you wear	sternspucker
Something you wear	sternwerfer
Something you wear	stiefel
Something you wear	stiefelette
Something you wear	stiefelhose
Something you wear	stielbrille
Something you wear	stollen
Something you wear	stolln
Something you wear	sweatshirt
Something you wear	texashose
Something you wear	textmaske
Something you wear	tiara
Something you wear	ticker
Something you wear	toupet
Something you wear	trachtenkleid
Something you wear	tragerlos
Something you wear	treter
Something you wear	tunica
Something you wear	tunika
Something you wear	turmhelm
Something you wear	turnschuh
Something you wear	tutu
Something you wear	ubermantel
Something you wear	uberwurf
Something you wear	uberzieher
Something you wear	umhangtuch
Something you wear	uniformjacke
Something you wear	uniformrock
Something you wear	unterhemd
Something you wear	unterhose
Something you wear	unterleibchen
Something you wear	unterleiberl
Something you wear	unterwasche
Something you wear	verhuterli
Something you wear	verkleidung
Something you wear	vermummung
Something you wear	vorlage
Something you wear	vorstecknadel
Something you wear	waffenrock
Something you wear	wams
Something you wear	wasche
Something you wear	wechsel
Something you wear	wickeltuch
Something you wear	wunderkerze
Something you wear	zierde
Something you wear	zweitfrisur
Something you wear	zweithaar
Something you wear	zwirn
A part of the body	abdomen
A part of the body	abdominal
A part of the body	adamsapfel
A part of the body	addendum
A part of the body	adenohypophyse
A part of the body	ader
A part of the body	aderhaut
A part of the body	adern
A part of the body	aderung
A part of the body	affengriff
A part of the body	after
A part of the body	akre
A part of the body	allerwertester
A part of the body	amnion
A part of the body	amygdala
A part of the body	anlage
A part of the body	anus
A part of the body	aorta
A part of the body	apparat
A part of the body	apparatur
A part of the body	appendix
A part of the body	arsch
A part of the body	arschloch
A part of the body	arterie
A part of the body	atemzentrum
A part of the body	atrium
A part of the body	auge
A part of the body	augenbraue
A part of the body	augendeckel
A part of the body	augenhohle
A part of the body	augenlid
A part of the body	ausgiesser
A part of the body	ausguss
A part of the body	auswuchs
A part of the body	backe
A part of the body	backenknochen
A part of the body	backenzahn
A part of the body	bart
A part of the body	barthaar
A part of the body	barthaare
A part of the body	basiszahl
A part of the body	bauch
A part of the body	bauchfell
A part of the body	bauchhohle
A part of the body	bauchraum
A part of the body	beilage
A part of the body	bein
A part of the body	beipass
A part of the body	bergkette
A part of the body	betrieb
A part of the body	beuger
A part of the body	beuschel
A part of the body	bizeps
A part of the body	blaschendruse
A part of the body	blinddarm
A part of the body	blutader
A part of the body	blutgefass
A part of the body	bollen
A part of the body	branchialbogen
A part of the body	braue
A part of the body	brust
A part of the body	brustbein
A part of the body	bruste
A part of the body	brustel
A part of the body	brustkasten
A part of the body	brustkorb
A part of the body	brustspitze
A part of the body	brustwarze
A part of the body	bugelfalte
A part of the body	buggelenk
A part of the body	bullauge
A part of the body	busch
A part of the body	busen
A part of the body	buste
A part of the body	butch
A part of the body	bypass
A part of the body	calcaneus
A part of the body	cardia
A part of the body	centromer
A part of the body	chemorezeptor
A part of the body	chemosensor
A part of the body	chondriosomen
A part of the body	chorioidea
A part of the body	choroidea
A part of the body	clavicula
A part of the body	cochlea
A part of the body	cortex
A part of the body	cpu
A part of the body	cytoskelett
A part of the body	darmausgang
A part of the body	darmbein
A part of the body	deckgewebe
A part of the body	defektelektron
A part of the body	dentin
A part of the body	diaphragma
A part of the body	dickdarm
A part of the body	dorn
A part of the body	duodenum
A part of the body	dutt
A part of the body	eckzahn
A part of the body	eichel
A part of the body	eierstock
A part of the body	eileiter
A part of the body	ellbogen
A part of the body	elle
A part of the body	ellenbogen
A part of the body	elter
A part of the body	elternteil
A part of the body	endhirn
A part of the body	endoderm
A part of the body	endokrin
A part of the body	endometrium
A part of the body	endothel
A part of the body	endothelium
A part of the body	entoderm
A part of the body	epipharynx
A part of the body	epithel
A part of the body	extremitat
A part of the body	falte
A part of the body	fascia
A part of the body	fase
A part of the body	faszie
A part of the body	femur
A part of the body	fersenbein
A part of the body	fimbrien
A part of the body	finger
A part of the body	fingernagel
A part of the body	firma
A part of the body	fischgrate
A part of the body	flanke
A part of the body	flankenball
A part of the body	flaum
A part of the body	flechte
A part of the body	flexor
A part of the body	flosse
A part of the body	fohnwelle
A part of the body	fott
A part of the body	fresse
A part of the body	frontallappen
A part of the body	fudi
A part of the body	fudli
A part of the body	furche
A part of the body	fussel
A part of the body	fussnagel
A part of the body	fussrucken
A part of the body	futt
A part of the body	gaster
A part of the body	gaumenzapfchen
A part of the body	gebarmutter
A part of the body	gebein
A part of the body	gebirge
A part of the body	gebirgskette
A part of the body	gebirgsrucken
A part of the body	gebirgszug
A part of the body	gefass
A part of the body	gefassgeflecht
A part of the body	gehor
A part of the body	gehorn
A part of the body	gekrakel
A part of the body	gekritzel
A part of the body	gelenk
A part of the body	genital
A part of the body	gerippe
A part of the body	gesass
A part of the body	geschmier
A part of the body	geschmiere
A part of the body	geschreibsel
A part of the body	geschwulst
A part of the body	gestrauch
A part of the body	gesudel
A part of the body	gewebe
A part of the body	geweih
A part of the body	gezahe
A part of the body	glandes
A part of the body	glans
A part of the body	glied
A part of the body	gliedmasse
A part of the body	glockenkloppel
A part of the body	glubscher
A part of the body	glutealregion
A part of the body	gonade
A part of the body	gosch
A part of the body	gosche
A part of the body	grate
A part of the body	greifhand
A part of the body	griff
A part of the body	griffstuck
A part of the body	grosshirn
A part of the body	grosshirnrinde
A part of the body	gucker
A part of the body	gurtellinie
A part of the body	gurtelumfang
A part of the body	gusche
A part of the body	haargefass
A part of the body	haarknoten
A part of the body	haarlocke
A part of the body	haarpracht
A part of the body	haarschopf
A part of the body	haarwelle
A part of the body	halbmond
A part of the body	halszapfchen
A part of the body	hammer
A part of the body	hand
A part of the body	handglied
A part of the body	handgriff
A part of the body	handschrift
A part of the body	harchen
A part of the body	harnleiter
A part of the body	harnrohre
A part of the body	hauer
A part of the body	hauptprozessor
A part of the body	haxe
A part of the body	haxn
A part of the body	heck
A part of the body	heldenbrust
A part of the body	herzbeutel
A part of the body	herzkammer
A part of the body	herzmuskel
A part of the body	hieroglyphen
A part of the body	hilfsgerat
A part of the body	hilfsmittel
A part of the body	hinterbacken
A part of the body	hinterhirn
A part of the body	hintern
A part of the body	hinterteil
A part of the body	hirnhaut
A part of the body	hohenrucken
A part of the body	hohenzug
A part of the body	hormonsystem
A part of the body	hornhaut
A part of the body	hornschwiele
A part of the body	hororgan
A part of the body	horrinde
A part of the body	horschnecke
A part of the body	horzentrum
A part of the body	huftdarm
A part of the body	hupen
A part of the body	hypopharynx
A part of the body	hypophyse
A part of the body	ileum
A part of the body	immunsystem
A part of the body	inselzellen
A part of the body	ischias
A part of the body	ischiasnerv
A part of the body	jejunum
A part of the body	jochbein
A part of the body	jugale
A part of the body	jungrind
A part of the body	kalb
A part of the body	kalkaneus
A part of the body	kampflesbe
A part of the body	kapillare
A part of the body	kardia
A part of the body	kehlkopf
A part of the body	kehrseite
A part of the body	keimdruse
A part of the body	kern
A part of the body	kettenglied
A part of the body	kiefer
A part of the body	kieferknochen
A part of the body	kiemenbogen
A part of the body	kinnbart
A part of the body	kiste
A part of the body	kitzler
A part of the body	klammergriff
A part of the body	klappe
A part of the body	klaue
A part of the body	klavikula
A part of the body	klenkes
A part of the body	klitoris
A part of the body	kloppel
A part of the body	knaller
A part of the body	knie
A part of the body	kniegelenk
A part of the body	kniescheibe
A part of the body	knochelchen
A part of the body	knochen
A part of the body	knochengerust
A part of the body	knochenhaut
A part of the body	knotchen
A part of the body	knuller
A part of the body	kordillere
A part of the body	korper
A part of the body	korpermitte
A part of the body	kralle
A part of the body	kreuzbein
A part of the body	kreuzschmerzen
A part of the body	krummdarm
A part of the body	laden
A part of the body	landmarke
A part of the body	laryngopharynx
A part of the body	larynx
A part of the body	lauscher
A part of the body	lauschlappen
A part of the body	lebensknoten
A part of the body	leberpfortader
A part of the body	leerdarm
A part of the body	leib
A part of the body	lenker
A part of the body	lenkrad
A part of the body	lentigo
A part of the body	lid
A part of the body	lippe
A part of the body	loch
A part of the body	locke
A part of the body	loffel
A part of the body	luftrohre
A part of the body	lunge
A part of the body	lusterbse
A part of the body	lustknopf
A part of the body	lustperle
A part of the body	lymphsystem
A part of the body	magen
A part of the body	magenmund
A part of the body	magenpfortner
A part of the body	mahne
A part of the body	mamille
A part of the body	mammae
A part of the body	mandelkern
A part of the body	mastdarm
A part of the body	maul
A part of the body	mediastinum
A part of the body	megakolon
A part of the body	melonen
A part of the body	meniskus
A part of the body	mesopharynx
A part of the body	metencephalon
A part of the body	miezel
A part of the body	mikroprozessor
A part of the body	milchbart
A part of the body	mitochondrien
A part of the body	mitochondrion
A part of the body	mitochondrium
A part of the body	mitralklappe
A part of the body	mittelfellraum
A part of the body	mittelohr
A part of the body	mondsichel
A part of the body	moppchen
A part of the body	mopse
A part of the body	mukosa
A part of the body	mund
A part of the body	mundrachen
A part of the body	mundwerk
A part of the body	musikanlage
A part of the body	mutterkuchen
A part of the body	myelencephalon
A part of the body	myokard
A part of the body	nachgeburt
A part of the body	nachhirn
A part of the body	nagel
A part of the body	nasenloch
A part of the body	nasenrachen
A part of the body	nasopharynx
A part of the body	nates
A part of the body	nebenniere
A part of the body	neoplasie
A part of the body	nervatur
A part of the body	nervengeflecht
A part of the body	nervenkern
A part of the body	netzhaut
A part of the body	neurohypophyse
A part of the body	nippel
A part of the body	nukleus
A part of the body	nuster
A part of the body	oberlippenbart
A part of the body	oberschenkel
A part of the body	oberweite
A part of the body	oculus
A part of the body	oesophagus
A part of the body	ohr
A part of the body	ohrtrompete
A part of the body	ohrwaschl
A part of the body	omme
A part of the body	oophoron
A part of the body	orbita
A part of the body	oropharynx
A part of the body	osophagus
A part of the body	ossiculum
A part of the body	ovar
A part of the body	ovidukt
A part of the body	pankreas
A part of the body	pappen
A part of the body	parathyreoidea
A part of the body	parathyroidea
A part of the body	parietallappen
A part of the body	parotis
A part of the body	patella
A part of the body	perikard
A part of the body	periost
A part of the body	peritoneum
A part of the body	pfeiler
A part of the body	pferdeschwanz
A part of the body	pferdeschweif
A part of the body	pfortader
A part of the body	pfosten
A part of the body	pfote
A part of the body	pharynx
A part of the body	pili
A part of the body	pilling
A part of the body	pin
A part of the body	plasmalemma
A part of the body	plasmamembran
A part of the body	plastik
A part of the body	plazenta
A part of the body	plexus
A part of the body	pns
A part of the body	pobacken
A part of the body	podex
A part of the body	popelbremse
A part of the body	popo
A part of the body	pornobalken
A part of the body	poter
A part of the body	pramolar
A part of the body	pranke
A part of the body	praputium
A part of the body	prostata
A part of the body	prozessor
A part of the body	pulsader
A part of the body	pylorus
A part of the body	rachen
A part of the body	radix
A part of the body	raumforderung
A part of the body	rautenhirn
A part of the body	reisszahn
A part of the body	rektum
A part of the body	respektbalken
A part of the body	retina
A part of the body	rhinopharynx
A part of the body	riefe
A part of the body	rille
A part of the body	rist
A part of the body	rosette
A part of the body	rotzbremse
A part of the body	rucken
A part of the body	ruckenmarknerv
A part of the body	ruckenwirbel
A part of the body	ruckseite
A part of the body	rudiment
A part of the body	rumpf
A part of the body	sakrum
A part of the body	samenblaschen
A part of the body	samenblase
A part of the body	sauklaue
A part of the body	saule
A part of the body	schadeldecke
A part of the body	schadelkalotte
A part of the body	schadelkappe
A part of the body	schafshaut
A part of the body	schaft
A part of the body	schambein
A part of the body	schamberg
A part of the body	schamhugel
A part of the body	scharnier
A part of the body	scheitellappen
A part of the body	schenkel
A part of the body	schilddruse
A part of the body	schinken
A part of the body	schlackdarm
A part of the body	schlafenlappen
A part of the body	schlagader
A part of the body	schleimhaut
A part of the body	schliessmuskel
A part of the body	schluckdarm
A part of the body	schlundbogen
A part of the body	schlundrachen
A part of the body	schlusselbein
A part of the body	schmalzlocke
A part of the body	schmeckknospe
A part of the body	schnabel
A part of the body	schnaupe
A part of the body	schnauzbart
A part of the body	schnauze
A part of the body	schnauzer
A part of the body	schneiderelle
A part of the body	schnurrbart
A part of the body	schnute
A part of the body	schopf
A part of the body	schreibweise
A part of the body	schultergelenk
A part of the body	scoop
A part of the body	segelklappe
A part of the body	sehhugel
A part of the body	sehorgan
A part of the body	sehwerkzeug
A part of the body	seitenzahn
A part of the body	sinusknoten
A part of the body	siphon
A part of the body	sitzbein
A part of the body	sitzfleisch
A part of the body	skelett
A part of the body	sklera
A part of the body	skulptur
A part of the body	sohle
A part of the body	spann
A part of the body	speiserohre
A part of the body	sphinkter
A part of the body	spinalkanal
A part of the body	spinalnerv
A part of the body	spitzbart
A part of the body	spitzenkloppel
A part of the body	sprachgebiet
A part of the body	sprachraum
A part of the body	sprungbein
A part of the body	stachel
A part of the body	stamm
A part of the body	standbild
A part of the body	stander
A part of the body	statue
A part of the body	statuette
A part of the body	steiss
A part of the body	stereoanlage
A part of the body	sternum
A part of the body	steuer
A part of the body	steuerrad
A part of the body	stiel
A part of the body	stirnlappen
A part of the body	stirnlocke
A part of the body	stockzahn
A part of the body	strauch
A part of the body	strebe
A part of the body	sturmlocke
A part of the body	stutze
A part of the body	sudelarbeit
A part of the body	sympathikus
A part of the body	taille
A part of the body	talboden
A part of the body	talgrund
A part of the body	talsohle
A part of the body	talus
A part of the body	telencephalon
A part of the body	temporallappen
A part of the body	thalamus
A part of the body	thorax
A part of the body	thyreoidea
A part of the body	thyroidea
A part of the body	titten
A part of the body	tolle
A part of the body	torso
A part of the body	trachea
A part of the body	tuchelle
A part of the body	tulle
A part of the body	tumor
A part of the body	tylom
A part of the body	tylosis
A part of the body	tylositas
A part of the body	tympanum
A part of the body	unterarm
A part of the body	unterleib
A part of the body	unternehmen
A part of the body	ureter
A part of the body	urethra
A part of the body	uterus
A part of the body	uvea
A part of the body	uvula
A part of the body	vegetativum
A part of the body	ventrikel
A part of the body	venushugel
A part of the body	vertiefung
A part of the body	viszeralbogen
A part of the body	volant
A part of the body	vorbau
A part of the body	vorderarm
A part of the body	vorhaut
A part of the body	vormahlzahn
A part of the body	vorsteherdruse
A part of the body	waldkiefer
A part of the body	wange
A part of the body	wangenbein
A part of the body	webstoff
A part of the body	webware
A part of the body	weidloch
A part of the body	welle
A part of the body	werkzeug
A part of the body	werkzeuge
A part of the body	wespentaille
A part of the body	wimpel
A part of the body	winkel
A part of the body	wirbel
A part of the body	wirbelkanal
A part of the body	wirbelknochen
A part of the body	wollknotchen
A part of the body	wollmaus
A part of the body	wucherung
A part of the body	wurzel
A part of the body	zahnbein
A part of the body	zakum
A part of the body	zeh
A part of the body	zehe
A part of the body	zehennagel
A part of the body	zellkern
A part of the body	zellmembran
A part of the body	zellskelett
A part of the body	zentraleinheit
A part of the body	zentromer
A part of the body	zerebrum
A part of the body	zeug
A part of the body	ziegenbart
A part of the body	zns
A part of the body	zopf
A part of the body	zwerchfell
A part of the body	zytomembran
A part of the body	zytoskelett
Something that flies	abm
Something that flies	adebar
Something that flies	adlerhaxe
Something that flies	albatros
Something that flies	ameise
Something that flies	amsel
Something that flies	anzugtrager
Something that flies	asche
Something that flies	astronaut
Something that flies	autogyro
Something that flies	bachstelze
Something that flies	badminton
Something that flies	ballon
Something that flies	bande
Something that flies	baumfalke
Something that flies	beistrich
Something that flies	bergfink
Something that flies	besen
Something that flies	biene
Something that flies	bindenseeadler
Something that flies	birkhuhn
Something that flies	blase
Something that flies	blasshuhn
Something that flies	blassralle
Something that flies	blesshuhn
Something that flies	blimp
Something that flies	blutenpollen
Something that flies	blutenstaub
Something that flies	blutfink
Something that flies	bluthanfling
Something that flies	bombenflugzeug
Something that flies	bomber
Something that flies	boser
Something that flies	botel
Something that flies	brandruckstand
Something that flies	buchfink
Something that flies	buhmann
Something that flies	bukligger
Something that flies	bummelant
Something that flies	bummler
Something that flies	buschfunk
Something that flies	charakterbaum
Something that flies	clique
Something that flies	combo
Something that flies	dart
Something that flies	dauer
Something that flies	distelfink
Something that flies	dohle
Something that flies	dompfaff
Something that flies	dorngrasmucke
Something that flies	drachen
Something that flies	drohn
Something that flies	drohne
Something that flies	drossel
Something that flies	drosselspule
Something that flies	druckeberger
Something that flies	einzelbaum
Something that flies	eisbein
Something that flies	eisvogel
Something that flies	elefantenvogel
Something that flies	ente
Something that flies	enterich
Something that flies	erdhugelburg
Something that flies	erdkegelburg
Something that flies	erpel
Something that flies	eselspinguin
Something that flies	eule
Something that flies	falschmeldung
Something that flies	falter
Something that flies	fama
Something that flies	faulenzer
Something that flies	faulpelz
Something that flies	faultier
Something that flies	federball
Something that flies	federballspiel
Something that flies	federkleid
Something that flies	feindbild
Something that flies	feldlerche
Something that flies	finanzhai
Something that flies	finanzjongleur
Something that flies	flachsfink
Something that flies	flocke
Something that flies	flugdrohne
Something that flies	flugelrakete
Something that flies	flurfunk
Something that flies	frass
Something that flies	freundeskreis
Something that flies	frist
Something that flies	fuhrer
Something that flies	furie
Something that flies	gammler
Something that flies	gansekuken
Something that flies	ganser
Something that flies	ganserich
Something that flies	ganter
Something that flies	ganterich
Something that flies	gefieder
Something that flies	gelse
Something that flies	gerfalke
Something that flies	gerucht
Something that flies	geruchtekuche
Something that flies	gewaltbereiter
Something that flies	gewitterziege
Something that flies	giftnudel
Something that flies	giftspritze
Something that flies	gimpel
Something that flies	glatze
Something that flies	glatzkopf
Something that flies	gnagi
Something that flies	goldadler
Something that flies	goldfasan
Something that flies	gossel
Something that flies	greif
Something that flies	greifvogel
Something that flies	gyrocopter
Something that flies	gyrokopter
Something that flies	hachse
Something that flies	halskragen
Something that flies	halskrause
Something that flies	hammche
Something that flies	hanfling
Something that flies	haspel
Something that flies	haubentaucher
Something that flies	hausdrachen
Something that flies	haussperling
Something that flies	haxe
Something that flies	haxn
Something that flies	hechse
Something that flies	held
Something that flies	heli
Something that flies	helikopter
Something that flies	hering
Something that flies	herzchen
Something that flies	heuschrecke
Something that flies	hexe
Something that flies	hippe
Something that flies	hohenrakete
Something that flies	horensagen
Something that flies	hubi
Something that flies	hubschrauber
Something that flies	hubwagen
Something that flies	hundeblume
Something that flies	hundefrass
Something that flies	imme
Something that flies	intrigantin
Something that flies	jagdfalke
Something that flies	jumbo
Something that flies	jumbojet
Something that flies	kahlkopf
Something that flies	kapaun
Something that flies	kapauner
Something that flies	kapphahn
Something that flies	kernbeisser
Something that flies	kettenkraut
Something that flies	kiebitz
Something that flies	kippchen
Something that flies	klapperstorch
Something that flies	kleiber
Something that flies	knochla
Something that flies	kobold
Something that flies	komma
Something that flies	kosmonaut
Something that flies	krahe
Something that flies	kranich
Something that flies	kratzburste
Something that flies	krauterhexe
Something that flies	krawallmacher
Something that flies	kuchlein
Something that flies	kucken
Something that flies	kuken
Something that flies	kummerling
Something that flies	laternenblume
Something that flies	latrinenparole
Something that flies	leckschutz
Something that flies	lerchenfalke
Something that flies	limikolen
Something that flies	lotse
Something that flies	lowenzahn
Something that flies	lufthansa
Something that flies	magierin
Something that flies	marke
Something that flies	masthahn
Something that flies	meckertante
Something that flies	meckerziege
Something that flies	meeresvogel
Something that flies	megare
Something that flies	meise
Something that flies	merlin
Something that flies	mickerling
Something that flies	milchstock
Something that flies	militarjet
Something that flies	misteldrossel
Something that flies	monarchfalter
Something that flies	monchsblume
Something that flies	montgolfiere
Something that flies	moorhuhn
Something that flies	mornell
Something that flies	moskito
Something that flies	motte
Something that flies	mucke
Something that flies	mussigganger
Something that flies	nachteule
Something that flies	nachtschwalbe
Something that flies	nachtschwarmer
Something that flies	nachzugler
Something that flies	nichtstuer
Something that flies	nonnengans
Something that flies	nordfink
Something that flies	papageitaucher
Something that flies	paradiesvogel
Something that flies	periode
Something that flies	phase
Something that flies	phasor
Something that flies	pilot
Something that flies	pinguin
Something that flies	pirol
Something that flies	platte
Something that flies	plattmonch
Something that flies	pollen
Something that flies	pollenkorner
Something that flies	pusteblume
Something that flies	puter
Something that flies	radaubruder
Something that flies	randalierer
Something that flies	raubvogel
Something that flies	rauchschwalbe
Something that flies	raumfahre
Something that flies	raumfahrer
Something that flies	raumfahrzeug
Something that flies	raumschiff
Something that flies	rohrammer
Something that flies	rohrspatz
Something that flies	rotkehlchen
Something that flies	ruhestorer
Something that flies	ruttelfalke
Something that flies	saublume
Something that flies	saufrass
Something that flies	schildhahn
Something that flies	schlacke
Something that flies	schlaffi
Something that flies	schlange
Something that flies	schlangenfrass
Something that flies	schmachtlappen
Something that flies	schmachtling
Something that flies	schmalzbleaml
Something that flies	schmetterling
Something that flies	schnake
Something that flies	schneekonig
Something that flies	schnepfe
Something that flies	schreihals
Something that flies	schutzkragen
Something that flies	schwarzdrossel
Something that flies	schweinefrass
Something that flies	schweinshachse
Something that flies	schweinshaxe
Something that flies	schweinshaxn
Something that flies	seetaucher
Something that flies	seevogel
Something that flies	segelflieger
Something that flies	segelflugzeug
Something that flies	segler
Something that flies	seidenschwanz
Something that flies	seidenspinner
Something that flies	skua
Something that flies	solitar
Something that flies	solitarbaum
Something that flies	spanne
Something that flies	spannteppich
Something that flies	spargeltarzan
Something that flies	spatz
Something that flies	spechtmeise
Something that flies	spekulant
Something that flies	sperber
Something that flies	sperling
Something that flies	spielhahn
Something that flies	spinnewipp
Something that flies	spucht
Something that flies	stahlerne
Something that flies	stanze
Something that flies	staunse
Something that flies	stechmucke
Something that flies	steinadler
Something that flies	stelze
Something that flies	sternenschiff
Something that flies	stieglitz
Something that flies	storch
Something that flies	stuka
Something that flies	sturzbomber
Something that flies	sumpfhuhn
Something that flies	sundenbock
Something that flies	superman
Something that flies	tachinierer
Something that flies	tagedieb
Something that flies	taikonaut
Something that flies	teppichboden
Something that flies	tragschrauber
Something that flies	trulla
Something that flies	truthahn
Something that flies	trutsche
Something that flies	trutschn
Something that flies	turmfalke
Something that flies	turmhugelburg
Something that flies	tuse
Something that flies	ufo
Something that flies	uhu
Something that flies	unruhestifter
Something that flies	wadli
Something that flies	watvogel
Something that flies	weile
Something that flies	weissstorch
Something that flies	weltraumfahrer
Something that flies	wiesenlattich
Something that flies	wurfpfeil
Something that flies	xanthippe
Something that flies	zankeisen
Something that flies	zauberin
Something that flies	zaungrasmucke
Something that flies	zaunkonig
Something that flies	zeiger
Something that flies	zeit
Something that flies	zeitabschnitt
Something that flies	zeitabstand
Something that flies	zeitdauer
Something that flies	zeitdifferenz
Something that flies	zeitintervall
Something that flies	zeitlang
Something that flies	zeitrahmen
Something that flies	zeitraum
Something that flies	zeitspanne
Something that flies	zeitungsente
Something that flies	zicke
Something that flies	ziegenmelker
Something that flies	zielscheibe
Something that flies	zimtzicke
Something that flies	zippe
Something that flies	zocker
Something that flies	zwergfalke
A type of food	aal
A type of food	abbildung
A type of food	adamsapfel
A type of food	affenbrot
A type of food	affeneis
A type of food	affenhandy
A type of food	affenknacker
A type of food	affenkotelett
A type of food	affenschnitzel
A type of food	affensteak
A type of food	allerlei
A type of food	ananas
A type of food	anis
A type of food	anisium
A type of food	anken
A type of food	apfel
A type of food	apfelbrei
A type of food	apfelfrucht
A type of food	apfelkoch
A type of food	apfelkompott
A type of food	apfelmus
A type of food	appetizer
A type of food	aprikose
A type of food	aroma
A type of food	aschlauch
A type of food	auflauf
A type of food	backwaren
A type of food	backwerk
A type of food	bagel
A type of food	banane
A type of food	bandnudeln
A type of food	barendreck
A type of food	barenzucker
A type of food	batate
A type of food	baumnuss
A type of food	bechamelsauce
A type of food	bechamelsosse
A type of food	beefsteak
A type of food	beigabe
A type of food	beize
A type of food	beugel
A type of food	bickbeere
A type of food	bimbeskanzler
A type of food	birne
A type of food	biskotte
A type of food	biskuit
A type of food	blattkohl
A type of food	blaubeere
A type of food	blumenzwiebel
A type of food	bohne
A type of food	bohnenkase
A type of food	bohnenquark
A type of food	bomsken
A type of food	bonbon
A type of food	bonus
A type of food	borretsch
A type of food	bouillon
A type of food	bratklops
A type of food	bratklosschen
A type of food	bratwurst
A type of food	braunkohl
A type of food	brei
A type of food	breitlauch
A type of food	bretzel
A type of food	breze
A type of food	brezel
A type of food	brezn
A type of food	bries
A type of food	brisolette
A type of food	broccoli
A type of food	brockelkohl
A type of food	brokkoli
A type of food	brot
A type of food	brotchen
A type of food	brotlaib
A type of food	bruhe
A type of food	bruttogewicht
A type of food	buchweizen
A type of food	bucking
A type of food	buckling
A type of food	bulette
A type of food	bummerlsalat
A type of food	burger
A type of food	butter
A type of food	buttertruffel
A type of food	callgirl
A type of food	canape
A type of food	cashewbaum
A type of food	cephalopod
A type of food	chili
A type of food	chnobli
A type of food	chutney
A type of food	citrone
A type of food	couscous
A type of food	cowboyfilm
A type of food	creme
A type of food	croissant
A type of food	datensatz
A type of food	datum
A type of food	dauerlutscher
A type of food	delikatessen
A type of food	dessert
A type of food	dessertbanane
A type of food	diagramm
A type of food	dill
A type of food	dille
A type of food	dillkraut
A type of food	dip
A type of food	dirne
A type of food	donut
A type of food	dorfmatratze
A type of food	dorrfleisch
A type of food	dose
A type of food	dost
A type of food	doughnut
A type of food	draufgabe
A type of food	dreingabe
A type of food	dressing
A type of food	durian
A type of food	edelnutte
A type of food	eidotter
A type of food	eierauflauf
A type of food	eigelb
A type of food	einbrenn
A type of food	einbrenne
A type of food	eingeweide
A type of food	eintopf
A type of food	eintopfgericht
A type of food	eintragung
A type of food	eis
A type of food	eisbecher
A type of food	eisbergsalat
A type of food	eiscreme
A type of food	eiskrem
A type of food	eiskreme
A type of food	eissalat
A type of food	ente
A type of food	erdapfelpuffer
A type of food	erdbeere
A type of food	erganzung
A type of food	escort
A type of food	escortgirl
A type of food	essen
A type of food	essiggurke
A type of food	esssachen
A type of food	esswaren
A type of food	extra
A type of food	fabaceae
A type of food	farbstoff
A type of food	faschiertes
A type of food	federvieh
A type of food	feinkost
A type of food	felderbse
A type of food	feldhase
A type of food	filet
A type of food	fisch
A type of food	fleisch
A type of food	fleischklops
A type of food	fleischkloss
A type of food	fleischkuchla
A type of food	fleischkuchle
A type of food	fleischlaberl
A type of food	fleischlaiberl
A type of food	fleischlauch
A type of food	fleischspiess
A type of food	fliese
A type of food	fondant
A type of food	fotze
A type of food	fressalien
A type of food	freudenmadchen
A type of food	frikadelle
A type of food	fritten
A type of food	fritter
A type of food	gallert
A type of food	gallerte
A type of food	geback
A type of food	gedarme
A type of food	gehacktes
A type of food	gehackteskloss
A type of food	gelatine
A type of food	gelbrube
A type of food	gelbwurz
A type of food	gelee
A type of food	gemenge
A type of food	gemisch
A type of food	gemurmel
A type of food	gemuse
A type of food	genick
A type of food	geschling
A type of food	gewiegtes
A type of food	gewurz
A type of food	gewurzgurke
A type of food	gipfel
A type of food	glace
A type of food	glucke
A type of food	gluckhenne
A type of food	gnocchi
A type of food	gollasch
A type of food	goulasch
A type of food	granatapfel
A type of food	grapefrucht
A type of food	grapefruit
A type of food	grenadine
A type of food	grilletta
A type of food	grillwurst
A type of food	grunkohl
A type of food	grunzeug
A type of food	grunzochse
A type of food	gsalz
A type of food	gujasch
A type of food	gulasch
A type of food	gulyas
A type of food	gurke
A type of food	gurkenkraut
A type of food	guts
A type of food	hack
A type of food	hackfleisch
A type of food	hackhuller
A type of food	hackplatzli
A type of food	hacktatschli
A type of food	haferbrei
A type of food	haferschleim
A type of food	hafersuppe
A type of food	haggis
A type of food	hahnchen
A type of food	hals
A type of food	halsbonbon
A type of food	hamburger
A type of food	happchen
A type of food	hartgeldnutte
A type of food	haschee
A type of food	hase
A type of food	hauptgang
A type of food	hauptgericht
A type of food	hauptspeise
A type of food	heidekorn
A type of food	heidelbeere
A type of food	hendl
A type of food	henne
A type of food	hetare
A type of food	holder
A type of food	holler
A type of food	holunder
A type of food	hoppel
A type of food	hoppler
A type of food	horizontale
A type of food	hornchen
A type of food	huhn
A type of food	huller
A type of food	hulsenfruchte
A type of food	hure
A type of food	hustenbonbon
A type of food	ingrediens
A type of food	ingredienz
A type of food	innereien
A type of food	jagdbeute
A type of food	jak
A type of food	joghurt
A type of food	jogurt
A type of food	kachel
A type of food	kaiserschmarrn
A type of food	kakao
A type of food	kakaogetrank
A type of food	kakaomilch
A type of food	kakaotrunk
A type of food	kaldaunen
A type of food	kanapee
A type of food	kandis
A type of food	kandiszucker
A type of food	karotte
A type of food	kasefrucht
A type of food	kasekuchen
A type of food	kebab
A type of food	keks
A type of food	ketchup
A type of food	ketschup
A type of food	kichererbse
A type of food	kipfel
A type of food	kiwi
A type of food	kiwifrucht
A type of food	klumpchen
A type of food	kluntje
A type of food	knacker
A type of food	knackwurst
A type of food	knete
A type of food	knetgummi
A type of food	knetmasse
A type of food	knoblauch
A type of food	knofel
A type of food	knofi
A type of food	knollenwinde
A type of food	koharer
A type of food	kohler
A type of food	kohlfisch
A type of food	kokosgeback
A type of food	kokotte
A type of food	kolossalfilm
A type of food	konditorwaren
A type of food	konfekt
A type of food	konfiture
A type of food	kopffusser
A type of food	kracker
A type of food	krake
A type of food	kranbeere
A type of food	krauskohl
A type of food	kronsbeere
A type of food	kuchen
A type of food	kurbis
A type of food	kurbisgewachs
A type of food	kurkuma
A type of food	kurtisane
A type of food	kurvenblatt
A type of food	kuskus
A type of food	lake
A type of food	lakritz
A type of food	lakritze
A type of food	lamm
A type of food	langohr
A type of food	lasagne
A type of food	lauch
A type of food	lebensmittel
A type of food	leckerchen
A type of food	leckerei
A type of food	leckerli
A type of food	legehenne
A type of food	leghenne
A type of food	leguminosae
A type of food	leguminose
A type of food	lende
A type of food	lendenbraten
A type of food	liebesapfel
A type of food	liebesdame
A type of food	liebesdienerin
A type of food	liebesmadchen
A type of food	limone
A type of food	loffelbiskuit
A type of food	lolli
A type of food	lorke
A type of food	lungenbraten
A type of food	lusche
A type of food	lutscher
A type of food	majo
A type of food	majonase
A type of food	makrone
A type of food	marille
A type of food	marinade
A type of food	marmelade
A type of food	marshmallow
A type of food	mausespeck
A type of food	mayo
A type of food	mayonnaise
A type of food	mehlschwitze
A type of food	mehlspeise
A type of food	melange
A type of food	metze
A type of food	milchsauce
A type of food	mischung
A type of food	mix
A type of food	mixtur
A type of food	mohre
A type of food	mohrrube
A type of food	monumentalfilm
A type of food	moosbeere
A type of food	mose
A type of food	muesli
A type of food	mummelmann
A type of food	mummler
A type of food	mus
A type of food	musche
A type of food	muschi
A type of food	musli
A type of food	mussitation
A type of food	nachschlag
A type of food	nachspeise
A type of food	nachtisch
A type of food	nahrung
A type of food	nahrungsmittel
A type of food	naschereien
A type of food	naschkram
A type of food	naschwerk
A type of food	naturalrabatt
A type of food	nelkenpfeffer
A type of food	neunauge
A type of food	nierenbaum
A type of food	nocken
A type of food	nockerln
A type of food	nougat
A type of food	nuckel
A type of food	nudelauflauf
A type of food	nudeln
A type of food	nugat
A type of food	nuggi
A type of food	nutte
A type of food	obers
A type of food	obstbanane
A type of food	obstkuchen
A type of food	obsttorte
A type of food	octopus
A type of food	oktopus
A type of food	oregano
A type of food	origano
A type of food	pampe
A type of food	pampelmuse
A type of food	paprika
A type of food	paprikaschote
A type of food	paradeisapfel
A type of food	paradeiser
A type of food	paradiesapfel
A type of food	paradiesfrucht
A type of food	pasta
A type of food	pennal
A type of food	penne
A type of food	peperoni
A type of food	pfannkuchen
A type of food	pfeffergurke
A type of food	pfirsich
A type of food	pflanzen
A type of food	pflaume
A type of food	piepmatz
A type of food	piment
A type of food	platte
A type of food	platzli
A type of food	plempe
A type of food	plent
A type of food	plorre
A type of food	pokling
A type of food	polenta
A type of food	pommes
A type of food	porree
A type of food	poulet
A type of food	praline
A type of food	pralinee
A type of food	pralinen
A type of food	preiselbeere
A type of food	professionelle
A type of food	prostituierte
A type of food	pudding
A type of food	quark
A type of food	quarkkuchen
A type of food	quarkspeise
A type of food	quarktorte
A type of food	quetsche
A type of food	ragout
A type of food	rahm
A type of food	rambutan
A type of food	rammler
A type of food	rande
A type of food	raucherhering
A type of food	raufutter
A type of food	raugewicht
A type of food	rauhgewicht
A type of food	raunen
A type of food	reibekuchen
A type of food	reibeplatzchen
A type of food	reiberdatschi
A type of food	reif
A type of food	reis
A type of food	rhabarber
A type of food	riebel
A type of food	riebli
A type of food	riesenorange
A type of food	ring
A type of food	rosine
A type of food	rostbratwurst
A type of food	rostbrot
A type of food	rube
A type of food	ruebli
A type of food	rundstuck
A type of food	sahne
A type of food	sahnebonbon
A type of food	salatdressing
A type of food	salatsosse
A type of food	sauce
A type of food	sauerkohl
A type of food	sauerkraut
A type of food	schafchen
A type of food	schalrippchen
A type of food	schaubild
A type of food	scheidenvorhof
A type of food	schichtkase
A type of food	schinken
A type of food	schleckerei
A type of food	schlecksl
A type of food	schleckstangel
A type of food	schlotzer
A type of food	schmarsel
A type of food	schnitzel
A type of food	schnuller
A type of food	schoko
A type of food	schokolade
A type of food	scholle
A type of food	schrippe
A type of food	schrot
A type of food	schwarzbeere
A type of food	schwitzmehl
A type of food	seelachs
A type of food	semmel
A type of food	sexarbeiterin
A type of food	siessschmeer
A type of food	sirup
A type of food	smoothie
A type of food	sojadrink
A type of food	sojamilch
A type of food	sojaquark
A type of food	sosse
A type of food	souffle
A type of food	soufflee
A type of food	spagetti
A type of food	spaghetti
A type of food	spareribs
A type of food	spargelkohl
A type of food	speiseeis
A type of food	spezerei
A type of food	sprossenkohl
A type of food	spulwasser
A type of food	sterz
A type of food	stew
A type of food	stinkfrucht
A type of food	strassendirne
A type of food	strichi
A type of food	strichmadchen
A type of food	sultanine
A type of food	susses
A type of food	sussholz
A type of food	sussigkeiten
A type of food	susskartoffel
A type of food	susskram
A type of food	sussspeise
A type of food	susswaren
A type of food	susswasseraal
A type of food	tabelle
A type of food	tafeli
A type of food	tagliatelle
A type of food	teigwaren
A type of food	thymus
A type of food	tintenfisch
A type of food	toast
A type of food	toastbrot
A type of food	toffee
A type of food	tofu
A type of food	tomate
A type of food	topfen
A type of food	topfenkuchen
A type of food	torte
A type of food	trockenfleisch
A type of food	truffes
A type of food	tunke
A type of food	venuskicher
A type of food	vermischung
A type of food	viktualien
A type of food	vinaigrette
A type of food	vogel
A type of food	vorspeise
A type of food	vulva
A type of food	waldbeere
A type of food	walnuss
A type of food	wecken
A type of food	weckerl
A type of food	weggli
A type of food	weinbeere
A type of food	weintraube
A type of food	weisskase
A type of food	welschzwiebel
A type of food	western
A type of food	wild
A type of food	wildbeere
A type of food	wildbret
A type of food	wildfleisch
A type of food	wildwestfilm
A type of food	winterkohl
A type of food	winterlauch
A type of food	wurze
A type of food	wurzel
A type of food	wurzelgemuse
A type of food	wurzelsellerie
A type of food	wurzessenz
A type of food	wurzfleisch
A type of food	wurzstoff
A type of food	yak
A type of food	zaltli
A type of food	zeller
A type of food	zibebe
A type of food	zitrone
A type of food	znuni
A type of food	zucker
A type of food	zuckerhut
A type of food	zuckerl
A type of food	zuckersaft
A type of food	zuckerstock
A type of food	zuckerwaren
A type of food	zuckerzeug
A type of food	zugabe
A type of food	zutat
A type of food	zwerg
A type of food	zwetsche
A type of food	zwetschge
A type of food	zwetschke
A type of food	zwiebel
A type of food	zwiebelfisch
A word meaning happy	angeregt
A word meaning happy	ausdrucksvoll
A word meaning happy	ausgelassen
A word meaning happy	begeistert
A word meaning happy	beschwingt
A word meaning happy	dankbar
A word meaning happy	erhaben
A word meaning happy	feierlich
A word meaning happy	festlich
A word meaning happy	flott
A word meaning happy	freudig
A word meaning happy	froh
A word meaning happy	frohlich
A word meaning happy	glucklich
A word meaning happy	gluckselig
A word meaning happy	gluckstrahlend
A word meaning happy	heiter
A word meaning happy	hell
A word meaning happy	hochfliegend
A word meaning happy	hochmutig
A word meaning happy	klangvoll
A word meaning happy	lassig
A word meaning happy	luftig
A word meaning happy	lustig
A word meaning happy	munter
A word meaning happy	pathetisch
A word meaning happy	schmissig
A word meaning happy	schwulstig
A word meaning happy	selig
A word meaning happy	sonnig
A word meaning happy	strahlend
A word meaning happy	taghell
A word meaning happy	triumphierend
A word meaning happy	uberglucklich
A word meaning happy	unbehelligt
A word meaning happy	unbelastigt
A word meaning happy	unbeschwert
A word meaning happy	ungehemmt
A word meaning happy	ungestort
A word meaning happy	vergnugt
A word meaning happy	zufrieden
A tool of some kind	abhangigkeit
A tool of some kind	abrichtlineal
A tool of some kind	abstreifer
A tool of some kind	abstreifgummi
A tool of some kind	accelerometer
A tool of some kind	achse
A tool of some kind	ackern
A tool of some kind	aggregat
A tool of some kind	akte
A tool of some kind	altazimut
A tool of some kind	altimeter
A tool of some kind	anemometer
A tool of some kind	anlage
A tool of some kind	apparat
A tool of some kind	apparatur
A tool of some kind	araometer
A tool of some kind	armbanduhr
A tool of some kind	astrolab
A tool of some kind	astrolabium
A tool of some kind	aufreisser
A tool of some kind	auftritt
A tool of some kind	auskehrer
A tool of some kind	automat
A tool of some kind	axt
A tool of some kind	backspace
A tool of some kind	bajonett
A tool of some kind	bandmass
A tool of some kind	bartwisch
A tool of some kind	baseballkeule
A tool of some kind	bastinado
A tool of some kind	bastonade
A tool of some kind	beetle
A tool of some kind	beil
A tool of some kind	beschleuniger
A tool of some kind	besen
A tool of some kind	bierbong
A tool of some kind	bierrutsche
A tool of some kind	biersturzer
A tool of some kind	billardqueue
A tool of some kind	billardstock
A tool of some kind	blatt
A tool of some kind	bleigewicht
A tool of some kind	blitzeinschlag
A tool of some kind	blitzschlag
A tool of some kind	bohrknarre
A tool of some kind	bolometer
A tool of some kind	bombe
A tool of some kind	bordmuhle
A tool of some kind	brecheisen
A tool of some kind	brecher
A tool of some kind	brechstange
A tool of some kind	breitaxt
A tool of some kind	brettmuhle
A tool of some kind	brettsage
A tool of some kind	brezelkafer
A tool of some kind	buschwald
A tool of some kind	buschwerk
A tool of some kind	bussole
A tool of some kind	cache
A tool of some kind	cachespeicher
A tool of some kind	chronograf
A tool of some kind	chronograph
A tool of some kind	chronometer
A tool of some kind	dampfgarer
A tool of some kind	danenaxt
A tool of some kind	datei
A tool of some kind	datenpuffer
A tool of some kind	dichtespindel
A tool of some kind	dickicht
A tool of some kind	doppelmeter
A tool of some kind	drachen
A tool of some kind	druckbehalter
A tool of some kind	ebene
A tool of some kind	eingabetaste
A tool of some kind	einsatz
A tool of some kind	eisen
A tool of some kind	eisenlegierung
A tool of some kind	eispickel
A tool of some kind	entsafter
A tool of some kind	fahnenmast
A tool of some kind	fahnenstange
A tool of some kind	fahrpedal
A tool of some kind	farbenmesser
A tool of some kind	feder
A tool of some kind	federkiel
A tool of some kind	ferrum
A tool of some kind	ferse
A tool of some kind	fichtenmoped
A tool of some kind	filou
A tool of some kind	fleischbeil
A tool of some kind	fleischerbeil
A tool of some kind	frauenheld
A tool of some kind	frauenjager
A tool of some kind	fruchtpresse
A tool of some kind	fuchsschwanz
A tool of some kind	furie
A tool of some kind	fusshebel
A tool of some kind	galvanometer
A tool of some kind	gartenhacke
A tool of some kind	gasmesser
A tool of some kind	gaspedal
A tool of some kind	gasuhr
A tool of some kind	gaszahler
A tool of some kind	gaussmeter
A tool of some kind	gebusch
A tool of some kind	gehhilfe
A tool of some kind	gehstock
A tool of some kind	geigenbogen
A tool of some kind	gerat
A tool of some kind	gesenkformen
A tool of some kind	gestrauch
A tool of some kind	gestrupp
A tool of some kind	gewindebohrer
A tool of some kind	gewitterziege
A tool of some kind	giftnudel
A tool of some kind	giftspritze
A tool of some kind	gig
A tool of some kind	gigolo
A tool of some kind	gockel
A tool of some kind	grasmaher
A tool of some kind	grundlinie
A tool of some kind	grundsee
A tool of some kind	hackbeil
A tool of some kind	hacke
A tool of some kind	hackebeil
A tool of some kind	hahn
A tool of some kind	hallodri
A tool of some kind	handsage
A tool of some kind	handstock
A tool of some kind	hausdrachen
A tool of some kind	heftklammer
A tool of some kind	herbie
A tool of some kind	herd
A tool of some kind	herzensbrecher
A tool of some kind	heugabel
A tool of some kind	hippe
A tool of some kind	hirtenstab
A tool of some kind	hohe
A tool of some kind	hohenmesser
A tool of some kind	holznagel
A tool of some kind	holzstift
A tool of some kind	hydrometer
A tool of some kind	hyetometer
A tool of some kind	hygrometer
A tool of some kind	intrigantin
A tool of some kind	invalidenstock
A tool of some kind	irdenware
A tool of some kind	joystick
A tool of some kind	kafer
A tool of some kind	karette
A tool of some kind	kehrbesen
A tool of some kind	kelle
A tool of some kind	kelter
A tool of some kind	kerkermeister
A tool of some kind	kessel
A tool of some kind	kettensage
A tool of some kind	keule
A tool of some kind	klammer
A tool of some kind	klappmeter
A tool of some kind	klinge
A tool of some kind	knieper
A tool of some kind	knuppel
A tool of some kind	kolorimeter
A tool of some kind	kombidampfer
A tool of some kind	kompass
A tool of some kind	konvektomat
A tool of some kind	korkenzieher
A tool of some kind	krahe
A tool of some kind	krampen
A tool of some kind	kratzburste
A tool of some kind	krucke
A tool of some kind	kruckmann
A tool of some kind	kruckstock
A tool of some kind	kuchenherd
A tool of some kind	kugelporsche
A tool of some kind	kugelschreiber
A tool of some kind	kuli
A tool of some kind	ladykiller
A tool of some kind	laster
A tool of some kind	laufer
A tool of some kind	leuchtstift
A tool of some kind	level
A tool of some kind	libra
A tool of some kind	lineal
A tool of some kind	liveticker
A tool of some kind	louboutin
A tool of some kind	macchia
A tool of some kind	macchie
A tool of some kind	magnetometer
A tool of some kind	mahlstein
A tool of some kind	maquis
A tool of some kind	maschine
A tool of some kind	mass
A tool of some kind	massband
A tool of some kind	massstab
A tool of some kind	maulwurf
A tool of some kind	meckertante
A tool of some kind	meckerziege
A tool of some kind	megare
A tool of some kind	messband
A tool of some kind	messerklinge
A tool of some kind	messschraube
A tool of some kind	messstab
A tool of some kind	metallstift
A tool of some kind	meter
A tool of some kind	meterstab
A tool of some kind	mikrometer
A tool of some kind	mistgabel
A tool of some kind	mittellinie
A tool of some kind	mixstab
A tool of some kind	moster
A tool of some kind	mostpresse
A tool of some kind	motorsage
A tool of some kind	newsticker
A tool of some kind	niveau
A tool of some kind	obstpresse
A tool of some kind	offner
A tool of some kind	offnerkontakt
A tool of some kind	ombrometer
A tool of some kind	pedal
A tool of some kind	pedometer
A tool of some kind	pegel
A tool of some kind	peilstab
A tool of some kind	peilstock
A tool of some kind	performance
A tool of some kind	pflugen
A tool of some kind	pickel
A tool of some kind	pinnchen
A tool of some kind	pinneken
A tool of some kind	pistill
A tool of some kind	planispharum
A tool of some kind	playboy
A tool of some kind	pluviometer
A tool of some kind	podometer
A tool of some kind	potentiometer
A tool of some kind	potenziometer
A tool of some kind	poti
A tool of some kind	prugel
A tool of some kind	psychrometer
A tool of some kind	puffer
A tool of some kind	pufferspeicher
A tool of some kind	purierstab
A tool of some kind	pyrometer
A tool of some kind	quecksilber
A tool of some kind	queue
A tool of some kind	quirl
A tool of some kind	radar
A tool of some kind	radargerat
A tool of some kind	rakel
A tool of some kind	rasenmaher
A tool of some kind	rasierapparat
A tool of some kind	raspel
A tool of some kind	rechenmaschine
A tool of some kind	rechner
A tool of some kind	refraktometer
A tool of some kind	regenmesser
A tool of some kind	reibeisen
A tool of some kind	return
A tool of some kind	rohrstock
A tool of some kind	rollbandmass
A tool of some kind	rollmeter
A tool of some kind	ruckloschtaste
A tool of some kind	rucktaste
A tool of some kind	ruder
A tool of some kind	ruhekontakt
A tool of some kind	ruhrbesen
A tool of some kind	rute
A tool of some kind	saftpresse
A tool of some kind	sagemuhle
A tool of some kind	sagewerk
A tool of some kind	sagi
A tool of some kind	salamander
A tool of some kind	sanduhr
A tool of some kind	saufmaschine
A tool of some kind	schaumschlager
A tool of some kind	scheibtruhe
A tool of some kind	schicht
A tool of some kind	schiebetruhe
A tool of some kind	schiebkarre
A tool of some kind	schlagel
A tool of some kind	schlager
A tool of some kind	schlagstock
A tool of some kind	schlange
A tool of some kind	schlawiner
A tool of some kind	schlegel
A tool of some kind	schleifer
A tool of some kind	schleifkopf
A tool of some kind	schleifmittel
A tool of some kind	schleifscheibe
A tool of some kind	schleifstein
A tool of some kind	schliesser
A tool of some kind	schmiege
A tool of some kind	schneebesen
A tool of some kind	schneerute
A tool of some kind	schneide
A tool of some kind	schneidmuhle
A tool of some kind	schraubstock
A tool of some kind	schraubzwinge
A tool of some kind	schreibfeder
A tool of some kind	schrittmesser
A tool of some kind	schrittzahler
A tool of some kind	schubkarre
A tool of some kind	schubkarren
A tool of some kind	schurzenjager
A tool of some kind	schwerenoter
A tool of some kind	schwingbesen
A tool of some kind	seismograf
A tool of some kind	seismograph
A tool of some kind	seismometer
A tool of some kind	seitengewehr
A tool of some kind	senker
A tool of some kind	senkspindel
A tool of some kind	senkwaage
A tool of some kind	seziermesser
A tool of some kind	skalpell
A tool of some kind	slegel
A tool of some kind	sonar
A tool of some kind	spatel
A tool of some kind	spazierstock
A tool of some kind	sperrhaken
A tool of some kind	sperrklinke
A tool of some kind	spiegelachse
A tool of some kind	spieleinsatz
A tool of some kind	spielhebel
A tool of some kind	spitzhacke
A tool of some kind	stab
A tool of some kind	stabchen
A tool of some kind	stabmixer
A tool of some kind	stahl
A tool of some kind	stampfer
A tool of some kind	stand
A tool of some kind	stange
A tool of some kind	steamer
A tool of some kind	stecken
A tool of some kind	steigmesser
A tool of some kind	steingut
A tool of some kind	stemmeisen
A tool of some kind	steuer
A tool of some kind	steuerruder
A tool of some kind	stift
A tool of some kind	stiletto
A tool of some kind	stock
A tool of some kind	stockelschuh
A tool of some kind	stoppelzieher
A tool of some kind	stossel
A tool of some kind	strauchwerk
A tool of some kind	streitkolben
A tool of some kind	strommesser
A tool of some kind	stufe
A tool of some kind	stundenglas
A tool of some kind	sucht
A tool of some kind	suchtverhalten
A tool of some kind	suitier
A tool of some kind	symmetrieachse
A tool of some kind	tacho
A tool of some kind	tachometer
A tool of some kind	taschenrechner
A tool of some kind	teslameter
A tool of some kind	textmarker
A tool of some kind	thermometer
A tool of some kind	ticker
A tool of some kind	timer
A tool of some kind	torsion
A tool of some kind	totschlager
A tool of some kind	trennscheibe
A tool of some kind	trichter
A tool of some kind	trimmer
A tool of some kind	trommelstock
A tool of some kind	tuschfeder
A tool of some kind	uhr
A tool of some kind	umackern
A tool of some kind	umschalttaste
A tool of some kind	unterholz
A tool of some kind	vario
A tool of some kind	variometer
A tool of some kind	verdrehung
A tool of some kind	verwindung
A tool of some kind	violinbogen
A tool of some kind	violinenbogen
A tool of some kind	waage
A tool of some kind	wachskreide
A tool of some kind	wachsmaler
A tool of some kind	wachsmalkreide
A tool of some kind	wachsmalstift
A tool of some kind	wachsstift
A tool of some kind	wanderstab
A tool of some kind	wanderstock
A tool of some kind	warter
A tool of some kind	wasserpegel
A tool of some kind	weiberheld
A tool of some kind	welle
A tool of some kind	wikingeraxt
A tool of some kind	windmesser
A tool of some kind	witwentroster
A tool of some kind	woge
A tool of some kind	womanizer
A tool of some kind	wustling
A tool of some kind	xanthippe
A tool of some kind	zange
A tool of some kind	zankeisen
A tool of some kind	zauberrute
A tool of some kind	zauberstab
A tool of some kind	zeichenfeder
A tool of some kind	zeilenschalter
A tool of some kind	zeitanzeiger
A tool of some kind	zeiteisen
A tool of some kind	zeitgeber
A tool of some kind	zeitmesser
A tool of some kind	zicke
A tool of some kind	ziehfeder
A tool of some kind	zimtzicke
A tool of some kind	zippe
A tool of some kind	zollstab
A tool of some kind	zollstock
A tool of some kind	zwischenablage
Something found in space	analyse
Something found in space	andromedanebel
Something found in space	apollo
Something found in space	apollon
Something found in space	asteroid
Something found in space	astronaut
Something found in space	auslander
Something found in space	auslanderin
Something found in space	badminton
Something found in space	bagatelle
Something found in space	banalitat
Something found in space	begleiter
Something found in space	bestandteil
Something found in space	bruchstein
Something found in space	chefarzt
Something found in space	collage
Something found in space	doppelstern
Something found in space	element
Something found in space	erdbegleiter
Something found in space	erdmond
Something found in space	erdtrabant
Something found in space	ermittlung
Something found in space	federball
Something found in space	federballspiel
Something found in space	fernrohr
Something found in space	fixstern
Something found in space	fliegenschiss
Something found in space	fremdling
Something found in space	fremdstammiger
Something found in space	galaxie
Something found in space	galaxis
Something found in space	gasplanet
Something found in space	gasriese
Something found in space	gastarbeiter
Something found in space	gestirn
Something found in space	gigant
Something found in space	glied
Something found in space	grundmenge
Something found in space	himmelskorper
Something found in space	irrstern
Something found in space	kanake
Something found in space	kiki
Something found in space	kinkerlitzchen
Something found in space	kleckerkram
Something found in space	kleinigkeit
Something found in space	kleinkorper
Something found in space	kleinkram
Something found in space	kleinplanet
Something found in space	kombination
Something found in space	komet
Something found in space	komponente
Something found in space	komposition
Something found in space	konstellation
Something found in space	kosmonaut
Something found in space	lappalie
Something found in space	lichtquant
Something found in space	lichtteilchen
Something found in space	luna
Something found in space	marginalie
Something found in space	mehrfachstern
Something found in space	mehrfachsystem
Something found in space	meteor
Something found in space	migrant
Something found in space	milchstrasse
Something found in space	modul
Something found in space	mond
Something found in space	nebensache
Something found in space	neptun
Something found in space	nichtigkeit
Something found in space	peanuts
Something found in space	petitesse
Something found in space	photon
Something found in space	pillepalle
Something found in space	pipifax
Something found in space	planet
Something found in space	planetoid
Something found in space	plutoid
Something found in space	poseidon
Something found in space	primar
Something found in space	primararzt
Something found in space	primarius
Something found in space	prufung
Something found in space	quisquilien
Something found in space	raumfahre
Something found in space	raumfahrer
Something found in space	raumfahrzeug
Something found in space	raumschiff
Something found in space	riese
Something found in space	satellit
Something found in space	schnullibulli
Something found in space	schweifstern
Something found in space	sol
Something found in space	sonne
Something found in space	spiralgalaxie
Something found in space	spiralnebel
Something found in space	starchen
Something found in space	starlet
Something found in space	stern
Something found in space	sternbild
Something found in space	sternchen
Something found in space	sternenschiff
Something found in space	tagesgestirn
Something found in space	taikonaut
Something found in space	teil
Something found in space	teleskop
Something found in space	titan
Something found in space	trabant
Something found in space	trummer
Something found in space	tschusch
Something found in space	tuddelkram
Something found in space	ufo
Something found in space	universum
Something found in space	untersuchung
Something found in space	unwichtigkeit
Something found in space	veranderlicher
Something found in space	verknupfung
Something found in space	wandelstern
Something found in space	wanderstern
Something found in space	welt
Something found in space	welteninsel
Something found in space	weltganze
Something found in space	weltraumfahrer
Something found in space	zentralgestirn
Something found in space	zwergplanet
A job or profession	abdecker
A job or profession	abgott
A job or profession	achsmacher
A job or profession	adapter
A job or profession	advokat
A job or profession	agent
A job or profession	agrarier
A job or profession	aiw
A job or profession	akademiker
A job or profession	akoluth
A job or profession	akolyth
A job or profession	akrobat
A job or profession	akteur
A job or profession	aktrice
A job or profession	aktuar
A job or profession	alleskonner
A job or profession	allrounder
A job or profession	allzweckwaffe
A job or profession	almerin
A job or profession	alpinist
A job or profession	altersforscher
A job or profession	altgedienter
A job or profession	alumnus
A job or profession	amtsdiener
A job or profession	amtsinhaber
A job or profession	amtsperson
A job or profession	analytiker
A job or profession	anasthesiologe
A job or profession	anasthesist
A job or profession	anbieter
A job or profession	angestellter
A job or profession	angler
A job or profession	animateur
A job or profession	ankleider
A job or profession	anleiter
A job or profession	anwalt
A job or profession	anzeigenblatt
A job or profession	anzeiger
A job or profession	apotheker
A job or profession	aquanaut
A job or profession	arbeiter
A job or profession	arbeitgeber
A job or profession	arbeitnehmer
A job or profession	arbeitskraft
A job or profession	architekt
A job or profession	artist
A job or profession	arzt
A job or profession	arztin
A job or profession	assistent
A job or profession	assistenzarzt
A job or profession	astronaut
A job or profession	astronom
A job or profession	athlet
A job or profession	aufpasserin
A job or profession	augenarzt
A job or profession	aulner
A job or profession	ausbildender
A job or profession	ausbilder
A job or profession	ausbildner
A job or profession	ausgedienter
A job or profession	aushilfe
A job or profession	aushilfsjobber
A job or profession	aushilfskraft
A job or profession	ausstopfer
A job or profession	autobusfahrer
A job or profession	autofahrer
A job or profession	autolenker
A job or profession	automechaniker
A job or profession	automobilist
A job or profession	automonteur
A job or profession	autor
A job or profession	bahnarbeiter
A job or profession	balladensanger
A job or profession	ballerina
A job or profession	balletteuse
A job or profession	bandleader
A job or profession	barbier
A job or profession	barde
A job or profession	barkeeper
A job or profession	barmann
A job or profession	bartender
A job or profession	bartscherer
A job or profession	bartschneider
A job or profession	basketballer
A job or profession	bassgitarrist
A job or profession	bassist
A job or profession	bauer
A job or profession	bauerin
A job or profession	bauersfrau
A job or profession	baumeister
A job or profession	bauzeichner
A job or profession	beauftragter
A job or profession	bedienerin
A job or profession	bediensteter
A job or profession	bedienung
A job or profession	befehlshaber
A job or profession	begleiter
A job or profession	begleiterin
A job or profession	beizjager
A job or profession	bergfex
A job or profession	bergkraxler
A job or profession	bergsteiger
A job or profession	besatzer
A job or profession	besatzung
A job or profession	beschaftigter
A job or profession	besorger
A job or profession	bestseller
A job or profession	betreuer
A job or profession	bienenzuchter
A job or profession	bijoutier
A job or profession	bildermacher
A job or profession	bildhauer
A job or profession	bildner
A job or profession	billeteur
A job or profession	bimbo
A job or profession	biograf
A job or profession	biograph
A job or profession	bischof
A job or profession	blattmacher
A job or profession	blumenhandler
A job or profession	botaniker
A job or profession	bote
A job or profession	botenganger
A job or profession	botenjunge
A job or profession	botschafter
A job or profession	bowler
A job or profession	bowlingspieler
A job or profession	bratscher
A job or profession	bratschist
A job or profession	bremser
A job or profession	brieftrager
A job or profession	briefzusteller
A job or profession	brigadegeneral
A job or profession	brigadier
A job or profession	brotchengeber
A job or profession	brotherr
A job or profession	brummifahrer
A job or profession	brummschadel
A job or profession	buchprufer
A job or profession	buezer
A job or profession	buhnenarbeiter
A job or profession	buhnenautor
A job or profession	buhnendichter
A job or profession	buhnenkunstler
A job or profession	bulle
A job or profession	bullen
A job or profession	bullerei
A job or profession	bundesbahner
A job or profession	bunker
A job or profession	buntfutterer
A job or profession	burokraft
A job or profession	burokrat
A job or profession	buschauffeur
A job or profession	busfahrer
A job or profession	buslenker
A job or profession	buttel
A job or profession	cellist
A job or profession	cellospieler
A job or profession	chefbeleuchter
A job or profession	chefdirigent
A job or profession	chefkoch
A job or profession	chefredakteur
A job or profession	chefredaktor
A job or profession	chemiker
A job or profession	chippie
A job or profession	choreograf
A job or profession	choreograph
A job or profession	chorherr
A job or profession	chorleiter
A job or profession	clown
A job or profession	coach
A job or profession	coautor
A job or profession	coder
A job or profession	coiffeur
A job or profession	coiffeurin
A job or profession	coiffeuse
A job or profession	comedian
A job or profession	compiler
A job or profession	computerfreak
A job or profession	concierge
A job or profession	controller
A job or profession	cop
A job or profession	copilot
A job or profession	darsteller
A job or profession	dealer
A job or profession	dekan
A job or profession	dekanin
A job or profession	dekorateur
A job or profession	delegierter
A job or profession	demograf
A job or profession	demograph
A job or profession	dentist
A job or profession	dermatologe
A job or profession	dezernent
A job or profession	diakonisse
A job or profession	diakonissin
A job or profession	dichter
A job or profession	dichterling
A job or profession	diener
A job or profession	dienerschaft
A job or profession	dienst
A job or profession	dienstboten
A job or profession	dienstmagd
A job or profession	direx
A job or profession	dirigent
A job or profession	discjockey
A job or profession	diskjockey
A job or profession	dispositiv
A job or profession	diva
A job or profession	doc
A job or profession	docke
A job or profession	doktor
A job or profession	domina
A job or profession	domse
A job or profession	dozent
A job or profession	dramatiker
A job or profession	drehbuchautor
A job or profession	drogenhandler
A job or profession	drucker
A job or profession	drummer
A job or profession	ehrenbezeigung
A job or profession	ehrenmann
A job or profession	ehrgeizler
A job or profession	ehrgeizling
A job or profession	einzelhandler
A job or profession	eisenbahner
A job or profession	elektriker
A job or profession	empfangschefin
A job or profession	empfangsdame
A job or profession	entkleidung
A job or profession	entomologe
A job or profession	entrepreneur
A job or profession	entscheider
A job or profession	erbauer
A job or profession	erdbunker
A job or profession	ermittler
A job or profession	ernahrer
A job or profession	ersatzmann
A job or profession	erzeuger
A job or profession	erzieher
A job or profession	erzieherin
A job or profession	eskapologe
A job or profession	ethnologe
A job or profession	exekutor
A job or profession	experimentator
A job or profession	externer
A job or profession	faber
A job or profession	fabrikant
A job or profession	facharzt
A job or profession	fagottist
A job or profession	fagottspieler
A job or profession	fahrensmann
A job or profession	fahrer
A job or profession	fahrfuhrer
A job or profession	fahrmann
A job or profession	fahrzeugfuhrer
A job or profession	fahrzeuglenker
A job or profession	faktor
A job or profession	faktotum
A job or profession	falkner
A job or profession	fallmeister
A job or profession	farmer
A job or profession	faxenmacher
A job or profession	federfuchser
A job or profession	feldherr
A job or profession	feldmeister
A job or profession	feldmesser
A job or profession	feldwebel
A job or profession	feldweibel
A job or profession	ferge
A job or profession	fernfahrer
A job or profession	fernlastfahrer
A job or profession	fertiger
A job or profession	feuerwehrmann
A job or profession	fiaker
A job or profession	fiedler
A job or profession	figaro
A job or profession	firmeninhaber
A job or profession	fischer
A job or profession	fischweib
A job or profession	flaschner
A job or profession	fleckentferner
A job or profession	fleischer
A job or profession	fleischhacker
A job or profession	fleischhauer
A job or profession	flieger
A job or profession	floriansjunger
A job or profession	florist
A job or profession	flotenspieler
A job or profession	flotist
A job or profession	flugbegleiter
A job or profession	flugkapitan
A job or profession	flugzeugfuhrer
A job or profession	folklorist
A job or profession	forster
A job or profession	fotograf
A job or profession	frauenarzt
A job or profession	freiberufler
A job or profession	friseur
A job or profession	friseurin
A job or profession	friseuse
A job or profession	frisor
A job or profession	frisorin
A job or profession	frisose
A job or profession	fronbote
A job or profession	frontfrau
A job or profession	frontman
A job or profession	frontmann
A job or profession	froschmann
A job or profession	fuhrer
A job or profession	fuhrknecht
A job or profession	fuhrmann
A job or profession	funktionar
A job or profession	fursorger
A job or profession	fusslatscher
A job or profession	fusssoldat
A job or profession	fuzzi
A job or profession	gaffer
A job or profession	garderobiere
A job or profession	gastdirigent
A job or profession	gebardenspiel
A job or profession	gebieterin
A job or profession	gebietsarzt
A job or profession	geek
A job or profession	gefahrte
A job or profession	gefahrtin
A job or profession	gefuge
A job or profession	geheimwaffe
A job or profession	gehilfe
A job or profession	geigenspieler
A job or profession	geiger
A job or profession	geistlicher
A job or profession	gelehrter
A job or profession	gendarm
A job or profession	general
A job or profession	generalissimus
A job or profession	generalist
A job or profession	gentilhomme
A job or profession	gentleman
A job or profession	geodat
A job or profession	geometer
A job or profession	gerichtsdiener
A job or profession	gerontologe
A job or profession	gesandter
A job or profession	gesangssolist
A job or profession	geschaftsmann
A job or profession	gesetzeshuter
A job or profession	gesinde
A job or profession	gestenspiel
A job or profession	gewerkschafter
A job or profession	ghostwriter
A job or profession	giftmischer
A job or profession	gipser
A job or profession	gitarrist
A job or profession	goalie
A job or profession	gottesmann
A job or profession	gotze
A job or profession	gotzenbild
A job or profession	gouvernante
A job or profession	gouverneur
A job or profession	grauwerker
A job or profession	grenadier
A job or profession	grofaz
A job or profession	grundbesitzer
A job or profession	gummiglocke
A job or profession	guru
A job or profession	gynakologe
A job or profession	haarschneider
A job or profession	haarspalter
A job or profession	hacker
A job or profession	hackler
A job or profession	hafenarbeiter
A job or profession	hafner
A job or profession	hairstylistin
A job or profession	handarbeiter
A job or profession	handelsmann
A job or profession	handlanger
A job or profession	handler
A job or profession	handwerker
A job or profession	hangover
A job or profession	hanswurst
A job or profession	harfenist
A job or profession	harfenspieler
A job or profession	harlekin
A job or profession	hauptakteur
A job or profession	hauptfigur
A job or profession	hauptperson
A job or profession	hauptrolle
A job or profession	hauptsangerin
A job or profession	hausierer
A job or profession	hauslehrer
A job or profession	hautarzt
A job or profession	hebamme
A job or profession	heckenschutze
A job or profession	heilkundiger
A job or profession	held
A job or profession	helfer
A job or profession	herrenfriseur
A job or profession	herrenfrisor
A job or profession	herrin
A job or profession	hersteller
A job or profession	herzspezialist
A job or profession	heuerling
A job or profession	heuermann
A job or profession	hilfsarbeiter
A job or profession	hilfskeule
A job or profession	hilfskraft
A job or profession	hilfspriester
A job or profession	hirte
A job or profession	historiker
A job or profession	hit
A job or profession	hofnarr
A job or profession	hohepriester
A job or profession	hoherpriester
A job or profession	hohlenforscher
A job or profession	hohlenkundler
A job or profession	holzmechaniker
A job or profession	holzwurm
A job or profession	horer
A job or profession	hormuschel
A job or profession	hornblaser
A job or profession	hornist
A job or profession	hostess
A job or profession	hubertusjunger
A job or profession	hufschmied
A job or profession	humorist
A job or profession	hutejunge
A job or profession	huter
A job or profession	idol
A job or profession	imam
A job or profession	imker
A job or profession	impresario
A job or profession	infanterist
A job or profession	ingenieur
A job or profession	inspektor
A job or profession	inspizient
A job or profession	installateur
A job or profession	instanz
A job or profession	internist
A job or profession	interpret
A job or profession	ironiker
A job or profession	jager
A job or profession	jagersmann
A job or profession	jazzer
A job or profession	jazzmusiker
A job or profession	jeck
A job or profession	joggeli
A job or profession	jogger
A job or profession	jongleur
A job or profession	journalist
A job or profession	journalistin
A job or profession	justitiar
A job or profession	justiziar
A job or profession	juwelier
A job or profession	kadi
A job or profession	kafiller
A job or profession	kalfaktor
A job or profession	kaminfeger
A job or profession	kaminkehrer
A job or profession	kammerzofe
A job or profession	kanari
A job or profession	kanarie
A job or profession	kanarienvogel
A job or profession	kanker
A job or profession	kanonenfutter
A job or profession	kanoniker
A job or profession	kanufahrer
A job or profession	kanute
A job or profession	kanzlist
A job or profession	kapellmeister
A job or profession	kapitan
A job or profession	kaplan
A job or profession	karcher
A job or profession	kardiologe
A job or profession	karer
A job or profession	karnevalist
A job or profession	karnevalsjeck
A job or profession	karrenfuhrer
A job or profession	karrer
A job or profession	karrieremacher
A job or profession	karrierist
A job or profession	karrner
A job or profession	kasper
A job or profession	kassenerfolg
A job or profession	kassenmagnet
A job or profession	kassenschlager
A job or profession	kassierer
A job or profession	kassiererin
A job or profession	kater
A job or profession	katerstimmung
A job or profession	katzenjammer
A job or profession	kaufmann
A job or profession	kavalier
A job or profession	kaviller
A job or profession	keeper
A job or profession	kellner
A job or profession	kellnerin
A job or profession	keramiker
A job or profession	kernchemiker
A job or profession	keyboarder
A job or profession	kicker
A job or profession	kin
A job or profession	kinderarzt
A job or profession	kindergartner
A job or profession	kirchdiener
A job or profession	kirchendiener
A job or profession	kirchner
A job or profession	klapsdoktor
A job or profession	klarinettist
A job or profession	klaviersolist
A job or profession	klavierspieler
A job or profession	kleeken
A job or profession	kleemeister
A job or profession	klempner
A job or profession	kleriker
A job or profession	kletterer
A job or profession	klettermaxe
A job or profession	klimperer
A job or profession	klinkenputzer
A job or profession	klostampfer
A job or profession	klosterfrau
A job or profession	knicks
A job or profession	knieper
A job or profession	knuller
A job or profession	koautor
A job or profession	koch
A job or profession	kolumnist
A job or profession	komiker
A job or profession	kommandant
A job or profession	kommandeur
A job or profession	kommentur
A job or profession	komodiant
A job or profession	komparse
A job or profession	kompilator
A job or profession	kompiler
A job or profession	kompilierer
A job or profession	komplize
A job or profession	komponist
A job or profession	kondukteur
A job or profession	konner
A job or profession	konservator
A job or profession	konstrukteur
A job or profession	kontorsionist
A job or profession	kontrolleur
A job or profession	kontrollor
A job or profession	konverter
A job or profession	konzertpianist
A job or profession	kopilot
A job or profession	korrespondent
A job or profession	kosmonaut
A job or profession	kossate
A job or profession	kraftfahrer
A job or profession	kramerseele
A job or profession	krankenpfleger
A job or profession	krankenwarter
A job or profession	kratzfuss
A job or profession	kriegsmarine
A job or profession	kriminaler
A job or profession	kuchenbulle
A job or profession	kuchenchef
A job or profession	kuchenmeister
A job or profession	kummelspalter
A job or profession	kundenbetreuer
A job or profession	kunstgewerbler
A job or profession	kunstler
A job or profession	kurier
A job or profession	kurschner
A job or profession	kuster
A job or profession	kutscher
A job or profession	laborant
A job or profession	laborchemiker
A job or profession	lacker
A job or profession	lackierer
A job or profession	ladenbesitzer
A job or profession	lakai
A job or profession	landerchef
A job or profession	landesfurst
A job or profession	landesvater
A job or profession	landmann
A job or profession	landsknecht
A job or profession	landvermesser
A job or profession	landwirt
A job or profession	laufbursche
A job or profession	laufer
A job or profession	laufjunge
A job or profession	legat
A job or profession	legionar
A job or profession	lehrer
A job or profession	lehrerin
A job or profession	lehrherr
A job or profession	lehrkraft
A job or profession	lehrmeister
A job or profession	leiharbeiter
A job or profession	leihkraft
A job or profession	leitfigur
A job or profession	lektor
A job or profession	lenker
A job or profession	liedermacher
A job or profession	liedtexter
A job or profession	lieferant
A job or profession	linguist
A job or profession	literat
A job or profession	lohnarbeiter
A job or profession	lotse
A job or profession	luderfuhrer
A job or profession	lyriker
A job or profession	maat
A job or profession	magd
A job or profession	makler
A job or profession	maler
A job or profession	malocher
A job or profession	manager
A job or profession	marine
A job or profession	maschinist
A job or profession	matrose
A job or profession	mausgewitz
A job or profession	medikus
A job or profession	mediziner
A job or profession	meister
A job or profession	mesmer
A job or profession	mesner
A job or profession	messdiener
A job or profession	messgehilfe
A job or profession	messner
A job or profession	metallarbeiter
A job or profession	metaller
A job or profession	metzger
A job or profession	miete
A job or profession	milchhandler
A job or profession	milchmadchen
A job or profession	milchmann
A job or profession	milizionar
A job or profession	milizsoldat
A job or profession	mime
A job or profession	mini
A job or profession	minister
A job or profession	ministrant
A job or profession	minnesanger
A job or profession	mistress
A job or profession	mitarbeiter
A job or profession	mitautor
A job or profession	mitglied
A job or profession	mittater
A job or profession	mittelsmann
A job or profession	mitverfasser
A job or profession	mitwirkender
A job or profession	modellierer
A job or profession	multitalent
A job or profession	munzer
A job or profession	munztelefon
A job or profession	musensohn
A job or profession	musikant
A job or profession	musiker
A job or profession	musikus
A job or profession	nachsteller
A job or profession	naherin
A job or profession	nahkampfer
A job or profession	narkosearzt
A job or profession	narr
A job or profession	narrin
A job or profession	nerd
A job or profession	nervenarzt
A job or profession	neurologe
A job or profession	nimrod
A job or profession	nonne
A job or profession	ober
A job or profession	oberhirte
A job or profession	oberkellner
A job or profession	oberst
A job or profession	oboespieler
A job or profession	oboist
A job or profession	obrist
A job or profession	obstkundler
A job or profession	ohrenarzt
A job or profession	okonom
A job or profession	okulist
A job or profession	ophthalmologe
A job or profession	orchesterchef
A job or profession	ordinarius
A job or profession	ordnungshuter
A job or profession	ordonnanz
A job or profession	organist
A job or profession	orgelmusiker
A job or profession	orgelspieler
A job or profession	ornithologe
A job or profession	orthopade
A job or profession	padiater
A job or profession	pampelmuse
A job or profession	pantomime
A job or profession	paparazza
A job or profession	paparazzi
A job or profession	paparazzo
A job or profession	parteiarbeiter
A job or profession	passstuck
A job or profession	pastor
A job or profession	pate
A job or profession	pauker
A job or profession	pelzer
A job or profession	personal
A job or profession	personlichkeit
A job or profession	petrijunger
A job or profession	pfaffe
A job or profession	pfarrer
A job or profession	pferdelenker
A job or profession	pferdeschmied
A job or profession	pflanzer
A job or profession	pflaumenaugust
A job or profession	pflegekraft
A job or profession	pflegeperson
A job or profession	pflegerin
A job or profession	pharmazeut
A job or profession	photograph
A job or profession	pianist
A job or profession	pillendreher
A job or profession	pilot
A job or profession	plastiker
A job or profession	platzanweiser
A job or profession	plomper
A job or profession	plotter
A job or profession	plumper
A job or profession	podologe
A job or profession	poet
A job or profession	polente
A job or profession	polizei
A job or profession	polizeibeamter
A job or profession	polizist
A job or profession	polyp
A job or profession	polypen
A job or profession	pomologe
A job or profession	pompel
A job or profession	pope
A job or profession	posaunist
A job or profession	possenreisser
A job or profession	postbote
A job or profession	postillon
A job or profession	postkutscher
A job or profession	postler
A job or profession	postmann
A job or profession	postzusteller
A job or profession	praparator
A job or profession	prediger
A job or profession	pressemann
A job or profession	priester
A job or profession	primadonna
A job or profession	printer
A job or profession	privatlehrer
A job or profession	privatsoldat
A job or profession	produzent
A job or profession	prof
A job or profession	professor
A job or profession	programmierer
A job or profession	promoter
A job or profession	protagonist
A job or profession	protokollant
A job or profession	provider
A job or profession	prufer
A job or profession	psychiater
A job or profession	psychologe
A job or profession	pumpel
A job or profession	pumpfix
A job or profession	puschologe
A job or profession	pusher
A job or profession	putze
A job or profession	putzer
A job or profession	putzfee
A job or profession	putzfrau
A job or profession	putzhilfe
A job or profession	putzkraft
A job or profession	putzteufel
A job or profession	quardi
A job or profession	racker
A job or profession	radermacher
A job or profession	radierer
A job or profession	radiergummi
A job or profession	radmacher
A job or profession	radmaker
A job or profession	rahmen
A job or profession	rand
A job or profession	rangierer
A job or profession	raseur
A job or profession	ratzefummel
A job or profession	raumfahrer
A job or profession	raumpflegerin
A job or profession	rechtsanwalt
A job or profession	rechtsbeistand
A job or profession	rechtsberater
A job or profession	redakteur
A job or profession	redaktor
A job or profession	referent
A job or profession	reimeschmied
A job or profession	reinemachefrau
A job or profession	reiniger
A job or profession	reinmachefrau
A job or profession	reisser
A job or profession	rektor
A job or profession	renner
A job or profession	reporter
A job or profession	reprasentant
A job or profession	reserve
A job or profession	reservist
A job or profession	ressortchef
A job or profession	restaurator
A job or profession	reverenz
A job or profession	revuegirl
A job or profession	revuetanzerin
A job or profession	rezeptionistin
A job or profession	richter
A job or profession	robbe
A job or profession	rocker
A job or profession	rockmusiker
A job or profession	rohrverleger
A job or profession	romanautor
A job or profession	romancier
A job or profession	romanschreiber
A job or profession	routinier
A job or profession	ruderganger
A job or profession	rudergast
A job or profession	saaldiener
A job or profession	saaltochter
A job or profession	sachbearbeiter
A job or profession	sackpfeifer
A job or profession	saisonarbeiter
A job or profession	saisonier
A job or profession	saisonnier
A job or profession	sakristan
A job or profession	samann
A job or profession	sandfloh
A job or profession	sandhase
A job or profession	sanger
A job or profession	sani
A job or profession	sanitater
A job or profession	sanitoter
A job or profession	sarkast
A job or profession	satiriker
A job or profession	sauberer
A job or profession	saugglocke
A job or profession	schadel
A job or profession	schafer
A job or profession	schaffner
A job or profession	schaker
A job or profession	schakerer
A job or profession	schalk
A job or profession	schankkellner
A job or profession	scharfschutze
A job or profession	schauer
A job or profession	schauerleute
A job or profession	schauermann
A job or profession	schauspieler
A job or profession	schauspielerin
A job or profession	schelm
A job or profession	scherzbold
A job or profession	scherzkeks
A job or profession	schifahrer
A job or profession	schiffer
A job or profession	schiffsfuhrer
A job or profession	schilaufer
A job or profession	schinder
A job or profession	schlachter
A job or profession	schlagzeuger
A job or profession	schleppdampfer
A job or profession	schlepper
A job or profession	schleppkahn
A job or profession	schlotfeger
A job or profession	schmied
A job or profession	schmierfink
A job or profession	schmock
A job or profession	schneider
A job or profession	schnelldreher
A job or profession	schnitzer
A job or profession	schopfer
A job or profession	schreiber
A job or profession	schreiberling
A job or profession	schreibkraft
A job or profession	schreiner
A job or profession	schriftfuhrer
A job or profession	schriftleiter
A job or profession	schriftsetzer
A job or profession	schriftsteller
A job or profession	schullehrer
A job or profession	schulleiter
A job or profession	schulmeister
A job or profession	schupo
A job or profession	schuster
A job or profession	schutze
A job or profession	schutzmann
A job or profession	schutzpolizist
A job or profession	schwarzrock
A job or profession	schwester
A job or profession	seebar
A job or profession	seefahrer
A job or profession	seehund
A job or profession	seelenklempner
A job or profession	seelsorger
A job or profession	seemann
A job or profession	seestreitkraft
A job or profession	seestreitmacht
A job or profession	segelboot
A job or profession	segler
A job or profession	seigneur
A job or profession	seilakrobat
A job or profession	seiltanzer
A job or profession	seismologe
A job or profession	sekretar
A job or profession	sekretarin
A job or profession	sekundant
A job or profession	sekundantin
A job or profession	sendbote
A job or profession	sennerin
A job or profession	serviererin
A job or profession	servierkraft
A job or profession	serviertochter
A job or profession	setzer
A job or profession	sheriff
A job or profession	showgirl
A job or profession	siegrist
A job or profession	sigrist
A job or profession	singstimme
A job or profession	skifahrer
A job or profession	skilaufer
A job or profession	skipper
A job or profession	skribent
A job or profession	skulpteur
A job or profession	sniper
A job or profession	soldner
A job or profession	solist
A job or profession	sommelier
A job or profession	sozialarbeiter
A job or profession	sozialklempner
A job or profession	soziologe
A job or profession	sozius
A job or profession	spannmann
A job or profession	spasskanone
A job or profession	spassmacher
A job or profession	spassvogel
A job or profession	spektabilitat
A job or profession	spelaologe
A job or profession	spengler
A job or profession	spezialarzt
A job or profession	spielmann
A job or profession	sport
A job or profession	sportart
A job or profession	sportler
A job or profession	sportskanone
A job or profession	sportsmann
A job or profession	spottdrossel
A job or profession	spotter
A job or profession	spottvogel
A job or profession	sprengbefugter
A job or profession	sprengmeister
A job or profession	springer
A job or profession	spruch
A job or profession	stalker
A job or profession	stampfer
A job or profession	statist
A job or profession	statussymbol
A job or profession	stauer
A job or profession	steinbildhauer
A job or profession	steinmetz
A job or profession	stellmacher
A job or profession	sternengucker
A job or profession	sternforscher
A job or profession	stessl
A job or profession	steuermann
A job or profession	steward
A job or profession	stiftsherr
A job or profession	stimme
A job or profession	stimmlage
A job or profession	stomatologe
A job or profession	stoppelhopser
A job or profession	streber
A job or profession	strip
A job or profession	strippenzieher
A job or profession	striptease
A job or profession	stuckarbeiter
A job or profession	stuckateur
A job or profession	stuckkunstler
A job or profession	surveyor
A job or profession	szenarist
A job or profession	taikonaut
A job or profession	tanzerin
A job or profession	tanzlehrer
A job or profession	tastenakrobat
A job or profession	tastengott
A job or profession	tastenkunstler
A job or profession	tastenlowe
A job or profession	tastenvirtuose
A job or profession	tastenzauberer
A job or profession	taucher
A job or profession	tausendsasa
A job or profession	tausendsassa
A job or profession	taxichauffeur
A job or profession	taxifahrer
A job or profession	taxler
A job or profession	tenor
A job or profession	textdichter
A job or profession	theaterautor
A job or profession	tierarzt
A job or profession	tierdoktor
A job or profession	tiermediziner
A job or profession	tippse
A job or profession	tischfussball
A job or profession	tischler
A job or profession	titelperson
A job or profession	toastmaster
A job or profession	toastmeister
A job or profession	toggele
A job or profession	tonsetzer
A job or profession	topfer
A job or profession	torhuter
A job or profession	tormann
A job or profession	torwart
A job or profession	trachtengruppe
A job or profession	tracker
A job or profession	trainer
A job or profession	transcompiler
A job or profession	transpiler
A job or profession	treiber
A job or profession	trobador
A job or profession	troubadour
A job or profession	trucker
A job or profession	truckerfahrer
A job or profession	turverkaufer
A job or profession	uberprufer
A job or profession	ubersetzer
A job or profession	uffz
A job or profession	ulknudel
A job or profession	uneingeweihter
A job or profession	ungelernter
A job or profession	universalgenie
A job or profession	untergebener
A job or profession	unterhalter
A job or profession	unternehmer
A job or profession	unteroffizier
A job or profession	untersucher
A job or profession	untertan
A job or profession	urologe
A job or profession	urteilsformel
A job or profession	veisalgia
A job or profession	verbeugung
A job or profession	verfasser
A job or profession	verhinderer
A job or profession	verkaufer
A job or profession	verkauferin
A job or profession	vermessungsrat
A job or profession	vermittler
A job or profession	verneigung
A job or profession	verputzer
A job or profession	verschieber
A job or profession	versemacher
A job or profession	verseschmied
A job or profession	versorger
A job or profession	versschreiber
A job or profession	verteidiger
A job or profession	verticker
A job or profession	vertreter
A job or profession	veteran
A job or profession	veterinar
A job or profession	viehdoktor
A job or profession	viehtreiber
A job or profession	vielschreiber
A job or profession	vikar
A job or profession	violaspieler
A job or profession	violinist
A job or profession	violinspieler
A job or profession	violist
A job or profession	vogelkundler
A job or profession	vokalist
A job or profession	vokativus
A job or profession	volkerkundler
A job or profession	volkskundler
A job or profession	vorbeter
A job or profession	vorkampfer
A job or profession	vorratsgrube
A job or profession	vorzimmerdame
A job or profession	wachtmeister
A job or profession	waffenmeister
A job or profession	wagner
A job or profession	waidgenosse
A job or profession	waidmann
A job or profession	waldhuter
A job or profession	wanderarbeiter
A job or profession	wasenmeister
A job or profession	weberknecht
A job or profession	wecker
A job or profession	weckuhr
A job or profession	wegbegleiter
A job or profession	weggefahrte
A job or profession	weichziele
A job or profession	weinbauer
A job or profession	weingartner
A job or profession	weinhauer
A job or profession	weinkellner
A job or profession	weissclown
A job or profession	weisskittel
A job or profession	weissnaherin
A job or profession	weltmann
A job or profession	weltraumfahrer
A job or profession	werber
A job or profession	werktatiger
A job or profession	wildwerker
A job or profession	winzer
A job or profession	wirtschafter
A job or profession	witzblattfigur
A job or profession	witzbold
A job or profession	witzfigur
A job or profession	wizard
A job or profession	wortedrechsler
A job or profession	wortklauber
A job or profession	wunderwaffe
A job or profession	wunderwuzzi
A job or profession	wurst
A job or profession	wuzzeln
A job or profession	zahnarzt
A job or profession	zahnklempner
A job or profession	zange
A job or profession	zeichner
A job or profession	zeidler
A job or profession	zeitarbeiter
A job or profession	zeitungsmann
A job or profession	zeremoniar
A job or profession	zimmermadchen
A job or profession	zimmermann
A job or profession	zipfeldoktor
A job or profession	zirkusclown
A job or profession	zollbeamter
A job or profession	zollner
A job or profession	zuarbeiter
A job or profession	zub
A job or profession	zuchtmeisterin
A job or profession	zugbegleiter
A job or profession	zugehfrau
A job or profession	zugpferd
A job or profession	zusteller
A job or profession	zutrager
A job or profession	zweitbesetzung
A job or profession	zwischenstuck
A job or profession	zwischenteil
A job or profession	zyniker
Something you read	adresse
Something you read	allegorie
Something you read	andachtsbuch
Something you read	anleitung
Something you read	annahme
Something you read	anschlag
Something you read	anschreiben
Something you read	anthologie
Something you read	arbeitsprobe
Something you read	archiv
Something you read	area
Something you read	artikel
Something you read	ass
Something you read	atlant
Something you read	atlas
Something you read	audienz
Something you read	auflage
Something you read	aufsatz
Something you read	ausarbeitung
Something you read	ausfuhrung
Something you read	ausgabe
Something you read	ausgedachtes
Something you read	aushang
Something you read	autobiografie
Something you read	autobiographie
Something you read	autoritat
Something you read	ballade
Something you read	begleitbrief
Something you read	begleiter
Something you read	behauptung
Something you read	bekanntmachung
Something you read	bericht
Something you read	beurteilung
Something you read	bibel
Something you read	bildpostkarte
Something you read	billigroman
Something you read	blacklist
Something you read	blatt
Something you read	blattchen
Something you read	blog
Something you read	blutenlese
Something you read	boulevardblatt
Something you read	brett
Something you read	brevier
Something you read	brief
Something you read	briefkarte
Something you read	bude
Something you read	bulle
Something you read	bulletin
Something you read	bussole
Something you read	comicalbum
Something you read	comicbook
Something you read	comicbuch
Something you read	crack
Something you read	darlegung
Something you read	darreichung
Something you read	denkapparat
Something you read	denkorgan
Something you read	denkschrift
Something you read	dialektatlas
Something you read	dichtung
Something you read	dictionnaire
Something you read	diktionar
Something you read	drehbuch
Something you read	durcharbeiten
Something you read	echo
Something you read	edition
Something you read	einfuhrung
Something you read	eingabe
Something you read	einladung
Something you read	empfang
Something you read	enchiridion
Something you read	encyclopadie
Something you read	enzephalon
Something you read	enzyklika
Something you read	enzyklopadie
Something you read	epistel
Something you read	epopoe
Something you read	epos
Something you read	erdachtes
Something you read	erdichtung
Something you read	erzahlgedicht
Something you read	essay
Something you read	evaluation
Something you read	experte
Something you read	expose
Something you read	exposee
Something you read	fabel
Something you read	fachblatt
Something you read	fachmagazin
Something you read	fax
Something you read	faxkopie
Something you read	faxnachricht
Something you read	fernkopie
Something you read	fernsprechbuch
Something you read	fiktion
Something you read	fiktionales
Something you read	flugblatt
Something you read	flugzettel
Something you read	flyer
Something you read	formel
Something you read	forum
Something you read	fuhrer
Something you read	fundstelle
Something you read	funktionsgraf
Something you read	funktionsgraph
Something you read	fuzzi
Something you read	gazette
Something you read	gazetteer
Something you read	gebetbuch
Something you read	gedicht
Something you read	gedichte
Something you read	gehirn
Something you read	gejammer
Something you read	gelass
Something you read	gemach
Something you read	gleichnis
Something you read	gleichung
Something you read	glossar
Something you read	graf
Something you read	granate
Something you read	graph
Something you read	grofaz
Something you read	groschenheft
Something you read	groschenroman
Something you read	grossmeister
Something you read	grundrechnung
Something you read	gruppe
Something you read	grusskarte
Something you read	guru
Something you read	handbuch
Something you read	handout
Something you read	handreichung
Something you read	handzettel
Something you read	hanswurst
Something you read	headline
Something you read	heft
Something you read	heftroman
Something you read	heldengedicht
Something you read	hinweis
Something you read	hirn
Something you read	homepage
Something you read	horarium
Something you read	hypothese
Something you read	index
Something you read	internetseite
Something you read	jammer
Something you read	journal
Something you read	kabinett
Something you read	kabuff
Something you read	kammer
Something you read	kanone
Something you read	kapazitat
Something you read	karte
Something you read	kaseblatt
Something you read	kaseblattchen
Something you read	kitschroman
Something you read	klage
Something you read	klopper
Something you read	kochrezept
Something you read	kollektion
Something you read	komiker
Something you read	kompass
Something you read	kompendium
Something you read	koran
Something you read	koryphae
Something you read	kurzinfo
Something you read	kurzlehrbuch
Something you read	ladung
Something you read	lamento
Something you read	landkarte
Something you read	lebensbeichte
Something you read	lehrbuch
Something you read	lehrstuck
Something you read	lehrwerk
Something you read	leitfaden
Something you read	lekture
Something you read	lesen
Something you read	leuchte
Something you read	lexikon
Something you read	liebesbrief
Something you read	liebesroman
Something you read	liedertext
Something you read	liedtext
Something you read	loch
Something you read	lovestory
Something you read	lyrics
Something you read	lyrik
Something you read	mail
Something you read	manual
Something you read	mass
Something you read	massstab
Something you read	memoiren
Something you read	memorandum
Something you read	menu
Something you read	messbuch
Something you read	miete
Something you read	mieteinnahme
Something you read	missal
Something you read	missale
Something you read	mitschrift
Something you read	monumentalwerk
Something you read	mutmassung
Something you read	negativliste
Something you read	netzauftritt
Something you read	netzplatz
Something you read	netzprasenz
Something you read	netzseite
Something you read	neuauflage
Something you read	neuausgabe
Something you read	newsgroup
Something you read	newsgruppe
Something you read	note
Something you read	novelle
Something you read	oberstubchen
Something you read	onlineprasenz
Something you read	ordner
Something you read	ortslexikon
Something you read	pamphlet
Something you read	parabel
Something you read	periodikum
Something you read	pflaumenaugust
Something you read	plakat
Something you read	poem
Something you read	poesie
Something you read	poster
Something you read	postille
Something you read	postkarte
Something you read	prufstein
Something you read	quellenangabe
Something you read	rapport
Something you read	ratgeber
Something you read	ratgeberbuch
Something you read	raum
Something you read	raumlichkeit
Something you read	rechnung
Something you read	referenz
Something you read	reim
Something you read	reisefuhrer
Something you read	report
Something you read	revolverblatt
Something you read	rezept
Something you read	rezeption
Something you read	richtschnur
Something you read	ruhrschinken
Something you read	rumpelkammer
Something you read	sachbuch
Something you read	sammlung
Something you read	schinken
Something you read	schlagzeile
Something you read	schmachtfetzen
Something you read	schmahschrift
Something you read	schmierblatt
Something you read	schmonzette
Something you read	schreiben
Something you read	schrieb
Something you read	schulaufsatz
Something you read	schulbuch
Something you read	schundblatt
Something you read	schundroman
Something you read	schwarte
Something you read	schwarzliste
Something you read	seifenoper
Something you read	sendbrief
Something you read	sendschreiben
Something you read	skript
Something you read	songtext
Something you read	speisekarte
Something you read	speisenkarte
Something you read	speisezettel
Something you read	spekulation
Something you read	spicilegium
Something you read	spottschrift
Something you read	sprachatlas
Something you read	streitschrift
Something you read	stube
Something you read	stundenbuch
Something you read	supermann
Something you read	telefax
Something you read	telefonbuch
Something you read	telegramm
Something you read	text
Something you read	textsammlung
Something you read	these
Something you read	tipp
Something you read	titelzeile
Something you read	tooltip
Something you read	trivialroman
Something you read	tutorial
Something you read	uberprufung
Something you read	update
Something you read	vademecum
Something you read	vademekum
Something you read	validation
Something you read	validierung
Something you read	verifikation
Something you read	vermutung
Something you read	versroman
Something you read	verzeichnis
Something you read	vokabular
Something you read	vokabularium
Something you read	vorgestelltes
Something you read	vorladung
Something you read	vorschrift
Something you read	walzer
Something you read	webangebot
Something you read	webauftritt
Something you read	weblog
Something you read	webprasenz
Something you read	webseite
Something you read	website
Something you read	wehgeschrei
Something you read	wehklagen
Something you read	weltkarte
Something you read	willenskraft
Something you read	willensstarke
Something you read	wink
Something you read	wisch
Something you read	witzblattfigur
Something you read	witzfigur
Something you read	worterliste
Something you read	wunderknabe
Something you read	wurst
Something you read	zeitung
Something you read	zimmer
Something you read	zuschrift
Something electronic	abgrenzer
Something electronic	abhorgerat
Something electronic	abschwacher
Something electronic	abtaster
Something electronic	addierer
Something electronic	addierwerk
Something electronic	agent
Something electronic	akku
Something electronic	akkumulator
Something electronic	alarm
Something electronic	alarmruf
Something electronic	alarmsignal
Something electronic	alteisen
Something electronic	altmetall
Something electronic	anschluss
Something electronic	antennendipol
Something electronic	anwendungsfall
Something electronic	armaturenbrett
Something electronic	automat
Something electronic	backofen
Something electronic	bandgenerator
Something electronic	beamer
Something electronic	bedienfeld
Something electronic	bedienpult
Something electronic	bedientafel
Something electronic	bedienung
Something electronic	begrenzer
Something electronic	blechkamerad
Something electronic	board
Something electronic	brathahnchen
Something electronic	brathuhn
Something electronic	broiler
Something electronic	buchprufer
Something electronic	buchse
Something electronic	bugeleisen
Something electronic	bukligger
Something electronic	bummelant
Something electronic	bummler
Something electronic	camcorder
Something electronic	commander
Something electronic	computer
Something electronic	controller
Something electronic	dampfungsglied
Something electronic	dateiserver
Something electronic	datenprojektor
Something electronic	defibrillator
Something electronic	detektor
Something electronic	digicam
Something electronic	digitalkamera
Something electronic	dimmer
Something electronic	dinosaurier
Something electronic	diode
Something electronic	dipolantenne
Something electronic	dongle
Something electronic	drohn
Something electronic	drohne
Something electronic	druckbehalter
Something electronic	druckeberger
Something electronic	drucker
Something electronic	drucktechniker
Something electronic	dynamo
Something electronic	einstellfeld
Something electronic	einstellpult
Something electronic	einstelltafel
Something electronic	eiskasten
Something electronic	eisschrank
Something electronic	elektrogerat
Something electronic	elektromagnet
Something electronic	elektronenhirn
Something electronic	empfanger
Something electronic	empfangsanlage
Something electronic	empfangsgerat
Something electronic	endstufe
Something electronic	endverstarker
Something electronic	entsorgung
Something electronic	erdefunkstelle
Something electronic	erdfunkstelle
Something electronic	erzeuger
Something electronic	faulenzer
Something electronic	faulpelz
Something electronic	faultier
Something electronic	fernbedienung
Something electronic	fernschreiber
Something electronic	fernsehen
Something electronic	fernseher
Something electronic	fernsehzuseher
Something electronic	fernsteuerung
Something electronic	fileserver
Something electronic	flattermann
Something electronic	flutlicht
Something electronic	fotoapparat
Something electronic	fotokamera
Something electronic	fotozelle
Something electronic	fuhler
Something electronic	funkkompass
Something electronic	funktelefon
Something electronic	gammler
Something electronic	gatter
Something electronic	gefrierschrank
Something electronic	gefriertruhe
Something electronic	gegenstelle
Something electronic	generator
Something electronic	geschirrspuler
Something electronic	gleichrichter
Something electronic	goldbroiler
Something electronic	gps
Something electronic	grillhahnchen
Something electronic	grosscomputer
Something electronic	grossrechner
Something electronic	gummiadler
Something electronic	handapparat
Something electronic	handlampe
Something electronic	handleuchte
Something electronic	hardlock
Something electronic	hauptplatine
Something electronic	headset
Something electronic	heimcomputer
Something electronic	hendel
Something electronic	hendl
Something electronic	herdplatte
Something electronic	hubmagnet
Something electronic	humanoid
Something electronic	induktivitat
Something electronic	interface
Something electronic	kabelage
Something electronic	kabelnetz
Something electronic	kaffeemaschine
Something electronic	kamera
Something electronic	kellner
Something electronic	kessel
Something electronic	keyboard
Something electronic	klapprechner
Something electronic	klause
Something electronic	knipse
Something electronic	kochplatte
Something electronic	konsole
Something electronic	kopfhorer
Something electronic	kuchengerat
Something electronic	kuchenutensil
Something electronic	kuchenwerkzeug
Something electronic	kuhlschrank
Something electronic	kuhltruhe
Something electronic	laptop
Something electronic	laufband
Something electronic	laufschrift
Something electronic	lauftext
Something electronic	laufzeile
Something electronic	lcd
Something electronic	led
Something electronic	leinwand
Something electronic	leiterkarte
Something electronic	leiterplatte
Something electronic	leitfeld
Something electronic	leuchtdiode
Something electronic	leuchtrohre
Something electronic	lichtmaschine
Something electronic	linotype
Something electronic	liveticker
Something electronic	lockenstab
Something electronic	logikgatter
Something electronic	mailingliste
Something electronic	mainboard
Something electronic	mainframe
Something electronic	maschine
Something electronic	messfuhler
Something electronic	messwertgeber
Something electronic	mic
Something electronic	mikro
Something electronic	mikrofon
Something electronic	mikrophon
Something electronic	mikrowelle
Something electronic	mischer
Something electronic	mobilrechner
Something electronic	motherboard
Something electronic	mussigganger
Something electronic	nachzugler
Something electronic	neonrohre
Something electronic	newsticker
Something electronic	nichtstuer
Something electronic	notebook
Something electronic	notruf
Something electronic	ober
Something electronic	ofen
Something electronic	ohrhorer
Something electronic	ondulierstab
Something electronic	ordonnanz
Something electronic	oszillator
Something electronic	pacemaker
Something electronic	pager
Something electronic	paneel
Something electronic	panel
Something electronic	pantoffelkino
Something electronic	parabolantenne
Something electronic	photozelle
Something electronic	platine
Something electronic	platteisen
Something electronic	primarelement
Something electronic	primarzelle
Something electronic	printer
Something electronic	projektor
Something electronic	quadrofonie
Something electronic	quadrophonie
Something electronic	radio
Something electronic	radioapparat
Something electronic	radioempfanger
Something electronic	radiogerat
Something electronic	radiokompass
Something electronic	rechenknecht
Something electronic	rechenmaschine
Something electronic	rechenschieber
Something electronic	rechenstab
Something electronic	rechner
Something electronic	relais
Something electronic	relaisstation
Something electronic	relaisstelle
Something electronic	repeater
Something electronic	roboter
Something electronic	rohre
Something electronic	rohrendiode
Something electronic	rollball
Something electronic	rundfunkgerat
Something electronic	scanner
Something electronic	schaltfeld
Something electronic	schaltpult
Something electronic	schalttafel
Something electronic	scheinwerfer
Something electronic	schirm
Something electronic	schlaffi
Something electronic	schlepptop
Something electronic	schnittstelle
Something electronic	schockgeber
Something electronic	schrott
Something electronic	sekundarzelle
Something electronic	selenzelle
Something electronic	sendeanlage
Something electronic	sendegerat
Something electronic	sender
Something electronic	sensor
Something electronic	servierkraft
Something electronic	solarakku
Something electronic	solarbatterie
Something electronic	solarzelle
Something electronic	sonnenzelle
Something electronic	speicherzelle
Something electronic	sprechgarnitur
Something electronic	sprechgeschirr
Something electronic	spule
Something electronic	spulmaschine
Something electronic	stecker
Something electronic	steckkontakt
Something electronic	stehbildkamera
Something electronic	steuerfeld
Something electronic	steuerkugel
Something electronic	steuerpult
Something electronic	steuertafel
Something electronic	stopsel
Something electronic	stromerzeuger
Something electronic	stromgenerator
Something electronic	stromrichter
Something electronic	stromspeicher
Something electronic	stromwender
Something electronic	subwoofer
Something electronic	super
Something electronic	supercomputer
Something electronic	superhet
Something electronic	synthesizer
Something electronic	synthi
Something electronic	szenario
Something electronic	tachinierer
Something electronic	tagedieb
Something electronic	taschenlampe
Something electronic	taschenrechner
Something electronic	tastatur
Something electronic	telefonhorer
Something electronic	telegraf
Something electronic	television
Something electronic	terminal
Something electronic	teslaspule
Something electronic	thermostat
Something electronic	ticker
Something electronic	tiefkuhler
Something electronic	tiefkuhltruhe
Something electronic	tieftoner
Something electronic	tintendrucker
Something electronic	tintenpisser
Something electronic	toastautomat
Something electronic	toaster
Something electronic	touchscreen
Something electronic	trackball
Something electronic	trafo
Something electronic	transformator
Something electronic	transformer
Something electronic	trockner
Something electronic	tumbler
Something electronic	turglocke
Something electronic	turgong
Something electronic	turklingel
Something electronic	turschelle
Something electronic	umschalter
Something electronic	umsetzer
Something electronic	vakuumdiode
Something electronic	verbindung
Something electronic	verkabelung
Something electronic	vermischer
Something electronic	verstarker
Something electronic	verteiler
Something electronic	videokamera
Something electronic	videoprojektor
Something electronic	vollbrucke
Something electronic	wandler
Something electronic	wandschirm
Something electronic	wanze
Something electronic	warnsignal
Something electronic	warnton
Something electronic	waschautomat
Something electronic	waschetrockner
Something electronic	waschmaschine
Something electronic	zehengreifer
Something electronic	zelle
Something electronic	zubehorteil
Something electronic	zusatzgerat
Something electronic	zusatzgerate
Something electronic	zusatzteil
Something electronic	zweipolantenne
Something electronic	zweipolrohre
A word meaning fast	augenblicklich
A word meaning fast	blitzschnell
A word meaning fast	bruhwarm
A word meaning fast	eilig
A word meaning fast	fix
A word meaning fast	flink
A word meaning fast	flott
A word meaning fast	geschwind
A word meaning fast	hurtig
A word meaning fast	impermeabel
A word meaning fast	rasant
A word meaning fast	rasch
A word meaning fast	schnell
A word meaning fast	sofort
A word meaning fast	stracks
A word meaning fast	umgehend
A word meaning fast	unbesehen
A word meaning fast	undurchlassig
A word meaning fast	zugig
A type of building	absteige
A type of building	abstellplatz
A type of building	abtei
A type of building	aerodrom
A type of building	airport
A type of building	akademie
A type of building	anlage
A type of building	apotheke
A type of building	appartement
A type of building	arbeitsraum
A type of building	architektur
A type of building	arzneiausgabe
A type of building	arzneikunde
A type of building	atelier
A type of building	attikawohnung
A type of building	aushangeschild
A type of building	backerei
A type of building	backerladen
A type of building	badehaus
A type of building	badestube
A type of building	badhaus
A type of building	bar
A type of building	baracke
A type of building	basilika
A type of building	bau
A type of building	baukunst
A type of building	bauwerk
A type of building	beautysalon
A type of building	behausung
A type of building	behelfsbau
A type of building	beisel
A type of building	beiz
A type of building	bereich
A type of building	berghutte
A type of building	betriebsanlage
A type of building	bibliothek
A type of building	bierkeller
A type of building	bierpalast
A type of building	bildungsstatte
A type of building	bistro
A type of building	bleibe
A type of building	blumengeschaft
A type of building	blumenhandlung
A type of building	blumenladen
A type of building	boaz
A type of building	bock
A type of building	boiz
A type of building	brandwache
A type of building	bratrost
A type of building	bretterbude
A type of building	brotgeschaft
A type of building	bruchbude
A type of building	bucherbestand
A type of building	bucherei
A type of building	buchersammlung
A type of building	bucherschatz
A type of building	buchgeschaft
A type of building	buchhandlung
A type of building	buchladen
A type of building	budche
A type of building	budchen
A type of building	bude
A type of building	budike
A type of building	bumslokal
A type of building	bungalow
A type of building	bunker
A type of building	burg
A type of building	butze
A type of building	cafe
A type of building	carport
A type of building	casino
A type of building	chalet
A type of building	charite
A type of building	chateau
A type of building	circus
A type of building	club
A type of building	cluster
A type of building	confiserie
A type of building	datenendgerat
A type of building	depot
A type of building	dom
A type of building	domizil
A type of building	dorfchen
A type of building	dorfkrug
A type of building	eigenheim
A type of building	einsiedelei
A type of building	einteilung
A type of building	eisbahn
A type of building	erdloch
A type of building	eremitage
A type of building	eremitei
A type of building	eremo
A type of building	ermitage
A type of building	errichtung
A type of building	essraum
A type of building	esszimmer
A type of building	feld
A type of building	fernsehanstalt
A type of building	fernsehkanal
A type of building	fernsehsender
A type of building	festung
A type of building	feuerwache
A type of building	feuerwehrhalle
A type of building	feuerwehrhaus
A type of building	feuerwehrwache
A type of building	filmtheater
A type of building	flaggschiff
A type of building	flaniermeile
A type of building	flohmarktstand
A type of building	floristeria
A type of building	flugfeld
A type of building	flughafen
A type of building	flugplatz
A type of building	flugzeughalle
A type of building	frauenkloster
A type of building	fuhrerstand
A type of building	funduk
A type of building	garage
A type of building	garagenrock
A type of building	garnison
A type of building	gartenpavillon
A type of building	gasthaus
A type of building	gasthof
A type of building	gaststatte
A type of building	gastwirtschaft
A type of building	gebaude
A type of building	gefangnis
A type of building	gefangniszelle
A type of building	gehege
A type of building	gemauer
A type of building	genesungsheim
A type of building	geschaft
A type of building	geschaftsleben
A type of building	gewachshaus
A type of building	glashaus
A type of building	glitsche
A type of building	grieche
A type of building	grill
A type of building	grotte
A type of building	hafen
A type of building	haftanstalt
A type of building	hafthaus
A type of building	haftort
A type of building	haifischbecken
A type of building	hangar
A type of building	haus
A type of building	hauschen
A type of building	heilanstalt
A type of building	heilstatte
A type of building	heim
A type of building	heimatort
A type of building	herberge
A type of building	hexenkessel
A type of building	hintertupfing
A type of building	hof
A type of building	hofstaat
A type of building	hospital
A type of building	hospiz
A type of building	hucke
A type of building	hutte
A type of building	iglu
A type of building	indianerzelt
A type of building	irrenanstalt
A type of building	irrenhaus
A type of building	jhv
A type of building	jurte
A type of building	jva
A type of building	kabache
A type of building	kaff
A type of building	kaffeehaus
A type of building	kaffeeklappe
A type of building	kafig
A type of building	kahn
A type of building	kanzleramt
A type of building	karawanserei
A type of building	kaschemme
A type of building	kasino
A type of building	kastell
A type of building	kate
A type of building	kategorie
A type of building	kathedrale
A type of building	kerker
A type of building	khan
A type of building	kino
A type of building	kintopp
A type of building	kiosk
A type of building	kirche
A type of building	kiste
A type of building	kittchen
A type of building	klapse
A type of building	klapsmuhle
A type of building	klause
A type of building	kleinbetrieb
A type of building	klinik
A type of building	klinikum
A type of building	klitsche
A type of building	kloster
A type of building	klub
A type of building	knast
A type of building	kneipe
A type of building	konditorei
A type of building	kondominat
A type of building	kondominium
A type of building	konfiserie
A type of building	konstellation
A type of building	konvent
A type of building	kosmetiksalon
A type of building	kotten
A type of building	kraftanlage
A type of building	kraftwerk
A type of building	krankenanstalt
A type of building	krankenhaus
A type of building	krankenstation
A type of building	kuchenbackerei
A type of building	kuhdorf
A type of building	kuhkaff
A type of building	kuppelzelt
A type of building	labor
A type of building	laboratorium
A type of building	laden
A type of building	lager
A type of building	lagerhalle
A type of building	lagerhaus
A type of building	lehranstalt
A type of building	leihhaus
A type of building	leitkegel
A type of building	lernanstalt
A type of building	leuchtturm
A type of building	lichtspielhaus
A type of building	loch
A type of building	lokal
A type of building	lyzeum
A type of building	magazin
A type of building	maisonette
A type of building	maisonnette
A type of building	markt
A type of building	marktflecken
A type of building	matrosenlied
A type of building	messe
A type of building	mfh
A type of building	milchkanne
A type of building	molankegel
A type of building	monchsklause
A type of building	mongolenhutte
A type of building	motel
A type of building	muchtbude
A type of building	muhle
A type of building	muhlespiel
A type of building	munster
A type of building	nachtbar
A type of building	nachtlokal
A type of building	narrenhaus
A type of building	nervenklinik
A type of building	nest
A type of building	nissenhutte
A type of building	nomadenzelt
A type of building	nonnenkloster
A type of building	notunterkunft
A type of building	nunistei
A type of building	oper
A type of building	opernbuhne
A type of building	opernhaus
A type of building	ortchen
A type of building	palais
A type of building	palast
A type of building	patisserie
A type of building	pavillon
A type of building	penne
A type of building	penthaus
A type of building	penthouse
A type of building	pfandhaus
A type of building	pfarrei
A type of building	pfarrhaus
A type of building	pharmazeutik
A type of building	pharmazie
A type of building	pinte
A type of building	pizzabackerei
A type of building	pizzabude
A type of building	pizzeria
A type of building	plumpsklo
A type of building	posemuckel
A type of building	posemukel
A type of building	prachtbau
A type of building	presbyterium
A type of building	probstei
A type of building	programm
A type of building	promenade
A type of building	propstei
A type of building	psychiatrie
A type of building	pub
A type of building	pusemuckel
A type of building	pylon
A type of building	refektorium
A type of building	residenz
A type of building	restaurant
A type of building	rost
A type of building	rotunde
A type of building	rubrik
A type of building	rundbau
A type of building	rutschbahn
A type of building	saftladen
A type of building	sanatorium
A type of building	schanke
A type of building	schauspiel
A type of building	schenke
A type of building	scheuer
A type of building	scheune
A type of building	schlachthaus
A type of building	schlachthof
A type of building	schlangengrube
A type of building	schlinderbahn
A type of building	schlitterbahn
A type of building	schloss
A type of building	schneehutte
A type of building	schober
A type of building	schule
A type of building	schulgebaude
A type of building	schulhaus
A type of building	schupfen
A type of building	schuppen
A type of building	schutzdach
A type of building	schutzhaus
A type of building	schutzhutte
A type of building	schweizerhaus
A type of building	schwemme
A type of building	seemannslied
A type of building	sender
A type of building	shanty
A type of building	sichtgerat
A type of building	siechenhaus
A type of building	silo
A type of building	sitz
A type of building	spa
A type of building	spati
A type of building	spatkauf
A type of building	spatverkauf
A type of building	spaziermeile
A type of building	speicher
A type of building	speisesaal
A type of building	speisezimmer
A type of building	spelunke
A type of building	spielbank
A type of building	spielcasino
A type of building	spielsaal
A type of building	spielsalon
A type of building	spital
A type of building	sporthalle
A type of building	spritzenhaus
A type of building	spunte
A type of building	stadel
A type of building	stadtvilla
A type of building	stahlerzeuger
A type of building	stahlproduzent
A type of building	stahlwerk
A type of building	stampe
A type of building	stand
A type of building	station
A type of building	sternbild
A type of building	sternwarte
A type of building	sternzeichen
A type of building	stift
A type of building	stoben
A type of building	strafanstalt
A type of building	strommast
A type of building	stube
A type of building	studentenheim
A type of building	supermarkt
A type of building	sweatshop
A type of building	symptomatik
A type of building	taferne
A type of building	tanke
A type of building	taverne
A type of building	terminal
A type of building	theater
A type of building	tiergarten
A type of building	tiergehege
A type of building	tierpark
A type of building	tipi
A type of building	tollhaus
A type of building	tranke
A type of building	treibhaus
A type of building	trinkhalle
A type of building	turnhalle
A type of building	turnsaal
A type of building	uberdachung
A type of building	unterkunft
A type of building	unterstand
A type of building	verein
A type of building	verkaufsstand
A type of building	verkaufsstelle
A type of building	verkehrstoggel
A type of building	verlies
A type of building	verschlag
A type of building	villa
A type of building	visitenkarte
A type of building	vorzeigemodell
A type of building	wachtturm
A type of building	wachturm
A type of building	waffenlager
A type of building	warendepot
A type of building	warenspeicher
A type of building	waschmaschine
A type of building	wasserhauschen
A type of building	weiler
A type of building	werkraum
A type of building	wigwam
A type of building	wirtschaft
A type of building	wirtshaus
A type of building	wohngebaude
A type of building	wohnhaus
A type of building	wohnsitz
A type of building	wohnung
A type of building	zeltling
A type of building	zeughaus
A type of building	zirkus
A type of building	zoo
A type of building	zuchthaus
A type of building	zuckerbackerei
A type of building	zuhause
A type of building	zwinger
A thing with wheels	abteil
A thing with wheels	anhanger
A thing with wheels	auto
A thing with wheels	autobus
A thing with wheels	autocar
A thing with wheels	automobil
A thing with wheels	bagage
A thing with wheels	benzinkutsche
A thing with wheels	bike
A thing with wheels	blechbuchse
A thing with wheels	bordrestaurant
A thing with wheels	brummi
A thing with wheels	buggy
A thing with wheels	bulldog
A thing with wheels	bus
A thing with wheels	cabrio
A thing with wheels	cabriolet
A thing with wheels	camper
A thing with wheels	campingbus
A thing with wheels	car
A thing with wheels	caravan
A thing with wheels	coupe
A thing with wheels	drahtesel
A thing with wheels	draisine
A thing with wheels	dreigespann
A thing with wheels	dreispanner
A thing with wheels	drohn
A thing with wheels	drohne
A thing with wheels	droschke
A thing with wheels	dumper
A thing with wheels	eisenbahnwagen
A thing with wheels	elektroauto
A thing with wheels	fahrrad
A thing with wheels	fahrradrikscha
A thing with wheels	fahrradtaxi
A thing with wheels	fiaker
A thing with wheels	fliessheck
A thing with wheels	flitzer
A thing with wheels	flunder
A thing with wheels	gabelstapler
A thing with wheels	gelandewagen
A thing with wheels	gepack
A thing with wheels	handhebelwagen
A thing with wheels	hardtop
A thing with wheels	harnisch
A thing with wheels	hirsch
A thing with wheels	hobel
A thing with wheels	hubstapler
A thing with wheels	ice
A thing with wheels	jeep
A thing with wheels	kabrio
A thing with wheels	kabriolett
A thing with wheels	kalesche
A thing with wheels	karette
A thing with wheels	karosse
A thing with wheels	karre
A thing with wheels	kfz
A thing with wheels	kinderkarre
A thing with wheels	kinderwagen
A thing with wheels	kiste
A thing with wheels	kleinkraftrad
A thing with wheels	kleinlaster
A thing with wheels	kombi
A thing with wheels	kombilimousine
A thing with wheels	kombiwagen
A thing with wheels	kraftdroschke
A thing with wheels	kraftfahrzeug
A thing with wheels	krankenwagen
A thing with wheels	kutsche
A thing with wheels	kutschwagen
A thing with wheels	laster
A thing with wheels	lastkraftwagen
A thing with wheels	lastwagen
A thing with wheels	lastzug
A thing with wheels	laufmaschine
A thing with wheels	lieferauto
A thing with wheels	lieferwagen
A thing with wheels	limo
A thing with wheels	limousine
A thing with wheels	lkw
A thing with wheels	lok
A thing with wheels	lokomotive
A thing with wheels	mfz
A thing with wheels	mitstreiter
A thing with wheels	mofa
A thing with wheels	mokick
A thing with wheels	moped
A thing with wheels	motordroschke
A thing with wheels	motorfahrzeug
A thing with wheels	motorroller
A thing with wheels	motorschlitten
A thing with wheels	motorwagen
A thing with wheels	muldenkipper
A thing with wheels	offroader
A thing with wheels	omnibus
A thing with wheels	panzer
A thing with wheels	panzerwagen
A thing with wheels	parteiganger
A thing with wheels	personenwagen
A thing with wheels	peterwagen
A thing with wheels	pferdedroschke
A thing with wheels	pferdekutsche
A thing with wheels	pkw
A thing with wheels	polizeiauto
A thing with wheels	rad
A thing with wheels	radl
A thing with wheels	reisebus
A thing with wheels	reisecar
A thing with wheels	reisegepack
A thing with wheels	reisemobil
A thing with wheels	rennauto
A thing with wheels	rennfahrzeug
A thing with wheels	rennsportwagen
A thing with wheels	rennwagen
A thing with wheels	rettungswagen
A thing with wheels	rollbrett
A thing with wheels	rollerbrett
A thing with wheels	rolli
A thing with wheels	rollstuhl
A thing with wheels	rustung
A thing with wheels	sackkarre
A thing with wheels	sackrodel
A thing with wheels	sattelzug
A thing with wheels	scheibtruhe
A thing with wheels	schiebetruhe
A thing with wheels	schiebkarre
A thing with wheels	schlepper
A thing with wheels	schleuder
A thing with wheels	schlitten
A thing with wheels	schneemobil
A thing with wheels	schragheck
A thing with wheels	schubkarre
A thing with wheels	schubkarren
A thing with wheels	schussel
A thing with wheels	schutzkleidung
A thing with wheels	seilbahn
A thing with wheels	seilrutsche
A thing with wheels	sitz
A thing with wheels	skateboard
A thing with wheels	speisewagen
A thing with wheels	spielsachen
A thing with wheels	spielwaren
A thing with wheels	spielzeug
A thing with wheels	sprinter
A thing with wheels	streifenwagen
A thing with wheels	stromer
A thing with wheels	stuhl
A thing with wheels	sympathisant
A thing with wheels	tank
A thing with wheels	taxe
A thing with wheels	taxi
A thing with wheels	tirolienne
A thing with wheels	toniwagen
A thing with wheels	traktor
A thing with wheels	transporter
A thing with wheels	trecker
A thing with wheels	triebfahrzeug
A thing with wheels	triebwagen
A thing with wheels	triebwagenzug
A thing with wheels	triebzug
A thing with wheels	troika
A thing with wheels	tyrolienne
A thing with wheels	unterstutzer
A thing with wheels	van
A thing with wheels	variant
A thing with wheels	velo
A thing with wheels	velorikscha
A thing with wheels	velotaxi
A thing with wheels	vespa
A thing with wheels	wagen
A thing with wheels	waggon
A thing with wheels	wagon
A thing with wheels	wohnanhanger
A thing with wheels	wohnmobil
A thing with wheels	wohnmotorwagen
A thing with wheels	wohnwagen
A thing with wheels	zeltbewohner
A thing with wheels	zugmaschine
A thing with wheels	zugrestaurant
A thing with wheels	zweirad
Something metal	alu
Something metal	aluminium
Something metal	aue
Something metal	aurum
Something metal	barium
Something metal	beryllium
Something metal	bismut
Something metal	blitzeinschlag
Something metal	blitzschlag
Something metal	brandmal
Something metal	brandzeichen
Something metal	cadmium
Something metal	calcium
Something metal	cer
Something metal	cerium
Something metal	chrom
Something metal	chromium
Something metal	cobalt
Something metal	columbium
Something metal	cromargan
Something metal	curium
Something metal	dachhelm
Something metal	druckbehalter
Something metal	edelstahl
Something metal	elektron
Something metal	elektrum
Something metal	folie
Something metal	forke
Something metal	fruhjahr
Something metal	fruhling
Something metal	fruhlingszeit
Something metal	gabel
Something metal	gedenkmunze
Something metal	gockel
Something metal	gold
Something metal	grablege
Something metal	gruft
Something metal	hafnium
Something metal	hahn
Something metal	helm
Something metal	helmdach
Something metal	kadmium
Something metal	kalium
Something metal	kalzium
Something metal	kasten
Something metal	kerkermeister
Something metal	kessel
Something metal	kobalt
Something metal	krypta
Something metal	lenz
Something metal	lithium
Something metal	lot
Something metal	mangan
Something metal	medaille
Something metal	metall
Something metal	natrium
Something metal	niederung
Something metal	niob
Something metal	nirosta
Something metal	normale
Something metal	overheadfolie
Something metal	rhenium
Something metal	rotguss
Something metal	rotmessing
Something metal	rubidium
Something metal	schaff
Something metal	schaft
Something metal	schapp
Something metal	schliesser
Something metal	schrank
Something metal	senkrechte
Something metal	senkwaage
Something metal	sodium
Something metal	spind
Something metal	stanniol
Something metal	tantal
Something metal	terameter
Something metal	tombak
Something metal	torsion
Something metal	turmhelm
Something metal	vanadium
Something metal	verdrehung
Something metal	vertikale
Something metal	verwindung
Something metal	warter
Something metal	wismut
Something metal	wolfram
Something metal	yttrium
Something metal	zer
Something metal	zerium
Something metal	zink
Something metal	zinnfolie
Something metal	zirconium
Something metal	zirkonium
A type of plant	abbildung
A type of plant	adamsapfel
A type of plant	akonit
A type of plant	allerweltsheil
A type of plant	allesschreiber
A type of plant	angiospermen
A type of plant	apfelsine
A type of plant	apona
A type of plant	arber
A type of plant	arecaceae
A type of plant	arpel
A type of plant	barlapp
A type of plant	baum
A type of plant	bedecktsamer
A type of plant	beikraut
A type of plant	beinheil
A type of plant	beinwell
A type of plant	beinwurz
A type of plant	berberitze
A type of plant	besenheide
A type of plant	bienenkraut
A type of plant	biertulpe
A type of plant	birke
A type of plant	birnbaum
A type of plant	birnenbaum
A type of plant	bitterorange
A type of plant	blaukraut
A type of plant	blume
A type of plant	blumenkohl
A type of plant	blutenkohl
A type of plant	bodenkohlrabi
A type of plant	bonsai
A type of plant	bramburi
A type of plant	brassicaceae
A type of plant	broccoli
A type of plant	brockelkohl
A type of plant	brokkoli
A type of plant	brombeere
A type of plant	buchs
A type of plant	buchsbaum
A type of plant	cashewbaum
A type of plant	chicoree
A type of plant	chinagras
A type of plant	chinaschilf
A type of plant	cruciferae
A type of plant	diagramm
A type of plant	dope
A type of plant	dornbeere
A type of plant	dornbusch
A type of plant	dornstrauch
A type of plant	drachenwurz
A type of plant	drosera
A type of plant	drudenfuss
A type of plant	durianbaum
A type of plant	eachtling
A type of plant	effe
A type of plant	ehrenpreis
A type of plant	eibisch
A type of plant	eisenhut
A type of plant	elefantengras
A type of plant	eller
A type of plant	ellhorn
A type of plant	erdapfel
A type of plant	erdbirn
A type of plant	erdbirne
A type of plant	erdkohlrabi
A type of plant	erle
A type of plant	esche
A type of plant	essigbeere
A type of plant	farberdistel
A type of plant	farn
A type of plant	farnkraut
A type of plant	faserhirse
A type of plant	feigwurz
A type of plant	flachs
A type of plant	flieder
A type of plant	fliederfarben
A type of plant	fliederfarbig
A type of plant	flohkraut
A type of plant	fuchsschwanz
A type of plant	futterhirse
A type of plant	ganja
A type of plant	ganseblumchen
A type of plant	gartenhauschen
A type of plant	gartenlaube
A type of plant	gartenpavillon
A type of plant	gefasspflanze
A type of plant	gemusespargel
A type of plant	gewachs
A type of plant	gewurzlorbeer
A type of plant	gichtmoos
A type of plant	ginkgo
A type of plant	ginko
A type of plant	ginster
A type of plant	goldrute
A type of plant	grapefruit
A type of plant	gras
A type of plant	graspflanze
A type of plant	grumbier
A type of plant	grundbirne
A type of plant	grundheil
A type of plant	grunes
A type of plant	gulden
A type of plant	hagebuche
A type of plant	hainbuche
A type of plant	halbimmergrun
A type of plant	harnkraut
A type of plant	hasenlaub
A type of plant	hasenschwanz
A type of plant	heidekraut
A type of plant	heilwundkraut
A type of plant	hellviolett
A type of plant	hexenkraut
A type of plant	hibiskus
A type of plant	himbeere
A type of plant	himmelbrand
A type of plant	hirse
A type of plant	hohlbeere
A type of plant	holder
A type of plant	holler
A type of plant	holunder
A type of plant	hundeblume
A type of plant	hydrophyt
A type of plant	jackbaumfrucht
A type of plant	jackfrucht
A type of plant	jakobsfrucht
A type of plant	johannisbeere
A type of plant	jungpflanze
A type of plant	kabis
A type of plant	kaffee
A type of plant	kaktee
A type of plant	kaktus
A type of plant	karfiol
A type of plant	kartoffel
A type of plant	kasekohl
A type of plant	keim
A type of plant	keimling
A type of plant	kelkenbusch
A type of plant	kettenkraut
A type of plant	kiebitzei
A type of plant	kiwi
A type of plant	kletterpflanze
A type of plant	knospenansatz
A type of plant	knulle
A type of plant	kohl
A type of plant	kohlerkraut
A type of plant	kohlrabi
A type of plant	kohlrube
A type of plant	kokosnusspalme
A type of plant	kokospalme
A type of plant	komfrei
A type of plant	komposite
A type of plant	konifere
A type of plant	korbblutler
A type of plant	korn
A type of plant	kornbrand
A type of plant	kornelkirsche
A type of plant	kornelle
A type of plant	kornerhirse
A type of plant	krampfkraut
A type of plant	kraut
A type of plant	kren
A type of plant	kreuzblutler
A type of plant	kriechpflanze
A type of plant	krumber
A type of plant	kuchenkraut
A type of plant	kurvenblatt
A type of plant	laternenblume
A type of plant	laube
A type of plant	lauskraut
A type of plant	lauswurz
A type of plant	lavendelheide
A type of plant	liebstockel
A type of plant	loki
A type of plant	lowenzahn
A type of plant	machtheilkraut
A type of plant	magdalensblume
A type of plant	maggikraut
A type of plant	magnoliophyta
A type of plant	magnoliopsida
A type of plant	mannertreu
A type of plant	margritli
A type of plant	marihuana
A type of plant	marzenbecher
A type of plant	massliebchen
A type of plant	meerrettich
A type of plant	meertrubeli
A type of plant	milchstock
A type of plant	milchwurz
A type of plant	mimoschen
A type of plant	mimose
A type of plant	minibaum
A type of plant	miscanthus
A type of plant	monchsblume
A type of plant	mostert
A type of plant	mostrich
A type of plant	muckefuck
A type of plant	mungatzen
A type of plant	muskat
A type of plant	muskatnuss
A type of plant	nadelbaum
A type of plant	neophyt
A type of plant	nierenbaum
A type of plant	nutzpflanze
A type of plant	nutzsorte
A type of plant	ochsebrot
A type of plant	okra
A type of plant	oleander
A type of plant	orange
A type of plant	orchidee
A type of plant	osterglockchen
A type of plant	osterglocke
A type of plant	ott
A type of plant	palmae
A type of plant	palme
A type of plant	palmengewachs
A type of plant	pampelmuse
A type of plant	pantograf
A type of plant	pantograph
A type of plant	pavillon
A type of plant	petrusstab
A type of plant	pferdskraut
A type of plant	pflanze
A type of plant	pflanzentrieb
A type of plant	pflanzling
A type of plant	pia
A type of plant	platane
A type of plant	poinsettie
A type of plant	polei
A type of plant	pomeranze
A type of plant	potacken
A type of plant	pusteblume
A type of plant	quendel
A type of plant	radi
A type of plant	rankengewachs
A type of plant	rasenpflanze
A type of plant	rauke
A type of plant	regenblume
A type of plant	reis
A type of plant	rettich
A type of plant	ribisel
A type of plant	riesenorange
A type of plant	ringelblume
A type of plant	robinie
A type of plant	rohricht
A type of plant	rose
A type of plant	roseneibisch
A type of plant	rosenlorbeer
A type of plant	rosmarinheide
A type of plant	rotkabis
A type of plant	rotkohl
A type of plant	rotkraut
A type of plant	rubkohl
A type of plant	rucola
A type of plant	rukola
A type of plant	ruster
A type of plant	saflor
A type of plant	salettl
A type of plant	samling
A type of plant	sandbirke
A type of plant	sassafras
A type of plant	saublume
A type of plant	sauerampfer
A type of plant	sauerdattel
A type of plant	sauerdorn
A type of plant	sauerlump
A type of plant	schachblume
A type of plant	schaubild
A type of plant	schikoree
A type of plant	schilf
A type of plant	schilfbewuchs
A type of plant	schilfgurtel
A type of plant	schlangenkraut
A type of plant	schlangenmoos
A type of plant	schlangenwurz
A type of plant	schlehdorn
A type of plant	schlingpflanze
A type of plant	schmalwurz
A type of plant	schmalzbleaml
A type of plant	schwarzdorn
A type of plant	schwarzwurz
A type of plant	schweinsohr
A type of plant	senf
A type of plant	sensibelchen
A type of plant	setzling
A type of plant	sonnentau
A type of plant	sorghum
A type of plant	spaliergewachs
A type of plant	spargel
A type of plant	spargelkohl
A type of plant	spross
A type of plant	sprossenkohl
A type of plant	sprossling
A type of plant	stachelbeere
A type of plant	standarte
A type of plant	stechginster
A type of plant	steckling
A type of plant	steckrube
A type of plant	storchschnabel
A type of plant	studentenblume
A type of plant	sturmhut
A type of plant	sumpfkalla
A type of plant	sumpfrosmarin
A type of plant	tabak
A type of plant	tabelle
A type of plant	tamarindenbaum
A type of plant	teak
A type of plant	teakbaum
A type of plant	thymian
A type of plant	tobak
A type of plant	totenblume
A type of plant	traubeneiche
A type of plant	traubenkohl
A type of plant	tulpe
A type of plant	ulme
A type of plant	unkraut
A type of plant	unsegenkraut
A type of plant	veilchen
A type of plant	verbandwatte
A type of plant	viola
A type of plant	wachmacher
A type of plant	wallwurz
A type of plant	warzenbirke
A type of plant	warzenblume
A type of plant	wasabi
A type of plant	wasserpflanze
A type of plant	watte
A type of plant	weed
A type of plant	weissbirke
A type of plant	weissbuche
A type of plant	welschkohl
A type of plant	welschkraut
A type of plant	wiesenlattich
A type of plant	wildkraut
A type of plant	wildpflanze
A type of plant	wintereiche
A type of plant	wintergrun
A type of plant	wirsing
A type of plant	wirsingkohl
A type of plant	wirz
A type of plant	wisselnkraut
A type of plant	wolfswurz
A type of plant	wruke
A type of plant	wundallheil
A type of plant	wundkraut
A type of plant	wurzeltrieb
A type of plant	zibetbaum
A type of plant	zuckerhirse
A type of plant	zuckermelone
A type of plant	zwergbaum
A word meaning difficult	anstrengend
A word meaning difficult	ausgiebig
A word meaning difficult	belastbar
A word meaning difficult	beschamend
A word meaning difficult	blamabel
A word meaning difficult	bretthart
A word meaning difficult	daneben
A word meaning difficult	deutlich
A word meaning difficult	dramatisch
A word meaning difficult	durchdringend
A word meaning difficult	ehern
A word meaning difficult	eingangig
A word meaning difficult	eingehend
A word meaning difficult	einpragsam
A word meaning difficult	eisenhart
A word meaning difficult	eisig
A word meaning difficult	empfindungslos
A word meaning difficult	erheblich
A word meaning difficult	fest
A word meaning difficult	gefuhllos
A word meaning difficult	glashart
A word meaning difficult	grausam
A word meaning difficult	haltbar
A word meaning difficult	hart
A word meaning difficult	hartherzig
A word meaning difficult	heftig
A word meaning difficult	intensiv
A word meaning difficult	kalt
A word meaning difficult	kaltherzig
A word meaning difficult	kiesbedeckt
A word meaning difficult	kieshaltig
A word meaning difficult	knallhart
A word meaning difficult	knifflig
A word meaning difficult	knochenhart
A word meaning difficult	knuppelhart
A word meaning difficult	kompliziert
A word meaning difficult	kraftig
A word meaning difficult	machtig
A word meaning difficult	merkbar
A word meaning difficult	mnemonisch
A word meaning difficult	muhsam
A word meaning difficult	naiv
A word meaning difficult	peinlich
A word meaning difficult	resilient
A word meaning difficult	robust
A word meaning difficult	schwer
A word meaning difficult	schwierig
A word meaning difficult	sehr
A word meaning difficult	solide
A word meaning difficult	stabil
A word meaning difficult	stahlern
A word meaning difficult	stahlhart
A word meaning difficult	standhaft
A word meaning difficult	stark
A word meaning difficult	stattlich
A word meaning difficult	steinhart
A word meaning difficult	steinig
A word meaning difficult	taff
A word meaning difficult	tragfahig
A word meaning difficult	tuchtig
A word meaning difficult	unangenehm
A word meaning difficult	unberuhrt
A word meaning difficult	unerfahren
A word meaning difficult	unschuldig
A word meaning difficult	unverbildet
A word meaning difficult	zah
A type of dance	abdomen
A type of dance	agent
A type of dance	automat
A type of dance	ballett
A type of dance	bauch
A type of dance	blechkamerad
A type of dance	breakdance
A type of dance	flamenco
A type of dance	foxtrott
A type of dance	gegenuber
A type of dance	hiphop
A type of dance	jazz
A type of dance	jazzmusik
A type of dance	limbus
A type of dance	maschine
A type of dance	mitburger
A type of dance	mitmensch
A type of dance	nachster
A type of dance	parlando
A type of dance	polka
A type of dance	rap
A type of dance	roboter
A type of dance	rumba
A type of dance	salsa
A type of dance	samba
A type of dance	sprechgesang
A type of dance	stepp
A type of dance	stepptanz
A type of dance	swing
A type of dance	tango
A type of dance	unterleib
A type of dance	vorholle
A type of dance	vorraum
A type of dance	walzer
A type of dance	wende
A type of dance	zeitgenosse
Something you can drink	abbelwoi
Something you can drink	absinth
Something you can drink	absinthe
Something you can drink	ale
Something you can drink	alk
Something you can drink	alkohol
Something you can drink	alkoholika
Something you can drink	alsem
Something you can drink	amaretto
Something you can drink	amer
Something you can drink	anisschnaps
Something you can drink	aperitif
Something you can drink	apero
Something you can drink	apfelmost
Something you can drink	apfelwein
Something you can drink	appetitanreger
Something you can drink	aqua
Something you can drink	arak
Something you can drink	ballerbruhe
Something you can drink	bier
Something you can drink	bitter
Something you can drink	bitterschnaps
Something you can drink	bockbier
Something you can drink	bolkstoff
Something you can drink	bootleg
Something you can drink	branntwein
Something you can drink	brause
Something you can drink	cappuccino
Something you can drink	champagner
Something you can drink	cocktail
Something you can drink	cognac
Something you can drink	coke
Something you can drink	cola
Something you can drink	ebbelwoi
Something you can drink	elixier
Something you can drink	espresso
Something you can drink	feuerwasser
Something you can drink	flussigbrot
Something you can drink	fruchtwein
Something you can drink	fusel
Something you can drink	gebrau
Something you can drink	gemisch
Something you can drink	gerstensaft
Something you can drink	gespritzter
Something you can drink	gin
Something you can drink	grappa
Something you can drink	grubengold
Something you can drink	happchen
Something you can drink	heiltrank
Something you can drink	honigwein
Something you can drink	hopfentee
Something you can drink	interesse
Something you can drink	joghurt
Something you can drink	jogurt
Something you can drink	kaffee
Something you can drink	kapuziner
Something you can drink	kleinigkeit
Something you can drink	kobold
Something you can drink	koffeinfrei
Something you can drink	kognak
Something you can drink	kohle
Something you can drink	koks
Something you can drink	kracherl
Something you can drink	krawallbrause
Something you can drink	latte
Something you can drink	limo
Something you can drink	limonade
Something you can drink	mandellikor
Something you can drink	martini
Something you can drink	martinstag
Something you can drink	maurerbrause
Something you can drink	melange
Something you can drink	met
Something you can drink	milchkaffee
Something you can drink	milchshake
Something you can drink	milkshake
Something you can drink	mischung
Something you can drink	mix
Something you can drink	mixtur
Something you can drink	most
Something you can drink	motivation
Something you can drink	muckefuck
Something you can drink	nass
Something you can drink	ouzo
Something you can drink	palmwein
Something you can drink	pastis
Something you can drink	pop
Something you can drink	popmusik
Something you can drink	raki
Something you can drink	raubpressung
Something you can drink	rebensaft
Something you can drink	roster
Something you can drink	schabau
Something you can drink	schampus
Something you can drink	schlag
Something you can drink	schlaghose
Something you can drink	schnaps
Something you can drink	schorle
Something you can drink	smoothie
Something you can drink	soda
Something you can drink	softdrink
Something you can drink	spirituose
Something you can drink	spirituosen
Something you can drink	sprit
Something you can drink	starkbier
Something you can drink	sterbehilfe
Something you can drink	toddy
Something you can drink	trester
Something you can drink	tresterbrand
Something you can drink	tresterschnaps
Something you can drink	viez
Something you can drink	wachmacher
Something you can drink	waschsoda
Something you can drink	wasser
Something you can drink	wasserchen
Something you can drink	wein
Something you can drink	weinbrand
Something you can drink	weinschorle
Something you can drink	wermut
Something you can drink	wermutkraut
Something you can drink	wodka
Something you can drink	wundertrank
Something you can drink	zaubertrank
Something you can drink	zielwasser
Something you can drink	zuckerwasser
A thing in a toolbox	abspannung
A thing in a toolbox	akte
A thing in a toolbox	amalgamfullung
A thing in a toolbox	anker
A thing in a toolbox	anschluss
A thing in a toolbox	beetle
A thing in a toolbox	beilagscheibe
A thing in a toolbox	bindeglied
A thing in a toolbox	blitzeinschlag
A thing in a toolbox	blitzschlag
A thing in a toolbox	bohrknarre
A thing in a toolbox	bolzen
A thing in a toolbox	bratspiess
A thing in a toolbox	brecheisen
A thing in a toolbox	brechstange
A thing in a toolbox	brezelkafer
A thing in a toolbox	brucke
A thing in a toolbox	buschwald
A thing in a toolbox	buschwerk
A thing in a toolbox	datei
A thing in a toolbox	dichtung
A thing in a toolbox	dickicht
A thing in a toolbox	drahtstift
A thing in a toolbox	ebene
A thing in a toolbox	erdichtung
A thing in a toolbox	fuchsschwanz
A thing in a toolbox	gastropode
A thing in a toolbox	gebusch
A thing in a toolbox	gegenmutter
A thing in a toolbox	gemut
A thing in a toolbox	ger
A thing in a toolbox	gestrauch
A thing in a toolbox	gestrupp
A thing in a toolbox	glaspapier
A thing in a toolbox	gockel
A thing in a toolbox	haarclip
A thing in a toolbox	haarklammer
A thing in a toolbox	haarklemme
A thing in a toolbox	haarschnalle
A thing in a toolbox	haarspange
A thing in a toolbox	hahn
A thing in a toolbox	handlampe
A thing in a toolbox	handleuchte
A thing in a toolbox	handsage
A thing in a toolbox	heftklammer
A thing in a toolbox	heftzwecke
A thing in a toolbox	helix
A thing in a toolbox	herbie
A thing in a toolbox	hohe
A thing in a toolbox	innenleben
A thing in a toolbox	kabel
A thing in a toolbox	kafer
A thing in a toolbox	kammer
A thing in a toolbox	karabiner
A thing in a toolbox	karabinerhaken
A thing in a toolbox	kerkermeister
A thing in a toolbox	klammer
A thing in a toolbox	klampe
A thing in a toolbox	klemme
A thing in a toolbox	klemmmutter
A thing in a toolbox	kluppe
A thing in a toolbox	knieper
A thing in a toolbox	kontaktbolzen
A thing in a toolbox	kontermutter
A thing in a toolbox	korkenzieher
A thing in a toolbox	kugelporsche
A thing in a toolbox	lanze
A thing in a toolbox	laufer
A thing in a toolbox	leitung
A thing in a toolbox	level
A thing in a toolbox	libelle
A thing in a toolbox	macchia
A thing in a toolbox	macchie
A thing in a toolbox	maquis
A thing in a toolbox	masche
A thing in a toolbox	maulwurf
A thing in a toolbox	mutter
A thing in a toolbox	nagel
A thing in a toolbox	niet
A thing in a toolbox	niete
A thing in a toolbox	niveau
A thing in a toolbox	offner
A thing in a toolbox	offnerkontakt
A thing in a toolbox	patronenlager
A thing in a toolbox	pegel
A thing in a toolbox	plombe
A thing in a toolbox	raspel
A thing in a toolbox	reibeisen
A thing in a toolbox	reisszwecke
A thing in a toolbox	rohrstuck
A thing in a toolbox	ruhekontakt
A thing in a toolbox	rundschlinge
A thing in a toolbox	sandpapier
A thing in a toolbox	schicht
A thing in a toolbox	schlagel
A thing in a toolbox	schlaufe
A thing in a toolbox	schlegel
A thing in a toolbox	schleife
A thing in a toolbox	schleifpapier
A thing in a toolbox	schliesser
A thing in a toolbox	schliessfach
A thing in a toolbox	schlinge
A thing in a toolbox	schnalle
A thing in a toolbox	schnecke
A thing in a toolbox	schraube
A thing in a toolbox	schraubenlinie
A thing in a toolbox	schraubstock
A thing in a toolbox	schraubzwinge
A thing in a toolbox	seele
A thing in a toolbox	slegel
A thing in a toolbox	spange
A thing in a toolbox	spanngurt
A thing in a toolbox	speer
A thing in a toolbox	sperrhaken
A thing in a toolbox	sperrklinke
A thing in a toolbox	spiess
A thing in a toolbox	stahlstift
A thing in a toolbox	stand
A thing in a toolbox	stellschraube
A thing in a toolbox	stemmeisen
A thing in a toolbox	stift
A thing in a toolbox	stoppelzieher
A thing in a toolbox	strauchwerk
A thing in a toolbox	streitkolben
A thing in a toolbox	stufe
A thing in a toolbox	taschenlampe
A thing in a toolbox	thymos
A thing in a toolbox	torsion
A thing in a toolbox	tulle
A thing in a toolbox	turgriff
A thing in a toolbox	turklinke
A thing in a toolbox	turschnalle
A thing in a toolbox	unterholz
A thing in a toolbox	verbindung
A thing in a toolbox	verdrehung
A thing in a toolbox	verwindung
A thing in a toolbox	warter
A thing in a toolbox	waschautomat
A thing in a toolbox	wascheklammer
A thing in a toolbox	waschmaschine
A thing in a toolbox	wendel
A thing in a toolbox	wertfach
A thing in a toolbox	wurfspeer
A thing in a toolbox	wurfspiess
A thing in a toolbox	zange
A thing in a toolbox	zippverschluss
A thing in a toolbox	zurrgurt
A type of insect	alluren
A type of insect	angewohnheit
A type of insect	arachnoid
A type of insect	beistrich
A type of insect	bettwanze
A type of insect	biene
A type of insect	dermapteron
A type of insect	eigenart
A type of insect	eigenheit
A type of insect	erdhugelburg
A type of insect	erdkegelburg
A type of insect	falter
A type of insect	fettgewebe
A type of insect	fettmasse
A type of insect	fettpolster
A type of insect	filzlaus
A type of insect	fimmel
A type of insect	finanzhai
A type of insect	finanzjongleur
A type of insect	frass
A type of insect	gelse
A type of insect	gleiskette
A type of insect	gluhwurmchen
A type of insect	grashupfer
A type of insect	grille
A type of insect	hauswanze
A type of insect	heupferd
A type of insect	heuschrecke
A type of insect	hexapode
A type of insect	huftgold
A type of insect	huftspeck
A type of insect	hundefrass
A type of insect	imme
A type of insect	insekt
A type of insect	johanniskafer
A type of insect	kakerlak
A type of insect	kakerlake
A type of insect	kaprize
A type of insect	kerbtier
A type of insect	kerf
A type of insect	komma
A type of insect	krabbeltier
A type of insect	krabbelviech
A type of insect	kuchenschabe
A type of insect	leuchtkafer
A type of insect	macke
A type of insect	marionette
A type of insect	marotte
A type of insect	monarchfalter
A type of insect	moskito
A type of insect	motte
A type of insect	mucke
A type of insect	ohrenkneifer
A type of insect	ohrwurm
A type of insect	puppe
A type of insect	puppenfigur
A type of insect	raupe
A type of insect	raupenband
A type of insect	raupenkette
A type of insect	rettungsring
A type of insect	sackratte
A type of insect	saufrass
A type of insect	schabe
A type of insect	schlangenfrass
A type of insect	schmetterling
A type of insect	schnake
A type of insect	schrulle
A type of insect	schweinefrass
A type of insect	speck
A type of insect	spekulant
A type of insect	spinne
A type of insect	spleen
A type of insect	stanze
A type of insect	staunse
A type of insect	stechmucke
A type of insect	tic
A type of insect	tick
A type of insect	turmhugelburg
A type of insect	zikade
A type of insect	zirpe
A type of insect	zocker
A type of weather event	baguio
A type of weather event	bewolkung
A type of weather event	blitzeinschlag
A type of weather event	blitzschlag
A type of weather event	blut
A type of weather event	boe
A type of weather event	bordell
A type of weather event	brause
A type of weather event	brausen
A type of weather event	brise
A type of weather event	cumulus
A type of weather event	diffusion
A type of weather event	donner
A type of weather event	donnerwetter
A type of weather event	drohnen
A type of weather event	durchmischung
A type of weather event	durchzug
A type of weather event	durre
A type of weather event	dusche
A type of weather event	elemente
A type of weather event	essenz
A type of weather event	extrakt
A type of weather event	flaute
A type of weather event	flockentanz
A type of weather event	flut
A type of weather event	fohn
A type of weather event	fohnwind
A type of weather event	freudenhaus
A type of weather event	fruhtau
A type of weather event	gedrange
A type of weather event	gegenwind
A type of weather event	gemenge
A type of weather event	geschiebe
A type of weather event	getummel
A type of weather event	gewimmel
A type of weather event	gewitter
A type of weather event	gewoge
A type of weather event	gewuhl
A type of weather event	gewurl
A type of weather event	gewusel
A type of weather event	graupel
A type of weather event	griesel
A type of weather event	grosstrombe
A type of weather event	guss
A type of weather event	haufenwolke
A type of weather event	hoch
A type of weather event	hochststand
A type of weather event	hochwasser
A type of weather event	hurrikan
A type of weather event	husche
A type of weather event	industriedunst
A type of weather event	kalme
A type of weather event	klima
A type of weather event	kondensat
A type of weather event	konzentrat
A type of weather event	kumulus
A type of weather event	laufhaus
A type of weather event	lawine
A type of weather event	lebenssaft
A type of weather event	lufthauch
A type of weather event	luftstoss
A type of weather event	luftwiderstand
A type of weather event	luftwoge
A type of weather event	luftzug
A type of weather event	mistwetter
A type of weather event	morgentau
A type of weather event	naturgewalten
A type of weather event	naturkrafte
A type of weather event	nieselregen
A type of weather event	novemberwetter
A type of weather event	orkan
A type of weather event	platzregen
A type of weather event	puff
A type of weather event	quellwolke
A type of weather event	raufrost
A type of weather event	raureif
A type of weather event	regenguss
A type of weather event	regenschauer
A type of weather event	reif
A type of weather event	ruckenwind
A type of weather event	sauwetter
A type of weather event	schauer
A type of weather event	schneefall
A type of weather event	schneegestober
A type of weather event	schneegriesel
A type of weather event	schneelawine
A type of weather event	schneerutsch
A type of weather event	schneetreiben
A type of weather event	schurlregen
A type of weather event	schweiss
A type of weather event	smog
A type of weather event	sonnenschein
A type of weather event	sonnenstrahlen
A type of weather event	spruhregen
A type of weather event	streuung
A type of weather event	stundenhotel
A type of weather event	sturzregen
A type of weather event	taifun
A type of weather event	tau
A type of weather event	tornado
A type of weather event	trockenheit
A type of weather event	trombe
A type of weather event	tsunami
A type of weather event	twister
A type of weather event	ungewitter
A type of weather event	unwetter
A type of weather event	urgewalten
A type of weather event	wasserhose
A type of weather event	wetter
A type of weather event	wetterlage
A type of weather event	windhauch
A type of weather event	windhose
A type of weather event	windstille
A type of weather event	windstoss
A type of weather event	wirbelsturm
A type of weather event	wirbelwind
A type of weather event	witterung
A type of weather event	wolke
A type of weather event	wolken
A type of weather event	wolkenbruch
A type of weather event	wuling
A type of weather event	zug
A type of weather event	zugluft
A type of weather event	zyklon
A type of shoe	arbeitsschuh
A type of shoe	boot
A type of shoe	botten
A type of shoe	clog
A type of shoe	gummi
A type of shoe	halbstiefel
A type of shoe	holzpantine
A type of shoe	holzpantoffel
A type of shoe	holzschuh
A type of shoe	jesuslatsche
A type of shoe	klompe
A type of shoe	klotschen
A type of shoe	knobelbecher
A type of shoe	kondom
A type of shoe	limikolen
A type of shoe	louboutin
A type of shoe	lummeltute
A type of shoe	maulpferd
A type of shoe	maultier
A type of shoe	muli
A type of shoe	pantine
A type of shoe	pariser
A type of shoe	praser
A type of shoe	praservativ
A type of shoe	sandale
A type of shoe	sneaker
A type of shoe	sportschuh
A type of shoe	stiefel
A type of shoe	stiefelette
A type of shoe	stiletto
A type of shoe	stockelschuh
A type of shoe	stollen
A type of shoe	stolln
A type of shoe	turnschuh
A type of shoe	verhuterli
A type of shoe	watvogel
A type of bird	adlerhaxe
A type of bird	albatros
A type of bird	ameise
A type of bird	amsel
A type of bird	anzugtrager
A type of bird	bachstelze
A type of bird	baumfalke
A type of bird	bergfink
A type of bird	blasshuhn
A type of bird	blassralle
A type of bird	blesshuhn
A type of bird	blumenstrauss
A type of bird	blutfink
A type of bird	bluthanfling
A type of bird	boser
A type of bird	botel
A type of bird	bouquet
A type of bird	buchfink
A type of bird	buhmann
A type of bird	bukett
A type of bird	charakterbaum
A type of bird	distelfink
A type of bird	dohle
A type of bird	dompfaff
A type of bird	drossel
A type of bird	drosselspule
A type of bird	einzelbaum
A type of bird	eisbein
A type of bird	elefantenvogel
A type of bird	ente
A type of bird	eule
A type of bird	falschmeldung
A type of bird	feindbild
A type of bird	feldlerche
A type of bird	flachsfink
A type of bird	gansekuken
A type of bird	ganser
A type of bird	ganserich
A type of bird	ganter
A type of bird	ganterich
A type of bird	gebinde
A type of bird	gerfalke
A type of bird	gewaltbereiter
A type of bird	gimpel
A type of bird	glatze
A type of bird	glatzkopf
A type of bird	gnagi
A type of bird	gossel
A type of bird	greif
A type of bird	greifvogel
A type of bird	hachse
A type of bird	hahnchen
A type of bird	halskragen
A type of bird	halskrause
A type of bird	hammche
A type of bird	hanfling
A type of bird	haspel
A type of bird	haussperling
A type of bird	haxe
A type of bird	haxn
A type of bird	hechse
A type of bird	hering
A type of bird	hubwagen
A type of bird	jagdfalke
A type of bird	kahlkopf
A type of bird	kapaun
A type of bird	kapauner
A type of bird	kapphahn
A type of bird	kernbeisser
A type of bird	kiebitz
A type of bird	kippchen
A type of bird	kiwi
A type of bird	kleiber
A type of bird	knochla
A type of bird	krahe
A type of bird	kranich
A type of bird	krawallmacher
A type of bird	kuchlein
A type of bird	kucken
A type of bird	kuken
A type of bird	kummerling
A type of bird	leckschutz
A type of bird	lerchenfalke
A type of bird	limikolen
A type of bird	lufthansa
A type of bird	masthahn
A type of bird	meeresvogel
A type of bird	meise
A type of bird	merlin
A type of bird	mickerling
A type of bird	moorhuhn
A type of bird	mornell
A type of bird	nachtschwalbe
A type of bird	nonnengans
A type of bird	nordfink
A type of bird	pinguin
A type of bird	pirol
A type of bird	platte
A type of bird	plattmonch
A type of bird	puter
A type of bird	radaubruder
A type of bird	randalierer
A type of bird	raubvogel
A type of bird	rotkehlchen
A type of bird	ruhestorer
A type of bird	ruttelfalke
A type of bird	schmachtlappen
A type of bird	schmachtling
A type of bird	schnepfe
A type of bird	schreihals
A type of bird	schutzkragen
A type of bird	schwarzdrossel
A type of bird	schweinshachse
A type of bird	schweinshaxe
A type of bird	schweinshaxn
A type of bird	seevogel
A type of bird	seidenschwanz
A type of bird	solitar
A type of bird	solitarbaum
A type of bird	spargeltarzan
A type of bird	spatz
A type of bird	spechtmeise
A type of bird	sperling
A type of bird	spinnewipp
A type of bird	spucht
A type of bird	stelze
A type of bird	stieglitz
A type of bird	strauss
A type of bird	sumpfhuhn
A type of bird	sundenbock
A type of bird	trulla
A type of bird	truthahn
A type of bird	trutsche
A type of bird	trutschn
A type of bird	turmfalke
A type of bird	tuse
A type of bird	uhu
A type of bird	unruhestifter
A type of bird	wadli
A type of bird	watvogel
A type of bird	zaungrasmucke
A type of bird	zeitungsente
A type of bird	ziegenmelker
A type of bird	zielscheibe
A type of bird	zwergfalke
A type of rock or mineral	alu
A type of rock or mineral	aluminium
A type of rock or mineral	amber
A type of rock or mineral	andesit
A type of rock or mineral	aquamarin
A type of rock or mineral	aquamarinblau
A type of rock or mineral	asche
A type of rock or mineral	aue
A type of rock or mineral	aurum
A type of rock or mineral	bares
A type of rock or mineral	barium
A type of rock or mineral	beryllium
A type of rock or mineral	bimbes
A type of rock or mineral	bims
A type of rock or mineral	bimsstein
A type of rock or mineral	bismut
A type of rock or mineral	blutstein
A type of rock or mineral	borax
A type of rock or mineral	braunstein
A type of rock or mineral	brocken
A type of rock or mineral	bruchstuck
A type of rock or mineral	cadmium
A type of rock or mineral	calcit
A type of rock or mineral	calcium
A type of rock or mineral	cassiterit
A type of rock or mineral	cer
A type of rock or mineral	cerium
A type of rock or mineral	chlubis
A type of rock or mineral	chrom
A type of rock or mineral	chromium
A type of rock or mineral	cinnabarit
A type of rock or mineral	cobalt
A type of rock or mineral	columbium
A type of rock or mineral	curium
A type of rock or mineral	dolomit
A type of rock or mineral	dolomitstein
A type of rock or mineral	doppelspat
A type of rock or mineral	effusivgestein
A type of rock or mineral	eisenglanz
A type of rock or mineral	eiskorn
A type of rock or mineral	eisstein
A type of rock or mineral	ergussgestein
A type of rock or mineral	eruptivgestein
A type of rock or mineral	feldstein
A type of rock or mineral	felsblock
A type of rock or mineral	felsbrocken
A type of rock or mineral	felsgestein
A type of rock or mineral	felstrummer
A type of rock or mineral	findelkind
A type of rock or mineral	findling
A type of rock or mineral	flocke
A type of rock or mineral	flohe
A type of rock or mineral	fluor
A type of rock or mineral	fundkind
A type of rock or mineral	geld
A type of rock or mineral	gerollblock
A type of rock or mineral	gestein
A type of rock or mineral	gold
A type of rock or mineral	grafit
A type of rock or mineral	granat
A type of rock or mineral	graphit
A type of rock or mineral	hafnium
A type of rock or mineral	hagelkorn
A type of rock or mineral	hamatit
A type of rock or mineral	held
A type of rock or mineral	herzchen
A type of rock or mineral	heu
A type of rock or mineral	holzzinn
A type of rock or mineral	iserin
A type of rock or mineral	islandit
A type of rock or mineral	kadmium
A type of rock or mineral	kalium
A type of rock or mineral	kalkspat
A type of rock or mineral	kalzit
A type of rock or mineral	kalzium
A type of rock or mineral	kaolin
A type of rock or mineral	kassiterit
A type of rock or mineral	kies
A type of rock or mineral	kiesel
A type of rock or mineral	kieselstein
A type of rock or mineral	knete
A type of rock or mineral	kobalt
A type of rock or mineral	kochsalz
A type of rock or mineral	kohle
A type of rock or mineral	kroten
A type of rock or mineral	kryolith
A type of rock or mineral	lapislazuli
A type of rock or mineral	lasurit
A type of rock or mineral	lasurstein
A type of rock or mineral	lavezstein
A type of rock or mineral	lehm
A type of rock or mineral	lithium
A type of rock or mineral	magneteisen
A type of rock or mineral	magnetit
A type of rock or mineral	mammon
A type of rock or mineral	mangan
A type of rock or mineral	mangandioxid
A type of rock or mineral	marke
A type of rock or mineral	mause
A type of rock or mineral	metall
A type of rock or mineral	metamorphit
A type of rock or mineral	moneten
A type of rock or mineral	moos
A type of rock or mineral	motte
A type of rock or mineral	nacl
A type of rock or mineral	nadelzinn
A type of rock or mineral	nadelzinnerz
A type of rock or mineral	natrium
A type of rock or mineral	natriumborat
A type of rock or mineral	natriumchlorid
A type of rock or mineral	niederung
A type of rock or mineral	niob
A type of rock or mineral	nordseekrabbe
A type of rock or mineral	ocken
A type of rock or mineral	patte
A type of rock or mineral	penunze
A type of rock or mineral	pfeifenerde
A type of rock or mineral	piepen
A type of rock or mineral	porzellanerde
A type of rock or mineral	porzellanton
A type of rock or mineral	pulver
A type of rock or mineral	quarz
A type of rock or mineral	raufrost
A type of rock or mineral	raureif
A type of rock or mineral	reif
A type of rock or mineral	rhenium
A type of rock or mineral	roteisenerz
A type of rock or mineral	roteisenstein
A type of rock or mineral	rotel
A type of rock or mineral	rubel
A type of rock or mineral	rubidium
A type of rock or mineral	salz
A type of rock or mineral	schiefer
A type of rock or mineral	schieferton
A type of rock or mineral	schiefing
A type of rock or mineral	schnitzel
A type of rock or mineral	schotter
A type of rock or mineral	sedimentit
A type of rock or mineral	seifenstein
A type of rock or mineral	siedestein
A type of rock or mineral	sodium
A type of rock or mineral	spaltel
A type of rock or mineral	span
A type of rock or mineral	spanholz
A type of rock or mineral	speckstein
A type of rock or mineral	specularit
A type of rock or mineral	speil
A type of rock or mineral	speu
A type of rock or mineral	speudel
A type of rock or mineral	spleiss
A type of rock or mineral	split
A type of rock or mineral	splitter
A type of rock or mineral	spreissel
A type of rock or mineral	steatit
A type of rock or mineral	stein
A type of rock or mineral	steine
A type of rock or mineral	steinsalz
A type of rock or mineral	streusand
A type of rock or mineral	taler
A type of rock or mineral	tantal
A type of rock or mineral	terameter
A type of rock or mineral	tiefquarz
A type of rock or mineral	tinkal
A type of rock or mineral	vanadium
A type of rock or mineral	visiergraupen
A type of rock or mineral	vulkanit
A type of rock or mineral	wismut
A type of rock or mineral	wolfram
A type of rock or mineral	yttrium
A type of rock or mineral	zaster
A type of rock or mineral	zeolith
A type of rock or mineral	zer
A type of rock or mineral	zerium
A type of rock or mineral	ziegelton
A type of rock or mineral	zink
A type of rock or mineral	zinnober
A type of rock or mineral	zinnstein
A type of rock or mineral	zirconium
A type of rock or mineral	zirkonium
A type of rock or mineral	zwillinge
A type of rock or mineral	zwillingspaar
A fruit	abbildung
A fruit	adamsapfel
A fruit	affenbrot
A fruit	affeneis
A fruit	affenhandy
A fruit	affenknacker
A fruit	affenkotelett
A fruit	affenschnitzel
A fruit	affensteak
A fruit	ananas
A fruit	apfel
A fruit	apfelfrucht
A fruit	aprikose
A fruit	banane
A fruit	bickbeere
A fruit	bimbeskanzler
A fruit	birne
A fruit	blaubeere
A fruit	citrone
A fruit	clementine
A fruit	datensatz
A fruit	datum
A fruit	dessertbanane
A fruit	diagramm
A fruit	dose
A fruit	durian
A fruit	durianbaum
A fruit	eintragung
A fruit	eller
A fruit	ellhorn
A fruit	erdbeere
A fruit	fotze
A fruit	granatapfel
A fruit	grapefrucht
A fruit	grapefruit
A fruit	grenadine
A fruit	grunzochse
A fruit	heidelbeere
A fruit	holder
A fruit	holler
A fruit	holunder
A fruit	jackbaumfrucht
A fruit	jackfrucht
A fruit	jak
A fruit	jakobsfrucht
A fruit	kasefrucht
A fruit	kelkenbusch
A fruit	kernobst
A fruit	kiwi
A fruit	kiwifrucht
A fruit	kranbeere
A fruit	kronsbeere
A fruit	kurvenblatt
A fruit	liebesapfel
A fruit	limone
A fruit	mandarine
A fruit	marille
A fruit	moosbeere
A fruit	mose
A fruit	mungatzen
A fruit	muschi
A fruit	obstbanane
A fruit	pampelmuse
A fruit	paradeisapfel
A fruit	paradeiser
A fruit	paradiesapfel
A fruit	paradiesfrucht
A fruit	pfirsich
A fruit	pflaume
A fruit	preiselbeere
A fruit	quetsche
A fruit	rambutan
A fruit	riesenorange
A fruit	rosine
A fruit	satsuma
A fruit	schaubild
A fruit	scheidenvorhof
A fruit	schwarzbeere
A fruit	stachelbeere
A fruit	steinfrucht
A fruit	steinobst
A fruit	stinkfrucht
A fruit	sultanine
A fruit	tabelle
A fruit	tangerine
A fruit	tomate
A fruit	vulva
A fruit	waldbeere
A fruit	weinbeere
A fruit	weintraube
A fruit	wildbeere
A fruit	yak
A fruit	zibebe
A fruit	zibetbaum
A fruit	zitrone
A fruit	zwetsche
A fruit	zwetschge
A fruit	zwetschke
A vegetable	aschlauch
A vegetable	askalonzwiebel
A vegetable	austrieb
A vegetable	batate
A vegetable	blattkohl
A vegetable	blumenkohl
A vegetable	blumenzwiebel
A vegetable	blutenkohl
A vegetable	bohne
A vegetable	braunkohl
A vegetable	breitlauch
A vegetable	broccoli
A vegetable	brockelkohl
A vegetable	brokkoli
A vegetable	bummerlsalat
A vegetable	chili
A vegetable	edelzwiebel
A vegetable	eisbergsalat
A vegetable	eissalat
A vegetable	eschalotte
A vegetable	eschlauch
A vegetable	fabaceae
A vegetable	felderbse
A vegetable	flaschenkurbis
A vegetable	fleischlauch
A vegetable	fritten
A vegetable	gelbrube
A vegetable	gemurmel
A vegetable	gemuse
A vegetable	gemusespargel
A vegetable	grunkohl
A vegetable	grunzeug
A vegetable	hulsenfruchte
A vegetable	jungtrieb
A vegetable	kalebasse
A vegetable	karfiol
A vegetable	karotte
A vegetable	kasekohl
A vegetable	kichererbse
A vegetable	knete
A vegetable	knetgummi
A vegetable	knetmasse
A vegetable	knollenwinde
A vegetable	krauskohl
A vegetable	kurbis
A vegetable	kurbisgewachs
A vegetable	lauch
A vegetable	leguminosae
A vegetable	leguminose
A vegetable	liebesapfel
A vegetable	mohre
A vegetable	mohrrube
A vegetable	moorwurzel
A vegetable	mussitation
A vegetable	paradeisapfel
A vegetable	paradeiser
A vegetable	paradiesapfel
A vegetable	pastinak
A vegetable	pastinake
A vegetable	peperoni
A vegetable	pflanzen
A vegetable	pommes
A vegetable	porree
A vegetable	rande
A vegetable	rauke
A vegetable	raunen
A vegetable	rhabarber
A vegetable	riebli
A vegetable	rube
A vegetable	rucola
A vegetable	ruebli
A vegetable	rukola
A vegetable	schalotte
A vegetable	spargel
A vegetable	spargelkohl
A vegetable	spross
A vegetable	sprossenkohl
A vegetable	susskartoffel
A vegetable	tomate
A vegetable	traubenkohl
A vegetable	venuskicher
A vegetable	welschzwiebel
A vegetable	winterkohl
A vegetable	winterlauch
A vegetable	wurzel
A vegetable	wurzelgemuse
A vegetable	wurzelsellerie
A vegetable	zeller
A vegetable	zwiebel
An animal	aal
An animal	aalquappe
An animal	aalraupe
An animal	aalrutte
An animal	aaltierchen
An animal	abalone
An animal	ableger
An animal	ackerschnecke
An animal	adlerhaxe
An animal	affe
An animal	affenarsch
An animal	alchen
An animal	allesfresser
An animal	altweltaffe
An animal	ameise
An animal	ameisenigel
An animal	amsel
An animal	anemone
An animal	anzugtrager
An animal	arachnoid
An animal	arsch
An animal	arschloch
An animal	assassine
An animal	auerochs
An animal	auerochse
An animal	auftragskiller
An animal	auftragsmorder
An animal	auslaufer
An animal	bachstelze
An animal	backenhornchen
An animal	bar
An animal	barenkatze
An animal	barenmarder
An animal	basset
An animal	bassethund
An animal	bastard
An animal	baumfalke
An animal	baumozelot
An animal	beistrich
An animal	beluga
An animal	bergfink
An animal	berglowe
An animal	bergozelot
An animal	berufskiller
An animal	bettwanze
An animal	beute
An animal	beutegut
An animal	beutelbar
An animal	beuteltiger
An animal	beutelwolf
An animal	biene
An animal	blasshuhn
An animal	blassralle
An animal	blesshuhn
An animal	blutegel
An animal	blutfink
An animal	bluthanfling
An animal	blutsauger
An animal	boandl
An animal	bock
An animal	borstenvieh
An animal	botel
An animal	bovinae
An animal	braunbar
An animal	breitling
An animal	brisling
An animal	brockchen
An animal	brosel
An animal	buchfink
An animal	bulle
An animal	busi
An animal	carnivor
An animal	cephalopod
An animal	charakterbaum
An animal	dachhase
An animal	dachs
An animal	dachshund
An animal	dackel
An animal	delfin
An animal	delphin
An animal	dermapteron
An animal	dickhauter
An animal	dino
An animal	dinosaurus
An animal	distelfink
An animal	dobel
An animal	dohle
An animal	dompfaff
An animal	dorsch
An animal	dracula
An animal	drecksack
An animal	dreckschwein
An animal	dreckskerl
An animal	dreckspatz
An animal	drescherhai
An animal	dromedar
An animal	drossel
An animal	drosselspule
An animal	dugong
An animal	dusel
An animal	echidna
An animal	echinoderme
An animal	egel
An animal	eidechse
An animal	einfaltspinsel
An animal	einzelbaum
An animal	eisbein
An animal	eisenbahner
An animal	eland
An animal	elch
An animal	elefant
An animal	elefantenvogel
An animal	elenantilope
An animal	embryo
An animal	engerling
An animal	ente
An animal	entenkopf
An animal	entenschnabel
An animal	entzugssymptom
An animal	erdbewohner
An animal	erdenbewohner
An animal	erdenburger
An animal	erdhugelburg
An animal	erdkegelburg
An animal	erdlaus
An animal	erdling
An animal	erdmannchen
An animal	erntemilbe
An animal	esel
An animal	eule
An animal	fadenwurm
An animal	fahe
An animal	falschmeldung
An animal	falter
An animal	feldlerche
An animal	fellnase
An animal	ferkel
An animal	fetus
An animal	feuerfuchs
An animal	filzlaus
An animal	finanzhai
An animal	finanzjongleur
An animal	flachsfink
An animal	flachwichser
An animal	fleischfresser
An animal	flusspferd
An animal	fortune
An animal	fotus
An animal	frass
An animal	frett
An animal	frettchen
An animal	fuchshai
An animal	fuchsin
An animal	gansekuken
An animal	ganser
An animal	ganserich
An animal	ganter
An animal	ganterich
An animal	geiss
An animal	geissbock
An animal	gelse
An animal	gemunkel
An animal	genette
An animal	geraune
An animal	gerede
An animal	gerfalke
An animal	geschopf
An animal	geschwatz
An animal	getratsche
An animal	getuschel
An animal	gewaltbereiter
An animal	gewasch
An animal	gierling
An animal	giermagen
An animal	gierschlund
An animal	gimpel
An animal	ginsterkatze
An animal	gitzi
An animal	glatze
An animal	glatzkopf
An animal	gleichwarm
An animal	gleiskette
An animal	glick
An animal	gluck
An animal	gluhwurmchen
An animal	gnagi
An animal	goldhund
An animal	gossel
An animal	gourmand
An animal	grashupfer
An animal	graslaus
An animal	grasmilbe
An animal	grautier
An animal	greif
An animal	greifvogel
An animal	grindwal
An animal	grislibar
An animal	grizzlybar
An animal	grosskatze
An animal	hachse
An animal	hackfresse
An animal	hahnchen
An animal	halbblut
An animal	halskragen
An animal	halskrause
An animal	hammche
An animal	hanfling
An animal	haspel
An animal	hauskatze
An animal	hausrind
An animal	hausschwein
An animal	haussperling
An animal	haustier
An animal	hauswanze
An animal	haxe
An animal	haxn
An animal	hechse
An animal	hechtdorsch
An animal	heimtier
An animal	hengst
An animal	herbivore
An animal	herbstlaus
An animal	herbstmilbe
An animal	hering
An animal	hermelin
An animal	herrentier
An animal	heumilbe
An animal	heupferd
An animal	heuschrecke
An animal	hexapode
An animal	hippe
An animal	hippo
An animal	hippopotamus
An animal	hirsch
An animal	hitman
An animal	holzbohrwurm
An animal	homoiotherm
An animal	homootherm
An animal	honigdachs
An animal	hubwagen
An animal	hulse
An animal	hund
An animal	hundefrass
An animal	hundesohn
An animal	hurensohn
An animal	hybrid
An animal	idiot
An animal	imme
An animal	inger
An animal	insekt
An animal	irbis
An animal	isabell
An animal	jagdfalke
An animal	jaguar
An animal	jaguarundi
An animal	jarv
An animal	johanniskafer
An animal	jungrind
An animal	kabeljau
An animal	kackbratze
An animal	kackstiefel
An animal	kahlkopf
An animal	kakerlak
An animal	kakerlake
An animal	kalb
An animal	kamel
An animal	kapaun
An animal	kapauner
An animal	kapphahn
An animal	karakal
An animal	karnivor
An animal	katzchen
An animal	katze
An animal	katzenbaby
An animal	katzenbar
An animal	katzenkind
An animal	katzlein
An animal	kaulbarsch
An animal	kerbtier
An animal	kerf
An animal	kernbeisser
An animal	kiebitz
An animal	killer
An animal	kinderfrau
An animal	kindermadchen
An animal	kippchen
An animal	kitz
An animal	kleiber
An animal	kleingeist
An animal	klumpen
An animal	knochla
An animal	knock
An animal	koala
An animal	koalabar
An animal	kobra
An animal	komma
An animal	konigslachs
An animal	kopffusser
An animal	krabbeltier
An animal	krabbelviech
An animal	krahe
An animal	krake
An animal	kranich
An animal	krawallmacher
An animal	kreatur
An animal	kriechtier
An animal	kriegsbeute
An animal	krokodil
An animal	krumel
An animal	kuchenschabe
An animal	kuchlein
An animal	kucken
An animal	kuguar
An animal	kuken
An animal	kummerling
An animal	lamm
An animal	landwirbeltier
An animal	larve
An animal	lasttier
An animal	lebewesen
An animal	leckschutz
An animal	leibesfrucht
An animal	leopard
An animal	lerchenfalke
An animal	leu
An animal	leuchtkafer
An animal	limikolen
An animal	lowe
An animal	lufthansa
An animal	made
An animal	mahlgeld
An animal	mahllohn
An animal	mammalia
An animal	manschette
An animal	margay
An animal	marionette
An animal	markhor
An animal	marlin
An animal	masel
An animal	masen
An animal	massel
An animal	masthahn
An animal	maulpferd
An animal	maultier
An animal	meduse
An animal	meeraal
An animal	meeresvogel
An animal	meerohr
An animal	meise
An animal	mensch
An animal	merino
An animal	merinoschaf
An animal	merlin
An animal	mickerling
An animal	mieze
An animal	miezekatze
An animal	milchlieferant
An animal	milchvieh
An animal	mischling
An animal	mistkerl
An animal	mitz
An animal	molluske
An animal	molter
An animal	monarchfalter
An animal	moorhuhn
An animal	mornell
An animal	moskito
An animal	motte
An animal	mucke
An animal	muffe
An animal	muli
An animal	mullerlohn
An animal	muschi
An animal	mutterschwein
An animal	nachtschwalbe
An animal	nacktschnecke
An animal	nanny
An animal	nasciturus
An animal	nashorn
An animal	nematode
An animal	neunauge
An animal	nilpferd
An animal	nonnengans
An animal	nordfink
An animal	nosferatu
An animal	nutztier
An animal	nutzvieh
An animal	ochse
An animal	octopus
An animal	ohrenkneifer
An animal	ohrwurm
An animal	okapi
An animal	oktopus
An animal	omnivore
An animal	otter
An animal	palomino
An animal	pandabar
An animal	panter
An animal	panther
An animal	pantherinae
An animal	pantophage
An animal	panzerechse
An animal	panzertier
An animal	pard
An animal	pardel
An animal	parder
An animal	peludo
An animal	petz
An animal	pferdekuss
An animal	pfirsichlaus
An animal	pierwurm
An animal	pilotwal
An animal	pinguin
An animal	pirol
An animal	platte
An animal	plattmonch
An animal	plumpbeutler
An animal	plundergut
An animal	pointer
An animal	pompon
An animal	prasser
An animal	primat
An animal	prise
An animal	profikiller
An animal	puma
An animal	puppe
An animal	puppenfigur
An animal	puschel
An animal	pussy
An animal	puter
An animal	putzschwamm
An animal	python
An animal	pythonschlange
An animal	qualle
An animal	quappaal
An animal	quappe
An animal	quinnat
An animal	radaubruder
An animal	randalierer
An animal	ratel
An animal	raubgut
An animal	raubvogel
An animal	raupe
An animal	raupenband
An animal	raupenkette
An animal	rehkalb
An animal	rehkitz
An animal	rehlein
An animal	reitpferd
An animal	ren
An animal	rentier
An animal	reptil
An animal	reptilie
An animal	rhinoceros
An animal	rhinozeros
An animal	riese
An animal	riesenechse
An animal	rind
An animal	rindvieh
An animal	rolli
An animal	rotkehlchen
An animal	ruhestorer
An animal	ruppe
An animal	russeltier
An animal	rutte
An animal	ruttelfalke
An animal	sack
An animal	sackgesicht
An animal	sackratte
An animal	samtpfotchen
An animal	samtpfote
An animal	sandpierwurm
An animal	sau
An animal	saufrass
An animal	sauger
An animal	saugetier
An animal	sauhund
An animal	saumtier
An animal	saurier
An animal	sausack
An animal	schabe
An animal	schafbock
An animal	schafchen
An animal	schafsbock
An animal	scharrtier
An animal	scheisskerl
An animal	schenkerl
An animal	schenkler
An animal	schildkrote
An animal	schimmel
An animal	schlangenfrass
An animal	schleimaal
An animal	schlemmer
An animal	schmachtlappen
An animal	schmachtling
An animal	schmetterling
An animal	schmutzfink
An animal	schnabeligel
An animal	schnake
An animal	schneeleopard
An animal	schnepfe
An animal	scholle
An animal	schraubenziege
An animal	schreihals
An animal	schutzkragen
An animal	schwamm
An animal	schwarzdrossel
An animal	schwarzkittel
An animal	schwein
An animal	schweinefrass
An animal	schweinehund
An animal	schweinshachse
An animal	schweinshaxe
An animal	schweinshaxn
An animal	seeaal
An animal	seehecht
An animal	seeohr
An animal	seevogel
An animal	seidenschwanz
An animal	silberlowe
An animal	simpel
An animal	solitar
An animal	solitarbaum
An animal	spargeltarzan
An animal	spatz
An animal	spechtmeise
An animal	speerfisch
An animal	spekulant
An animal	sperling
An animal	spinne
An animal	spinnewipp
An animal	sprott
An animal	spucht
An animal	stachelhauter
An animal	stanze
An animal	staunse
An animal	stechmucke
An animal	stehaufmanderl
An animal	stelze
An animal	stieglitz
An animal	strafesel
An animal	stubentiger
An animal	stute
An animal	sumpfhuhn
An animal	surikate
An animal	tagesmutter
An animal	tanzwedel
An animal	tausender
An animal	tausendfusser
An animal	tausendfussler
An animal	tausi
An animal	teckel
An animal	tetrapode
An animal	thon
An animal	thunfisch
An animal	tiger
An animal	tintenfisch
An animal	toot
An animal	tor
An animal	torpedo
An animal	torpedorochen
An animal	tragetier
An animal	tragtier
An animal	treische
An animal	trische
An animal	trulla
An animal	trusche
An animal	truthahn
An animal	trutsche
An animal	trutschn
An animal	tschekapuff
An animal	tunfisch
An animal	turkey
An animal	turmfalke
An animal	turmhugelburg
An animal	tuse
An animal	uhu
An animal	ungeborenes
An animal	unpaarhufer
An animal	unpaarzeher
An animal	unruhestifter
An animal	vampir
An animal	vielfrass
An animal	vierbeiner
An animal	viper
An animal	vorberge
An animal	wadli
An animal	wal
An animal	waldgiraffe
An animal	walfisch
An animal	wallach
An animal	wapiti
An animal	wapitihirsch
An animal	waschbar
An animal	wattwurm
An animal	watvogel
An animal	weichtier
An animal	weisswal
An animal	wesen
An animal	wichser
An animal	widder
An animal	wieselkatze
An animal	wildschwein
An animal	windroschen
An animal	wisent
An animal	wombat
An animal	wustenluchs
An animal	wutz
An animal	zaungrasmucke
An animal	zeigergerat
An animal	zeitungsente
An animal	zicklein
An animal	ziege
An animal	ziegenbock
An animal	ziegenlamm
An animal	ziegenmelker
An animal	zikade
An animal	zirpe
An animal	zitterrochen
An animal	zocker
An animal	zweibeiner
An animal	zwerg
An animal	zwergfalke
A mammal	affe
A mammal	altweltaffe
A mammal	ameisenigel
A mammal	assassine
A mammal	auerochs
A mammal	auerochse
A mammal	auftragskiller
A mammal	auftragsmorder
A mammal	backenhornchen
A mammal	bar
A mammal	barenkatze
A mammal	barenmarder
A mammal	basset
A mammal	bassethund
A mammal	bastard
A mammal	baumozelot
A mammal	beluga
A mammal	berglowe
A mammal	bergozelot
A mammal	berufskiller
A mammal	beutelbar
A mammal	beuteltiger
A mammal	beutelwolf
A mammal	boandl
A mammal	bock
A mammal	borstenvieh
A mammal	bovinae
A mammal	braunbar
A mammal	brockchen
A mammal	brosel
A mammal	bulle
A mammal	busi
A mammal	dachhase
A mammal	dachs
A mammal	dachshund
A mammal	dackel
A mammal	delfin
A mammal	delphin
A mammal	dickhauter
A mammal	dromedar
A mammal	dugong
A mammal	dusel
A mammal	echidna
A mammal	einfaltspinsel
A mammal	eisbein
A mammal	eisenbahner
A mammal	eland
A mammal	elch
A mammal	elefant
A mammal	elenantilope
A mammal	entenkopf
A mammal	entenschnabel
A mammal	entzugssymptom
A mammal	erdbewohner
A mammal	erdenbewohner
A mammal	erdenburger
A mammal	erdling
A mammal	erdmannchen
A mammal	esel
A mammal	fahe
A mammal	fellnase
A mammal	feuerfuchs
A mammal	flusspferd
A mammal	fortune
A mammal	frett
A mammal	frettchen
A mammal	fuchsin
A mammal	geiss
A mammal	geissbock
A mammal	genette
A mammal	gierling
A mammal	giermagen
A mammal	gierschlund
A mammal	ginsterkatze
A mammal	gitzi
A mammal	glick
A mammal	gluck
A mammal	goldhund
A mammal	gourmand
A mammal	grautier
A mammal	grindwal
A mammal	grislibar
A mammal	grizzlybar
A mammal	grosskatze
A mammal	halbblut
A mammal	hauskatze
A mammal	hausrind
A mammal	hausschwein
A mammal	hengst
A mammal	hermelin
A mammal	herrentier
A mammal	hippe
A mammal	hippo
A mammal	hippopotamus
A mammal	hirsch
A mammal	hitman
A mammal	honigdachs
A mammal	hybrid
A mammal	idiot
A mammal	irbis
A mammal	isabell
A mammal	jaguar
A mammal	jaguarundi
A mammal	jarv
A mammal	kamel
A mammal	karakal
A mammal	katze
A mammal	katzenbar
A mammal	killer
A mammal	kinderfrau
A mammal	kindermadchen
A mammal	kitz
A mammal	kleingeist
A mammal	knock
A mammal	koala
A mammal	koalabar
A mammal	krumel
A mammal	kuguar
A mammal	leopard
A mammal	leu
A mammal	lowe
A mammal	mammalia
A mammal	margay
A mammal	markhor
A mammal	masel
A mammal	masen
A mammal	massel
A mammal	maulpferd
A mammal	maultier
A mammal	meise
A mammal	mensch
A mammal	merino
A mammal	merinoschaf
A mammal	mieze
A mammal	miezekatze
A mammal	milchlieferant
A mammal	milchvieh
A mammal	mischling
A mammal	muli
A mammal	muschi
A mammal	mutterschwein
A mammal	nanny
A mammal	nashorn
A mammal	nilpferd
A mammal	nutztier
A mammal	nutzvieh
A mammal	ochse
A mammal	okapi
A mammal	palomino
A mammal	pandabar
A mammal	panter
A mammal	panther
A mammal	pantherinae
A mammal	pard
A mammal	pardel
A mammal	parder
A mammal	peludo
A mammal	petz
A mammal	pferdekuss
A mammal	pilotwal
A mammal	plumpbeutler
A mammal	pointer
A mammal	prasser
A mammal	primat
A mammal	profikiller
A mammal	puma
A mammal	pussy
A mammal	ratel
A mammal	rehkalb
A mammal	rehkitz
A mammal	rehlein
A mammal	reitpferd
A mammal	ren
A mammal	rentier
A mammal	rhinoceros
A mammal	rhinozeros
A mammal	riese
A mammal	rind
A mammal	rindvieh
A mammal	russeltier
A mammal	samtpfotchen
A mammal	samtpfote
A mammal	sau
A mammal	sauger
A mammal	saugetier
A mammal	schafbock
A mammal	schafsbock
A mammal	scharrtier
A mammal	schenkerl
A mammal	schenkler
A mammal	schimmel
A mammal	schlemmer
A mammal	schnabeligel
A mammal	schneeleopard
A mammal	schraubenziege
A mammal	schwarzkittel
A mammal	schwein
A mammal	silberlowe
A mammal	simpel
A mammal	strafesel
A mammal	stubentiger
A mammal	stute
A mammal	surikate
A mammal	tagesmutter
A mammal	tausender
A mammal	tausi
A mammal	teckel
A mammal	tiger
A mammal	toot
A mammal	tor
A mammal	tschekapuff
A mammal	turkey
A mammal	unpaarhufer
A mammal	unpaarzeher
A mammal	vielfrass
A mammal	wal
A mammal	waldgiraffe
A mammal	walfisch
A mammal	wallach
A mammal	wapiti
A mammal	wapitihirsch
A mammal	waschbar
A mammal	weisswal
A mammal	widder
A mammal	wieselkatze
A mammal	wildschwein
A mammal	wisent
A mammal	wombat
A mammal	wustenluchs
A mammal	wutz
A mammal	zeigergerat
A mammal	zicklein
A mammal	ziege
A mammal	ziegenbock
A mammal	ziegenlamm
A mammal	zweibeiner
A reptile or amphibian	alligator
A reptile or amphibian	chamaleon
A reptile or amphibian	dino
A reptile or amphibian	dinosaurus
A reptile or amphibian	eidechse
A reptile or amphibian	frosch
A reptile or amphibian	gecko
A reptile or amphibian	kobra
A reptile or amphibian	kriechtier
A reptile or amphibian	krokodil
A reptile or amphibian	krote
A reptile or amphibian	leguan
A reptile or amphibian	molch
A reptile or amphibian	otter
A reptile or amphibian	panzerechse
A reptile or amphibian	panzertier
A reptile or amphibian	python
A reptile or amphibian	pythonschlange
A reptile or amphibian	reptil
A reptile or amphibian	reptilie
A reptile or amphibian	riesenechse
A reptile or amphibian	rolli
A reptile or amphibian	salamander
A reptile or amphibian	saurier
A reptile or amphibian	schildkrote
A reptile or amphibian	schlange
A reptile or amphibian	viper
A vehicle	abteil
A vehicle	anhanger
A vehicle	aussenborder
A vehicle	auto
A vehicle	autobus
A vehicle	autocar
A vehicle	autogyro
A vehicle	automobil
A vehicle	badminton
A vehicle	barke
A vehicle	benzinkutsche
A vehicle	bike
A vehicle	bildschirm
A vehicle	blechbuchse
A vehicle	blimp
A vehicle	bombenflugzeug
A vehicle	bomber
A vehicle	boot
A vehicle	bordrestaurant
A vehicle	botchen
A vehicle	brummi
A vehicle	buggy
A vehicle	bulldog
A vehicle	bus
A vehicle	cabrio
A vehicle	cabriolet
A vehicle	camper
A vehicle	campingbus
A vehicle	car
A vehicle	caravan
A vehicle	coupe
A vehicle	dampfer
A vehicle	dampfschiff
A vehicle	drahtesel
A vehicle	draisine
A vehicle	dreigespann
A vehicle	dreirumpfboot
A vehicle	dreispanner
A vehicle	drohn
A vehicle	drohne
A vehicle	droschke
A vehicle	dumper
A vehicle	eisenbahnwagen
A vehicle	elektroauto
A vehicle	fahrgerat
A vehicle	fahrmaschine
A vehicle	fahrrad
A vehicle	fahrradrikscha
A vehicle	fahrradtaxi
A vehicle	fahrzeug
A vehicle	fangboot
A vehicle	federball
A vehicle	federballspiel
A vehicle	fernsehapparat
A vehicle	fernseher
A vehicle	fernsehgerat
A vehicle	fiaker
A vehicle	fischerboot
A vehicle	fliessheck
A vehicle	flimmerkiste
A vehicle	flitzer
A vehicle	fluchthelfer
A vehicle	flugdrohne
A vehicle	flugzeugtrager
A vehicle	flunder
A vehicle	frachter
A vehicle	frachtschiff
A vehicle	gabelstapler
A vehicle	gefahrt
A vehicle	gelandewagen
A vehicle	glotze
A vehicle	gondel
A vehicle	guterschiff
A vehicle	gyrocopter
A vehicle	gyrokopter
A vehicle	handhebelwagen
A vehicle	hardtop
A vehicle	harnisch
A vehicle	heli
A vehicle	helikopter
A vehicle	hirsch
A vehicle	hobel
A vehicle	hovercraft
A vehicle	hubi
A vehicle	hubschrauber
A vehicle	hubstapler
A vehicle	ice
A vehicle	jacht
A vehicle	jeep
A vehicle	jolle
A vehicle	kabrio
A vehicle	kabriolett
A vehicle	kahn
A vehicle	kalesche
A vehicle	kanu
A vehicle	karette
A vehicle	karosse
A vehicle	karre
A vehicle	katamaran
A vehicle	kfz
A vehicle	kinderkarre
A vehicle	kinderwagen
A vehicle	kiste
A vehicle	kistendampfer
A vehicle	kleinkraftrad
A vehicle	kleinlaster
A vehicle	kombi
A vehicle	kombilimousine
A vehicle	kombiwagen
A vehicle	kraftdroschke
A vehicle	kraftfahrzeug
A vehicle	krankenwagen
A vehicle	kutsche
A vehicle	kutschwagen
A vehicle	kutter
A vehicle	laster
A vehicle	lastkraftwagen
A vehicle	lastwagen
A vehicle	lastzug
A vehicle	laufmaschine
A vehicle	lieferauto
A vehicle	lieferwagen
A vehicle	limo
A vehicle	limousine
A vehicle	lkw
A vehicle	lok
A vehicle	lokomotive
A vehicle	luftkissenboot
A vehicle	mattscheibe
A vehicle	mfz
A vehicle	militarjet
A vehicle	mitstreiter
A vehicle	mofa
A vehicle	mokick
A vehicle	moped
A vehicle	motordroschke
A vehicle	motorfahrzeug
A vehicle	motorroller
A vehicle	motorschlitten
A vehicle	motorwagen
A vehicle	muldenkipper
A vehicle	nachen
A vehicle	offroader
A vehicle	omnibus
A vehicle	paddelboot
A vehicle	panzer
A vehicle	panzerwagen
A vehicle	parteiganger
A vehicle	patschenkino
A vehicle	personenwagen
A vehicle	peterwagen
A vehicle	pferdedroschke
A vehicle	pferdekutsche
A vehicle	pkw
A vehicle	polizeiauto
A vehicle	pott
A vehicle	rad
A vehicle	radl
A vehicle	raumfahre
A vehicle	raumfahrzeug
A vehicle	raumschiff
A vehicle	reisebus
A vehicle	reisecar
A vehicle	reisemobil
A vehicle	rennauto
A vehicle	rennfahrzeug
A vehicle	rennsportwagen
A vehicle	rennwagen
A vehicle	rettungswagen
A vehicle	rodeln
A vehicle	rohre
A vehicle	rollbrett
A vehicle	rollerbrett
A vehicle	rustung
A vehicle	sackkarre
A vehicle	sackrodel
A vehicle	sampan
A vehicle	sattelzug
A vehicle	schaluppe
A vehicle	scheibtruhe
A vehicle	schiebetruhe
A vehicle	schiebkarre
A vehicle	schiff
A vehicle	schiffchen
A vehicle	schiffstrummer
A vehicle	schiffswrack
A vehicle	schlepper
A vehicle	schleuder
A vehicle	schleuser
A vehicle	schlitten
A vehicle	schneemobil
A vehicle	schoner
A vehicle	schooner
A vehicle	schragheck
A vehicle	schubkarre
A vehicle	schubkarren
A vehicle	schuner
A vehicle	schussel
A vehicle	schutzkleidung
A vehicle	segelflieger
A vehicle	segelflugzeug
A vehicle	segler
A vehicle	seilbahn
A vehicle	seilrutsche
A vehicle	skateboard
A vehicle	speisewagen
A vehicle	sprinter
A vehicle	stahlflechten
A vehicle	sternenschiff
A vehicle	streifenwagen
A vehicle	stromer
A vehicle	suv
A vehicle	sympathisant
A vehicle	tank
A vehicle	tanker
A vehicle	tankschiff
A vehicle	tauchboot
A vehicle	taxe
A vehicle	taxi
A vehicle	tirolienne
A vehicle	toniwagen
A vehicle	tragschrauber
A vehicle	traktor
A vehicle	transporter
A vehicle	trawler
A vehicle	trecker
A vehicle	triebfahrzeug
A vehicle	triebwagen
A vehicle	triebwagenzug
A vehicle	triebzug
A vehicle	trimaran
A vehicle	troika
A vehicle	tyrolienne
A vehicle	uboot
A vehicle	unterseeboot
A vehicle	unterstutzer
A vehicle	van
A vehicle	variant
A vehicle	vehikel
A vehicle	velo
A vehicle	velorikscha
A vehicle	velotaxi
A vehicle	vespa
A vehicle	wagen
A vehicle	waggon
A vehicle	wagon
A vehicle	weidling
A vehicle	wohnanhanger
A vehicle	wohnmobil
A vehicle	wohnmotorwagen
A vehicle	wohnwagen
A vehicle	wrack
A vehicle	wrackgut
A vehicle	yacht
A vehicle	zeltbewohner
A vehicle	zille
A vehicle	zugmaschine
A vehicle	zugrestaurant
A vehicle	zweirad
A vehicle	zweirumpfboot
A tree	abbildung
A tree	abies
A tree	adamsapfel
A tree	apfel
A tree	apfelfrucht
A tree	apfelsine
A tree	arecaceae
A tree	asche
A tree	baum
A tree	baumnuss
A tree	birke
A tree	birnbaum
A tree	birnenbaum
A tree	bitterorange
A tree	bonsai
A tree	brandruckstand
A tree	cashewbaum
A tree	citrone
A tree	diagramm
A tree	durianbaum
A tree	effe
A tree	eibe
A tree	eller
A tree	erle
A tree	esche
A tree	gartenhauschen
A tree	gartenlaube
A tree	gartenpavillon
A tree	gewurzlorbeer
A tree	ginkgo
A tree	ginko
A tree	grapefruit
A tree	hagebuche
A tree	hainbuche
A tree	jackbaumfrucht
A tree	jackfrucht
A tree	jakobsfrucht
A tree	jungpflanze
A tree	kohlenschwarz
A tree	kokosnusspalme
A tree	kokospalme
A tree	konifere
A tree	kornelkirsche
A tree	kornelle
A tree	kurvenblatt
A tree	laube
A tree	limone
A tree	mimoschen
A tree	mimose
A tree	minibaum
A tree	muskat
A tree	muskatnuss
A tree	nachtschwarz
A tree	nadelbaum
A tree	nierenbaum
A tree	orange
A tree	palmae
A tree	palme
A tree	palmengewachs
A tree	pampelmuse
A tree	paradiesfrucht
A tree	pavillon
A tree	pechschwarz
A tree	pflanzling
A tree	platane
A tree	pomeranze
A tree	rabenschwarz
A tree	riesenorange
A tree	robinie
A tree	ruster
A tree	salettl
A tree	samling
A tree	sandbirke
A tree	sassafras
A tree	sauerdattel
A tree	schaubild
A tree	schlacke
A tree	sensibelchen
A tree	setzling
A tree	spross
A tree	sprossling
A tree	steckling
A tree	tabelle
A tree	tamarindenbaum
A tree	tanne
A tree	tannenbaum
A tree	teak
A tree	teakbaum
A tree	tiefschwarz
A tree	traubeneiche
A tree	ulme
A tree	walnuss
A tree	warzenbirke
A tree	weissbirke
A tree	weissbuche
A tree	wintereiche
A tree	zibetbaum
A tree	zitrone
A tree	zwergbaum
A flower	allerweltsheil
A flower	besenheide
A flower	biertulpe
A flower	blume
A flower	blute
A flower	blutenkelch
A flower	blutenrispe
A flower	blutenstand
A flower	ehrenpreis
A flower	eibisch
A flower	feigwurz
A flower	flieder
A flower	fliederfarben
A flower	fliederfarbig
A flower	ganseblumchen
A flower	grundheil
A flower	grundmenge
A flower	hasenschwanz
A flower	heidekraut
A flower	hellviolett
A flower	hibiskus
A flower	hundeblume
A flower	infloreszenz
A flower	kettenkraut
A flower	kohlerkraut
A flower	komposite
A flower	korbblutler
A flower	laternenblume
A flower	lowenzahn
A flower	magdalensblume
A flower	mannertreu
A flower	margritli
A flower	massliebchen
A flower	milchstock
A flower	monchsblume
A flower	orchidee
A flower	pusteblume
A flower	regenblume
A flower	ringelblume
A flower	rispe
A flower	rose
A flower	roseneibisch
A flower	saublume
A flower	schlangenkraut
A flower	schmalzbleaml
A flower	studentenblume
A flower	totenblume
A flower	tulpe
A flower	universum
A flower	warzenblume
A flower	wiesenlattich
A musical instrument	aetherophone
A musical instrument	akkordeon
A musical instrument	bassgeige
A musical instrument	becken
A musical instrument	bockpfeife
A musical instrument	bratsche
A musical instrument	cello
A musical instrument	cembalo
A musical instrument	cister
A musical instrument	clavichord
A musical instrument	cyther
A musical instrument	dreieck
A musical instrument	dudelsack
A musical instrument	fidel
A musical instrument	fiedel
A musical instrument	flote
A musical instrument	fortepiano
A musical instrument	fotzenhobel
A musical instrument	fotzhobel
A musical instrument	geige
A musical instrument	gitarre
A musical instrument	gitte
A musical instrument	gravicembalo
A musical instrument	halszither
A musical instrument	handharmonika
A musical instrument	handorgel
A musical instrument	harzzither
A musical instrument	kielklavier
A musical instrument	klampfe
A musical instrument	klavichord
A musical instrument	klavier
A musical instrument	klavizimbel
A musical instrument	klimperkasten
A musical instrument	kontrabass
A musical instrument	leier
A musical instrument	lutherzither
A musical instrument	lyra
A musical instrument	marschtrommel
A musical instrument	mundharmonika
A musical instrument	oktavspinett
A musical instrument	orgel
A musical instrument	pfeife
A musical instrument	pfeifenorgel
A musical instrument	pfeifensack
A musical instrument	pianino
A musical instrument	piano
A musical instrument	pianoforte
A musical instrument	piccolo
A musical instrument	piccoloflote
A musical instrument	pikkolo
A musical instrument	pikkoloflote
A musical instrument	querflote
A musical instrument	quetsche
A musical instrument	quetschkommode
A musical instrument	ruhrtrommel
A musical instrument	sachs
A musical instrument	sackpfeife
A musical instrument	sax
A musical instrument	saxofon
A musical instrument	saxophon
A musical instrument	schnarrtrommel
A musical instrument	skramasax
A musical instrument	snare
A musical instrument	spinett
A musical instrument	synthesizer
A musical instrument	synthi
A musical instrument	tabakspfeife
A musical instrument	tambourin
A musical instrument	tamburin
A musical instrument	tamtam
A musical instrument	termenvox
A musical instrument	theremin
A musical instrument	thereminovox
A musical instrument	thereminvox
A musical instrument	traversflote
A musical instrument	trigon
A musical instrument	tympanon
A musical instrument	tympanum
A musical instrument	veilchen
A musical instrument	vibrafon
A musical instrument	vibraphon
A musical instrument	viola
A musical instrument	viole
A musical instrument	violine
A musical instrument	violoncello
A musical instrument	virginal
A musical instrument	waldzither
A musical instrument	xylofon
A musical instrument	xylophon
A musical instrument	ziehharmonika
A musical instrument	zister
A musical instrument	zitter
A sport	abrichtung
A sport	basketball
A sport	boxen
A sport	boxkampf
A sport	charlot
A sport	curling
A sport	dekathlon
A sport	drahtseilakt
A sport	dressur
A sport	eisschiessen
A sport	faustkampf
A sport	feldzug
A sport	fussball
A sport	fussballspiel
A sport	gekicke
A sport	golf
A sport	gratwanderung
A sport	handball
A sport	hockey
A sport	jagd
A sport	jagen
A sport	kampagne
A sport	kampf
A sport	kreuzzug
A sport	laufen
A sport	meerbusen
A sport	pool
A sport	poolbillard
A sport	radfahren
A sport	reiten
A sport	ringen
A sport	rodeln
A sport	rudern
A sport	schifahren
A sport	schilaufen
A sport	schwimmen
A sport	segeln
A sport	seiltanz
A sport	skifahren
A sport	skilaufen
A sport	stahlflechten
A sport	surfen
A sport	surfing
A sport	tennis
A sport	tiertraining
A sport	tramp
A sport	turnen
A sport	vabanquespiel
A sport	volleyball
A sport	wellenreiten
A sport	zehnkampf
A color	absud
A color	amber
A color	aquamarin
A color	aufguss
A color	aurum
A color	auszug
A color	beige
A color	blasse
A color	blassheit
A color	blau
A color	blaugrun
A color	bleichgesicht
A color	bordeauxrot
A color	braun
A color	champagner
A color	cobalt
A color	cochenille
A color	dekokt
A color	destillat
A color	ecru
A color	ekru
A color	essenz
A color	europide
A color	europider
A color	extrakt
A color	fahlheit
A color	farblosigkeit
A color	flieder
A color	fliederfarben
A color	fliederfarbig
A color	gelb
A color	gelbgrun
A color	gold
A color	golden
A color	goldgelb
A color	grau
A color	grun
A color	haselnussbraun
A color	hellviolett
A color	infus
A color	kadmiumgelb
A color	karmesin
A color	karmin
A color	karmoisin
A color	kaukasier
A color	kobalt
A color	kohlenschwarz
A color	konzentrat
A color	koschenille
A color	kukuruz
A color	lachs
A color	lachsfarben
A color	lachsfarbig
A color	lachsrosa
A color	lachsrot
A color	langnase
A color	laubgrun
A color	lavendel
A color	lichtgelb
A color	lila
A color	mais
A color	mazerat
A color	mostert
A color	mostrich
A color	nachtschwarz
A color	naturfarben
A color	nussbraun
A color	orange
A color	pastell
A color	pastellton
A color	pechschwarz
A color	perkolat
A color	pigmentschwund
A color	puterrot
A color	rabenschwarz
A color	rebe
A color	rebstock
A color	rosa
A color	rot
A color	schampus
A color	scharlachrot
A color	schwarz
A color	schwarze
A color	senf
A color	silber
A color	sonnengelb
A color	sud
A color	tiefschwarz
A color	tinktur
A color	turkis
A color	umber
A color	umbra
A color	umbraun
A color	ungebleicht
A color	violett
A color	wein
A color	weinrot
A color	weinstock
A color	weiss
A color	weissbrot
A color	weisse
A color	weisser
A color	zyan
An emotion or feeling	abgeklartheit
An emotion or feeling	abneigung
An emotion or feeling	abscheu
An emotion or feeling	affekt
An emotion or feeling	affinitat
An emotion or feeling	aggressivitat
An emotion or feeling	agonie
An emotion or feeling	akrasia
An emotion or feeling	akzent
An emotion or feeling	akzentzeichen
An emotion or feeling	alarm
An emotion or feeling	alarmruf
An emotion or feeling	alarmsignal
An emotion or feeling	alibidinie
An emotion or feeling	alibido
An emotion or feeling	ambivalenz
An emotion or feeling	amtsbefugnis
An emotion or feeling	amusement
An emotion or feeling	anaphrodisie
An emotion or feeling	andromanie
An emotion or feeling	anfall
An emotion or feeling	angriffslust
An emotion or feeling	angst
An emotion or feeling	angstanfall
An emotion or feeling	angstgefuhl
An emotion or feeling	angstzustande
An emotion or feeling	animositat
An emotion or feeling	annahme
An emotion or feeling	anregung
An emotion or feeling	anspannung
An emotion or feeling	antipathie
An emotion or feeling	anwandlung
An emotion or feeling	anziehung
An emotion or feeling	appetenz
An emotion or feeling	appetit
An emotion or feeling	arger
An emotion or feeling	aspirant
An emotion or feeling	aspiration
An emotion or feeling	ataraxie
An emotion or feeling	aufregung
An emotion or feeling	ausraster
An emotion or feeling	aussicht
An emotion or feeling	autoritat
An emotion or feeling	aversion
An emotion or feeling	ballyhoo
An emotion or feeling	bammel
An emotion or feeling	bedarf
An emotion or feeling	bedauern
An emotion or feeling	bedenken
An emotion or feeling	bedurfnis
An emotion or feeling	befangenheit
An emotion or feeling	befremden
An emotion or feeling	befriedigung
An emotion or feeling	befurchtung
An emotion or feeling	begehren
An emotion or feeling	begeisterung
An emotion or feeling	begierde
An emotion or feeling	begluckung
An emotion or feeling	beherrschtheit
An emotion or feeling	beherrschung
An emotion or feeling	beklemmung
An emotion or feeling	beklommenheit
An emotion or feeling	belustigung
An emotion or feeling	beschwerden
An emotion or feeling	beschwingtheit
An emotion or feeling	besonnenheit
An emotion or feeling	besorgnis
An emotion or feeling	bestialitat
An emotion or feeling	besturzung
An emotion or feeling	betretenheit
An emotion or feeling	beunruhigung
An emotion or feeling	bewegungsdrang
An emotion or feeling	bitterkeit
An emotion or feeling	blutdurst
An emotion or feeling	blutpumpe
An emotion or feeling	blutrausch
An emotion or feeling	bock
An emotion or feeling	boshaftigkeit
An emotion or feeling	bosheit
An emotion or feeling	boswilligkeit
An emotion or feeling	brechruhr
An emotion or feeling	bussfertigkeit
An emotion or feeling	cholera
An emotion or feeling	contenance
An emotion or feeling	craving
An emotion or feeling	dampfer
An emotion or feeling	dank
An emotion or feeling	dankbarkeit
An emotion or feeling	dankfest
An emotion or feeling	dankgefuhl
An emotion or feeling	danksagung
An emotion or feeling	daseinsfreude
An emotion or feeling	defaitismus
An emotion or feeling	defatismus
An emotion or feeling	degout
An emotion or feeling	dekadenz
An emotion or feeling	demut
An emotion or feeling	desillusion
An emotion or feeling	dezenz
An emotion or feeling	direktheit
An emotion or feeling	donjuanismus
An emotion or feeling	drang
An emotion or feeling	druck
An emotion or feeling	durst
An emotion or feeling	dysharmonie
An emotion or feeling	dysphorie
An emotion or feeling	ego
An emotion or feeling	eigenliebe
An emotion or feeling	eigenwert
An emotion or feeling	einfall
An emotion or feeling	einfuhlsamkeit
An emotion or feeling	eingebung
An emotion or feeling	einseitigkeit
An emotion or feeling	einsicht
An emotion or feeling	ekel
An emotion or feeling	ekelgefuhl
An emotion or feeling	empathie
An emotion or feeling	empfindsamkeit
An emotion or feeling	enthusiasmus
An emotion or feeling	entmutigung
An emotion or feeling	entropie
An emotion or feeling	entsetzen
An emotion or feeling	entspannung
An emotion or feeling	enttauschung
An emotion or feeling	entzucken
An emotion or feeling	entzuckung
An emotion or feeling	erbitterung
An emotion or feeling	erfullung
An emotion or feeling	ergebenheit
An emotion or feeling	ergriffenheit
An emotion or feeling	erheiterung
An emotion or feeling	erkenntnis
An emotion or feeling	erkrankung
An emotion or feeling	erleuchtung
An emotion or feeling	ernuchterung
An emotion or feeling	erotik
An emotion or feeling	erpelpelle
An emotion or feeling	erregbarkeit
An emotion or feeling	erschrecken
An emotion or feeling	erschutterung
An emotion or feeling	erstaunen
An emotion or feeling	erwartung
An emotion or feeling	esslust
An emotion or feeling	euphorie
An emotion or feeling	euthymie
An emotion or feeling	familiaritat
An emotion or feeling	farce
An emotion or feeling	fassung
An emotion or feeling	faszination
An emotion or feeling	feindlichkeit
An emotion or feeling	feindschaft
An emotion or feeling	feindseligkeit
An emotion or feeling	feingefuhl
An emotion or feeling	feinsinnigkeit
An emotion or feeling	fez
An emotion or feeling	fimmel
An emotion or feeling	fisimatenten
An emotion or feeling	flattermann
An emotion or feeling	fracksausen
An emotion or feeling	frauenhass
An emotion or feeling	freude
An emotion or feeling	freudengeheul
An emotion or feeling	freudenschreie
An emotion or feeling	freudigkeit
An emotion or feeling	frohlichkeit
An emotion or feeling	frohlocken
An emotion or feeling	frohmut
An emotion or feeling	frohsinn
An emotion or feeling	frosteln
An emotion or feeling	frostgefuhl
An emotion or feeling	frust
An emotion or feeling	frustration
An emotion or feeling	furcht
An emotion or feeling	fursorge
An emotion or feeling	galle
An emotion or feeling	gallenblase
An emotion or feeling	gansehaut
An emotion or feeling	ganslhaut
An emotion or feeling	gaudi
An emotion or feeling	gebrechen
An emotion or feeling	gebresten
An emotion or feeling	gedanke
An emotion or feeling	gedanken
An emotion or feeling	gedrucktheit
An emotion or feeling	gefasstheit
An emotion or feeling	gefuhligkeit
An emotion or feeling	gefuhlsduselei
An emotion or feeling	gefuhlskalte
An emotion or feeling	gehemmtheit
An emotion or feeling	geilheit
An emotion or feeling	gejohle
An emotion or feeling	gejubel
An emotion or feeling	gejuchze
An emotion or feeling	gelassenheit
An emotion or feeling	gemeinheit
An emotion or feeling	gemeinschaft
An emotion or feeling	gemut
An emotion or feeling	gemutsanlage
An emotion or feeling	gemutsart
An emotion or feeling	gemutsbewegung
An emotion or feeling	gemutsruhe
An emotion or feeling	geneigtheit
An emotion or feeling	genugtuung
An emotion or feeling	genuss
An emotion or feeling	geschichten
An emotion or feeling	geschmack
An emotion or feeling	gespanntheit
An emotion or feeling	gestichel
An emotion or feeling	gewissen
An emotion or feeling	gewissensbisse
An emotion or feeling	gewissheit
An emotion or feeling	gier
An emotion or feeling	gleichmut
An emotion or feeling	gluck
An emotion or feeling	gluckseligkeit
An emotion or feeling	glucksgefuhl
An emotion or feeling	gram
An emotion or feeling	grausamkeit
An emotion or feeling	grubeln
An emotion or feeling	gunst
An emotion or feeling	haarestrauben
An emotion or feeling	haarstrauben
An emotion or feeling	hame
An emotion or feeling	hang
An emotion or feeling	hass
An emotion or feeling	heimweh
An emotion or feeling	heiterkeit
An emotion or feeling	hektik
An emotion or feeling	hemmung
An emotion or feeling	herz
An emotion or feeling	herzeleid
An emotion or feeling	herzenssache
An emotion or feeling	herzenswunsch
An emotion or feeling	herzschmerz
An emotion or feeling	hilaritat
An emotion or feeling	hingabe
An emotion or feeling	hochgefuhl
An emotion or feeling	hochrufe
An emotion or feeling	hochstimmung
An emotion or feeling	horror
An emotion or feeling	huhnerhaut
An emotion or feeling	hunger
An emotion or feeling	hungergefuhl
An emotion or feeling	hurrageschrei
An emotion or feeling	hurrarufe
An emotion or feeling	hype
An emotion or feeling	hysterie
An emotion or feeling	idee
An emotion or feeling	identifikation
An emotion or feeling	impuls
An emotion or feeling	impulsivitat
An emotion or feeling	innigkeit
An emotion or feeling	inspiration
An emotion or feeling	intimitat
An emotion or feeling	intuition
An emotion or feeling	irritation
An emotion or feeling	jauchzer
An emotion or feeling	jingoismus
An emotion or feeling	jubel
An emotion or feeling	jubelgeschrei
An emotion or feeling	jubelrufe
An emotion or feeling	juchzer
An emotion or feeling	kaltblutigkeit
An emotion or feeling	kaltegefuhl
An emotion or feeling	kardia
An emotion or feeling	karrnerarbeit
An emotion or feeling	katzenjammer
An emotion or feeling	kick
An emotion or feeling	klitoromanie
An emotion or feeling	knochenarbeit
An emotion or feeling	komfort
An emotion or feeling	konflikt
An emotion or feeling	konfusion
An emotion or feeling	konkupiszenz
An emotion or feeling	konsternierung
An emotion or feeling	kontenance
An emotion or feeling	konvivialitat
An emotion or feeling	kraft
An emotion or feeling	krankheit
An emotion or feeling	kummer
An emotion or feeling	lachnummer
An emotion or feeling	larmoyanz
An emotion or feeling	laster
An emotion or feeling	lebensfreude
An emotion or feeling	lebenskraft
An emotion or feeling	lebenslust
An emotion or feeling	lebensqualitat
An emotion or feeling	lebensstandard
An emotion or feeling	leckermaul
An emotion or feeling	leckermaulchen
An emotion or feeling	leichtsinn
An emotion or feeling	leid
An emotion or feeling	leiden
An emotion or feeling	leidenschaft
An emotion or feeling	leyden
An emotion or feeling	liebe
An emotion or feeling	liebeskummer
An emotion or feeling	liebesleid
An emotion or feeling	liebesnote
An emotion or feeling	liebespein
An emotion or feeling	liebesqual
An emotion or feeling	liebesschmerz
An emotion or feeling	liebestollheit
An emotion or feeling	liebeswahn
An emotion or feeling	lockerung
An emotion or feeling	lust
An emotion or feeling	lusternheit
An emotion or feeling	lustlosigkeit
An emotion or feeling	malaise
An emotion or feeling	malice
An emotion or feeling	maloche
An emotion or feeling	mannstollheit
An emotion or feeling	manschetten
An emotion or feeling	masochismus
An emotion or feeling	masseneuphorie
An emotion or feeling	massenhysterie
An emotion or feeling	medienhype
An emotion or feeling	medienrummel
An emotion or feeling	medisance
An emotion or feeling	meditation
An emotion or feeling	menschenhass
An emotion or feeling	miesmacherei
An emotion or feeling	misanthropie
An emotion or feeling	misogynie
An emotion or feeling	missbehagen
An emotion or feeling	missstimmung
An emotion or feeling	mitgefuhl
An emotion or feeling	mordgier
An emotion or feeling	mordlust
An emotion or feeling	mudigkeit
An emotion or feeling	muffe
An emotion or feeling	muffensausen
An emotion or feeling	muhe
An emotion or feeling	muhsal
An emotion or feeling	munterkeit
An emotion or feeling	nachdenken
An emotion or feeling	nahe
An emotion or feeling	nahesein
An emotion or feeling	narzissmus
An emotion or feeling	naschkatze
An emotion or feeling	nationalgefuhl
An emotion or feeling	nationalismus
An emotion or feeling	nationalstolz
An emotion or feeling	naturell
An emotion or feeling	neigung
An emotion or feeling	nervenkitzel
An emotion or feeling	nervositat
An emotion or feeling	nostalgie
An emotion or feeling	notruf
An emotion or feeling	nymphomanie
An emotion or feeling	odipuskomplex
An emotion or feeling	odipuskonflikt
An emotion or feeling	offenbarung
An emotion or feeling	ohnmacht
An emotion or feeling	ohnmachtigkeit
An emotion or feeling	panikattacke
An emotion or feeling	parteilichkeit
An emotion or feeling	pathos
An emotion or feeling	patriotismus
An emotion or feeling	pein
An emotion or feeling	peinlichkeit
An emotion or feeling	pessimismus
An emotion or feeling	piloarrektion
An emotion or feeling	plackerei
An emotion or feeling	plage
An emotion or feeling	plagerei
An emotion or feeling	plasier
An emotion or feeling	posse
An emotion or feeling	problem
An emotion or feeling	pumpe
An emotion or feeling	punktestand
An emotion or feeling	punktzahl
An emotion or feeling	qual
An emotion or feeling	qualerei
An emotion or feeling	rackerei
An emotion or feeling	rappel
An emotion or feeling	reizbarkeit
An emotion or feeling	reizung
An emotion or feeling	reklamerummel
An emotion or feeling	resignation
An emotion or feeling	retrophilie
An emotion or feeling	reue
An emotion or feeling	reuegefuhl
An emotion or feeling	reumutigkeit
An emotion or feeling	ruhe
An emotion or feeling	ruhrseligkeit
An emotion or feeling	satisfaktion
An emotion or feeling	satyriasis
An emotion or feeling	satyrismus
An emotion or feeling	schadenfreude
An emotion or feeling	schadensfreude
An emotion or feeling	schamlosigkeit
An emotion or feeling	schatten
An emotion or feeling	scheu
An emotion or feeling	schinderei
An emotion or feeling	schiss
An emotion or feeling	schlagschatten
An emotion or feeling	schlauch
An emotion or feeling	schleckermaul
An emotion or feeling	schmecklecker
An emotion or feeling	schmerz
An emotion or feeling	schmollen
An emotion or feeling	schnake
An emotion or feeling	schnurre
An emotion or feeling	schreck
An emotion or feeling	schrecken
An emotion or feeling	schuchternheit
An emotion or feeling	schufterei
An emotion or feeling	schuldgefuhle
An emotion or feeling	schwarmerei
An emotion or feeling	schwarzmalerei
An emotion or feeling	schwarzseherei
An emotion or feeling	schwerarbeit
An emotion or feeling	schwere
An emotion or feeling	schwerstarbeit
An emotion or feeling	schwung
An emotion or feeling	seelenfrieden
An emotion or feeling	seelenruhe
An emotion or feeling	sehnen
An emotion or feeling	sehnsucht
An emotion or feeling	seitenhieb
An emotion or feeling	selbstachtung
An emotion or feeling	selbstanklage
An emotion or feeling	selbstaufgabe
An emotion or feeling	selbstliebe
An emotion or feeling	selbstqualerei
An emotion or feeling	selbstvorwurfe
An emotion or feeling	selbstwert
An emotion or feeling	sensibilitat
An emotion or feeling	sensitivitat
An emotion or feeling	sicherheit
An emotion or feeling	sichfugen
An emotion or feeling	siechtum
An emotion or feeling	siegesrausch
An emotion or feeling	siegestaumel
An emotion or feeling	sinnesart
An emotion or feeling	sinnlichkeit
An emotion or feeling	sklavenarbeit
An emotion or feeling	skrupel
An emotion or feeling	sorge
An emotion or feeling	sorglosigkeit
An emotion or feeling	sozialarbeit
An emotion or feeling	sozialhelfer
An emotion or feeling	spannung
An emotion or feeling	spannungen
An emotion or feeling	spass
An emotion or feeling	sperenzchen
An emotion or feeling	spielstand
An emotion or feeling	spitze
An emotion or feeling	spontaneitat
An emotion or feeling	spontanitat
An emotion or feeling	stichelei
An emotion or feeling	stolz
An emotion or feeling	strapaze
An emotion or feeling	streitfall
An emotion or feeling	streitfrage
An emotion or feeling	streitlust
An emotion or feeling	stress
An emotion or feeling	suchtdruck
An emotion or feeling	suchtverlangen
An emotion or feeling	suspense
An emotion or feeling	takt
An emotion or feeling	technophilie
An emotion or feeling	temperament
An emotion or feeling	tendenz
An emotion or feeling	theater
An emotion or feeling	thrill
An emotion or feeling	todeskampf
An emotion or feeling	tortur
An emotion or feeling	tranendruse
An emotion or feeling	trauer
An emotion or feeling	trauma
An emotion or feeling	trefferquote
An emotion or feeling	treue
An emotion or feeling	treuhand
An emotion or feeling	trieb
An emotion or feeling	triumph
An emotion or feeling	triumphgefuhl
An emotion or feeling	trotz
An emotion or feeling	ubellaunigkeit
An emotion or feeling	uberdruss
An emotion or feeling	uberschwang
An emotion or feeling	unbedarftheit
An emotion or feeling	unbehagen
An emotion or feeling	undank
An emotion or feeling	undankbarkeit
An emotion or feeling	unfrieden
An emotion or feeling	unlust
An emotion or feeling	unpasslichkeit
An emotion or feeling	unruhe
An emotion or feeling	unsicherheit
An emotion or feeling	unwohlsein
An emotion or feeling	unzucht
An emotion or feeling	verbitterung
An emotion or feeling	verbluffung
An emotion or feeling	verbundenheit
An emotion or feeling	verdrossenheit
An emotion or feeling	verdruss
An emotion or feeling	vergnugen
An emotion or feeling	verklemmtheit
An emotion or feeling	verlangen
An emotion or feeling	verlegenheit
An emotion or feeling	verliebtheit
An emotion or feeling	verruchtheit
An emotion or feeling	verrucktheit
An emotion or feeling	verstandnis
An emotion or feeling	verstimmtheit
An emotion or feeling	verstimmung
An emotion or feeling	verstortheit
An emotion or feeling	vertrautheit
An emotion or feeling	verwirrung
An emotion or feeling	verwunderung
An emotion or feeling	verzuckung
An emotion or feeling	vitalitat
An emotion or feeling	vivatrufe
An emotion or feeling	volkstumelei
An emotion or feeling	vorausnahme
An emotion or feeling	vorbehalte
An emotion or feeling	vorzuge
An emotion or feeling	warme
An emotion or feeling	warnsignal
An emotion or feeling	warnton
An emotion or feeling	weh
An emotion or feeling	weinerlichkeit
An emotion or feeling	widerstreben
An emotion or feeling	widerwille
An emotion or feeling	widerwillen
An emotion or feeling	wohlgefallen
An emotion or feeling	wohlgeschmack
An emotion or feeling	wollust
An emotion or feeling	wonne
An emotion or feeling	wunsch
An emotion or feeling	wunschtraum
An emotion or feeling	wurze
An emotion or feeling	wutanfall
An emotion or feeling	wutausbruch
An emotion or feeling	zappeligkeit
An emotion or feeling	zartgefuhl
An emotion or feeling	zerfahrenheit
An emotion or feeling	zerknirschung
An emotion or feeling	zerstreutheit
An emotion or feeling	zicken
An emotion or feeling	zinower
An emotion or feeling	zuckermaul
An emotion or feeling	zuckermaulchen
An emotion or feeling	zufriedenheit
An emotion or feeling	zweifel
An emotion or feeling	zweisamkeit
A piece of furniture	abstellbrett
A piece of furniture	albe
A piece of furniture	altar
A piece of furniture	anrichte
A piece of furniture	anziehsachen
A piece of furniture	arbeitstisch
A piece of furniture	ausschank
A piece of furniture	ausstattung
A piece of furniture	bank
A piece of furniture	bar
A piece of furniture	basis
A piece of furniture	bekleidung
A piece of furniture	bergere
A piece of furniture	bord
A piece of furniture	box
A piece of furniture	bucherbord
A piece of furniture	bucherbrett
A piece of furniture	bufett
A piece of furniture	bulle
A piece of furniture	burokraft
A piece of furniture	buromobel
A piece of furniture	buromobiliar
A piece of furniture	chaiselongue
A piece of furniture	couch
A piece of furniture	deckenfluter
A piece of furniture	diwan
A piece of furniture	dotation
A piece of furniture	drehsessel
A piece of furniture	drehstuhl
A piece of furniture	eigenliebe
A piece of furniture	elb
A piece of furniture	elbe
A piece of furniture	elfe
A piece of furniture	erektion
A piece of furniture	etagenbett
A piece of furniture	fach
A piece of furniture	fauteuil
A piece of furniture	fee
A piece of furniture	fensterbank
A piece of furniture	fensterbrett
A piece of furniture	fenstersims
A piece of furniture	fundament
A piece of furniture	fussbank
A piece of furniture	fussbankchen
A piece of furniture	fussschemel
A piece of furniture	fussstutze
A piece of furniture	garderobe
A piece of furniture	geldkasse
A piece of furniture	geldkassette
A piece of furniture	geldkasten
A piece of furniture	geldschublade
A piece of furniture	gewand
A piece of furniture	gewandung
A piece of furniture	goliath
A piece of furniture	herrschersitz
A piece of furniture	herrscherstuhl
A piece of furniture	hobelbank
A piece of furniture	hocker
A piece of furniture	hune
A piece of furniture	hunengestalt
A piece of furniture	kaiserstuhl
A piece of furniture	kaminabdeckung
A piece of furniture	kaminaufsatz
A piece of furniture	kanapee
A piece of furniture	kassa
A piece of furniture	kasse
A piece of furniture	kasten
A piece of furniture	kinderbett
A piece of furniture	klamotten
A piece of furniture	klavierhocker
A piece of furniture	klavierstuhl
A piece of furniture	kledage
A piece of furniture	kleider
A piece of furniture	kleiderablage
A piece of furniture	kleiderkasten
A piece of furniture	kleiderschrank
A piece of furniture	kleiderstander
A piece of furniture	kleidung
A piece of furniture	klobrille
A piece of furniture	klodeckel
A piece of furniture	kluft
A piece of furniture	koloss
A piece of furniture	konfektion
A piece of furniture	konigsstuhl
A piece of furniture	krankenbett
A piece of furniture	krankenlager
A piece of furniture	krippe
A piece of furniture	kummelturke
A piece of furniture	ladenkasse
A piece of furniture	ladentisch
A piece of furniture	latte
A piece of furniture	lehnsessel
A piece of furniture	lehnstuhl
A piece of furniture	leselampe
A piece of furniture	leseleuchte
A piece of furniture	leselicht
A piece of furniture	liege
A piece of furniture	lounge
A piece of furniture	luftgeist
A piece of furniture	mobel
A piece of furniture	mobelstuck
A piece of furniture	mode
A piece of furniture	morgenlatte
A piece of furniture	narzissmus
A piece of furniture	opfertisch
A piece of furniture	osmane
A piece of furniture	ottomane
A piece of furniture	outfit
A piece of furniture	parkbank
A piece of furniture	plunnen
A piece of furniture	polstersessel
A piece of furniture	polsterstuhl
A piece of furniture	presse
A piece of furniture	recamiere
A piece of furniture	regierung
A piece of furniture	riese
A piece of furniture	riesenkerl
A piece of furniture	ritsche
A piece of furniture	rolli
A piece of furniture	rollkartei
A piece of furniture	rollstuhl
A piece of furniture	rolodex
A piece of furniture	ruhemobel
A piece of furniture	rumpf
A piece of furniture	sachen
A piece of furniture	schaff
A piece of furniture	schaft
A piece of furniture	schank
A piece of furniture	schankraum
A piece of furniture	schapp
A piece of furniture	schemel
A piece of furniture	schrank
A piece of furniture	schreibkraft
A piece of furniture	schubfach
A piece of furniture	schublade
A piece of furniture	sekretar
A piece of furniture	selbstliebe
A piece of furniture	serviertisch
A piece of furniture	sessel
A piece of furniture	sitz
A piece of furniture	sitzbank
A piece of furniture	sitzring
A piece of furniture	snackbar
A piece of furniture	snacktheke
A piece of furniture	sockel
A piece of furniture	sofa
A piece of furniture	spannteppich
A piece of furniture	spind
A piece of furniture	stamm
A piece of furniture	stander
A piece of furniture	stehlampe
A piece of furniture	sterbebett
A piece of furniture	stockbett
A piece of furniture	stuhl
A piece of furniture	sylphe
A piece of furniture	tafel
A piece of furniture	teppichboden
A piece of furniture	textilie
A piece of furniture	theke
A piece of furniture	thron
A piece of furniture	tipper
A piece of furniture	tisch
A piece of furniture	toilettensitz
A piece of furniture	torso
A piece of furniture	totenbett
A piece of furniture	tresen
A piece of furniture	triclinium
A piece of furniture	turke
A piece of furniture	verdichter
A piece of furniture	verkaufstisch
A piece of furniture	versorgung
A piece of furniture	vorzimmerherr
A piece of furniture	wandbrett
A piece of furniture	wartesaal
A piece of furniture	wartezimmer
A piece of furniture	werkbank
A piece of furniture	werktisch
A piece of furniture	werkzeugbox
A piece of furniture	werkzeugkasten
A piece of furniture	werkzeugkiste
A piece of furniture	werkzeugkoffer
A piece of furniture	zeug
A piece of furniture	zuwendung
A piece of furniture	zweimetermann
A weapon	abm
A weapon	aerosolbombe
A weapon	arsenal
A weapon	atombombe
A weapon	atomwaffe
A weapon	aufrustung
A weapon	axt
A weapon	bajonett
A weapon	ballermann
A weapon	baseballkeule
A weapon	bastinado
A weapon	bastonade
A weapon	bazooka
A weapon	beil
A weapon	bewaffnung
A weapon	biowaffe
A weapon	bleispritze
A weapon	bombe
A weapon	brandmal
A weapon	brandzeichen
A weapon	chemiewaffe
A weapon	colt
A weapon	dart
A weapon	degen
A weapon	druckluftbombe
A weapon	dumdum
A weapon	dumdumgeschoss
A weapon	engelmacher
A weapon	explosivstoff
A weapon	fechtwaffe
A weapon	fletsche
A weapon	flinte
A weapon	flitsche
A weapon	florett
A weapon	flugabwehr
A weapon	flugelrakete
A weapon	fusionsbombe
A weapon	gaspistole
A weapon	geschosswerfer
A weapon	geschutz
A weapon	gewehr
A weapon	giftgas
A weapon	gockel
A weapon	granate
A weapon	hackbeil
A weapon	hacke
A weapon	hackebeil
A weapon	hahn
A weapon	hammerschuss
A weapon	handfeuerwaffe
A weapon	handgranate
A weapon	handwaffe
A weapon	hellebarde
A weapon	helmbarte
A weapon	hollenmaschine
A weapon	ibm
A weapon	kalaschnikow
A weapon	kampfgas
A weapon	kampfgerat
A weapon	kanone
A weapon	karabiner
A weapon	katapult
A weapon	katsche
A weapon	kernwaffe
A weapon	keule
A weapon	knarre
A weapon	knifte
A weapon	knuppel
A weapon	krummsabel
A weapon	krummschwert
A weapon	kugel
A weapon	louboutin
A weapon	luftabwehr
A weapon	luftgewehr
A weapon	luger
A weapon	masche
A weapon	meuchelpuffer
A weapon	mobilmachung
A weapon	nebelbombe
A weapon	nebelgranate
A weapon	nebelkerze
A weapon	nebeltopf
A weapon	nuklearbombe
A weapon	nuklearwaffe
A weapon	ofenrohr
A weapon	panzerbuchse
A weapon	panzerfaust
A weapon	patrone
A weapon	phasor
A weapon	pistole
A weapon	projektil
A weapon	prugel
A weapon	puster
A weapon	raketenwerfer
A weapon	rapier
A weapon	rauchgranate
A weapon	reiterflinte
A weapon	reizgas
A weapon	repetierer
A weapon	repetierwaffe
A weapon	revolver
A weapon	rohrstock
A weapon	rustung
A weapon	sabel
A weapon	sarazenensabel
A weapon	schiesseisen
A weapon	schiessknuppel
A weapon	schiessprugel
A weapon	schimitar
A weapon	schlager
A weapon	schlagstock
A weapon	schlaufe
A weapon	schleife
A weapon	schlinge
A weapon	schrotflinte
A weapon	schrotgewehr
A weapon	schwert
A weapon	scimitar
A weapon	seitengewehr
A weapon	sprengbefugter
A weapon	sprengmeister
A weapon	sprengsatz
A weapon	sprengstoff
A weapon	stecken
A weapon	steinschleuder
A weapon	stiletto
A weapon	stockelschuh
A weapon	stossdegen
A weapon	sturmgewehr
A weapon	szimitar
A weapon	totschlager
A weapon	tranengas
A weapon	turkensabel
A weapon	vakuumbombe
A weapon	waffe
A weapon	waffenarsenal
A weapon	waffenvorrat
A weapon	wumme
A weapon	wurfgeschoss
A weapon	wurfpfeil
A weapon	zeiger
A weapon	zwille
A game	alki
A game	alkoholiker
A game	alkoholkranker
A game	allgemeinplatz
A game	anhaltspunkt
A game	anzeichen
A game	aureole
A game	auslosung
A game	bacchant
A game	banalitat
A game	besigue
A game	besique
A game	bezigue
A game	bezique
A game	bierdimpfl
A game	binse
A game	binsenwahrheit
A game	binsenweisheit
A game	brucke
A game	bsuff
A game	curling
A game	decke
A game	domino
A game	dominospiel
A game	eisschiessen
A game	fell
A game	floskel
A game	fussballspiel
A game	game
A game	gekicke
A game	gemeinplatz
A game	glucksspiel
A game	golf
A game	gotcha
A game	hasardspiel
A game	hinweis
A game	hofe
A game	hulse
A game	hupfseil
A game	indiz
A game	indizienbeweis
A game	jolly
A game	klischee
A game	korona
A game	limbus
A game	lotterie
A game	manschette
A game	meerbusen
A game	miniaturgolf
A game	minigolf
A game	moment
A game	muffe
A game	musical
A game	paintball
A game	pelz
A game	phrase
A game	platitude
A game	plattitude
A game	pool
A game	poolbillard
A game	querung
A game	risiko
A game	romme
A game	rommee
A game	salamander
A game	saufbold
A game	saufbruder
A game	saufer
A game	schlagwort
A game	schlucker
A game	schluckspecht
A game	schnapsdrossel
A game	singspiel
A game	spiel
A game	sprachhulse
A game	sprechblase
A game	springseil
A game	spritnase
A game	spritti
A game	suffkopp
A game	tennis
A game	tombola
A game	trassierung
A game	tratte
A game	trinker
A game	trivialitat
A game	trunkenbold
A game	trunksuchtiger
A game	uberfuhrung
A game	ubergang
A game	unterfangen
A game	verdachtsgrund
A game	verlosung
A game	viadukt
A game	videospiel
A game	vorholle
A game	vorraum
A game	wagestuck
A game	wagnis
A game	wermutbruder
A game	wette
A game	zechbruder
A game	zecher
A game	ziehung
A dessert or sweet treat	backwerk
A dessert or sweet treat	barendreck
A dessert or sweet treat	barenzucker
A dessert or sweet treat	beigabe
A dessert or sweet treat	berliner
A dessert or sweet treat	beugel
A dessert or sweet treat	biskotte
A dessert or sweet treat	biskuit
A dessert or sweet treat	bomsken
A dessert or sweet treat	bonbon
A dessert or sweet treat	bonus
A dessert or sweet treat	brei
A dessert or sweet treat	bumskopf
A dessert or sweet treat	buttertruffel
A dessert or sweet treat	callgirl
A dessert or sweet treat	couverture
A dessert or sweet treat	creme
A dessert or sweet treat	crepe
A dessert or sweet treat	croissant
A dessert or sweet treat	dambedei
A dessert or sweet treat	dauerlutscher
A dessert or sweet treat	dessert
A dessert or sweet treat	dirne
A dessert or sweet treat	donut
A dessert or sweet treat	dorfmatratze
A dessert or sweet treat	doughnut
A dessert or sweet treat	draufgabe
A dessert or sweet treat	dreingabe
A dessert or sweet treat	edelnutte
A dessert or sweet treat	eierkuchen
A dessert or sweet treat	eierpuffer
A dessert or sweet treat	eis
A dessert or sweet treat	eisbecher
A dessert or sweet treat	eiscreme
A dessert or sweet treat	eiskrem
A dessert or sweet treat	eiskreme
A dessert or sweet treat	erdapfelpuffer
A dessert or sweet treat	escort
A dessert or sweet treat	escortgirl
A dessert or sweet treat	extra
A dessert or sweet treat	fastnacht
A dessert or sweet treat	fastnachtszeit
A dessert or sweet treat	fladle
A dessert or sweet treat	fondant
A dessert or sweet treat	freudenmadchen
A dessert or sweet treat	fritter
A dessert or sweet treat	gallert
A dessert or sweet treat	gallerte
A dessert or sweet treat	geback
A dessert or sweet treat	gelatine
A dessert or sweet treat	gelee
A dessert or sweet treat	gewurzkuchen
A dessert or sweet treat	gipfel
A dessert or sweet treat	glace
A dessert or sweet treat	gotterspeise
A dessert or sweet treat	grattimann
A dessert or sweet treat	grittibanz
A dessert or sweet treat	gsalz
A dessert or sweet treat	guts
A dessert or sweet treat	halsbonbon
A dessert or sweet treat	hartgeldnutte
A dessert or sweet treat	hefegeback
A dessert or sweet treat	hefekerl
A dessert or sweet treat	hetare
A dessert or sweet treat	honigkuchen
A dessert or sweet treat	horizontale
A dessert or sweet treat	hornchen
A dessert or sweet treat	hure
A dessert or sweet treat	hustenbonbon
A dessert or sweet treat	kaiserschmarrn
A dessert or sweet treat	kakao
A dessert or sweet treat	kandis
A dessert or sweet treat	kandiszucker
A dessert or sweet treat	kasekuchen
A dessert or sweet treat	keks
A dessert or sweet treat	kipfel
A dessert or sweet treat	klausenmann
A dessert or sweet treat	klumpchen
A dessert or sweet treat	kluntje
A dessert or sweet treat	kochschokolade
A dessert or sweet treat	koharer
A dessert or sweet treat	kokosgeback
A dessert or sweet treat	kokotte
A dessert or sweet treat	konfekt
A dessert or sweet treat	konfiture
A dessert or sweet treat	kracker
A dessert or sweet treat	krampus
A dessert or sweet treat	krapfen
A dessert or sweet treat	krappel
A dessert or sweet treat	kuchen
A dessert or sweet treat	kurtisane
A dessert or sweet treat	kuverture
A dessert or sweet treat	lakritz
A dessert or sweet treat	lakritze
A dessert or sweet treat	lebkuchen
A dessert or sweet treat	lebkuchenmann
A dessert or sweet treat	lebzelten
A dessert or sweet treat	leckerchen
A dessert or sweet treat	leckerei
A dessert or sweet treat	leckerli
A dessert or sweet treat	liebesdame
A dessert or sweet treat	liebesdienerin
A dessert or sweet treat	liebesmadchen
A dessert or sweet treat	loffelbiskuit
A dessert or sweet treat	lolli
A dessert or sweet treat	lusche
A dessert or sweet treat	lutscher
A dessert or sweet treat	makrone
A dessert or sweet treat	marmelade
A dessert or sweet treat	marshmallow
A dessert or sweet treat	mausespeck
A dessert or sweet treat	mehlspeise
A dessert or sweet treat	metze
A dessert or sweet treat	mohrenkopf
A dessert or sweet treat	mus
A dessert or sweet treat	musche
A dessert or sweet treat	nachschlag
A dessert or sweet treat	nachspeise
A dessert or sweet treat	nachtisch
A dessert or sweet treat	naschereien
A dessert or sweet treat	naschkram
A dessert or sweet treat	naschwerk
A dessert or sweet treat	naturalrabatt
A dessert or sweet treat	negerkuss
A dessert or sweet treat	nougat
A dessert or sweet treat	nuckel
A dessert or sweet treat	nugat
A dessert or sweet treat	nuggi
A dessert or sweet treat	nutte
A dessert or sweet treat	obstkuchen
A dessert or sweet treat	obsttorte
A dessert or sweet treat	ofenkuchlein
A dessert or sweet treat	omelettes
A dessert or sweet treat	palatschinke
A dessert or sweet treat	palatschinken
A dessert or sweet treat	pampe
A dessert or sweet treat	pangech
A dessert or sweet treat	pannekuche
A dessert or sweet treat	pfannenkuchen
A dessert or sweet treat	pfannkuchen
A dessert or sweet treat	pfefferkuchen
A dessert or sweet treat	pflaumenkuchen
A dessert or sweet treat	plins
A dessert or sweet treat	plinse
A dessert or sweet treat	plinsen
A dessert or sweet treat	plinz
A dessert or sweet treat	praline
A dessert or sweet treat	pralinee
A dessert or sweet treat	pralinen
A dessert or sweet treat	printe
A dessert or sweet treat	professionelle
A dessert or sweet treat	prommetaat
A dessert or sweet treat	prostituierte
A dessert or sweet treat	prummekooke
A dessert or sweet treat	prummetaat
A dessert or sweet treat	pruumetaat
A dessert or sweet treat	pudding
A dessert or sweet treat	quarkkuchen
A dessert or sweet treat	quarktorte
A dessert or sweet treat	quetschekuche
A dessert or sweet treat	reibekuchen
A dessert or sweet treat	reibeplatzchen
A dessert or sweet treat	reiberdatschi
A dessert or sweet treat	reif
A dessert or sweet treat	ring
A dessert or sweet treat	sahnebonbon
A dessert or sweet treat	schaumkuss
A dessert or sweet treat	schleckerei
A dessert or sweet treat	schlecksl
A dessert or sweet treat	schleckstangel
A dessert or sweet treat	schlotzer
A dessert or sweet treat	schmarsel
A dessert or sweet treat	schnuller
A dessert or sweet treat	schoko
A dessert or sweet treat	schokokuss
A dessert or sweet treat	schokolade
A dessert or sweet treat	schokoriegel
A dessert or sweet treat	schwedenbombe
A dessert or sweet treat	sexarbeiterin
A dessert or sweet treat	siessschmeer
A dessert or sweet treat	sirup
A dessert or sweet treat	speiseeis
A dessert or sweet treat	strassendirne
A dessert or sweet treat	streuselkuchen
A dessert or sweet treat	strichi
A dessert or sweet treat	strichmadchen
A dessert or sweet treat	stutenkerl
A dessert or sweet treat	stutenmann
A dessert or sweet treat	susses
A dessert or sweet treat	sussholz
A dessert or sweet treat	sussigkeiten
A dessert or sweet treat	susskram
A dessert or sweet treat	sussspeise
A dessert or sweet treat	susswaren
A dessert or sweet treat	tafeli
A dessert or sweet treat	toffee
A dessert or sweet treat	topfenkuchen
A dessert or sweet treat	torte
A dessert or sweet treat	truffes
A dessert or sweet treat	wackelpeter
A dessert or sweet treat	wackelpudding
A dessert or sweet treat	weckenmannchen
A dessert or sweet treat	weckmann
A dessert or sweet treat	windbeutel
A dessert or sweet treat	zaltli
A dessert or sweet treat	zuckerl
A dessert or sweet treat	zuckersaft
A dessert or sweet treat	zuckerwaren
A dessert or sweet treat	zuckerzeug
A dessert or sweet treat	zugabe
A type of fish	aal
A type of fish	aalquappe
A type of fish	aalraupe
A type of fish	aalrutte
A type of fish	ableger
A type of fish	auslaufer
A type of fish	breitling
A type of fish	brisling
A type of fish	bullenhai
A type of fish	diebsgesindel
A type of fish	dobel
A type of fish	dorsch
A type of fish	drescherhai
A type of fish	fisch
A type of fish	fogasch
A type of fish	fogosch
A type of fish	fuchshai
A type of fish	grauhai
A type of fish	grundhai
A type of fish	hai
A type of fish	haifisch
A type of fish	hechtbarsch
A type of fish	hechtdorsch
A type of fish	helles
A type of fish	hulse
A type of fish	kabeljau
A type of fish	kalmuck
A type of fish	kaulbarsch
A type of fish	klumpen
A type of fish	konigslachs
A type of fish	landesstrasse
A type of fish	laufsohle
A type of fish	leitstrahl
A type of fish	manschette
A type of fish	marlin
A type of fish	marodeure
A type of fish	meeraal
A type of fish	menschenhai
A type of fish	muffe
A type of fish	peilstrahl
A type of fish	plunderer
A type of fish	pollack
A type of fish	pompon
A type of fish	puschel
A type of fish	quappaal
A type of fish	quappe
A type of fish	quinnat
A type of fish	raubgesindel
A type of fish	requiemhai
A type of fish	richtstrahl
A type of fish	ruppe
A type of fish	rutte
A type of fish	sambesihai
A type of fish	sander
A type of fish	schill
A type of fish	scholle
A type of fish	schuhsohle
A type of fish	seeaal
A type of fish	seehecht
A type of fish	sohle
A type of fish	speerfisch
A type of fish	sprott
A type of fish	staatsstrasse
A type of fish	steinkohler
A type of fish	stierhai
A type of fish	strahl
A type of fish	susswasseraal
A type of fish	tanzwedel
A type of fish	thon
A type of fish	thunfisch
A type of fish	torpedo
A type of fish	torpedorochen
A type of fish	treische
A type of fish	trische
A type of fish	trusche
A type of fish	tunfisch
A type of fish	vorberge
A type of fish	wrackfisch
A type of fish	zahnmaul
A type of fish	zander
A type of fish	zitterrochen
A type of fish	zitterwels
A type of fish	zwiebelfisch
A container	abfallbehalter
A container	abfalleimer
A container	abfalltonne
A container	abwrackkarre
A container	aktenkoffer
A container	aktenmappe
A container	aktentasche
A container	amphore
A container	anspannung
A container	aser
A container	attachekoffer
A container	audiokassette
A container	bad
A container	badeort
A container	bagage
A container	becherglas
A container	beuteltee
A container	bier
A container	bierchen
A container	bioreaktor
A container	blase
A container	bordcase
A container	box
A container	briefcouvert
A container	briefhulle
A container	briefkuvert
A container	brieftasche
A container	briefumschlag
A container	buchertasche
A container	bulle
A container	butte
A container	caldera
A container	couvert
A container	dampfkessel
A container	dampfkochtopf
A container	dekanter
A container	donkeyboiler
A container	doschen
A container	druckbehalter
A container	drucktopf
A container	drum
A container	dukatenesel
A container	duromatic
A container	enveloppe
A container	erdfall
A container	etui
A container	fach
A container	federbox
A container	federetui
A container	federkastchen
A container	federkasten
A container	federmappchen
A container	federmappe
A container	federpennal
A container	federschachtel
A container	federtasche
A container	fermenter
A container	finanzgrosse
A container	finanzmagnat
A container	flaschenkurbis
A container	funte
A container	futteral
A container	geldaristokrat
A container	geldbeutel
A container	geldborse
A container	geldbuchse
A container	geldsack
A container	geldschrank
A container	geldtasche
A container	gepack
A container	gespanntheit
A container	giessgefass
A container	giesskanne
A container	goliath
A container	grablege
A container	gruft
A container	halbe
A container	harnisch
A container	heilbad
A container	heilquelle
A container	hilfskessel
A container	hulle
A container	hulse
A container	humpen
A container	hune
A container	hunengestalt
A container	instanz
A container	isolierflasche
A container	jacuzzi
A container	kalebasse
A container	kanne
A container	karaffe
A container	karre
A container	karton
A container	kartonage
A container	kassette
A container	kastchen
A container	kasten
A container	kelch
A container	kelomat
A container	kessel
A container	kick
A container	kiepe
A container	kiste
A container	klapperkiste
A container	kleiderschrank
A container	koffer
A container	koloss
A container	kramtasche
A container	krater
A container	krosus
A container	krug
A container	krypta
A container	kulturbeutel
A container	kurbad
A container	kuvert
A container	lade
A container	lavoir
A container	manschette
A container	mappchen
A container	mappe
A container	mapple
A container	mass
A container	milliardar
A container	millionar
A container	mistkubel
A container	muffe
A container	mulleimer
A container	mulltonne
A container	musikkassette
A container	nabob
A container	necessaire
A container	nervenkitzel
A container	nervositat
A container	nuckelpinne
A container	packchen
A container	packung
A container	pamphlet
A container	panzer
A container	panzerschrank
A container	papiersack
A container	papiertute
A container	pappkarton
A container	pappverpackung
A container	penntute
A container	pfeffersack
A container	pfuhl
A container	pokal
A container	portemonnaie
A container	portmonee
A container	presse
A container	ranzen
A container	rechtsgang
A container	rechtszug
A container	reicher
A container	reisegepack
A container	reisekoffer
A container	reisetasche
A container	riese
A container	riesenkerl
A container	rockefeller
A container	rollkoffer
A container	rostbeule
A container	rostlaube
A container	rucksack
A container	rumpf
A container	rustung
A container	safe
A container	sarkophag
A container	schachtel
A container	schaff
A container	schaft
A container	schapp
A container	schatulle
A container	scheide
A container	scheune
A container	schiefermappe
A container	schlafsack
A container	schlamper
A container	schleuder
A container	schmahschrift
A container	schopfer
A container	schopfkelle
A container	schopfloffel
A container	schoppen
A container	schrank
A container	schrein
A container	schrottauto
A container	schrottbuchse
A container	schrotthaufen
A container	schrottkarre
A container	schrottkiste
A container	schrottmuhle
A container	schrottwagen
A container	schubfach
A container	schublade
A container	schulranzen
A container	schulrucksack
A container	schultasche
A container	schulthek
A container	schussel
A container	schutzkleidung
A container	schwerreicher
A container	schwertscheide
A container	sechserpack
A container	siedekessel
A container	silo
A container	sixpack
A container	spannung
A container	sparbuchse
A container	spardose
A container	sparschwein
A container	speicher
A container	spind
A container	sportpokal
A container	spottschrift
A container	sprenger
A container	sprudelbad
A container	stahlkammer
A container	stamm
A container	steinsarg
A container	stiftetasche
A container	streitschrift
A container	sumpf
A container	superreicher
A container	suppenkelle
A container	suspense
A container	taufbecken
A container	taufstein
A container	teebeutel
A container	teebuchse
A container	teedose
A container	teesackerl
A container	thermoskanne
A container	thrill
A container	tornister
A container	torso
A container	tresor
A container	trichter
A container	trolley
A container	trommel
A container	truhe
A container	tumpel
A container	umschlag
A container	verdichter
A container	vulkantrichter
A container	waschschussel
A container	waschtasche
A container	weinkaraffe
A container	werkzeugbox
A container	werkzeugkasten
A container	werkzeugkiste
A container	werkzeugkoffer
A container	wertstofftonne
A container	whirlpool
A container	zweimetermann
A shape	abdruck
A shape	achteck
A shape	achtflach
A shape	achtflachner
A shape	auspragung
A shape	ausrichtung
A shape	ballen
A shape	baumdiagramm
A shape	baumgraph
A shape	bereich
A shape	beule
A shape	block
A shape	blotsch
A shape	box
A shape	bruchflugel
A shape	brullwurfel
A shape	bundel
A shape	cluster
A shape	davidstern
A shape	dekaeder
A shape	delle
A shape	dodekaeder
A shape	donut
A shape	doughnut
A shape	dreieck
A shape	ebenflachner
A shape	einschnitt
A shape	ellipse
A shape	fahrrolle
A shape	falte
A shape	feld
A shape	festkorper
A shape	feststoff
A shape	flexkerbe
A shape	flurkreuz
A shape	form
A shape	funfeck
A shape	funfflach
A shape	funfflachner
A shape	furche
A shape	fussspur
A shape	geviert
A shape	graben
A shape	halbkugel
A shape	hemisphare
A shape	hexaeder
A shape	hexagon
A shape	hexagramm
A shape	hinterschnitt
A shape	inzision
A shape	kategorie
A shape	kegelspitze
A shape	kerbe
A shape	kiel
A shape	klanggeber
A shape	kontur
A shape	kreuz
A shape	krummungskreis
A shape	kubus
A shape	kugeldreieck
A shape	lahmarsch
A shape	langweiler
A shape	laufrolle
A shape	lautsprecher
A shape	marterl
A shape	mobelrolle
A shape	mulde
A shape	nut
A shape	observanz
A shape	oktaeder
A shape	oktagon
A shape	oktogon
A shape	orthogon
A shape	parallelogramm
A shape	pentaeder
A shape	pentagon
A shape	phasor
A shape	polyeder
A shape	polygon
A shape	pott
A shape	profil
A shape	quaddel
A shape	quader
A shape	quadrat
A shape	raute
A shape	rechteck
A shape	rechtkant
A shape	reif
A shape	rhomboid
A shape	rhombus
A shape	riefe
A shape	rille
A shape	ring
A shape	rohrstuck
A shape	rolle
A shape	rubrik
A shape	scheitelpunkt
A shape	schlaftablette
A shape	schmiegekreis
A shape	schmiegkreis
A shape	scholle
A shape	schwellung
A shape	sechseck
A shape	sechsflach
A shape	sechsflachner
A shape	silhouette
A shape	spalte
A shape	spitze
A shape	spur
A shape	stemma
A shape	strassenwalze
A shape	tausend
A shape	tetraeder
A shape	tetragon
A shape	topf
A shape	trane
A shape	tranentier
A shape	trigon
A shape	trodler
A shape	tulle
A shape	umriss
A shape	umrisslinie
A shape	verdickung
A shape	vertiefung
A shape	vieleck
A shape	vielflach
A shape	vielflachner
A shape	viereck
A shape	vierflach
A shape	vierflachner
A shape	vierling
A shape	walze
A shape	wegekreuz
A shape	wegkreuz
A shape	wulst
A shape	wurfel
A shape	zehnflach
A shape	zehnflachner
A shape	zeiger
A shape	zig
A shape	zwolfflach
A shape	zwolfflachner
A shape	zylinder
A herb or spice	ackersalat
A herb or spice	akanthus
A herb or spice	allesschreiber
A herb or spice	anis
A herb or spice	anisium
A herb or spice	aroma
A herb or spice	barenklau
A herb or spice	barlapp
A herb or spice	bechamelsauce
A herb or spice	bechamelsosse
A herb or spice	beinheil
A herb or spice	beinwell
A herb or spice	beinwurz
A herb or spice	beize
A herb or spice	bienenkraut
A herb or spice	blasenkirsche
A herb or spice	blaukraut
A herb or spice	blumenkohl
A herb or spice	blutenkohl
A herb or spice	bodenkohlrabi
A herb or spice	bonbonsirup
A herb or spice	borretsch
A herb or spice	brassicaceae
A herb or spice	broccoli
A herb or spice	brockelkohl
A herb or spice	brokkoli
A herb or spice	cherrytomate
A herb or spice	chicoree
A herb or spice	chili
A herb or spice	chinagras
A herb or spice	chinaschilf
A herb or spice	chnobli
A herb or spice	chutney
A herb or spice	cocktailtomate
A herb or spice	cruciferae
A herb or spice	dill
A herb or spice	dille
A herb or spice	dillkraut
A herb or spice	dip
A herb or spice	dope
A herb or spice	dost
A herb or spice	dressing
A herb or spice	drosera
A herb or spice	drudenfuss
A herb or spice	drudenkraut
A herb or spice	elefantengras
A herb or spice	erdkohlrabi
A herb or spice	erdnussbutter
A herb or spice	erdnusspaste
A herb or spice	essiggurke
A herb or spice	farberdistel
A herb or spice	farberwaid
A herb or spice	faserhirse
A herb or spice	feinzucker
A herb or spice	feldsalat
A herb or spice	flachs
A herb or spice	futterhirse
A herb or spice	ganja
A herb or spice	gartenerdbeere
A herb or spice	gashaxn
A herb or spice	geissfuss
A herb or spice	gelbwurz
A herb or spice	gemusespargel
A herb or spice	gewurzgurke
A herb or spice	gichtmoos
A herb or spice	glucosesirup
A herb or spice	glukosesirup
A herb or spice	glykosesirup
A herb or spice	goashaxn
A herb or spice	gras
A herb or spice	graspflanze
A herb or spice	grunes
A herb or spice	gurke
A herb or spice	gurkenkraut
A herb or spice	halbimmergrun
A herb or spice	harnkraut
A herb or spice	hartheu
A herb or spice	hasenlaub
A herb or spice	herkuleskraut
A herb or spice	herkulesstaude
A herb or spice	hermel
A herb or spice	hermelin
A herb or spice	hermunzel
A herb or spice	herrgottsblut
A herb or spice	hexenkraut
A herb or spice	hirse
A herb or spice	hundeblume
A herb or spice	hypericum
A herb or spice	isoglukose
A herb or spice	johannisblut
A herb or spice	johanniskraut
A herb or spice	judenkirsche
A herb or spice	kabis
A herb or spice	kamille
A herb or spice	kannenpflanze
A herb or spice	karfiol
A herb or spice	kasekohl
A herb or spice	ketchup
A herb or spice	ketschup
A herb or spice	kettenkraut
A herb or spice	kirschtomate
A herb or spice	knoblauch
A herb or spice	knofel
A herb or spice	knofi
A herb or spice	kohl
A herb or spice	kohlrabi
A herb or spice	kohlrube
A herb or spice	komfrei
A herb or spice	korn
A herb or spice	kornbrand
A herb or spice	kornerhirse
A herb or spice	krampfkraut
A herb or spice	kraut
A herb or spice	kren
A herb or spice	kreuzblutler
A herb or spice	kuchenkraut
A herb or spice	kuhfuss
A herb or spice	kulturerdbeere
A herb or spice	kurkuma
A herb or spice	lake
A herb or spice	laternenblume
A herb or spice	liebstockel
A herb or spice	loki
A herb or spice	lorbeer
A herb or spice	lorbeerblatt
A herb or spice	lowenzahn
A herb or spice	maggikraut
A herb or spice	maissirup
A herb or spice	maiszucker
A herb or spice	majo
A herb or spice	majonase
A herb or spice	marihuana
A herb or spice	marinade
A herb or spice	mayo
A herb or spice	mayonnaise
A herb or spice	meerrettich
A herb or spice	milchsauce
A herb or spice	milchstock
A herb or spice	milchwurz
A herb or spice	miscanthus
A herb or spice	monchsblume
A herb or spice	mostert
A herb or spice	mostrich
A herb or spice	muskat
A herb or spice	muskatnuss
A herb or spice	mutterkraut
A herb or spice	nageleisen
A herb or spice	nelkenpfeffer
A herb or spice	nepenthes
A herb or spice	nusslisalat
A herb or spice	okra
A herb or spice	oregano
A herb or spice	origano
A herb or spice	ott
A herb or spice	pantograf
A herb or spice	pantograph
A herb or spice	paprika
A herb or spice	paprikaschote
A herb or spice	paradeissauce
A herb or spice	paradeissosse
A herb or spice	pastel
A herb or spice	peperoni
A herb or spice	pfahlrohr
A herb or spice	pfeffergurke
A herb or spice	pia
A herb or spice	piment
A herb or spice	puderzucker
A herb or spice	pusteblume
A herb or spice	quendel
A herb or spice	radi
A herb or spice	rapunze
A herb or spice	rapunzel
A herb or spice	rasenpflanze
A herb or spice	rauke
A herb or spice	reet
A herb or spice	remoulade
A herb or spice	rettich
A herb or spice	ried
A herb or spice	riesenschilf
A herb or spice	rohricht
A herb or spice	rotkabis
A herb or spice	rotkohl
A herb or spice	rotkraut
A herb or spice	rubkohl
A herb or spice	rucola
A herb or spice	rukola
A herb or spice	russenkraut
A herb or spice	saflor
A herb or spice	salatdressing
A herb or spice	salatsosse
A herb or spice	saublume
A herb or spice	sauce
A herb or spice	sauerampfer
A herb or spice	sauerlump
A herb or spice	schikoree
A herb or spice	schilf
A herb or spice	schilfbewuchs
A herb or spice	schilfgurtel
A herb or spice	schilfrohr
A herb or spice	schlangenmoos
A herb or spice	schmalwurz
A herb or spice	schmalzbleaml
A herb or spice	schwarzwurz
A herb or spice	selbstheilung
A herb or spice	senf
A herb or spice	sirup
A herb or spice	sonnentau
A herb or spice	sorghum
A herb or spice	sosse
A herb or spice	spargel
A herb or spice	spargelkohl
A herb or spice	spontanheilung
A herb or spice	sprossenkohl
A herb or spice	starkesirup
A herb or spice	staubzucker
A herb or spice	steckrube
A herb or spice	storchschnabel
A herb or spice	streuzucker
A herb or spice	stuckenzucker
A herb or spice	tabak
A herb or spice	thymian
A herb or spice	tobak
A herb or spice	tomatensauce
A herb or spice	tomatensosse
A herb or spice	traubenkohl
A herb or spice	tunke
A herb or spice	veilchen
A herb or spice	vinaigrette
A herb or spice	viola
A herb or spice	vogerlsalat
A herb or spice	wallwurz
A herb or spice	wasabi
A herb or spice	weed
A herb or spice	welschkohl
A herb or spice	welschkraut
A herb or spice	wiesenlattich
A herb or spice	wintergrun
A herb or spice	wirsing
A herb or spice	wirsingkohl
A herb or spice	wirz
A herb or spice	wruke
A herb or spice	wundallheil
A herb or spice	wurfelzucker
A herb or spice	wurze
A herb or spice	wurzessenz
A herb or spice	ziegenfuss
A herb or spice	zucker
A herb or spice	zuckerhirse
A herb or spice	zuckerhut
A herb or spice	zuckersaft
A herb or spice	zuckerstock
A type of fabric	abtrockentuch
A type of fabric	ankara
A type of fabric	bahn
A type of fabric	besan
A type of fabric	besansegel
A type of fabric	bettlaken
A type of fabric	betttuch
A type of fabric	borte
A type of fabric	campinghose
A type of fabric	canvas
A type of fabric	damast
A type of fabric	denim
A type of fabric	doschwo
A type of fabric	dress
A type of fabric	einlage
A type of fabric	elastan
A type of fabric	eltanin
A type of fabric	ente
A type of fabric	etamin
A type of fabric	ettanin
A type of fabric	fell
A type of fabric	feudel
A type of fabric	flechtwerk
A type of fabric	frotte
A type of fabric	frottee
A type of fabric	frotteestoff
A type of fabric	funkenfanger
A type of fabric	funkensieb
A type of fabric	fussball
A type of fabric	fusseinlage
A type of fabric	futter
A type of fabric	geschirrtuch
A type of fabric	gewebe
A type of fabric	gitterwerk
A type of fabric	guipure
A type of fabric	gurt
A type of fabric	haar
A type of fabric	haare
A type of fabric	hakelspitze
A type of fabric	handtuch
A type of fabric	haupthaar
A type of fabric	jean
A type of fabric	jeans
A type of fabric	jeanshose
A type of fabric	jeansstoff
A type of fabric	kautschuk
A type of fabric	kloppelspitze
A type of fabric	kopfbehaarung
A type of fabric	kopfhaar
A type of fabric	laken
A type of fabric	lappen
A type of fabric	latz
A type of fabric	leder
A type of fabric	leinen
A type of fabric	leintuch
A type of fabric	levis
A type of fabric	linnen
A type of fabric	lumpen
A type of fabric	mahne
A type of fabric	marssegel
A type of fabric	matte
A type of fabric	nadelspitze
A type of fabric	nastuch
A type of fabric	naturkautschuk
A type of fabric	neopren
A type of fabric	netting
A type of fabric	nietenhose
A type of fabric	occhi
A type of fabric	pelz
A type of fabric	pille
A type of fabric	plane
A type of fabric	polychloropren
A type of fabric	putzlappen
A type of fabric	putztuch
A type of fabric	riemen
A type of fabric	rotzfahne
A type of fabric	sacktuch
A type of fabric	schneuztuch
A type of fabric	schnuderlumpen
A type of fabric	schnupftuch
A type of fabric	schnurstuck
A type of fabric	schottenkaro
A type of fabric	schuheinlage
A type of fabric	segeltuchschuh
A type of fabric	spandex
A type of fabric	spi
A type of fabric	spinnaker
A type of fabric	spitze
A type of fabric	stoff
A type of fabric	strickspitze
A type of fabric	strumpfe
A type of fabric	strumpfwaren
A type of fabric	tartan
A type of fabric	taschentuch
A type of fabric	tempo
A type of fabric	texashose
A type of fabric	textilie
A type of fabric	toppsegel
A type of fabric	tragband
A type of fabric	tragriemen
A type of fabric	trikot
A type of fabric	tuch
A type of fabric	tullspitze
A type of fabric	verbandwatte
A type of fabric	vlies
A type of fabric	vliesstoff
A type of fabric	voile
A type of fabric	watte
A type of fabric	weissstickerei
A type of fabric	wischlappen
A type of fabric	wischtuch
A type of fabric	wolle
A type of fabric	zierband
A type of fabric	zwickel
A word meaning big	allumfassend
A word meaning big	ausgedehnt
A word meaning big	ausladend
A word meaning big	bedeutend
A word meaning big	bedeutsam
A word meaning big	bombastisch
A word meaning big	derb
A word meaning big	enorm
A word meaning big	entscheidend
A word meaning big	episch
A word meaning big	erheblich
A word meaning big	ernst
A word meaning big	ernstlich
A word meaning big	erweiternd
A word meaning big	erzahlerisch
A word meaning big	exorbitant
A word meaning big	extensiv
A word meaning big	extrem
A word meaning big	fadenscheinig
A word meaning big	flach
A word meaning big	folgenschwer
A word meaning big	fulminant
A word meaning big	gepfeffert
A word meaning big	gewaltig
A word meaning big	gewichtig
A word meaning big	gigantisch
A word meaning big	gravierend
A word meaning big	gross
A word meaning big	grossmachtig
A word meaning big	horrend
A word meaning big	immens
A word meaning big	imposant
A word meaning big	krass
A word meaning big	machtig
A word meaning big	makro
A word meaning big	massgeblich
A word meaning big	massiv
A word meaning big	monstros
A word meaning big	narrativ
A word meaning big	niveaulos
A word meaning big	platt
A word meaning big	pompos
A word meaning big	primitiv
A word meaning big	relevant
A word meaning big	riesig
A word meaning big	schlecht
A word meaning big	schwerwiegend
A word meaning big	seicht
A word meaning big	signifikant
A word meaning big	sperrig
A word meaning big	tiefgreifend
A word meaning big	tonnenformig
A word meaning big	ubergross
A word meaning big	ubermassig
A word meaning big	umfanglich
A word meaning big	umfangreich
A word meaning big	umfassend
A word meaning big	unambitioniert
A word meaning big	unformig
A word meaning big	ungestalt
A word meaning big	unglaublich
A word meaning big	unhandlich
A word meaning big	uppig
A word meaning big	voluminos
A word meaning big	weit
A word meaning big	weithin
A word meaning big	weitlaufig
A word meaning big	weitreichend
A word meaning big	weitschweifig
A word meaning big	wesentlich
A word meaning big	wichtig
A word meaning big	zentral
A word meaning small	bescheiden
A word meaning small	dunn
A word meaning small	einleuchtend
A word meaning small	entbehrlich
A word meaning small	gering
A word meaning small	infinitesimal
A word meaning small	jung
A word meaning small	karg
A word meaning small	kaum
A word meaning small	klein
A word meaning small	kleinwuchsig
A word meaning small	klitzeklein
A word meaning small	knapp
A word meaning small	kurz
A word meaning small	lutt
A word meaning small	marginal
A word meaning small	mickerig
A word meaning small	mickrig
A word meaning small	mikro
A word meaning small	mikroskopisch
A word meaning small	mini
A word meaning small	miniklein
A word meaning small	minim
A word meaning small	minimal
A word meaning small	minutios
A word meaning small	minutlich
A word meaning small	nano
A word meaning small	rar
A word meaning small	schmal
A word meaning small	sparlich
A word meaning small	trivial
A word meaning small	uberflussig
A word meaning small	uberschaubar
A word meaning small	unbedeutend
A word meaning small	unnotig
A word meaning small	unwichtig
A word meaning small	verzichtbar
A word meaning small	wenig
A word meaning small	winzig
A word meaning small	zart
A word meaning small	zierlich
A word meaning small	zwergenhaft
A word meaning angry	abgunstig
A word meaning angry	argerlich
A word meaning angry	aschbleich
A word meaning angry	aschfahl
A word meaning angry	bitterbose
A word meaning angry	blindwutig
A word meaning angry	bose
A word meaning angry	emport
A word meaning angry	entrustet
A word meaning angry	fahl
A word meaning angry	farblos
A word meaning angry	indigniert
A word meaning angry	livid
A word meaning angry	livide
A word meaning angry	martialisch
A word meaning angry	missgunstig
A word meaning angry	mordssauer
A word meaning angry	neiderfullt
A word meaning angry	neidhaft
A word meaning angry	neidig
A word meaning angry	neidisch
A word meaning angry	neidvoll
A word meaning angry	rasend
A word meaning angry	sauer
A word meaning angry	scheel
A word meaning angry	scheelsuchtig
A word meaning angry	schiefmaulig
A word meaning angry	stinksauer
A word meaning angry	stinkwutend
A word meaning angry	stocksauer
A word meaning angry	tobsuchtig
A word meaning angry	unausgeglichen
A word meaning angry	unausgewogen
A word meaning angry	unbunt
A word meaning angry	unfarbig
A word meaning angry	unproportional
A word meaning angry	verargert
A word meaning angry	wild
A word meaning angry	wutend
A word meaning angry	wutentbrannt
A word meaning angry	wutschnaubend
A word meaning angry	zornig
A word meaning cold	alt
A word meaning cold	arktisch
A word meaning cold	arschkalt
A word meaning cold	bejahrt
A word meaning cold	betagt
A word meaning cold	bitterkalt
A word meaning cold	distanziert
A word meaning cold	eisekalt
A word meaning cold	eisig
A word meaning cold	eiskalt
A word meaning cold	frisch
A word meaning cold	frostig
A word meaning cold	frostklirrend
A word meaning cold	kalt
A word meaning cold	kuhl
A word meaning cold	saukalt
A word meaning cold	schweinekalt
A word meaning cold	unfreundlich
A word meaning cold	unterkuhlt
A word meaning cold	winterlich
A word meaning cold	zapfig
