Something you find in a kitchen	abaca
Something you find in a kitchen	abadejo
Something you find in a kitchen	abreboca
Something you find in a kitchen	absenta
Something you find in a kitchen	absintio
Something you find in a kitchen	acanto
Something you find in a kitchen	acantonamiento
Something you find in a kitchen	aceda
Something you find in a kitchen	acedera
Something you find in a kitchen	acedia
Something you find in a kitchen	aceite
Something you find in a kitchen	aceitera
Something you find in a kitchen	aceitero
Something you find in a kitchen	aceituna
Something you find in a kitchen	aceitunas
Something you find in a kitchen	acelga
Something you find in a kitchen	acemite
Something you find in a kitchen	acerola
Something you find in a kitchen	achicoria
Something you find in a kitchen	achillea
Something you find in a kitchen	achira
Something you find in a kitchen	acimboga
Something you find in a kitchen	acompanamiento
Something you find in a kitchen	adaza
Something you find in a kitchen	aderezo
Something you find in a kitchen	adobo
Something you find in a kitchen	adormidera
Something you find in a kitchen	afrecho
Something you find in a kitchen	agrazon
Something you find in a kitchen	agregado
Something you find in a kitchen	agrilla
Something you find in a kitchen	agrimonia
Something you find in a kitchen	agropiro
Something you find in a kitchen	agrostis
Something you find in a kitchen	agua
Something you find in a kitchen	aguacate
Something you find in a kitchen	aguamanil
Something you find in a kitchen	aguamiel
Something you find in a kitchen	aguardiente
Something you find in a kitchen	aguaturma
Something you find in a kitchen	aguaymanto
Something you find in a kitchen	aislante
Something you find in a kitchen	ajedrea
Something you find in a kitchen	ajenjo
Something you find in a kitchen	aji
Something you find in a kitchen	ajiaceite
Something you find in a kitchen	ajo
Something you find in a kitchen	ajonjoli
Something you find in a kitchen	akvavit
Something you find in a kitchen	alacena
Something you find in a kitchen	alazor
Something you find in a kitchen	albacora
Something you find in a kitchen	albahaca
Something you find in a kitchen	albaricoque
Something you find in a kitchen	albaricoquero
Something you find in a kitchen	albondiga
Something you find in a kitchen	albumen
Something you find in a kitchen	albumina
Something you find in a kitchen	alcachofa
Something you find in a kitchen	alcacil
Something you find in a kitchen	alcahueta
Something you find in a kitchen	alcaparras
Something you find in a kitchen	alcaravea
Something you find in a kitchen	alcaucil
Something you find in a kitchen	alcazuz
Something you find in a kitchen	alcohol
Something you find in a kitchen	ale
Something you find in a kitchen	alecost
Something you find in a kitchen	alegria
Something you find in a kitchen	alemana
Something you find in a kitchen	alemanda
Something you find in a kitchen	alfalfa
Something you find in a kitchen	alfilaria
Something you find in a kitchen	alfileria
Something you find in a kitchen	alfoncigo
Something you find in a kitchen	alforfon
Something you find in a kitchen	algarroba
Something you find in a kitchen	algodoncillo
Something you find in a kitchen	alholva
Something you find in a kitchen	alimento
Something you find in a kitchen	alimentos
Something you find in a kitchen	alino
Something you find in a kitchen	alioli
Something you find in a kitchen	alita
Something you find in a kitchen	aljofaina
Something you find in a kitchen	allemande
Something you find in a kitchen	almeja
Something you find in a kitchen	almendra
Something you find in a kitchen	almendrado
Something you find in a kitchen	almendro
Something you find in a kitchen	almez
Something you find in a kitchen	almeza
Something you find in a kitchen	almibar
Something you find in a kitchen	almidones
Something you find in a kitchen	alocasia
Something you find in a kitchen	alpiste
Something you find in a kitchen	alquequenje
Something you find in a kitchen	altar
Something you find in a kitchen	alubia
Something you find in a kitchen	alverja
Something you find in a kitchen	alverjana
Something you find in a kitchen	amapola
Something you find in a kitchen	amaranthus
Something you find in a kitchen	amaranto
Something you find in a kitchen	amaretto
Something you find in a kitchen	amargon
Something you find in a kitchen	amasijo
Something you find in a kitchen	amorphophallus
Something you find in a kitchen	ampolla
Something you find in a kitchen	ampolleta
Something you find in a kitchen	anacardo
Something you find in a kitchen	anal
Something you find in a kitchen	anana
Something you find in a kitchen	ananas
Something you find in a kitchen	anaquel
Something you find in a kitchen	anaranjada
Something you find in a kitchen	anchoa
Something you find in a kitchen	anchusa
Something you find in a kitchen	andryala
Something you find in a kitchen	anfora
Something you find in a kitchen	angarilla
Something you find in a kitchen	angelica
Something you find in a kitchen	angelique
Something you find in a kitchen	anguila
Something you find in a kitchen	angula
Something you find in a kitchen	anillo
Something you find in a kitchen	anis
Something you find in a kitchen	anisete
Something you find in a kitchen	antipasto
Something you find in a kitchen	aperitivo
Something you find in a kitchen	apio
Something you find in a kitchen	aquavit
Something you find in a kitchen	aquilea
Something you find in a kitchen	arac
Something you find in a kitchen	arak
Something you find in a kitchen	arandano
Something you find in a kitchen	arcangel
Something you find in a kitchen	arenque
Something you find in a kitchen	argemone
Something you find in a kitchen	armario
Something you find in a kitchen	arnica
Something you find in a kitchen	aro
Something you find in a kitchen	arquimesa
Something you find in a kitchen	arrope
Something you find in a kitchen	arroz
Something you find in a kitchen	arrurruz
Something you find in a kitchen	arum
Something you find in a kitchen	arveja
Something you find in a kitchen	arvejana
Something you find in a kitchen	arvejona
Something you find in a kitchen	asador
Something you find in a kitchen	asadura
Something you find in a kitchen	asaduras
Something you find in a kitchen	asafetida
Something you find in a kitchen	asarabacca
Something you find in a kitchen	asclepiadacea
Something you find in a kitchen	asimina
Something you find in a kitchen	aspartame
Something you find in a kitchen	aspartamo
Something you find in a kitchen	asperilla
Something you find in a kitchen	aspidistra
Something you find in a kitchen	ast
Something you find in a kitchen	astilbe
Something you find in a kitchen	astrancia
Something you find in a kitchen	astrantia
Something you find in a kitchen	ate
Something you find in a kitchen	atril
Something you find in a kitchen	atun
Something you find in a kitchen	avalancha
Something you find in a kitchen	avellana
Something you find in a kitchen	avena
Something you find in a kitchen	avenate
Something you find in a kitchen	aves
Something you find in a kitchen	ayapana
Something you find in a kitchen	ayote
Something you find in a kitchen	azafate
Something you find in a kitchen	azafran
Something you find in a kitchen	azucar
Something you find in a kitchen	azucarera
Something you find in a kitchen	azucarero
Something you find in a kitchen	azufaifa
Something you find in a kitchen	azufaifo
Something you find in a kitchen	azulejo
Something you find in a kitchen	baba
Something you find in a kitchen	babka
Something you find in a kitchen	bacalao
Something you find in a kitchen	baclava
Something you find in a kitchen	bacon
Something you find in a kitchen	bagel
Something you find in a kitchen	bagre
Something you find in a kitchen	baguete
Something you find in a kitchen	baguette
Something you find in a kitchen	bahia
Something you find in a kitchen	baklava
Something you find in a kitchen	baklawa
Something you find in a kitchen	balda
Something you find in a kitchen	balde
Something you find in a kitchen	ballico
Something you find in a kitchen	bambu
Something you find in a kitchen	banana
Something you find in a kitchen	bananero
Something you find in a kitchen	banano
Something you find in a kitchen	bandeja
Something you find in a kitchen	banqueta
Something you find in a kitchen	bap
Something you find in a kitchen	bar
Something you find in a kitchen	barbacoa
Something you find in a kitchen	barbaridad
Something you find in a kitchen	barbo
Something you find in a kitchen	barbon
Something you find in a kitchen	barquillo
Something you find in a kitchen	barra
Something you find in a kitchen	barreduras
Something you find in a kitchen	barrenwort
Something you find in a kitchen	basura
Something you find in a kitchen	batea
Something you find in a kitchen	batido
Something you find in a kitchen	batidor
Something you find in a kitchen	batidora
Something you find in a kitchen	baya
Something you find in a kitchen	bearnaise
Something you find in a kitchen	bebedizo
Something you find in a kitchen	beber
Something you find in a kitchen	bebida
Something you find in a kitchen	bebidas
Something you find in a kitchen	bechamel
Something you find in a kitchen	bedstraw
Something you find in a kitchen	beicon
Something you find in a kitchen	beigel
Something you find in a kitchen	beignet
Something you find in a kitchen	bejuco
Something you find in a kitchen	beleno
Something you find in a kitchen	belladona
Something you find in a kitchen	bellorita
Something you find in a kitchen	beneficio
Something you find in a kitchen	bentgrass
Something you find in a kitchen	berberecho
Something you find in a kitchen	bercy
Something you find in a kitchen	berdel
Something you find in a kitchen	berenjena
Something you find in a kitchen	bergenia
Something you find in a kitchen	berlina
Something you find in a kitchen	berro
Something you find in a kitchen	berza
Something you find in a kitchen	besamel
Something you find in a kitchen	besamela
Something you find in a kitchen	bestialidad
Something you find in a kitchen	besugo
Something you find in a kitchen	betabel
Something you find in a kitchen	betarraga
Something you find in a kitchen	beterraga
Something you find in a kitchen	bialy
Something you find in a kitchen	bien
Something you find in a kitchen	bife
Something you find in a kitchen	biftec
Something you find in a kitchen	bigaro
Something you find in a kitchen	billar
Something you find in a kitchen	biltong
Something you find in a kitchen	birra
Something you find in a kitchen	biscote
Something you find in a kitchen	biste
Something you find in a kitchen	bistec
Something you find in a kitchen	biter
Something you find in a kitchen	bizcocho
Something you find in a kitchen	bleda
Something you find in a kitchen	blini
Something you find in a kitchen	blintz
Something you find in a kitchen	blintze
Something you find in a kitchen	bliny
Something you find in a kitchen	bluestem
Something you find in a kitchen	bocadillo
Something you find in a kitchen	bocata
Something you find in a kitchen	bock
Something you find in a kitchen	bodega
Something you find in a kitchen	boeuf
Something you find in a kitchen	bofetada
Something you find in a kitchen	bogavante
Something you find in a kitchen	bol
Something you find in a kitchen	bollo
Something you find in a kitchen	bombon
Something you find in a kitchen	bombona
Something you find in a kitchen	bonito
Something you find in a kitchen	boqueron
Something you find in a kitchen	bordelaise
Something you find in a kitchen	borecole
Something you find in a kitchen	borona
Something you find in a kitchen	borraja
Something you find in a kitchen	borrego
Something you find in a kitchen	borscht
Something you find in a kitchen	bota
Something you find in a kitchen	bote
Something you find in a kitchen	botella
Something you find in a kitchen	bouillabaisse
Something you find in a kitchen	bourbon
Something you find in a kitchen	brandi
Something you find in a kitchen	brandy
Something you find in a kitchen	bratwurst
Something you find in a kitchen	breakstone
Something you find in a kitchen	brebaje
Something you find in a kitchen	brecol
Something you find in a kitchen	brema
Something you find in a kitchen	breva
Something you find in a kitchen	brevaje
Something you find in a kitchen	bridecake
Something you find in a kitchen	brindis
Something you find in a kitchen	brioche
Something you find in a kitchen	broccoli
Something you find in a kitchen	brocoli
Something you find in a kitchen	broculi
Something you find in a kitchen	broiler
Something you find in a kitchen	bromo
Something you find in a kitchen	broqueta
Something you find in a kitchen	brote
Something you find in a kitchen	brownie
Something you find in a kitchen	buccino
Something you find in a kitchen	budin
Something you find in a kitchen	buey
Something you find in a kitchen	bufalo
Something you find in a kitchen	bufe
Something you find in a kitchen	bufete
Something you find in a kitchen	bulghur
Something you find in a kitchen	bulgur
Something you find in a kitchen	bullabesa
Something you find in a kitchen	bun
Something you find in a kitchen	bunuelo
Something you find in a kitchen	burger
Something you find in a kitchen	buro
Something you find in a kitchen	burrada
Something you find in a kitchen	burrito
Something you find in a kitchen	caballa
Something you find in a kitchen	caballo
Something you find in a kitchen	cacahuate
Something you find in a kitchen	cacahuete
Something you find in a kitchen	cacahuey
Something you find in a kitchen	cacao
Something you find in a kitchen	cacerola
Something you find in a kitchen	cadera
Something you find in a kitchen	cafe
Something you find in a kitchen	cafetera
Something you find in a kitchen	cafeteria
Something you find in a kitchen	cafeto
Something you find in a kitchen	caja
Something you find in a kitchen	cajon
Something you find in a kitchen	cajuil
Something you find in a kitchen	cake
Something you find in a kitchen	calabacera
Something you find in a kitchen	calabacin
Something you find in a kitchen	calabacino
Something you find in a kitchen	calabacita
Something you find in a kitchen	calabaza
Something you find in a kitchen	caladium
Something you find in a kitchen	calamar
Something you find in a kitchen	calamares
Something you find in a kitchen	calamint
Something you find in a kitchen	caldera
Something you find in a kitchen	caldero
Something you find in a kitchen	caldo
Something you find in a kitchen	calientaplatos
Something you find in a kitchen	caliz
Something you find in a kitchen	calliopsis
Something you find in a kitchen	callos
Something you find in a kitchen	camaron
Something you find in a kitchen	cambaro
Something you find in a kitchen	cambur
Something you find in a kitchen	camomila
Something you find in a kitchen	campanilla
Something you find in a kitchen	campanula
Something you find in a kitchen	cana
Something you find in a kitchen	canacoro
Something you find in a kitchen	canape
Something you find in a kitchen	canavera
Something you find in a kitchen	candelaria
Something you find in a kitchen	canela
Something you find in a kitchen	canelones
Something you find in a kitchen	cangrejo
Something you find in a kitchen	canijo
Something you find in a kitchen	canonigo
Something you find in a kitchen	cantalupa
Something you find in a kitchen	cantalupo
Something you find in a kitchen	cantaro
Something you find in a kitchen	cantidad
Something you find in a kitchen	cantimplora
Something you find in a kitchen	cantina
Something you find in a kitchen	capon
Something you find in a kitchen	cappuccino
Something you find in a kitchen	capuchina
Something you find in a kitchen	capuchino
Something you find in a kitchen	caqui
Something you find in a kitchen	caracol
Something you find in a kitchen	carambola
Something you find in a kitchen	caramelo
Something you find in a kitchen	carbonara
Something you find in a kitchen	carda
Something you find in a kitchen	cardamomo
Something you find in a kitchen	cardamum
Something you find in a kitchen	cardencha
Something you find in a kitchen	cardo
Something you find in a kitchen	carlota
Something you find in a kitchen	carlotina
Something you find in a kitchen	carne
Something you find in a kitchen	carnero
Something you find in a kitchen	carpa
Something you find in a kitchen	carrizo
Something you find in a kitchen	casaba
Something you find in a kitchen	casabe
Something you find in a kitchen	casava
Something you find in a kitchen	casca
Something you find in a kitchen	cassareep
Something you find in a kitchen	castana
Something you find in a kitchen	catchup
Something you find in a kitchen	catmint
Something you find in a kitchen	catnip
Something you find in a kitchen	catsup
Something you find in a kitchen	caujil
Something you find in a kitchen	caupi
Something you find in a kitchen	cava
Something you find in a kitchen	caviar
Something you find in a kitchen	cayena
Something you find in a kitchen	cazo
Something you find in a kitchen	cazuela
Something you find in a kitchen	cebada
Something you find in a kitchen	cebolla
Something you find in a kitchen	cebolleta
Something you find in a kitchen	cebollin
Something you find in a kitchen	cebollino
Something you find in a kitchen	cedazo
Something you find in a kitchen	celidonia
Something you find in a kitchen	cenizo
Something you find in a kitchen	centeno
Something you find in a kitchen	centinodia
Something you find in a kitchen	cerafolio
Something you find in a kitchen	cerdo
Something you find in a kitchen	cereal
Something you find in a kitchen	cereales
Something you find in a kitchen	cerefolio
Something you find in a kitchen	cereza
Something you find in a kitchen	cerveza
Something you find in a kitchen	cesped
Something you find in a kitchen	chaenactis
Something you find in a kitchen	chalota
Something you find in a kitchen	chalote
Something you find in a kitchen	champagne
Something you find in a kitchen	champan
Something you find in a kitchen	champana
Something you find in a kitchen	chanquete
Something you find in a kitchen	chapati
Something you find in a kitchen	charola
Something you find in a kitchen	chatarra
Something you find in a kitchen	cheddar
Something you find in a kitchen	cheeseburger
Something you find in a kitchen	chicha
Something you find in a kitchen	chicle
Something you find in a kitchen	chicoria
Something you find in a kitchen	chile
Something you find in a kitchen	chimbombo
Something you find in a kitchen	chimichurri
Something you find in a kitchen	china
Something you find in a kitchen	chincapin
Something you find in a kitchen	chinkapin
Something you find in a kitchen	chip
Something you find in a kitchen	chirimoya
Something you find in a kitchen	chirivia
Something you find in a kitchen	chitlins
Something you find in a kitchen	chocolate
Something you find in a kitchen	chocolatin
Something you find in a kitchen	chocolatina
Something you find in a kitchen	chorizo
Something you find in a kitchen	chowder
Something you find in a kitchen	chucru
Something you find in a kitchen	chucrut
Something you find in a kitchen	chucruta
Something you find in a kitchen	chuleta
Something you find in a kitchen	chupachups
Something you find in a kitchen	chupachus
Something you find in a kitchen	chupeta
Something you find in a kitchen	chupete
Something you find in a kitchen	chupetin
Something you find in a kitchen	churro
Something you find in a kitchen	chutney
Something you find in a kitchen	cidra
Something you find in a kitchen	cigala
Something you find in a kitchen	cilantro
Something you find in a kitchen	ciruela
Something you find in a kitchen	ciruelo
Something you find in a kitchen	cisca
Something you find in a kitchen	citrico
Something you find in a kitchen	citrina
Something you find in a kitchen	citron
Something you find in a kitchen	citronela
Something you find in a kitchen	citrus
Something you find in a kitchen	cive
Something you find in a kitchen	cizana
Something you find in a kitchen	clara
Something you find in a kitchen	clarete
Something you find in a kitchen	clavelina
Something you find in a kitchen	clavo
Something you find in a kitchen	clementino
Something you find in a kitchen	cleome
Something you find in a kitchen	clivers
Something you find in a kitchen	closet
Something you find in a kitchen	clupea
Something you find in a kitchen	cobista
Something you find in a kitchen	coca
Something you find in a kitchen	cocido
Something you find in a kitchen	cocina
Something you find in a kitchen	cocinilla
Something you find in a kitchen	cocktail
Something you find in a kitchen	coco
Something you find in a kitchen	coctel
Something you find in a kitchen	codorniz
Something you find in a kitchen	coke
Something you find in a kitchen	col
Something you find in a kitchen	cola
Something you find in a kitchen	colador
Something you find in a kitchen	colbert
Something you find in a kitchen	coleslaw
Something you find in a kitchen	coleus
Something you find in a kitchen	coliflor
Something you find in a kitchen	colinabo
Something you find in a kitchen	colirrabano
Something you find in a kitchen	colleja
Something you find in a kitchen	colombina
Something you find in a kitchen	colorante
Something you find in a kitchen	colza
Something you find in a kitchen	combinado
Something you find in a kitchen	comedor
Something you find in a kitchen	comida
Something you find in a kitchen	comino
Something you find in a kitchen	comite
Something you find in a kitchen	compartimento
Something you find in a kitchen	compota
Something you find in a kitchen	conac
Something you find in a kitchen	concentrado
Something you find in a kitchen	condimento
Something you find in a kitchen	conejo
Something you find in a kitchen	confeccion
Something you find in a kitchen	confit
Something you find in a kitchen	confitura
Something you find in a kitchen	congelador
Something you find in a kitchen	congou
Something you find in a kitchen	consejo
Something you find in a kitchen	conserva
Something you find in a kitchen	conservas
Something you find in a kitchen	consola
Something you find in a kitchen	consome
Something you find in a kitchen	consuelda
Something you find in a kitchen	copa
Something you find in a kitchen	copetin
Something you find in a kitchen	copra
Something you find in a kitchen	coque
Something you find in a kitchen	coqueta
Something you find in a kitchen	coqueto
Something you find in a kitchen	coracan
Something you find in a kitchen	corakan
Something you find in a kitchen	coral
Something you find in a kitchen	coralwort
Something you find in a kitchen	corazon
Something you find in a kitchen	cordero
Something you find in a kitchen	cordial
Something you find in a kitchen	coreopsis
Something you find in a kitchen	coriandro
Something you find in a kitchen	cornbread
Something you find in a kitchen	cornete
Something you find in a kitchen	cortador
Something you find in a kitchen	corte
Something you find in a kitchen	corva
Something you find in a kitchen	cosecha
Something you find in a kitchen	costilla
Something you find in a kitchen	costillar
Something you find in a kitchen	coulis
Something you find in a kitchen	couscous
Something you find in a kitchen	crabgrass
Something you find in a kitchen	crema
Something you find in a kitchen	crep
Something you find in a kitchen	crepe
Something you find in a kitchen	crespon
Something you find in a kitchen	crewet
Something you find in a kitchen	cristal
Something you find in a kitchen	cristaleria
Something you find in a kitchen	croissant
Something you find in a kitchen	croqueta
Something you find in a kitchen	crotalaria
Something you find in a kitchen	crouton
Something you find in a kitchen	cruasan
Something you find in a kitchen	crucifera
Something you find in a kitchen	crudite
Something you find in a kitchen	crudites
Something you find in a kitchen	crumpet
Something you find in a kitchen	cuajada
Something you find in a kitchen	cuajaleche
Something you find in a kitchen	cuartos
Something you find in a kitchen	cuberteria
Something you find in a kitchen	cubiculo
Something you find in a kitchen	cubierto
Something you find in a kitchen	cubiertos
Something you find in a kitchen	cubitera
Something you find in a kitchen	cubo
Something you find in a kitchen	cucas
Something you find in a kitchen	cuchara
Something you find in a kitchen	cucharada
Something you find in a kitchen	cucharilla
Something you find in a kitchen	cucharon
Something you find in a kitchen	cuchilleria
Something you find in a kitchen	cuchillo
Something you find in a kitchen	cucurucho
Something you find in a kitchen	cuello
Something you find in a kitchen	cuenco
Something you find in a kitchen	cuerno
Something you find in a kitchen	culantro
Something you find in a kitchen	cumel
Something you find in a kitchen	cumfrey
Something you find in a kitchen	cumquat
Something you find in a kitchen	cumulo
Something you find in a kitchen	cupcake
Something you find in a kitchen	cura
Something you find in a kitchen	curacao
Something you find in a kitchen	curcuma
Something you find in a kitchen	curry
Something you find in a kitchen	curtida
Something you find in a kitchen	cuscurro
Something you find in a kitchen	cuscus
Something you find in a kitchen	daikiri
Something you find in a kitchen	daikon
Something you find in a kitchen	daiquiri
Something you find in a kitchen	dallisgrass
Something you find in a kitchen	dalo
Something you find in a kitchen	damajuana
Something you find in a kitchen	damasco
Something you find in a kitchen	danes
Something you find in a kitchen	datil
Something you find in a kitchen	decantador
Something you find in a kitchen	dedalera
Something you find in a kitchen	delantal
Something you find in a kitchen	delicatessen
Something you find in a kitchen	demiglace
Something you find in a kitchen	demiglase
Something you find in a kitchen	descafeinado
Something you find in a kitchen	descorchador
Something you find in a kitchen	despensa
Something you find in a kitchen	destornillador
Something you find in a kitchen	dextrosa
Something you find in a kitchen	digital
Something you find in a kitchen	digitalis
Something you find in a kitchen	dinero
Something you find in a kitchen	divinidad
Something you find in a kitchen	dolmas
Something you find in a kitchen	dona
Something you find in a kitchen	donut
Something you find in a kitchen	dormidera
Something you find in a kitchen	doura
Something you find in a kitchen	dourah
Something you find in a kitchen	draba
Something you find in a kitchen	dracontium
Something you find in a kitchen	drupa
Something you find in a kitchen	drupelet
Something you find in a kitchen	duende
Something you find in a kitchen	duff
Something you find in a kitchen	dulce
Something you find in a kitchen	dumpling
Something you find in a kitchen	duraznero
Something you find in a kitchen	durazno
Something you find in a kitchen	durian
Something you find in a kitchen	durio
Something you find in a kitchen	durion
Something you find in a kitchen	durra
Something you find in a kitchen	eclair
Something you find in a kitchen	economato
Something you find in a kitchen	edulcorante
Something you find in a kitchen	eglefino
Something you find in a kitchen	elixir
Something you find in a kitchen	embudo
Something you find in a kitchen	embutido
Something you find in a kitchen	empanada
Something you find in a kitchen	empanadilla
Something you find in a kitchen	emparedado
Something you find in a kitchen	emperador
Something you find in a kitchen	enano
Something you find in a kitchen	enchilada
Something you find in a kitchen	encurtido
Something you find in a kitchen	endibia
Something you find in a kitchen	endivia
Something you find in a kitchen	endulzante
Something you find in a kitchen	eneldo
Something you find in a kitchen	enomiel
Something you find in a kitchen	enormidad
Something you find in a kitchen	ensalada
Something you find in a kitchen	ensaladera
Something you find in a kitchen	entranas
Something you find in a kitchen	entrante
Something you find in a kitchen	entremets
Something you find in a kitchen	epazote
Something you find in a kitchen	eperlano
Something you find in a kitchen	escabeche
Something you find in a kitchen	escala
Something you find in a kitchen	escalfador
Something you find in a kitchen	escalonia
Something you find in a kitchen	escalope
Something you find in a kitchen	escanda
Something you find in a kitchen	escargot
Something you find in a kitchen	escarola
Something you find in a kitchen	escobilla
Something you find in a kitchen	escombro
Something you find in a kitchen	escorzonera
Something you find in a kitchen	escribania
Something you find in a kitchen	escritorio
Something you find in a kitchen	escudilla
Something you find in a kitchen	escurridor
Something you find in a kitchen	espadin
Something you find in a kitchen	espagueti
Something you find in a kitchen	espaguetis
Something you find in a kitchen	espalda
Something you find in a kitchen	espaldilla
Something you find in a kitchen	esparcet
Something you find in a kitchen	esparceta
Something you find in a kitchen	esparrago
Something you find in a kitchen	espatula
Something you find in a kitchen	especia
Something you find in a kitchen	especial
Something you find in a kitchen	espelta
Something you find in a kitchen	esperiano
Something you find in a kitchen	espinaca
Something you find in a kitchen	espirea
Something you find in a kitchen	espliego
Something you find in a kitchen	esponja
Something you find in a kitchen	espresso
Something you find in a kitchen	espuma
Something you find in a kitchen	estante
Something you find in a kitchen	estanteria
Something you find in a kitchen	estofado
Something you find in a kitchen	estragon
Something you find in a kitchen	estriptista
Something you find in a kitchen	estruendo
Something you find in a kitchen	estufa
Something you find in a kitchen	euro
Something you find in a kitchen	exprimelimones
Something you find in a kitchen	exprimidera
Something you find in a kitchen	exprimidor
Something you find in a kitchen	exprimidora
Something you find in a kitchen	exquisitez
Something you find in a kitchen	faba
Something you find in a kitchen	facistol
Something you find in a kitchen	faisan
Something you find in a kitchen	fajo
Something you find in a kitchen	falafel
Something you find in a kitchen	falda
Something you find in a kitchen	farfara
Something you find in a kitchen	farolillo
Something you find in a kitchen	farro
Something you find in a kitchen	farsa
Something you find in a kitchen	fastnacht
Something you find in a kitchen	fatback
Something you find in a kitchen	fay
Something you find in a kitchen	fecha
Something you find in a kitchen	federita
Something you find in a kitchen	feijoa
Something you find in a kitchen	fenogreco
Something you find in a kitchen	feterita
Something you find in a kitchen	fettuccine
Something you find in a kitchen	fettuccini
Something you find in a kitchen	fibra
Something you find in a kitchen	fideo
Something you find in a kitchen	fideos
Something you find in a kitchen	figura
Something you find in a kitchen	filete
Something you find in a kitchen	filoa
Something you find in a kitchen	filtro
Something you find in a kitchen	finocchio
Something you find in a kitchen	flan
Something you find in a kitchen	flavorer
Something you find in a kitchen	flavourer
Something you find in a kitchen	fleawort
Something you find in a kitchen	florero
Something you find in a kitchen	flox
Something you find in a kitchen	folio
Something you find in a kitchen	fondant
Something you find in a kitchen	fondue
Something you find in a kitchen	forraje
Something you find in a kitchen	fortunella
Something you find in a kitchen	fragaria
Something you find in a kitchen	frambuesa
Something you find in a kitchen	frambueso
Something you find in a kitchen	francesilla
Something you find in a kitchen	frangipane
Something you find in a kitchen	frankfurt
Something you find in a kitchen	frasco
Something you find in a kitchen	frasquito
Something you find in a kitchen	fraxinella
Something you find in a kitchen	fregadero
Something you find in a kitchen	freidora
Something you find in a kitchen	frejol
Something you find in a kitchen	fresa
Something you find in a kitchen	freson
Something you find in a kitchen	fricando
Something you find in a kitchen	fricase
Something you find in a kitchen	frigorifico
Something you find in a kitchen	frijol
Something you find in a kitchen	frumenty
Something you find in a kitchen	fruta
Something you find in a kitchen	frutilla
Something you find in a kitchen	fruto
Something you find in a kitchen	fuente
Something you find in a kitchen	fugu
Something you find in a kitchen	fulana
Something you find in a kitchen	gacha
Something you find in a kitchen	gachas
Something you find in a kitchen	galangal
Something you find in a kitchen	galantina
Something you find in a kitchen	galax
Something you find in a kitchen	galleta
Something you find in a kitchen	gallina
Something you find in a kitchen	gallinejas
Something you find in a kitchen	galloanserae
Something you find in a kitchen	gamba
Something you find in a kitchen	gancho
Something you find in a kitchen	ganso
Something you find in a kitchen	garbanzo
Something you find in a kitchen	garget
Something you find in a kitchen	garrafa
Something you find in a kitchen	garrafon
Something you find in a kitchen	garranchuelo
Something you find in a kitchen	garroba
Something you find in a kitchen	garrofa
Something you find in a kitchen	garrubia
Something you find in a kitchen	gaseosa
Something you find in a kitchen	gaveta
Something you find in a kitchen	gazpacho
Something you find in a kitchen	gelatina
Something you find in a kitchen	genlisea
Something you find in a kitchen	genoise
Something you find in a kitchen	geranio
Something you find in a kitchen	geranium
Something you find in a kitchen	ghi
Something you find in a kitchen	gigot
Something you find in a kitchen	gimlet
Something you find in a kitchen	gin
Something you find in a kitchen	ginebra
Something you find in a kitchen	ginjol
Something you find in a kitchen	ginseng
Something you find in a kitchen	glog
Something you find in a kitchen	gnocchi
Something you find in a kitchen	gofre
Something you find in a kitchen	gofrera
Something you find in a kitchen	golfa
Something you find in a kitchen	golosina
Something you find in a kitchen	golpecito
Something you find in a kitchen	gomas
Something you find in a kitchen	gominola
Something you find in a kitchen	gominolas
Something you find in a kitchen	gordolobo
Something you find in a kitchen	gragea
Something you find in a kitchen	grama
Something you find in a kitchen	graminea
Something you find in a kitchen	gramineas
Something you find in a kitchen	granada
Something you find in a kitchen	granadilla
Something you find in a kitchen	granadina
Something you find in a kitchen	granado
Something you find in a kitchen	granizado
Something you find in a kitchen	grano
Something you find in a kitchen	granola
Something you find in a kitchen	grappa
Something you find in a kitchen	gravy
Something you find in a kitchen	grifo
Something you find in a kitchen	grill
Something you find in a kitchen	grog
Something you find in a kitchen	gromwell
Something you find in a kitchen	grosella
Something you find in a kitchen	guacamole
Something you find in a kitchen	gualda
Something you find in a kitchen	guanabana
Something you find in a kitchen	guanabano
Something you find in a kitchen	guanajo
Something you find in a kitchen	guar
Something you find in a kitchen	guarnicion
Something you find in a kitchen	guayaba
Something you find in a kitchen	guinda
Something you find in a kitchen	guindilla
Something you find in a kitchen	guingambo
Something you find in a kitchen	guisado
Something you find in a kitchen	guisante
Something you find in a kitchen	guiso
Something you find in a kitchen	guisqui
Something you find in a kitchen	guita
Something you find in a kitchen	gulasch
Something you find in a kitchen	gulash
Something you find in a kitchen	gumbo
Something you find in a kitchen	guru
Something you find in a kitchen	haba
Something you find in a kitchen	habichuela
Something you find in a kitchen	hada
Something you find in a kitchen	haggis
Something you find in a kitchen	halibut
Something you find in a kitchen	halicacabo
Something you find in a kitchen	hallah
Something you find in a kitchen	halogeton
Something you find in a kitchen	hamburguesa
Something you find in a kitchen	hardtack
Something you find in a kitchen	harina
Something you find in a kitchen	haslet
Something you find in a kitchen	hataca
Something you find in a kitchen	hayuco
Something you find in a kitchen	heladera
Something you find in a kitchen	helado
Something you find in a kitchen	helenio
Something you find in a kitchen	henbit
Something you find in a kitchen	hepatica
Something you find in a kitchen	heracleum
Something you find in a kitchen	herbacea
Something you find in a kitchen	herbaje
Something you find in a kitchen	hervidor
Something you find in a kitchen	hidromiel
Something you find in a kitchen	hielera
Something you find in a kitchen	hieracium
Something you find in a kitchen	hierba
Something you find in a kitchen	hierbabuena
Something you find in a kitchen	hierbas
Something you find in a kitchen	higado
Something you find in a kitchen	higo
Something you find in a kitchen	hinojo
Something you find in a kitchen	hipogloso
Something you find in a kitchen	hisopo
Something you find in a kitchen	hoagie
Something you find in a kitchen	hojuela
Something you find in a kitchen	hongo
Something you find in a kitchen	hornillo
Something you find in a kitchen	horno
Something you find in a kitchen	hortaliza
Something you find in a kitchen	hostia
Something you find in a kitchen	hotdog
Something you find in a kitchen	hueva
Something you find in a kitchen	huevera
Something you find in a kitchen	huevo
Something you find in a kitchen	huito
Something you find in a kitchen	hummus
Something you find in a kitchen	humus
Something you find in a kitchen	hyson
Something you find in a kitchen	hyssopus
Something you find in a kitchen	hystrix
Something you find in a kitchen	infernillo
Something you find in a kitchen	infusion
Something you find in a kitchen	ingrediente
Something you find in a kitchen	inquietud
Something you find in a kitchen	interes
Something you find in a kitchen	intranquilidad
Something you find in a kitchen	inula
Something you find in a kitchen	italiano
Something you find in a kitchen	jabon
Something you find in a kitchen	jagua
Something you find in a kitchen	jaiba
Something you find in a kitchen	jak
Something you find in a kitchen	jala
Something you find in a kitchen	jalapeno
Something you find in a kitchen	jalea
Something you find in a kitchen	jambalaya
Something you find in a kitchen	jambon
Something you find in a kitchen	jamon
Something you find in a kitchen	jarabe
Something you find in a kitchen	jaramago
Something you find in a kitchen	jarope
Something you find in a kitchen	jarra
Something you find in a kitchen	jarrete
Something you find in a kitchen	jarro
Something you find in a kitchen	jarron
Something you find in a kitchen	java
Something you find in a kitchen	jedrea
Something you find in a kitchen	jengibre
Something you find in a kitchen	jerez
Something you find in a kitchen	jicara
Something you find in a kitchen	jofaina
Something you find in a kitchen	joyo
Something you find in a kitchen	judia
Something you find in a kitchen	jugo
Something you find in a kitchen	julepe
Something you find in a kitchen	jumbal
Something you find in a kitchen	junta
Something you find in a kitchen	kaki
Something you find in a kitchen	kale
Something you find in a kitchen	kaoliang
Something you find in a kitchen	kasha
Something you find in a kitchen	kava
Something you find in a kitchen	kavakava
Something you find in a kitchen	kebab
Something you find in a kitchen	kedgeree
Something you find in a kitchen	ketchup
Something you find in a kitchen	kipper
Something you find in a kitchen	kirsch
Something you find in a kitchen	kiwi
Something you find in a kitchen	kniphofia
Something you find in a kitchen	knish
Something you find in a kitchen	knotgrass
Something you find in a kitchen	krigia
Something you find in a kitchen	krubi
Something you find in a kitchen	kumis
Something you find in a kitchen	kummel
Something you find in a kitchen	kumquat
Something you find in a kitchen	kvas
Something you find in a kitchen	kvass
Something you find in a kitchen	kylix
Something you find in a kitchen	lager
Something you find in a kitchen	lagosta
Something you find in a kitchen	lana
Something you find in a kitchen	langosta
Something you find in a kitchen	lanzabombas
Something you find in a kitchen	lapa
Something you find in a kitchen	lardo
Something you find in a kitchen	lasagna
Something you find in a kitchen	lasana
Something you find in a kitchen	lathraea
Something you find in a kitchen	latke
Something you find in a kitchen	laurel
Something you find in a kitchen	lavabo
Something you find in a kitchen	lavafrutas
Something you find in a kitchen	lavamanos
Something you find in a kitchen	lavanda
Something you find in a kitchen	lavandula
Something you find in a kitchen	lavaplatos
Something you find in a kitchen	lavavajilla
Something you find in a kitchen	lavavajillas
Something you find in a kitchen	leberwurst
Something you find in a kitchen	lecha
Something you find in a kitchen	leche
Something you find in a kitchen	lechecillas
Something you find in a kitchen	lechosa
Something you find in a kitchen	lechuga
Something you find in a kitchen	legumbre
Something you find in a kitchen	leguminosa
Something you find in a kitchen	lekvar
Something you find in a kitchen	lengua
Something you find in a kitchen	lenguado
Something you find in a kitchen	lenteja
Something you find in a kitchen	leopardbane
Something you find in a kitchen	lepidium
Something you find in a kitchen	levistico
Something you find in a kitchen	lichi
Something you find in a kitchen	licor
Something you find in a kitchen	licuado
Something you find in a kitchen	licuadora
Something you find in a kitchen	ligustico
Something you find in a kitchen	lima
Something you find in a kitchen	limon
Something you find in a kitchen	limonada
Something you find in a kitchen	linguine
Something you find in a kitchen	linguini
Something you find in a kitchen	lionesa
Something you find in a kitchen	litchee
Something you find in a kitchen	litorina
Something you find in a kitchen	livelong
Something you find in a kitchen	liverleaf
Something you find in a kitchen	llanten
Something you find in a kitchen	llave
Something you find in a kitchen	loasa
Something you find in a kitchen	lobelia
Something you find in a kitchen	loblolly
Something you find in a kitchen	lobscouse
Something you find in a kitchen	lobscuse
Something you find in a kitchen	locoismo
Something you find in a kitchen	loli
Something you find in a kitchen	lolium
Something you find in a kitchen	lombarda
Something you find in a kitchen	lomo
Something you find in a kitchen	lomos
Something you find in a kitchen	losange
Something you find in a kitchen	lote
Something you find in a kitchen	loza
Something you find in a kitchen	lubina
Something you find in a kitchen	lucerna
Something you find in a kitchen	lucio
Something you find in a kitchen	lucro
Something you find in a kitchen	lutefisk
Something you find in a kitchen	lutfisk
Something you find in a kitchen	macal
Something you find in a kitchen	macaroon
Something you find in a kitchen	macarron
Something you find in a kitchen	macarrones
Something you find in a kitchen	macedonia
Something you find in a kitchen	macis
Something you find in a kitchen	madake
Something you find in a kitchen	madwort
Something you find in a kitchen	magdalena
Something you find in a kitchen	mahonesa
Something you find in a kitchen	maiz
Something you find in a kitchen	makarones
Something you find in a kitchen	malagueta
Something you find in a kitchen	malanga
Something you find in a kitchen	malcoraje
Something you find in a kitchen	malestar
Something you find in a kitchen	malta
Something you find in a kitchen	malvadisco
Something you find in a kitchen	malvasia
Something you find in a kitchen	malvavisco
Something you find in a kitchen	mamon
Something you find in a kitchen	mandarina
Something you find in a kitchen	mandil
Something you find in a kitchen	mandioca
Something you find in a kitchen	mandragora
Something you find in a kitchen	mandragula
Something you find in a kitchen	manga
Something you find in a kitchen	mangifera
Something you find in a kitchen	mango
Something you find in a kitchen	mangostan
Something you find in a kitchen	mangostino
Something you find in a kitchen	manhattan
Something you find in a kitchen	mani
Something you find in a kitchen	manjar
Something you find in a kitchen	mano
Something you find in a kitchen	manopla
Something you find in a kitchen	manteca
Something you find in a kitchen	mantecado
Something you find in a kitchen	mantequera
Something you find in a kitchen	mantequilla
Something you find in a kitchen	manus
Something you find in a kitchen	manzana
Something you find in a kitchen	manzanilla
Something you find in a kitchen	maranon
Something you find in a kitchen	maranta
Something you find in a kitchen	marc
Something you find in a kitchen	margarina
Something you find in a kitchen	margarita
Something you find in a kitchen	marinada
Something you find in a kitchen	marinara
Something you find in a kitchen	marisco
Something you find in a kitchen	mariscos
Something you find in a kitchen	marmita
Something you find in a kitchen	marrasquino
Something you find in a kitchen	marrubio
Something you find in a kitchen	marsmelo
Something you find in a kitchen	martini
Something you find in a kitchen	martynia
Something you find in a kitchen	masa
Something you find in a kitchen	mascarpone
Something you find in a kitchen	masterwort
Something you find in a kitchen	mastuerzo
Something you find in a kitchen	matalahuga
Something you find in a kitchen	matarratas
Something you find in a kitchen	mate
Something you find in a kitchen	matricaria
Something you find in a kitchen	matza
Something you find in a kitchen	matzo
Something you find in a kitchen	matzoh
Something you find in a kitchen	mayonesa
Something you find in a kitchen	mayorana
Something you find in a kitchen	mazapan
Something you find in a kitchen	mejillon
Something you find in a kitchen	mejorana
Something you find in a kitchen	melado
Something you find in a kitchen	melaza
Something you find in a kitchen	melisa
Something you find in a kitchen	melocoton
Something you find in a kitchen	melocotonero
Something you find in a kitchen	melon
Something you find in a kitchen	melosa
Something you find in a kitchen	membrillero
Something you find in a kitchen	membrillo
Something you find in a kitchen	menta
Something you find in a kitchen	menudillos
Something you find in a kitchen	menudo
Something you find in a kitchen	menudos
Something you find in a kitchen	mercurial
Something you find in a kitchen	merengue
Something you find in a kitchen	meretriz
Something you find in a kitchen	merey
Something you find in a kitchen	merluza
Something you find in a kitchen	mermelada
Something you find in a kitchen	mermeladero
Something you find in a kitchen	mero
Something you find in a kitchen	mesa
Something you find in a kitchen	mescal
Something you find in a kitchen	mezcal
Something you find in a kitchen	mezcla
Something you find in a kitchen	mezcladora
Something you find in a kitchen	microonda
Something you find in a kitchen	microondas
Something you find in a kitchen	miel
Something you find in a kitchen	mijera
Something you find in a kitchen	mijo
Something you find in a kitchen	milenrama
Something you find in a kitchen	millo
Something you find in a kitchen	milo
Something you find in a kitchen	miltomate
Something you find in a kitchen	mimosa
Something you find in a kitchen	mincemeat
Something you find in a kitchen	minestrone
Something you find in a kitchen	mirtilo
Something you find in a kitchen	miso
Something you find in a kitchen	miterwort
Something you find in a kitchen	miton
Something you find in a kitchen	mitrewort
Something you find in a kitchen	moca
Something you find in a kitchen	mogollon
Something you find in a kitchen	mojado
Something you find in a kitchen	moka
Something you find in a kitchen	mole
Something you find in a kitchen	molienda
Something you find in a kitchen	mollejas
Something you find in a kitchen	mollera
Something you find in a kitchen	molondron
Something you find in a kitchen	monarda
Something you find in a kitchen	monetaria
Something you find in a kitchen	moneywort
Something you find in a kitchen	mono
Something you find in a kitchen	montana
Something you find in a kitchen	monton
Something you find in a kitchen	mora
Something you find in a kitchen	moral
Something you find in a kitchen	morera
Something you find in a kitchen	morlango
Something you find in a kitchen	morquera
Something you find in a kitchen	mortadela
Something you find in a kitchen	mortero
Something you find in a kitchen	mosca
Something you find in a kitchen	moscatel
Something you find in a kitchen	mostachon
Something you find in a kitchen	mostaza
Something you find in a kitchen	mosto
Something you find in a kitchen	mostrador
Something you find in a kitchen	moussaka
Something you find in a kitchen	mousse
Something you find in a kitchen	mouton
Something you find in a kitchen	mozzarella
Something you find in a kitchen	muesli
Something you find in a kitchen	muffin
Something you find in a kitchen	mugful
Something you find in a kitchen	mujol
Something you find in a kitchen	mulligan
Something you find in a kitchen	mulligatawny
Something you find in a kitchen	multitud
Something you find in a kitchen	mung
Something you find in a kitchen	munj
Something you find in a kitchen	munja
Something you find in a kitchen	musaca
Something you find in a kitchen	muscadel
Something you find in a kitchen	muscadelle
Something you find in a kitchen	myosotis
Something you find in a kitchen	naan
Something you find in a kitchen	nabicol
Something you find in a kitchen	nabo
Something you find in a kitchen	nacho
Something you find in a kitchen	naju
Something you find in a kitchen	name
Something you find in a kitchen	napa
Something you find in a kitchen	naranja
Something you find in a kitchen	naranjada
Something you find in a kitchen	nata
Something you find in a kitchen	natilla
Something you find in a kitchen	natillas
Something you find in a kitchen	nebeda
Something you find in a kitchen	nebrina
Something you find in a kitchen	nectar
Something you find in a kitchen	nectarina
Something you find in a kitchen	negus
Something you find in a kitchen	nemophila
Something you find in a kitchen	nepentaceas
Something you find in a kitchen	nephthytis
Something you find in a kitchen	nevera
Something you find in a kitchen	nierembergia
Something you find in a kitchen	nieve
Something you find in a kitchen	nimblewill
Something you find in a kitchen	nipa
Something you find in a kitchen	nispero
Something you find in a kitchen	nomeolvides
Something you find in a kitchen	noqui
Something you find in a kitchen	noquis
Something you find in a kitchen	nougat
Something you find in a kitchen	nube
Something you find in a kitchen	nucula
Something you find in a kitchen	nuez
Something you find in a kitchen	nutriente
Something you find in a kitchen	nutrimento
Something you find in a kitchen	obispo
Something you find in a kitchen	oblea
Something you find in a kitchen	obrador
Something you find in a kitchen	obus
Something you find in a kitchen	oca
Something you find in a kitchen	oenomel
Something you find in a kitchen	ojen
Something you find in a kitchen	okra
Something you find in a kitchen	oleo
Something you find in a kitchen	oliva
Something you find in a kitchen	olivas
Something you find in a kitchen	olla
Something you find in a kitchen	ombu
Something you find in a kitchen	onagra
Something you find in a kitchen	onobrychis
Something you find in a kitchen	oolong
Something you find in a kitchen	oporto
Something you find in a kitchen	orache
Something you find in a kitchen	oregano
Something you find in a kitchen	oreo
Something you find in a kitchen	origanum
Something you find in a kitchen	orozuz
Something you find in a kitchen	orpin
Something you find in a kitchen	oruga
Something you find in a kitchen	orujo
Something you find in a kitchen	orzo
Something you find in a kitchen	ostra
Something you find in a kitchen	ostrea
Something you find in a kitchen	ouzo
Something you find in a kitchen	ovas
Something you find in a kitchen	ovoalbumina
Something you find in a kitchen	ovulo
Something you find in a kitchen	oxalis
Something you find in a kitchen	pacana
Something you find in a kitchen	paella
Something you find in a kitchen	pajuil
Something you find in a kitchen	pakchoi
Something you find in a kitchen	palancana
Something you find in a kitchen	palangana
Something you find in a kitchen	paleta
Something you find in a kitchen	paletilla
Something you find in a kitchen	palillo
Something you find in a kitchen	palillos
Something you find in a kitchen	paliza
Something you find in a kitchen	palma
Something you find in a kitchen	palmadita
Something you find in a kitchen	paloma
Something you find in a kitchen	palomilla
Something you find in a kitchen	palomitas
Something you find in a kitchen	palpebra
Something you find in a kitchen	palta
Something you find in a kitchen	paltus
Something you find in a kitchen	pan
Something you find in a kitchen	panax
Something you find in a kitchen	pancake
Something you find in a kitchen	panceta
Something you find in a kitchen	panecillo
Something you find in a kitchen	panizo
Something you find in a kitchen	panocha
Something you find in a kitchen	panoche
Something you find in a kitchen	panqueca
Something you find in a kitchen	panqueque
Something you find in a kitchen	pantalla
Something you find in a kitchen	papa
Something you find in a kitchen	papaia
Something you find in a kitchen	papaito
Something you find in a kitchen	papaverales
Something you find in a kitchen	papaya
Something you find in a kitchen	papayo
Something you find in a kitchen	papi
Something you find in a kitchen	papilla
Something you find in a kitchen	papito
Something you find in a kitchen	paprika
Something you find in a kitchen	parfait
Something you find in a kitchen	parne
Something you find in a kitchen	parpado
Something you find in a kitchen	parrilla
Something you find in a kitchen	pasa
Something you find in a kitchen	pasapures
Something you find in a kitchen	paspalum
Something you find in a kitchen	passel
Something you find in a kitchen	pasta
Something you find in a kitchen	pastas
Something you find in a kitchen	paste
Something you find in a kitchen	pastel
Something you find in a kitchen	pasteleria
Something you find in a kitchen	pastilla
Something you find in a kitchen	pastinaca
Something you find in a kitchen	pastis
Something you find in a kitchen	pasto
Something you find in a kitchen	pastrami
Something you find in a kitchen	pata
Something you find in a kitchen	pataca
Something you find in a kitchen	patata
Something you find in a kitchen	pate
Something you find in a kitchen	pato
Something you find in a kitchen	pavo
Something you find in a kitchen	pecan
Something you find in a kitchen	peces
Something you find in a kitchen	pecho
Something you find in a kitchen	pekoe
Something you find in a kitchen	peladilla
Something you find in a kitchen	pelas
Something you find in a kitchen	pelota
Something you find in a kitchen	pemican
Something you find in a kitchen	pemmican
Something you find in a kitchen	penne
Something you find in a kitchen	penoche
Something you find in a kitchen	pensamiento
Something you find in a kitchen	penuche
Something you find in a kitchen	peperomia
Something you find in a kitchen	pepinillo
Something you find in a kitchen	pepinillos
Something you find in a kitchen	pepino
Something you find in a kitchen	pepita
Something you find in a kitchen	pepperoni
Something you find in a kitchen	pera
Something you find in a kitchen	perada
Something you find in a kitchen	perca
Something you find in a kitchen	perdiz
Something you find in a kitchen	perejil
Something you find in a kitchen	perifolio
Something you find in a kitchen	perifollo
Something you find in a kitchen	pernil
Something you find in a kitchen	perrito
Something you find in a kitchen	pescadilla
Something you find in a kitchen	pescado
Something you find in a kitchen	pescar
Something you find in a kitchen	pescuezo
Something you find in a kitchen	pesto
Something you find in a kitchen	petaca
Something you find in a kitchen	petisu
Something you find in a kitchen	petroleo
Something you find in a kitchen	pez
Something you find in a kitchen	phlox
Something you find in a kitchen	phyllo
Something you find in a kitchen	physostegia
Something you find in a kitchen	pia
Something you find in a kitchen	picadillo
Something you find in a kitchen	picadora
Something you find in a kitchen	piccalilli
Something you find in a kitchen	pickles
Something you find in a kitchen	picles
Something you find in a kitchen	pieplant
Something you find in a kitchen	pierna
Something you find in a kitchen	pignolia
Something you find in a kitchen	pila
Something you find in a kitchen	pilaf
Something you find in a kitchen	pilau
Something you find in a kitchen	pilaw
Something you find in a kitchen	pimenton
Something you find in a kitchen	pimienta
Something you find in a kitchen	pimiento
Something you find in a kitchen	pimpinela
Something you find in a kitchen	pina
Something you find in a kitchen	pinchazo
Something you find in a kitchen	pinole
Something you find in a kitchen	pinon
Something you find in a kitchen	pinzas
Something you find in a kitchen	pipirigallo
Something you find in a kitchen	pipoca
Something you find in a kitchen	pipsissewa
Something you find in a kitchen	piretro
Something you find in a kitchen	pirogi
Something you find in a kitchen	pirozhki
Something you find in a kitchen	piruleta
Something you find in a kitchen	piruli
Something you find in a kitchen	pisces
Something you find in a kitchen	pisco
Something you find in a kitchen	pistacho
Something you find in a kitchen	pita
Something you find in a kitchen	pizza
Something you find in a kitchen	plancha
Something you find in a kitchen	plata
Something you find in a kitchen	platano
Something you find in a kitchen	plateria
Something you find in a kitchen	platija
Something you find in a kitchen	platillo
Something you find in a kitchen	platina
Something you find in a kitchen	plato
Something you find in a kitchen	plombagina
Something you find in a kitchen	pocha
Something you find in a kitchen	pocima
Something you find in a kitchen	pocion
Something you find in a kitchen	poi
Something you find in a kitchen	poivrade
Something you find in a kitchen	polemonium
Something you find in a kitchen	polenta
Something you find in a kitchen	poleo
Something you find in a kitchen	pollo
Something you find in a kitchen	polo
Something you find in a kitchen	polvoron
Something you find in a kitchen	pomelo
Something you find in a kitchen	pomo
Something you find in a kitchen	ponche
Something you find in a kitchen	ponchera
Something you find in a kitchen	pone
Something you find in a kitchen	ponque
Something you find in a kitchen	pop
Something you find in a kitchen	popover
Something you find in a kitchen	porc
Something you find in a kitchen	porcelana
Something you find in a kitchen	porro
Something you find in a kitchen	porterhouse
Something you find in a kitchen	postre
Something you find in a kitchen	postres
Something you find in a kitchen	potable
Something you find in a kitchen	potaje
Something you find in a kitchen	pote
Something you find in a kitchen	poteen
Something you find in a kitchen	poulet
Something you find in a kitchen	poulette
Something you find in a kitchen	praline
Something you find in a kitchen	preocupacion
Something you find in a kitchen	preparado
Something you find in a kitchen	pretzel
Something you find in a kitchen	primavera
Something you find in a kitchen	primula
Something you find in a kitchen	profiterol
Something you find in a kitchen	prosciutto
Something you find in a kitchen	prostituta
Something you find in a kitchen	provecho
Something you find in a kitchen	puchero
Something you find in a kitchen	puches
Something you find in a kitchen	pud
Something you find in a kitchen	pudding
Something you find in a kitchen	pudin
Something you find in a kitchen	puding
Something you find in a kitchen	puerro
Something you find in a kitchen	pulpo
Something you find in a kitchen	pulque
Something you find in a kitchen	pumpernickel
Something you find in a kitchen	punch
Something you find in a kitchen	punetazo
Something you find in a kitchen	punete
Something you find in a kitchen	pungapung
Something you find in a kitchen	pupitre
Something you find in a kitchen	pussley
Something you find in a kitchen	puta
Something you find in a kitchen	pyrola
Something you find in a kitchen	quark
Something you find in a kitchen	quebab
Something you find in a kitchen	quequi
Something you find in a kitchen	quesada
Something you find in a kitchen	quesadilla
Something you find in a kitchen	queso
Something you find in a kitchen	quiche
Something you find in a kitchen	quimbombo
Something you find in a kitchen	quingombo
Something you find in a kitchen	quinoto
Something you find in a kitchen	quivi
Something you find in a kitchen	rabada
Something you find in a kitchen	rabano
Something you find in a kitchen	rabillo
Something you find in a kitchen	radicchio
Something you find in a kitchen	ragi
Something you find in a kitchen	ragu
Something you find in a kitchen	rallador
Something you find in a kitchen	rallo
Something you find in a kitchen	ramekin
Something you find in a kitchen	ramera
Something you find in a kitchen	ramona
Something you find in a kitchen	ranunculo
Something you find in a kitchen	rap
Something you find in a kitchen	raponchigo
Something you find in a kitchen	rasera
Something you find in a kitchen	raspilla
Something you find in a kitchen	ratafia
Something you find in a kitchen	ratatouille
Something you find in a kitchen	ravigote
Something you find in a kitchen	ravioles
Something you find in a kitchen	ravioli
Something you find in a kitchen	raviolis
Something you find in a kitchen	rebozado
Something you find in a kitchen	refresco
Something you find in a kitchen	refrigerador
Something you find in a kitchen	regaliz
Something you find in a kitchen	relish
Something you find in a kitchen	relleno
Something you find in a kitchen	remolacha
Something you find in a kitchen	remoulade
Something you find in a kitchen	renacuajo
Something you find in a kitchen	repisa
Something you find in a kitchen	repollo
Something you find in a kitchen	reposteria
Something you find in a kitchen	reseda
Something you find in a kitchen	retono
Something you find in a kitchen	retsina
Something you find in a kitchen	retumbo
Something you find in a kitchen	ribgrass
Something you find in a kitchen	ribier
Something you find in a kitchen	ribwort
Something you find in a kitchen	rickey
Something you find in a kitchen	ricotta
Something you find in a kitchen	rigatoni
Something you find in a kitchen	ripia
Something you find in a kitchen	risotto
Something you find in a kitchen	rissole
Something you find in a kitchen	robalo
Something you find in a kitchen	rodaballo
Something you find in a kitchen	rodete
Something you find in a kitchen	rodillo
Something you find in a kitchen	rollmops
Something you find in a kitchen	romaza
Something you find in a kitchen	romero
Something you find in a kitchen	rompope
Something you find in a kitchen	ron
Something you find in a kitchen	roqueta
Something you find in a kitchen	roridula
Something you find in a kitchen	rosado
Something you find in a kitchen	rosca
Something you find in a kitchen	rosilla
Something you find in a kitchen	rosquilla
Something you find in a kitchen	roulade
Something you find in a kitchen	roux
Something you find in a kitchen	ruca
Something you find in a kitchen	rucula
Something you find in a kitchen	ruda
Something you find in a kitchen	rugulah
Something you find in a kitchen	ruibarbo
Something you find in a kitchen	rusk
Something you find in a kitchen	ruta
Something you find in a kitchen	rutabaga
Something you find in a kitchen	sabalo
Something you find in a kitchen	sabayon
Something you find in a kitchen	saboga
Something you find in a kitchen	saborea
Something you find in a kitchen	sacacorchos
Something you find in a kitchen	sacarina
Something you find in a kitchen	sake
Something you find in a kitchen	sal
Something you find in a kitchen	salami
Something you find in a kitchen	salchicha
Something you find in a kitchen	salchichon
Something you find in a kitchen	salmon
Something you find in a kitchen	salmonete
Something you find in a kitchen	salpicon
Something you find in a kitchen	salpiglossis
Something you find in a kitchen	salsa
Something you find in a kitchen	salsera
Something you find in a kitchen	salsifi
Something you find in a kitchen	saltamontes
Something you find in a kitchen	salvado
Something you find in a kitchen	salvia
Something you find in a kitchen	sambuca
Something you find in a kitchen	samosa
Something you find in a kitchen	samovar
Something you find in a kitchen	sandbur
Something you find in a kitchen	sandia
Something you find in a kitchen	sandspur
Something you find in a kitchen	sanduche
Something you find in a kitchen	sandwich
Something you find in a kitchen	sandy
Something you find in a kitchen	sangria
Something you find in a kitchen	sanguinaria
Something you find in a kitchen	sapota
Something you find in a kitchen	sapote
Something you find in a kitchen	sapsago
Something you find in a kitchen	sarda
Something you find in a kitchen	sardina
Something you find in a kitchen	sardineta
Something you find in a kitchen	sarten
Something you find in a kitchen	sasafras
Something you find in a kitchen	sashimi
Something you find in a kitchen	satinpod
Something you find in a kitchen	satsuma
Something you find in a kitchen	sauerbraten
Something you find in a kitchen	savarin
Something you find in a kitchen	saveloy
Something you find in a kitchen	sawwort
Something you find in a kitchen	saxifraga
Something you find in a kitchen	sazonador
Something you find in a kitchen	scallopine
Something you find in a kitchen	scallopini
Something you find in a kitchen	scampi
Something you find in a kitchen	scampo
Something you find in a kitchen	schnitzel
Something you find in a kitchen	schorle
Something you find in a kitchen	scoke
Something you find in a kitchen	scrapple
Something you find in a kitchen	screwdriver
Something you find in a kitchen	scuppernong
Something you find in a kitchen	sedum
Something you find in a kitchen	semeruco
Something you find in a kitchen	semola
Something you find in a kitchen	serba
Something you find in a kitchen	serpol
Something you find in a kitchen	servicio
Something you find in a kitchen	servilleta
Something you find in a kitchen	sesamo
Something you find in a kitchen	sesbania
Something you find in a kitchen	sesos
Something you find in a kitchen	seta
Something you find in a kitchen	shamrock
Something you find in a kitchen	shortbread
Something you find in a kitchen	shortcake
Something you find in a kitchen	sidecar
Something you find in a kitchen	sidra
Something you find in a kitchen	sidrina
Something you find in a kitchen	sifon
Something you find in a kitchen	silkgrass
Something you find in a kitchen	silla
Something you find in a kitchen	simoleons
Something you find in a kitchen	simple
Something you find in a kitchen	sincronizador
Something you find in a kitchen	sinfito
Something you find in a kitchen	sirope
Something you find in a kitchen	slivovitz
Something you find in a kitchen	slumgullion
Something you find in a kitchen	smitane
Something you find in a kitchen	smoothie
Something you find in a kitchen	sobras
Something you find in a kitchen	sociable
Something you find in a kitchen	social
Something you find in a kitchen	soda
Something you find in a kitchen	soja
Something you find in a kitchen	solenostemon
Something you find in a kitchen	solla
Something you find in a kitchen	solomillo
Something you find in a kitchen	solomo
Something you find in a kitchen	sopa
Something you find in a kitchen	sopera
Something you find in a kitchen	sorbete
Something you find in a kitchen	sorghum
Something you find in a kitchen	sorgo
Something you find in a kitchen	sosa
Something you find in a kitchen	soubise
Something you find in a kitchen	souchong
Something you find in a kitchen	souffle
Something you find in a kitchen	sour
Something you find in a kitchen	souvlaki
Something you find in a kitchen	souvlakia
Something you find in a kitchen	soya
Something you find in a kitchen	spaghetti
Something you find in a kitchen	sparerib
Something you find in a kitchen	spiderwort
Something you find in a kitchen	split
Something you find in a kitchen	spork
Something you find in a kitchen	spritzer
Something you find in a kitchen	stapelia
Something you find in a kitchen	stevia
Something you find in a kitchen	storksbill
Something you find in a kitchen	stout
Something you find in a kitchen	streusel
Something you find in a kitchen	stripper
Something you find in a kitchen	striptease
Something you find in a kitchen	stripteaser
Something you find in a kitchen	strudel
Something you find in a kitchen	submarino
Something you find in a kitchen	succade
Something you find in a kitchen	sueca
Something you find in a kitchen	suero
Something you find in a kitchen	sufle
Something you find in a kitchen	sukiyaki
Something you find in a kitchen	sultanina
Something you find in a kitchen	sunchoke
Something you find in a kitchen	sundae
Something you find in a kitchen	sundrops
Something you find in a kitchen	sushi
Something you find in a kitchen	sustento
Something you find in a kitchen	syllabub
Something you find in a kitchen	symphytum
Something you find in a kitchen	tabaco
Something you find in a kitchen	tabasco
Something you find in a kitchen	tabbouleh
Something you find in a kitchen	tabla
Something you find in a kitchen	tablilla
Something you find in a kitchen	tabular
Something you find in a kitchen	tabule
Something you find in a kitchen	taburete
Something you find in a kitchen	taco
Something you find in a kitchen	tagliatelle
Something you find in a kitchen	tahina
Something you find in a kitchen	tahini
Something you find in a kitchen	tailwort
Something you find in a kitchen	tallarin
Something you find in a kitchen	tallarines
Something you find in a kitchen	tamal
Something you find in a kitchen	tamarindo
Something you find in a kitchen	tamiz
Something you find in a kitchen	tamizado
Something you find in a kitchen	tandoor
Something you find in a kitchen	tandoori
Something you find in a kitchen	tapa
Something you find in a kitchen	tapenade
Something you find in a kitchen	tapioca
Something you find in a kitchen	taquilla
Something you find in a kitchen	taro
Something you find in a kitchen	tarro
Something you find in a kitchen	tarta
Something you find in a kitchen	tartaleta
Something you find in a kitchen	tater
Something you find in a kitchen	taza
Something you find in a kitchen	tazon
Something you find in a kitchen	teacake
Something you find in a kitchen	teasle
Something you find in a kitchen	teazel
Something you find in a kitchen	tecomate
Something you find in a kitchen	teff
Something you find in a kitchen	temporizador
Something you find in a kitchen	tempura
Something you find in a kitchen	tenazas
Something you find in a kitchen	tenedor
Something you find in a kitchen	tenpura
Something you find in a kitchen	tequila
Something you find in a kitchen	teriyaki
Something you find in a kitchen	termo
Something you find in a kitchen	termometro
Something you find in a kitchen	ternera
Something you find in a kitchen	terrina
Something you find in a kitchen	tertulia
Something you find in a kitchen	tetera
Something you find in a kitchen	teuthida
Something you find in a kitchen	thunnus
Something you find in a kitchen	thymus
Something you find in a kitchen	tiarella
Something you find in a kitchen	timbal
Something you find in a kitchen	tintero
Something you find in a kitchen	tirabeque
Something you find in a kitchen	tirabuzon
Something you find in a kitchen	tiramisu
Something you find in a kitchen	tisana
Something you find in a kitchen	toalla
Something you find in a kitchen	tocador
Something you find in a kitchen	tocino
Something you find in a kitchen	tofe
Something you find in a kitchen	toffee
Something you find in a kitchen	toffy
Something you find in a kitchen	tofu
Something you find in a kitchen	toitoi
Something you find in a kitchen	tomalley
Something you find in a kitchen	tomate
Something you find in a kitchen	tomatera
Something you find in a kitchen	tomillo
Something you find in a kitchen	tonica
Something you find in a kitchen	topinambur
Something you find in a kitchen	torito
Something you find in a kitchen	toronja
Something you find in a kitchen	toronjil
Something you find in a kitchen	torrada
Something you find in a kitchen	torta
Something you find in a kitchen	tortazo
Something you find in a kitchen	torte
Something you find in a kitchen	tortellini
Something you find in a kitchen	tortilla
Something you find in a kitchen	tortita
Something you find in a kitchen	tostada
Something you find in a kitchen	tostador
Something you find in a kitchen	tostadora
Something you find in a kitchen	tournedos
Something you find in a kitchen	trago
Something you find in a kitchen	tragopogon
Something you find in a kitchen	trebol
Something you find in a kitchen	trifle
Something you find in a kitchen	trifolium
Something you find in a kitchen	trigo
Something you find in a kitchen	tripa
Something you find in a kitchen	tripas
Something you find in a kitchen	triticum
Something you find in a kitchen	tritoma
Something you find in a kitchen	triturador
Something you find in a kitchen	troche
Something you find in a kitchen	trucha
Something you find in a kitchen	trufa
Something you find in a kitchen	tuberculo
Something you find in a kitchen	tupinambo
Something you find in a kitchen	turnedos
Something you find in a kitchen	turron
Something you find in a kitchen	tusilago
Something you find in a kitchen	uchuva
Something you find in a kitchen	uda
Something you find in a kitchen	ugli
Something you find in a kitchen	umbelifera
Something you find in a kitchen	urna
Something you find in a kitchen	uslero
Something you find in a kitchen	uva
Something you find in a kitchen	vacuno
Something you find in a kitchen	vainilla
Something you find in a kitchen	vajilla
Something you find in a kitchen	vanilla
Something you find in a kitchen	varietal
Something you find in a kitchen	varilla
Something you find in a kitchen	vasija
Something you find in a kitchen	vaso
Something you find in a kitchen	veau
Something you find in a kitchen	vegetal
Something you find in a kitchen	velada
Something you find in a kitchen	velador
Something you find in a kitchen	veloute
Something you find in a kitchen	venado
Something you find in a kitchen	vendimia
Something you find in a kitchen	verbascum
Something you find in a kitchen	verdolaga
Something you find in a kitchen	verdolagas
Something you find in a kitchen	verdura
Something you find in a kitchen	verduras
Something you find in a kitchen	vermicelli
Something you find in a kitchen	vermu
Something you find in a kitchen	vermut
Something you find in a kitchen	vernonia
Something you find in a kitchen	veza
Something you find in a kitchen	vial
Something you find in a kitchen	vianda
Something you find in a kitchen	vichyssoise
Something you find in a kitchen	vidrio
Something you find in a kitchen	vieira
Something you find in a kitchen	vinagre
Something you find in a kitchen	vinagrera
Something you find in a kitchen	vinagreras
Something you find in a kitchen	vinagreta
Something you find in a kitchen	vinajera
Something you find in a kitchen	vino
Something you find in a kitchen	viola
Something you find in a kitchen	violeta
Something you find in a kitchen	visceras
Something you find in a kitchen	vitrina
Something you find in a kitchen	vodka
Something you find in a kitchen	volaille
Something you find in a kitchen	volovan
Something you find in a kitchen	wantan
Something you find in a kitchen	wasabi
Something you find in a kitchen	wassail
Something you find in a kitchen	waterleaf
Something you find in a kitchen	western
Something you find in a kitchen	whiskey
Something you find in a kitchen	whisky
Something you find in a kitchen	wienerwurst
Something you find in a kitchen	wok
Something you find in a kitchen	wonton
Something you find in a kitchen	woodruff
Something you find in a kitchen	worcestershire
Something you find in a kitchen	yaca
Something you find in a kitchen	yardgrass
Something you find in a kitchen	yaro
Something you find in a kitchen	yautia
Something you find in a kitchen	yema
Something you find in a kitchen	yerba
Something you find in a kitchen	yerbas
Something you find in a kitchen	yogur
Something you find in a kitchen	yogurt
Something you find in a kitchen	yuca
Something you find in a kitchen	zabaglione
Something you find in a kitchen	zabaione
Something you find in a kitchen	zanahoria
Something you find in a kitchen	zapallo
Something you find in a kitchen	zapatera
Something you find in a kitchen	zapatero
Something you find in a kitchen	zara
Something you find in a kitchen	zaranda
Something you find in a kitchen	zarpa
Something you find in a kitchen	zarzamora
Something you find in a kitchen	zarzaparrilla
Something you find in a kitchen	zep
Something you find in a kitchen	ziti
Something you find in a kitchen	zombi
Something you find in a kitchen	zombie
Something you find in a kitchen	zorra
Something you find in a kitchen	zoysia
Something you find in a kitchen	zucchini
Something you find in a kitchen	zumo
An animal that lives in water	abadejo
An animal that lives in water	abulon
An animal that lives in water	acipenseridae
An animal that lives in water	actinia
An animal that lives in water	actinian
An animal that lives in water	actiniarian
An animal that lives in water	agujon
An animal that lives in water	ajolota
An animal that lives in water	ajolote
An animal that lives in water	albacora
An animal that lives in water	albur
An animal that lives in water	alburno
An animal that lives in water	alepisauridae
An animal that lives in water	aligator
An animal that lives in water	alligator
An animal that lives in water	almeja
An animal that lives in water	alosa
An animal that lives in water	amia
An animal that lives in water	anade
An animal that lives in water	anchoa
An animal that lives in water	anemona
An animal that lives in water	anemone
An animal that lives in water	anfipodo
An animal that lives in water	angelote
An animal that lives in water	anguila
An animal that lives in water	anguiliforme
An animal that lives in water	angula
An animal that lives in water	antennariidae
An animal that lives in water	antozoo
An animal that lives in water	anura
An animal that lives in water	anuro
An animal that lives in water	arenque
An animal that lives in water	arrapiezo
An animal that lives in water	asteroidea
An animal that lives in water	atun
An animal that lives in water	autopista
An animal that lives in water	autovia
An animal that lives in water	azotador
An animal that lives in water	babosa
An animal that lives in water	bacalao
An animal that lives in water	bacoreta
An animal that lives in water	bagre
An animal that lives in water	bajo
An animal that lives in water	balistidae
An animal that lives in water	ballena
An animal that lives in water	barbo
An animal that lives in water	barracouta
An animal that lives in water	barracuda
An animal that lives in water	batrachoididae
An animal that lives in water	batracio
An animal that lives in water	belonidae
An animal that lives in water	beluga
An animal that lives in water	berberecho
An animal that lives in water	berdel
An animal that lives in water	bergall
An animal that lives in water	besugo
An animal that lives in water	bigaro
An animal that lives in water	bivalvo
An animal that lives in water	blanquillo
An animal that lives in water	bogavante
An animal that lives in water	bonitalo
An animal that lives in water	bonito
An animal that lives in water	boqueron
An animal that lives in water	branchiopodan
An animal that lives in water	branquiopodo
An animal that lives in water	broma
An animal that lives in water	buccino
An animal that lives in water	buitre
An animal that lives in water	caballa
An animal that lives in water	cachalote
An animal that lives in water	cacho
An animal that lives in water	cailon
An animal that lives in water	caiman
An animal that lives in water	calamar
An animal that lives in water	calamares
An animal that lives in water	calderon
An animal that lives in water	callionymidae
An animal that lives in water	camaron
An animal that lives in water	cambaro
An animal that lives in water	cangrejo
An animal that lives in water	canijo
An animal that lives in water	caplin
An animal that lives in water	caracido
An animal that lives in water	caracol
An animal that lives in water	caracola
An animal that lives in water	carangido
An animal that lives in water	carbonero
An animal that lives in water	carey
An animal that lives in water	caribe
An animal that lives in water	caridea
An animal that lives in water	carpa
An animal that lives in water	carpita
An animal that lives in water	cauri
An animal that lives in water	cavalla
An animal that lives in water	cazon
An animal that lives in water	cefalopodo
An animal that lives in water	cefalopodos
An animal that lives in water	celacanto
An animal that lives in water	celentereo
An animal that lives in water	celentereos
An animal that lives in water	centrarchid
An animal that lives in water	cephalopoda
An animal that lives in water	cetaceo
An animal that lives in water	cetaceos
An animal that lives in water	chanquete
An animal that lives in water	characid
An animal that lives in water	chicharra
An animal that lives in water	chicharro
An animal that lives in water	chimbolo
An animal that lives in water	cichlidae
An animal that lives in water	ciprinido
An animal that lives in water	cisne
An animal that lives in water	clupea
An animal that lives in water	cnidarian
An animal that lives in water	cnidario
An animal that lives in water	cobia
An animal that lives in water	cochinilla
An animal that lives in water	cocodrilo
An animal that lives in water	colmilleja
An animal that lives in water	concha
An animal that lives in water	conger
An animal that lives in water	congrio
An animal that lives in water	copepoda
An animal that lives in water	copepodo
An animal that lives in water	copepodos
An animal that lives in water	coral
An animal that lives in water	cornudilla
An animal that lives in water	corredor
An animal that lives in water	crenacion
An animal that lives in water	crenature
An animal that lives in water	crinoideo
An animal that lives in water	crocodiliano
An animal that lives in water	crocodylidae
An animal that lives in water	crosopterigio
An animal that lives in water	crustacea
An animal that lives in water	crustaceo
An animal that lives in water	crustaceos
An animal that lives in water	cupleiforme
An animal that lives in water	dafnia
An animal that lives in water	damisela
An animal that lives in water	daphnia
An animal that lives in water	decapodo
An animal that lives in water	delfin
An animal that lives in water	delphinidae
An animal that lives in water	dipnoi
An animal that lives in water	dragonet
An animal that lives in water	dugong
An animal that lives in water	dugongo
An animal that lives in water	echinodermata
An animal that lives in water	eglefino
An animal that lives in water	emperador
An animal that lives in water	enano
An animal that lives in water	epinephelinae
An animal that lives in water	equinodermo
An animal that lives in water	equinodermos
An animal that lives in water	escarcho
An animal that lives in water	escolar
An animal that lives in water	escombrido
An animal that lives in water	escombro
An animal that lives in water	escuerzo
An animal that lives in water	espinoso
An animal that lives in water	espirula
An animal that lives in water	esponja
An animal that lives in water	esponjas
An animal that lives in water	esquila
An animal that lives in water	estomatopodo
An animal that lives in water	estornino
An animal that lives in water	estrellamar
An animal that lives in water	esturion
An animal that lives in water	euphausiacea
An animal that lives in water	foca
An animal that lives in water	folade
An animal that lives in water	gabarte
An animal that lives in water	gadido
An animal that lives in water	gadiforme
An animal that lives in water	galeo
An animal that lives in water	galera
An animal that lives in water	gallo
An animal that lives in water	galopin
An animal that lives in water	gamba
An animal that lives in water	gamin
An animal that lives in water	gamina
An animal that lives in water	ganoid
An animal that lives in water	ganoideo
An animal that lives in water	garpike
An animal that lives in water	gasteropodo
An animal that lives in water	gasteropodos
An animal that lives in water	gasterosteidae
An animal that lives in water	gator
An animal that lives in water	gavial
An animal that lives in water	gigante
An animal that lives in water	gobio
An animal that lives in water	golfillo
An animal that lives in water	gorgonacea
An animal that lives in water	gorgonias
An animal that lives in water	goujon
An animal that lives in water	granuja
An animal that lives in water	grindle
An animal that lives in water	guarisapo
An animal that lives in water	halfbeak
An animal that lives in water	halibut
An animal that lives in water	haliotis
An animal that lives in water	hausen
An animal that lives in water	haz
An animal that lives in water	helleri
An animal that lives in water	hemiramphidae
An animal that lives in water	hidra
An animal that lives in water	hidrozoo
An animal that lives in water	hipogloso
An animal that lives in water	hipona
An animal that lives in water	hirudinea
An animal that lives in water	hirudinean
An animal that lives in water	hirudineo
An animal that lives in water	holibut
An animal that lives in water	holoturia
An animal that lives in water	hornpout
An animal that lives in water	hydra
An animal that lives in water	irradiacion
An animal that lives in water	isopodo
An animal that lives in water	istiophorus
An animal that lives in water	jaiba
An animal that lives in water	jibia
An animal that lives in water	jurel
An animal that lives in water	kril
An animal that lives in water	krill
An animal that lives in water	labridae
An animal that lives in water	lacre
An animal that lives in water	lagosta
An animal that lives in water	lamelibranquio
An animal that lives in water	lampris
An animal that lives in water	langosta
An animal that lives in water	langostino
An animal that lives in water	lanzon
An animal that lives in water	lapa
An animal that lives in water	launce
An animal that lives in water	leucisco
An animal that lives in water	limaco
An animal that lives in water	limaza
An animal that lives in water	listado
An animal that lives in water	lobefin
An animal that lives in water	lobo
An animal that lives in water	locha
An animal that lives in water	lonja
An animal that lives in water	lophiiformes
An animal that lives in water	lota
An animal that lives in water	lutria
An animal that lives in water	macabijo
An animal that lives in water	macrouridae
An animal that lives in water	madrepora
An animal that lives in water	mako
An animal that lives in water	manati
An animal that lives in water	manta
An animal that lives in water	mantarraya
An animal that lives in water	marion
An animal that lives in water	marsopa
An animal that lives in water	mataperros
An animal that lives in water	medusa
An animal that lives in water	medusan
An animal that lives in water	medusoid
An animal that lives in water	megalopidae
An animal that lives in water	megaptera
An animal that lives in water	mejillon
An animal that lives in water	merlan
An animal that lives in water	merluza
An animal that lives in water	mero
An animal that lives in water	merodeador
An animal that lives in water	mojarra
An animal that lives in water	mola
An animal that lives in water	mollie
An animal that lives in water	molusco
An animal that lives in water	moluscos
An animal that lives in water	monacanthidae
An animal that lives in water	morena
An animal that lives in water	morsa
An animal that lives in water	narval
An animal that lives in water	nautilina
An animal that lives in water	nautilo
An animal that lives in water	nudibranchia
An animal that lives in water	nudibranquio
An animal that lives in water	nutria
An animal that lives in water	octopoda
An animal that lives in water	octopodo
An animal that lives in water	oniscidea
An animal that lives in water	opah
An animal that lives in water	orca
An animal that lives in water	ormer
An animal that lives in water	ornitorrinco
An animal that lives in water	ostra
An animal that lives in water	ostracoda
An animal that lives in water	ostracodo
An animal that lives in water	ostrea
An animal that lives in water	palometa
An animal that lives in water	paltus
An animal that lives in water	parazoan
An animal that lives in water	pastinaca
An animal that lives in water	pato
An animal that lives in water	pececillo
An animal that lives in water	peces
An animal that lives in water	pejerrey
An animal that lives in water	pejesapo
An animal that lives in water	pelecanus
An animal that lives in water	pelicano
An animal that lives in water	perca
An animal that lives in water	percebe
An animal that lives in water	percha
An animal that lives in water	perciforme
An animal that lives in water	percoideo
An animal that lives in water	periophthalmus
An animal that lives in water	pescadilla
An animal that lives in water	pescado
An animal that lives in water	pez
An animal that lives in water	pinguino
An animal that lives in water	pinnipedia
An animal that lives in water	pinnipedo
An animal that lives in water	pinnipedos
An animal that lives in water	pintado
An animal that lives in water	pirana
An animal that lives in water	piscardo
An animal that lives in water	pisces
An animal that lives in water	pizarrero
An animal that lives in water	plancton
An animal that lives in water	platija
An animal that lives in water	poliplacoforo
An animal that lives in water	polipo
An animal that lives in water	polyodontidae
An animal that lives in water	pomatomidae
An animal that lives in water	porifera
An animal that lives in water	poriferan
An animal that lives in water	poriferos
An animal that lives in water	poriforo
An animal that lives in water	pristiformes
An animal that lives in water	pulpo
An animal that lives in water	quimera
An animal that lives in water	rana
An animal that lives in water	ranacuajo
An animal that lives in water	ranas
An animal that lives in water	ranid
An animal that lives in water	rape
An animal that lives in water	raya
An animal that lives in water	rayido
An animal that lives in water	rayo
An animal that lives in water	redhorse
An animal that lives in water	regalecidae
An animal that lives in water	remol
An animal that lives in water	remora
An animal that lives in water	renacuajo
An animal that lives in water	rhinobatidae
An animal that lives in water	robalo
An animal that lives in water	rodaballo
An animal that lives in water	rorcual
An animal that lives in water	sabalo
An animal that lives in water	salientian
An animal that lives in water	salmon
An animal that lives in water	salmonete
An animal that lives in water	salmonido
An animal that lives in water	sanguijuela
An animal that lives in water	sapo
An animal that lives in water	sapos
An animal that lives in water	sarda
An animal that lives in water	sardina
An animal that lives in water	sciaenid
An animal that lives in water	searobin
An animal that lives in water	selaceo
An animal that lives in water	selachimorpha
An animal that lives in water	selacio
An animal that lives in water	sepia
An animal that lives in water	sepiida
An animal that lives in water	serranido
An animal that lives in water	sifonoforo
An animal that lives in water	sifonoforos
An animal that lives in water	silurid
An animal that lives in water	silurido
An animal that lives in water	siluriforme
An animal that lives in water	siluriformes
An animal that lives in water	siluro
An animal that lives in water	sirenio
An animal that lives in water	snoek
An animal that lives in water	solla
An animal that lives in water	sollo
An animal that lives in water	spheniscidae
An animal that lives in water	sphyraena
An animal that lives in water	spirula
An animal that lives in water	squilla
An animal that lives in water	stromateid
An animal that lives in water	tarpon
An animal that lives in water	tautog
An animal that lives in water	teleostan
An animal that lives in water	teleostei
An animal that lives in water	teleosteo
An animal that lives in water	teleosteos
An animal that lives in water	tenca
An animal that lives in water	tenpounder
An animal that lives in water	teredine
An animal that lives in water	teredinid
An animal that lives in water	teredo
An animal that lives in water	teredos
An animal that lives in water	tetra
An animal that lives in water	teuthida
An animal that lives in water	tiburon
An animal that lives in water	tonina
An animal that lives in water	torillo
An animal that lives in water	torpedo
An animal that lives in water	torsk
An animal that lives in water	trachipteridae
An animal that lives in water	traquiptero
An animal that lives in water	trepang
An animal that lives in water	trichechus
An animal that lives in water	trilla
An animal that lives in water	tripletail
An animal that lives in water	triton
An animal that lives in water	trucha
An animal that lives in water	tuberculata
An animal that lives in water	tuna
An animal that lives in water	uranoscopidae
An animal that lives in water	vaina
An animal that lives in water	venera
An animal that lives in water	verdel
An animal that lives in water	vieira
An animal that lives in water	vieja
An animal that lives in water	xibarte
An animal that lives in water	yacare
An animal that lives in water	yubarta
Something you wear	abrigo
Something you wear	accesorio
Something you wear	adornos
Something you wear	ajuar
Something you wear	ajustador
Something you wear	alba
Something you wear	albornoz
Something you wear	aleta
Something you wear	alhaja
Something you wear	almadrena
Something you wear	almilla
Something you wear	almofar
Something you wear	alpargata
Something you wear	anadido
Something you wear	anillo
Something you wear	anorac
Something you wear	anorak
Something you wear	anteojos
Something you wear	arete
Something you wear	arito
Something you wear	aro
Something you wear	arracada
Something you wear	arrequives
Something you wear	atavio
Something you wear	atavios
Something you wear	atuendo
Something you wear	aventail
Something you wear	azul
Something you wear	babucha
Something you wear	bamba
Something you wear	banador
Something you wear	bandolera
Something you wear	barjuleta
Something you wear	bata
Something you wear	beanie
Something you wear	bermudas
Something you wear	bicorne
Something you wear	bicornio
Something you wear	bifocales
Something you wear	bikini
Something you wear	bimba
Something you wear	biquini
Something you wear	birreta
Something you wear	birrete
Something you wear	bisone
Something you wear	blazer
Something you wear	blusa
Something you wear	bluyin
Something you wear	boa
Something you wear	boina
Something you wear	bolero
Something you wear	bolsa
Something you wear	bolso
Something you wear	bolson
Something you wear	bombacha
Something you wear	bombin
Something you wear	bonete
Something you wear	borcegui
Something you wear	bota
Something you wear	botin
Something you wear	bragas
Something you wear	brasier
Something you wear	brazalete
Something you wear	breastpin
Something you wear	brillante
Something you wear	broche
Something you wear	brogan
Something you wear	bufanda
Something you wear	bustier
Something you wear	buzo
Something you wear	cabellera
Something you wear	cabo
Something you wear	cadena
Something you wear	cadenilla
Something you wear	caftan
Something you wear	cajones
Something you wear	calceteria
Something you wear	calcetin
Something you wear	calcetines
Something you wear	calpac
Something you wear	calza
Something you wear	calzado
Something you wear	calzon
Something you wear	calzoncillo
Something you wear	calzoncillos
Something you wear	calzonera
Something you wear	calzoneta
Something you wear	camail
Something you wear	camisa
Something you wear	camiseta
Something you wear	camisola
Something you wear	camison
Something you wear	canana
Something you wear	canesu
Something you wear	canotie
Something you wear	canotier
Something you wear	capa
Something you wear	capote
Something you wear	capucha
Something you wear	capuz
Something you wear	caqui
Something you wear	caquis
Something you wear	caravana
Something you wear	cardigan
Something you wear	careta
Something you wear	cartera
Something you wear	casaca
Something you wear	casco
Something you wear	casquete
Something you wear	casulla
Something you wear	catalejo
Something you wear	chaco
Something you wear	chadar
Something you wear	chador
Something you wear	chal
Something you wear	chala
Something you wear	chaleco
Something you wear	chalequillo
Something you wear	chalina
Something you wear	chancla
Something you wear	chancleta
Something you wear	chanclo
Something you wear	chandal
Something you wear	chapa
Something you wear	chaque
Something you wear	chaqueta
Something you wear	chesterfield
Something you wear	chilaba
Something you wear	chinela
Something you wear	chino
Something you wear	chinos
Something you wear	chistera
Something you wear	chopine
Something you wear	chubasquero
Something you wear	cincho
Something you wear	cinta
Something you wear	cintillo
Something you wear	cinto
Something you wear	cinturon
Something you wear	clac
Something you wear	clamide
Something you wear	cofia
Something you wear	colada
Something you wear	colaless
Something you wear	colgante
Something you wear	collar
Something you wear	combinacion
Something you wear	complemento
Something you wear	conjunto
Something you wear	corbata
Something you wear	corbatin
Something you wear	corona
Something you wear	corpino
Something you wear	correa
Something you wear	corse
Something you wear	cotilla
Something you wear	coturno
Something you wear	crinolina
Something you wear	cubilete
Something you wear	cuenta
Something you wear	culote
Something you wear	dashiki
Something you wear	delantal
Something you wear	derby
Something you wear	dhoti
Something you wear	diadema
Something you wear	diamante
Something you wear	dirndl
Something you wear	disfraz
Something you wear	doblete
Something you wear	dodotis
Something you wear	dolman
Something you wear	domino
Something you wear	dorman
Something you wear	echarpe
Something you wear	enagua
Something you wear	enaguas
Something you wear	escapulario
Something you wear	escarpin
Something you wear	esclavina
Something you wear	esmeralda
Something you wear	esmoquin
Something you wear	estola
Something you wear	estoperoles
Something you wear	faja
Something you wear	falda
Something you wear	fardel
Something you wear	fedora
Something you wear	fez
Something you wear	fieltro
Something you wear	flux
Something you wear	forro
Something you wear	frac
Something you wear	fular
Something you wear	gaban
Something you wear	gabardina
Something you wear	gafas
Something you wear	gala
Something you wear	galas
Something you wear	galera
Something you wear	gallumbos
Something you wear	galocha
Something you wear	gargantilla
Something you wear	gema
Something you wear	gemelo
Something you wear	gemelos
Something you wear	geta
Something you wear	gorra
Something you wear	gris
Something you wear	grizzle
Something you wear	guante
Something you wear	guantelete
Something you wear	guarache
Something you wear	guardainfante
Something you wear	guardamechones
Something you wear	guardapelo
Something you wear	guardapolvo
Something you wear	habiliment
Something you wear	habito
Something you wear	haik
Something you wear	herales
Something you wear	hiyab
Something you wear	homburg
Something you wear	hongo
Something you wear	huarache
Something you wear	huaraches
Something you wear	hule
Something you wear	impermeable
Something you wear	indumentaria
Something you wear	indumento
Something you wear	jeans
Something you wear	jersey
Something you wear	jipe
Something you wear	jipijapa
Something you wear	jodhpur
Something you wear	joya
Something you wear	joyas
Something you wear	joyeria
Something you wear	jubon
Something you wear	justillo
Something you wear	kaffiyeh
Something you wear	kalpac
Something you wear	katiuska
Something you wear	khakis
Something you wear	kilt
Something you wear	kimono
Something you wear	kipa
Something you wear	kurta
Something you wear	lacito
Something you wear	lavalava
Something you wear	lederhosen
Something you wear	lenceria
Something you wear	lentes
Something you wear	leotardo
Something you wear	leotardos
Something you wear	librea
Something you wear	lugar
Something you wear	mac
Something you wear	macintosh
Something you wear	macuto
Something you wear	maillot
Something you wear	malla
Something you wear	mallas
Something you wear	mandil
Something you wear	manguito
Something you wear	manopla
Something you wear	mantilla
Something you wear	manto
Something you wear	manton
Something you wear	mantua
Something you wear	marinera
Something you wear	marta
Something you wear	mascara
Something you wear	mascarilla
Something you wear	medallon
Something you wear	media
Something you wear	medias
Something you wear	mini
Something you wear	minifalda
Something you wear	mirinaque
Something you wear	miton
Something you wear	mitra
Something you wear	mocasin
Something you wear	mocassin
Something you wear	mochila
Something you wear	monita
Something you wear	mono
Something you wear	morral
Something you wear	muumuu
Something you wear	neglige
Something you wear	nicab
Something you wear	niqui
Something you wear	overol
Something you wear	pajarita
Something you wear	paleto
Something you wear	paliacate
Something you wear	palio
Something you wear	pamela
Something you wear	panal
Something you wear	panama
Something you wear	panoleta
Something you wear	pantalla
Something you wear	pantalon
Something you wear	pantalones
Something you wear	panti
Something you wear	pantie
Something you wear	panties
Something you wear	pantimedias
Something you wear	pantis
Something you wear	pantufla
Something you wear	pantuflo
Something you wear	panty
Something you wear	pantys
Something you wear	panuelo
Something you wear	papalina
Something you wear	pareo
Something you wear	parka
Something you wear	pasamontanas
Something you wear	patoso
Something you wear	patuco
Something you wear	peluca
Something you wear	peluquin
Something you wear	pendiente
Something you wear	peplo
Something you wear	peplos
Something you wear	perla
Something you wear	peto
Something you wear	peuco
Something you wear	picardias
Something you wear	piel
Something you wear	pijama
Something you wear	pinjante
Something you wear	piyama
Something you wear	playera
Something you wear	polaina
Something you wear	polera
Something you wear	poleron
Something you wear	pololo
Something you wear	polonesa
Something you wear	poncho
Something you wear	pontifical
Something you wear	portafotos
Something you wear	postizo
Something you wear	prenda
Something you wear	prendedor
Something you wear	pullover
Something you wear	pulover
Something you wear	pulsera
Something you wear	puno
Something you wear	quepi
Something you wear	quepis
Something you wear	quimono
Something you wear	raglan
Something you wear	rebeca
Something you wear	rebozo
Something you wear	refajo
Something you wear	reglamentario
Something you wear	relicario
Something you wear	reloj
Something you wear	roca
Something you wear	ropa
Something you wear	ropon
Something you wear	rubi
Something you wear	sabot
Something you wear	saco
Something you wear	salacot
Something you wear	sandalia
Something you wear	sarape
Something you wear	sari
Something you wear	sarong
Something you wear	saya
Something you wear	scarfpin
Something you wear	servilleta
Something you wear	shorts
Something you wear	slip
Something you wear	slipover
Something you wear	smoking
Something you wear	sobrefalda
Something you wear	sobrepelliz
Something you wear	sobretodo
Something you wear	sobreveste
Something you wear	solideo
Something you wear	solitario
Something you wear	sombrero
Something you wear	sortija
Something you wear	sosten
Something you wear	sotana
Something you wear	soutien
Something you wear	stomacher
Something you wear	sudadera
Something you wear	sudador
Something you wear	sueter
Something you wear	sujetacorbata
Something you wear	sujetador
Something you wear	surtout
Something you wear	suspensor
Something you wear	suspensorio
Something you wear	tabardo
Something you wear	tacon
Something you wear	talaria
Something you wear	taled
Something you wear	talon
Something you wear	tam
Something you wear	tamuga
Something you wear	tanga
Something you wear	taparrabo
Something you wear	taparrabos
Something you wear	tejanos
Something you wear	tenida
Something you wear	terno
Something you wear	tiara
Something you wear	timbre
Something you wear	tirantes
Something you wear	titfer
Something you wear	toca
Something you wear	tocado
Something you wear	toga
Something you wear	togs
Something you wear	top
Something you wear	toque
Something you wear	traje
Something you wear	tricornio
Something you wear	trusa
Something you wear	tunica
Something you wear	tupe
Something you wear	turbante
Something you wear	tutu
Something you wear	tux
Something you wear	underbodice
Something you wear	uniforme
Something you wear	unitard
Something you wear	vaqueros
Something you wear	velo
Something you wear	ventail
Something you wear	verdugo
Something you wear	veste
Something you wear	vestido
Something you wear	vestidos
Something you wear	vestidura
Something you wear	vestimenta
Something you wear	vestuario
Something you wear	viso
Something you wear	wedgie
Something you wear	wonderbra
Something you wear	yarmelke
Something you wear	yarmulka
Something you wear	yarmulke
Something you wear	yunta
Something you wear	zamarra
Something you wear	zapatilla
Something you wear	zapato
Something you wear	zapaton
Something you wear	zarcillo
Something you wear	zori
Something you wear	zueco
A part of the body	abazon
A part of the body	abdomen
A part of the body	abdominal
A part of the body	abductor
A part of the body	abertura
A part of the body	abomaso
A part of the body	acantion
A part of the body	acetabulo
A part of the body	acino
A part of the body	acromion
A part of the body	acrosoma
A part of the body	aculeo
A part of the body	adenoide
A part of the body	aductor
A part of the body	aferente
A part of the body	afro
A part of the body	agalla
A part of the body	agnail
A part of the body	agonista
A part of the body	aguijon
A part of the body	ala
A part of the body	alantocorion
A part of the body	alantoides
A part of the body	aleta
A part of the body	alma
A part of the body	almeja
A part of the body	alumbramiento
A part of the body	alumna
A part of the body	alumno
A part of the body	alveolo
A part of the body	ambulacro
A part of the body	ambulacrum
A part of the body	amigdala
A part of the body	amnios
A part of the body	ampolla
A part of the body	anca
A part of the body	ancas
A part of the body	anexo
A part of the body	anlage
A part of the body	ano
A part of the body	antebrazo
A part of the body	antena
A part of the body	anterior
A part of the body	antro
A part of the body	anular
A part of the body	anus
A part of the body	aorta
A part of the body	aparato
A part of the body	apendice
A part of the body	apofisis
A part of the body	aponeurosis
A part of the body	aracnoide
A part of the body	aracnoides
A part of the body	archenteron
A part of the body	archipalio
A part of the body	archipallium
A part of the body	arco
A part of the body	arcus
A part of the body	area
A part of the body	areola
A part of the body	arista
A part of the body	armazon
A part of the body	arquenteron
A part of the body	arquipalio
A part of the body	artejo
A part of the body	arteria
A part of the body	arteriola
A part of the body	articulacion
A part of the body	articulador
A part of the body	articulatio
A part of the body	asentaderas
A part of the body	asiento
A part of the body	aspa
A part of the body	asta
A part of the body	aster
A part of the body	asterion
A part of the body	astragalo
A part of the body	astroglia
A part of the body	ateroma
A part of the body	atlas
A part of the body	atrio
A part of the body	auricula
A part of the body	axila
A part of the body	axis
A part of the body	babilla
A part of the body	baipas
A part of the body	bandyleg
A part of the body	barba
A part of the body	barbilla
A part of the body	barbillon
A part of the body	barbo
A part of the body	barorreceptor
A part of the body	barriga
A part of the body	baul
A part of the body	bazo
A part of the body	becerro
A part of the body	bezo
A part of the body	biceps
A part of the body	bicho
A part of the body	bicuspide
A part of the body	bigote
A part of the body	blastocele
A part of the body	blastoderma
A part of the body	blastodermis
A part of the body	blastodermo
A part of the body	blastoporo
A part of the body	boca
A part of the body	bola
A part of the body	bolsa
A part of the body	bolsillo
A part of the body	bonce
A part of the body	bonelet
A part of the body	bonete
A part of the body	bouffant
A part of the body	branquia
A part of the body	brazo
A part of the body	bregma
A part of the body	bronquio
A part of the body	bronquiolo
A part of the body	bubon
A part of the body	buccula
A part of the body	buche
A part of the body	bucinador
A part of the body	bucle
A part of the body	bucofaringe
A part of the body	bulbo
A part of the body	busto
A part of the body	bypass
A part of the body	caballete
A part of the body	caballo
A part of the body	cabellera
A part of the body	cabello
A part of the body	cabeza
A part of the body	cacha
A part of the body	cachas
A part of the body	cachete
A part of the body	cachetes
A part of the body	cachuela
A part of the body	cadera
A part of the body	calamo
A part of the body	calavera
A part of the body	calcanal
A part of the body	calcanar
A part of the body	calcaneo
A part of the body	calcano
A part of the body	caliculo
A part of the body	callo
A part of the body	calvaria
A part of the body	camara
A part of the body	campanilla
A part of the body	cana
A part of the body	canal
A part of the body	canaliculo
A part of the body	canilla
A part of the body	canino
A part of the body	cap
A part of the body	capa
A part of the body	capilar
A part of the body	capsula
A part of the body	cara
A part of the body	caracol
A part of the body	caracolillo
A part of the body	carajo
A part of the body	cardias
A part of the body	carena
A part of the body	carina
A part of the body	carne
A part of the body	carnosidad
A part of the body	carotida
A part of the body	carpiano
A part of the body	carpo
A part of the body	cartilago
A part of the body	caruncula
A part of the body	casco
A part of the body	cavidad
A part of the body	ceja
A part of the body	celenteron
A part of the body	celom
A part of the body	celoma
A part of the body	celulitis
A part of the body	centriolo
A part of the body	centromero
A part of the body	cepillo
A part of the body	cera
A part of the body	ceras
A part of the body	cerda
A part of the body	cere
A part of the body	cerebelo
A part of the body	cerebro
A part of the body	cervix
A part of the body	cerviz
A part of the body	chaeta
A part of the body	chalaza
A part of the body	chichi
A part of the body	chicho
A part of the body	chicle
A part of the body	chita
A part of the body	chiva
A part of the body	chivera
A part of the body	chocha
A part of the body	chocho
A part of the body	chordamesoderm
A part of the body	chordomesoderm
A part of the body	choro
A part of the body	chota
A part of the body	chucha
A part of the body	chueca
A part of the body	cia
A part of the body	ciego
A part of the body	cigoma
A part of the body	cigomatico
A part of the body	cilio
A part of the body	cinetocoro
A part of the body	cingulo
A part of the body	cintura
A part of the body	cipote
A part of the body	circunvolucion
A part of the body	cirro
A part of the body	cirrus
A part of the body	cisterna
A part of the body	citoesqueleto
A part of the body	citomembrana
A part of the body	citostoma
A part of the body	citostomo
A part of the body	clavicula
A part of the body	clitoris
A part of the body	cloaca
A part of the body	coccix
A part of the body	cocho
A part of the body	coclea
A part of the body	coco
A part of the body	codo
A part of the body	cojon
A part of the body	cola
A part of the body	coleta
A part of the body	colmillo
A part of the body	colon
A part of the body	comisura
A part of the body	concha
A part of the body	condilion
A part of the body	condilo
A part of the body	condriosoma
A part of the body	conducto
A part of the body	conejo
A part of the body	conjuntiva
A part of the body	cono
A part of the body	copete
A part of the body	corazon
A part of the body	corion
A part of the body	cornamenta
A part of the body	cornea
A part of the body	cornete
A part of the body	cornu
A part of the body	coroides
A part of the body	corona
A part of the body	coronion
A part of the body	corredera
A part of the body	corte
A part of the body	cortex
A part of the body	corteza
A part of the body	corvejon
A part of the body	costado
A part of the body	costilla
A part of the body	coxa
A part of the body	coxal
A part of the body	coxis
A part of the body	coxofemoral
A part of the body	craneo
A part of the body	craw
A part of the body	crepado
A part of the body	cresta
A part of the body	crin
A part of the body	cristalino
A part of the body	ctene
A part of the body	cuadriceps
A part of the body	cuartilla
A part of the body	cubito
A part of the body	cubitus
A part of the body	cuboides
A part of the body	cuca
A part of the body	cuello
A part of the body	cuenca
A part of the body	cuerna
A part of the body	cuerno
A part of the body	cuerpo
A part of the body	culata
A part of the body	culo
A part of the body	cutis
A part of the body	decidua
A part of the body	dedo
A part of the body	delantera
A part of the body	deltoide
A part of the body	deltoides
A part of the body	dentadura
A part of the body	denticion
A part of the body	denticulo
A part of the body	dentina
A part of the body	depresor
A part of the body	derecha
A part of the body	derivacion
A part of the body	desembocadura
A part of the body	diafisis
A part of the body	diafragma
A part of the body	diartrosis
A part of the body	didimo
A part of the body	diencefalo
A part of the body	diente
A part of the body	dientes
A part of the body	digito
A part of the body	dorso
A part of the body	ductule
A part of the body	ductulus
A part of the body	duodeno
A part of the body	dura
A part of the body	duramadre
A part of the body	ectoblast
A part of the body	ectoderma
A part of the body	ectodermis
A part of the body	ectodermo
A part of the body	educando
A part of the body	eferente
A part of the body	eje
A part of the body	elitro
A part of the body	empeine
A part of the body	encefalo
A part of the body	encia
A part of the body	endoblast
A part of the body	endocardio
A part of the body	endocrina
A part of the body	endoderma
A part of the body	endodermis
A part of the body	endodermo
A part of the body	endoesqueleto
A part of the body	endometrio
A part of the body	endoneuro
A part of the body	endostio
A part of the body	endotelio
A part of the body	energid
A part of the body	enteroceptor
A part of the body	enteron
A part of the body	entoblast
A part of the body	entomion
A part of the body	entrana
A part of the body	entranas
A part of the body	entrepierna
A part of the body	ependimo
A part of the body	epicanto
A part of the body	epicardia
A part of the body	epicardio
A part of the body	epicondilo
A part of the body	epididimo
A part of the body	epifisis
A part of the body	epigastrio
A part of the body	epiglotis
A part of the body	epitelio
A part of the body	escaleno
A part of the body	escapula
A part of the body	esclerotica
A part of the body	escote
A part of the body	escroto
A part of the body	esfenion
A part of the body	esfenoide
A part of the body	esfenoides
A part of the body	esfinter
A part of the body	esofago
A part of the body	espalda
A part of the body	espicula
A part of the body	espina
A part of the body	espinazo
A part of the body	espinilla
A part of the body	espiraculo
A part of the body	esplenio
A part of the body	espoleta
A part of the body	espolon
A part of the body	espuela
A part of the body	esqueleto
A part of the body	esternon
A part of the body	estigma
A part of the body	estilo
A part of the body	estiloides
A part of the body	estoma
A part of the body	estomago
A part of the body	estrato
A part of the body	estria
A part of the body	estribo
A part of the body	estructura
A part of the body	estudiante
A part of the body	excrecencia
A part of the body	exoderm
A part of the body	exoesqueleto
A part of the body	extensor
A part of the body	extremidad
A part of the body	faccion
A part of the body	falange
A part of the body	falo
A part of the body	faringe
A part of the body	fascia
A part of the body	fasciculo
A part of the body	fauces
A part of the body	faz
A part of the body	femur
A part of the body	fenestra
A part of the body	fibrocartilago
A part of the body	fibula
A part of the body	filamento
A part of the body	filete
A part of the body	filum
A part of the body	fimbria
A part of the body	fin
A part of the body	fisiognomia
A part of the body	fisionomia
A part of the body	fisonomia
A part of the body	fistula
A part of the body	fisura
A part of the body	flagelo
A part of the body	flequillo
A part of the body	flexor
A part of the body	foliculo
A part of the body	fondo
A part of the body	fontanela
A part of the body	fovea
A part of the body	frente
A part of the body	frontal
A part of the body	funiculo
A part of the body	furcula
A part of the body	galillo
A part of the body	ganglio
A part of the body	garganta
A part of the body	garompa
A part of the body	garra
A part of the body	gastrocnemio
A part of the body	genital
A part of the body	genitales
A part of the body	genu
A part of the body	germen
A part of the body	gilipollas
A part of the body	giro
A part of the body	glabela
A part of the body	glande
A part of the body	glandula
A part of the body	glena
A part of the body	glia
A part of the body	glochidium
A part of the body	glomerulo
A part of the body	gloquidio
A part of the body	glotis
A part of the body	gluteo
A part of the body	gluteos
A part of the body	gnation
A part of the body	gonada
A part of the body	gonion
A part of the body	granero
A part of the body	grano
A part of the body	grupa
A part of the body	guata
A part of the body	hallux
A part of the body	haustorio
A part of the body	hemielitro
A part of the body	hemisferio
A part of the body	heterocerca
A part of the body	higado
A part of the body	hilio
A part of the body	himen
A part of the body	hinojo
A part of the body	hioides
A part of the body	hipoblasto
A part of the body	hipocampo
A part of the body	hipocondrio
A part of the body	hipodermis
A part of the body	hipofisis
A part of the body	hipofosis
A part of the body	hipotalamo
A part of the body	hocico
A part of the body	hombro
A part of the body	homocerca
A part of the body	horquilla
A part of the body	hoyo
A part of the body	huesecillo
A part of the body	hueso
A part of the body	huevo
A part of the body	huevos
A part of the body	humero
A part of the body	ijada
A part of the body	ileo
A part of the body	ileon
A part of the body	ilion
A part of the body	incisivo
A part of the body	incisivos
A part of the body	indice
A part of the body	infundibulo
A part of the body	ingle
A part of the body	inion
A part of the body	injerto
A part of the body	interbrain
A part of the body	intercostal
A part of the body	intersticio
A part of the body	intestino
A part of the body	intestinos
A part of the body	intima
A part of the body	introito
A part of the body	iris
A part of the body	isquion
A part of the body	izquierda
A part of the body	keister
A part of the body	laberinto
A part of the body	labio
A part of the body	labios
A part of the body	lado
A part of the body	ladrido
A part of the body	lambda
A part of the body	lamela
A part of the body	lamina
A part of the body	lana
A part of the body	lanugo
A part of the body	laringe
A part of the body	laringofaringe
A part of the body	lat
A part of the body	lemnisco
A part of the body	lengua
A part of the body	lengueta
A part of the body	lente
A part of the body	lentigo
A part of the body	leptomeninge
A part of the body	librillo
A part of the body	libro
A part of the body	ligamento
A part of the body	ligula
A part of the body	limbo
A part of the body	liposoma
A part of the body	lirio
A part of the body	lis
A part of the body	lisosoma
A part of the body	lobulo
A part of the body	loculo
A part of the body	lomo
A part of the body	lumbus
A part of the body	lumen
A part of the body	lunula
A part of the body	macoca
A part of the body	macroglia
A part of the body	macula
A part of the body	madre
A part of the body	malar
A part of the body	malleus
A part of the body	mama
A part of the body	mamas
A part of the body	mamella
A part of the body	mandibula
A part of the body	mano
A part of the body	manubrio
A part of the body	manus
A part of the body	marcapasos
A part of the body	marsupio
A part of the body	martillo
A part of the body	masetero
A part of the body	mastoides
A part of the body	matriz
A part of the body	maxilar
A part of the body	meato
A part of the body	mecha
A part of the body	mechon
A part of the body	mediastino
A part of the body	medula
A part of the body	megacolon
A part of the body	mejilla
A part of the body	melena
A part of the body	melon
A part of the body	membrana
A part of the body	meninge
A part of the body	meninges
A part of the body	menique
A part of the body	menisco
A part of the body	menton
A part of the body	meollo
A part of the body	mesencefalo
A part of the body	mesenquima
A part of the body	mesenterio
A part of the body	mesoderma
A part of the body	mesodermis
A part of the body	mesodermo
A part of the body	mesofaringe
A part of the body	mesophyron
A part of the body	mesosternon
A part of the body	mesotelio
A part of the body	metacarpiano
A part of the body	metacarpo
A part of the body	metafisis
A part of the body	metatarsiano
A part of the body	metatarso
A part of the body	metencefalo
A part of the body	michelin
A part of the body	microfalo
A part of the body	microglia
A part of the body	micropene
A part of the body	microtubulo
A part of the body	mielencefalo
A part of the body	miembro
A part of the body	miniatura
A part of the body	minimus
A part of the body	miocardio
A part of the body	miometrio
A part of the body	mitocondria
A part of the body	mitral
A part of the body	modiolo
A part of the body	molar
A part of the body	molleja
A part of the body	mono
A part of the body	mons
A part of the body	moreton
A part of the body	morro
A part of the body	mostacho
A part of the body	moustachio
A part of the body	mucosa
A part of the body	muela
A part of the body	muneca
A part of the body	munon
A part of the body	musculatura
A part of the body	musculo
A part of the body	muslo
A part of the body	nabo
A part of the body	nalga
A part of the body	nalgas
A part of the body	napia
A part of the body	narina
A part of the body	nariz
A part of the body	narizota
A part of the body	nasal
A part of the body	nasion
A part of the body	nasofaringe
A part of the body	navicular
A part of the body	nefrona
A part of the body	neocortex
A part of the body	neopalio
A part of the body	neopallium
A part of the body	nervadura
A part of the body	nervio
A part of the body	nervus
A part of the body	neuroepitelio
A part of the body	neuroesqueleto
A part of the body	neuroglia
A part of the body	neuropile
A part of the body	neuropilo
A part of the body	niple
A part of the body	nodo
A part of the body	nodulo
A part of the body	notocorda
A part of the body	notocordio
A part of the body	nuca
A part of the body	nucleo
A part of the body	nucleole
A part of the body	nucleolo
A part of the body	nudillo
A part of the body	nudillos
A part of the body	nuez
A part of the body	obelion
A part of the body	occipital
A part of the body	occipucio
A part of the body	ocelo
A part of the body	ocote
A part of the body	oculomotor
A part of the body	oculus
A part of the body	odontoide
A part of the body	oido
A part of the body	ojete
A part of the body	ojo
A part of the body	ojos
A part of the body	olecranon
A part of the body	olfato
A part of the body	oligodendria
A part of the body	omaso
A part of the body	omatidio
A part of the body	ombligo
A part of the body	omento
A part of the body	omoplato
A part of the body	omphalus
A part of the body	onda
A part of the body	ondulado
A part of the body	onfalo
A part of the body	onyxis
A part of the body	operculo
A part of the body	orbita
A part of the body	oreja
A part of the body	orejas
A part of the body	organela
A part of the body	organelo
A part of the body	organo
A part of the body	organulo
A part of the body	orificio
A part of the body	orofaringe
A part of the body	osamenta
A part of the body	osezuelo
A part of the body	osmoreceptor
A part of the body	ossiculum
A part of the body	osteofito
A part of the body	ostiolo
A part of the body	otoganglion
A part of the body	ovario
A part of the body	oviducto
A part of the body	ovipositor
A part of the body	oviscapto
A part of the body	ovotestis
A part of the body	padrastro
A part of the body	palatino
A part of the body	paleocerebelo
A part of the body	paleocortex
A part of the body	paleocorteza
A part of the body	paleostriatum
A part of the body	paleta
A part of the body	paletilla
A part of the body	palio
A part of the body	pallidum
A part of the body	palma
A part of the body	paloma
A part of the body	palpebra
A part of the body	pancreas
A part of the body	pandero
A part of the body	panocha
A part of the body	panza
A part of the body	papada
A part of the body	papadilla
A part of the body	papila
A part of the body	papirola
A part of the body	papo
A part of the body	paratiroides
A part of the body	parenquima
A part of the body	parias
A part of the body	parietal
A part of the body	parotida
A part of the body	parpado
A part of the body	partes
A part of the body	pata
A part of the body	patas
A part of the body	patata
A part of the body	patilla
A part of the body	patillas
A part of the body	pca
A part of the body	peca
A part of the body	pechera
A part of the body	pecho
A part of the body	pechos
A part of the body	pechuga
A part of the body	pectoral
A part of the body	pectus
A part of the body	pedunculo
A part of the body	peinado
A part of the body	pelaje
A part of the body	pelicula
A part of the body	pelo
A part of the body	pelota
A part of the body	pelvis
A part of the body	penacho
A part of the body	pendejo
A part of the body	pene
A part of the body	pera
A part of the body	pericardio
A part of the body	perilla
A part of the body	perimisio
A part of the body	perine
A part of the body	perineo
A part of the body	perineuro
A part of the body	periostio
A part of the body	peristoma
A part of the body	peritoneo
A part of the body	permanente
A part of the body	perone
A part of the body	peroneo
A part of the body	perspicacia
A part of the body	pes
A part of the body	pescuezo
A part of the body	pestana
A part of the body	pezon
A part of the body	pezuna
A part of the body	piamadre
A part of the body	picadura
A part of the body	picha
A part of the body	pichi
A part of the body	pichula
A part of the body	pico
A part of the body	picota
A part of the body	pie
A part of the body	piel
A part of the body	pierna
A part of the body	pijo
A part of the body	pilila
A part of the body	piloro
A part of the body	pilus
A part of the body	pinga
A part of the body	pinguecula
A part of the body	pinky
A part of the body	pinza
A part of the body	piocha
A part of the body	pipe
A part of the body	pirula
A part of the body	pirulo
A part of the body	pisiforme
A part of the body	pito
A part of the body	pituitaria
A part of the body	placenta
A part of the body	planta
A part of the body	plastron
A part of the body	platisma
A part of the body	pleopod
A part of the body	pleura
A part of the body	plexo
A part of the body	pliegue
A part of the body	podecio
A part of the body	polla
A part of the body	pollex
A part of the body	pompis
A part of the body	pomulo
A part of the body	poro
A part of the body	poronga
A part of the body	porta
A part of the body	portanario
A part of the body	posaderas
A part of the body	posas
A part of the body	postcava
A part of the body	poste
A part of the body	posterior
A part of the body	poto
A part of the body	precava
A part of the body	precordio
A part of the body	premolar
A part of the body	prepucio
A part of the body	primordio
A part of the body	proboscide
A part of the body	proceso
A part of the body	proencefalo
A part of the body	pronador
A part of the body	pronucleo
A part of the body	prosencefalo
A part of the body	prostata
A part of the body	protoplasto
A part of the body	protuberancia
A part of the body	pseudopodo
A part of the body	pterigium
A part of the body	pterigoides
A part of the body	pterion
A part of the body	pua
A part of the body	pubis
A part of the body	puerta
A part of the body	pulgar
A part of the body	pulmon
A part of the body	pulmones
A part of the body	pulpa
A part of the body	puno
A part of the body	punta
A part of the body	pupila
A part of the body	pupilo
A part of the body	pupo
A part of the body	pustula
A part of the body	putamen
A part of the body	quelicero
A part of the body	queta
A part of the body	quiasma
A part of the body	quijada
A part of the body	quilla
A part of the body	quiste
A part of the body	rabadilla
A part of the body	rabo
A part of the body	radicula
A part of the body	radio
A part of the body	raiz
A part of the body	raja
A part of the body	rama
A part of the body	raquis
A part of the body	rasgo
A part of the body	reata
A part of the body	receptor
A part of the body	recto
A part of the body	rectum
A part of the body	redano
A part of the body	redecilla
A part of the body	regazo
A part of the body	region
A part of the body	remolino
A part of the body	repelon
A part of the body	rete
A part of the body	retina
A part of the body	ribosoma
A part of the body	rima
A part of the body	rinencefalo
A part of the body	rinon
A part of the body	rizo
A part of the body	rodilla
A part of the body	rombencefalo
A part of the body	rosario
A part of the body	rostro
A part of the body	rotula
A part of the body	rudimento
A part of the body	rule
A part of the body	rulo
A part of the body	rumen
A part of the body	saco
A part of the body	sacro
A part of the body	saculo
A part of the body	salpinge
A part of the body	salpinx
A part of the body	sangre
A part of the body	sarcolema
A part of the body	sartorio
A part of the body	schnoz
A part of the body	schnozzle
A part of the body	secreter
A part of the body	secretor
A part of the body	secundinas
A part of the body	semblante
A part of the body	semilunar
A part of the body	seno
A part of the body	senos
A part of the body	sensorio
A part of the body	septo
A part of the body	serosa
A part of the body	serrato
A part of the body	seta
A part of the body	seudopodo
A part of the body	sexo
A part of the body	sien
A part of the body	sinovia
A part of the body	sinusoide
A part of the body	siringe
A part of the body	sistema
A part of the body	snc
A part of the body	sobaco
A part of the body	socket
A part of the body	soleo
A part of the body	sortija
A part of the body	spiculum
A part of the body	stephanion
A part of the body	submaxilla
A part of the body	submucosa
A part of the body	subtalamo
A part of the body	suelo
A part of the body	sulcus
A part of the body	supercilium
A part of the body	supinador
A part of the body	sura
A part of the body	surco
A part of the body	sutura
A part of the body	suturales
A part of the body	taba
A part of the body	tabique
A part of the body	tacon
A part of the body	talamo
A part of the body	talle
A part of the body	talon
A part of the body	tarro
A part of the body	tarsiano
A part of the body	tarso
A part of the body	tastebud
A part of the body	tegumento
A part of the body	tejido
A part of the body	telencefalo
A part of the body	templo
A part of the body	temporal
A part of the body	tendon
A part of the body	tensor
A part of the body	tentaculo
A part of the body	ternero
A part of the body	testiculo
A part of the body	testiculos
A part of the body	teta
A part of the body	tetas
A part of the body	tetilla
A part of the body	tetina
A part of the body	tibia
A part of the body	timo
A part of the body	timpano
A part of the body	tirabuzon
A part of the body	tiroides
A part of the body	tobillo
A part of the body	tocado
A part of the body	tomento
A part of the body	tonsilla
A part of the body	torax
A part of the body	torso
A part of the body	trabecula
A part of the body	tracto
A part of the body	trago
A part of the body	trapecio
A part of the body	trapezoide
A part of the body	traquea
A part of the body	tras
A part of the body	trasero
A part of the body	traste
A part of the body	trenza
A part of the body	trenzada
A part of the body	triceps
A part of the body	trigemino
A part of the body	tripa
A part of the body	tripas
A part of the body	triquetrum
A part of the body	triquetum
A part of the body	trocanter
A part of the body	trochlearis
A part of the body	trofoblasto
A part of the body	trompa
A part of the body	tronco
A part of the body	tuberculo
A part of the body	tuberosidad
A part of the body	tubo
A part of the body	tubulo
A part of the body	tuetano
A part of the body	tuje
A part of the body	tum
A part of the body	tunica
A part of the body	tupe
A part of the body	turbinal
A part of the body	turca
A part of the body	turma
A part of the body	ubre
A part of the body	umbilical
A part of the body	una
A part of the body	underfur
A part of the body	unguis
A part of the body	ureter
A part of the body	uretra
A part of the body	urocordio
A part of the body	utero
A part of the body	utriculo
A part of the body	utriculus
A part of the body	uvea
A part of the body	uvula
A part of the body	vacuola
A part of the body	vagina
A part of the body	vago
A part of the body	vallecula
A part of the body	valvula
A part of the body	varice
A part of the body	varilla
A part of the body	variz
A part of the body	vaso
A part of the body	vejiga
A part of the body	vellosidad
A part of the body	velo
A part of the body	vena
A part of the body	ventosa
A part of the body	ventriculo
A part of the body	venula
A part of the body	verga
A part of the body	vermis
A part of the body	vertebra
A part of the body	vesicula
A part of the body	vestibulo
A part of the body	vexilo
A part of the body	via
A part of the body	vibrisa
A part of the body	vibrisas
A part of the body	vientre
A part of the body	viruela
A part of the body	viscera
A part of the body	visceras
A part of the body	vomer
A part of the body	vulva
A part of the body	xifoides
A part of the body	yap
A part of the body	yeyuno
A part of the body	yugular
A part of the body	yunque
A part of the body	zancajo
A part of the body	zarpa
A part of the body	zarzo
A part of the body	zona
A part of the body	zonula
Something that flies	abeja
Something that flies	abejarron
Something that flies	abejaruco
Something that flies	abejon
Something that flies	abejorro
Something that flies	abubilla
Something that flies	accipitre
Something that flies	acentor
Something that flies	aepyornis
Something that flies	aerobus
Something that flies	aeronave
Something that flies	aeroplano
Something that flies	aerostato
Something that flies	afropavo
Something that flies	agachadiza
Something that flies	agachona
Something that flies	agateador
Something that flies	aguacil
Something that flies	aguila
Something that flies	aguilucho
Something that flies	aguja
Something that flies	aguzanieves
Something that flies	airon
Something that flies	albatros
Something that flies	alca
Something that flies	alcaravan
Something that flies	alcatraz
Something that flies	alcaudon
Something that flies	alcedines
Something that flies	alcion
Something that flies	alcotan
Something that flies	alfombra
Something that flies	alfombrilla
Something that flies	alirrojo
Something that flies	alondra
Something that flies	amadavat
Something that flies	amargon
Something that flies	ampelis
Something that flies	ampo
Something that flies	anade
Something that flies	anadon
Something that flies	andarina
Something that flies	andolina
Something that flies	andorina
Something that flies	andrena
Something that flies	andrenid
Something that flies	angel
Something that flies	anhingidae
Something that flies	ani
Something that flies	anisoptera
Something that flies	anofeles
Something that flies	anomalopteryx
Something that flies	anopheline
Something that flies	ansar
Something that flies	ansarino
Something that flies	ansaron
Something that flies	anseriforme
Something that flies	anthophila
Something that flies	anthus
Something that flies	apodidae
Something that flies	apodiforme
Something that flies	apteryx
Something that flies	ara
Something that flies	arao
Something that flies	archaeopteryx
Something that flies	archaeornis
Something that flies	archibebe
Something that flies	ardeidae
Something that flies	ardilla
Something that flies	arpella
Something that flies	arrendajo
Something that flies	astronauta
Something that flies	astronave
Something that flies	atahorma
Something that flies	aura
Something that flies	autillo
Something that flies	autogiro
Something that flies	avadavat
Something that flies	ave
Something that flies	avefria
Something that flies	aves
Something that flies	avestruz
Something that flies	avetoro
Something that flies	avion
Something that flies	avispon
Something that flies	avoceta
Something that flies	avutarda
Something that flies	azor
Something that flies	azul
Something that flies	azulejo
Something that flies	bala
Something that flies	balon
Something that flies	bandtail
Something that flies	bantam
Something that flies	barnacla
Something that flies	barraquete
Something that flies	batara
Something that flies	baya
Something that flies	becada
Something that flies	berzotas
Something that flies	bimotor
Something that flies	biplano
Something that flies	birreactor
Something that flies	bisbita
Something that flies	bluebill
Something that flies	boatbill
Something that flies	bobo
Something that flies	bobolink
Something that flies	bogi
Something that flies	bola
Something that flies	bombardero
Something that flies	bombus
Something that flies	bombycid
Something that flies	bonxie
Something that flies	boomerang
Something that flies	brant
Something that flies	brent
Something that flies	bruja
Something that flies	buho
Something that flies	buitre
Something that flies	bulbul
Something that flies	bullbat
Something that flies	bumeran
Something that flies	bumerang
Something that flies	burbuja
Something that flies	busardo
Something that flies	buteonine
Something that flies	cabure
Something that flies	cacatua
Something that flies	cacatuidae
Something that flies	cacique
Something that flies	cagaaceite
Something that flies	caica
Something that flies	calao
Something that flies	calmoso
Something that flies	camachuelo
Something that flies	campanilla
Something that flies	canario
Something that flies	capercailzie
Something that flies	capon
Something that flies	caprimulgid
Something that flies	carabo
Something that flies	caracara
Something that flies	carancha
Something that flies	carancho
Something that flies	carbonero
Something that flies	carey
Something that flies	cariamidae
Something that flies	carinate
Something that flies	carolina
Something that flies	carolinas
Something that flies	carpintero
Something that flies	carraca
Something that flies	carrao
Something that flies	cascanueces
Something that flies	casuario
Something that flies	casuarius
Something that flies	catarinita
Something that flies	catartido
Something that flies	caza
Something that flies	cazabombardero
Something that flies	cedarbird
Something that flies	ceniza
Something that flies	cenizas
Something that flies	centelleo
Something that flies	centropus
Something that flies	cerceta
Something that flies	cernicalo
Something that flies	chachalaca
Something that flies	chaja
Something that flies	chamon
Something that flies	charran
Something that flies	chewink
Something that flies	chichigua
Something that flies	chinita
Something that flies	chiringa
Something that flies	chirivia
Something that flies	chiroptera
Something that flies	chiropteran
Something that flies	chisme
Something that flies	chismorreo
Something that flies	chocha
Something that flies	chochaperdiz
Something that flies	chochin
Something that flies	chorlitejo
Something that flies	chorlito
Something that flies	chorlo
Something that flies	chotacabras
Something that flies	chova
Something that flies	chuncho
Something that flies	chunga
Something that flies	chupasavia
Something that flies	ciconiidae
Something that flies	ciguena
Something that flies	ciguenela
Something that flies	ciguenuela
Something that flies	cinclidae
Something that flies	cipote
Something that flies	cisne
Something that flies	clarinero
Something that flies	clueca
Something that flies	cochin
Something that flies	codorniz
Something that flies	cohete
Something that flies	coleoptera
Something that flies	coleoptero
Something that flies	coleopteros
Something that flies	colibri
Something that flies	colimbo
Something that flies	colirrojo
Something that flies	collalba
Something that flies	colleja
Something that flies	collocalini
Something that flies	colugo
Something that flies	columbiforme
Something that flies	cometa
Something that flies	condor
Something that flies	contopus
Something that flies	copo
Something that flies	coraciforme
Something that flies	cormoran
Something that flies	corneja
Something that flies	correcaminos
Something that flies	corredor
Something that flies	corvejon
Something that flies	corvido
Something that flies	coscoroba
Something that flies	cosmonauta
Something that flies	cosmonave
Something that flies	cotilleo
Something that flies	cotinga
Something that flies	cotingidae
Something that flies	courlan
Something that flies	cracinae
Something that flies	crake
Something that flies	crane
Something that flies	cucaburra
Something that flies	cucarachero
Something that flies	cuclillo
Something that flies	cuco
Something that flies	cuculiforme
Something that flies	cuerporruin
Something that flies	cuervo
Something that flies	currawong
Something that flies	curruca
Something that flies	cursorius
Something that flies	curuca
Something that flies	cyanerpes
Something that flies	dacelo
Something that flies	damero
Something that flies	danaid
Something that flies	dardo
Something that flies	daw
Something that flies	deltaplano
Something that flies	dermoptera
Something that flies	dermoptero
Something that flies	desollador
Something that flies	dinornithidae
Something that flies	diomedeidae
Something that flies	dirigible
Something that flies	dodo
Something that flies	dotrel
Something that flies	dragon
Something that flies	drepanis
Something that flies	dronte
Something that flies	duende
Something that flies	eider
Something that flies	emu
Something that flies	encantadora
Something that flies	erne
Something that flies	escarabajo
Something that flies	escoba
Something that flies	escollo
Something that flies	escolopacido
Something that flies	escribano
Something that flies	esfenisciforme
Something that flies	esfingido
Something that flies	esmerejon
Something that flies	esparavan
Something that flies	espatula
Something that flies	estornino
Something that flies	estupido
Something that flies	eurylaimidae
Something that flies	fabula
Something that flies	faisan
Something that flies	falaropo
Something that flies	falcon
Something that flies	falconiforme
Something that flies	falena
Something that flies	fasianido
Something that flies	fay
Something that flies	fenix
Something that flies	flamenco
Something that flies	flecha
Something that flies	focha
Something that flies	foja
Something that flies	follaje
Something that flies	frailecillo
Something that flies	fratercula
Something that flies	fringillidae
Something that flies	frisbee
Something that flies	fulmar
Something that flies	fulmarus
Something that flies	fumarel
Something that flies	galbulidae
Something that flies	gallereta
Something that flies	gallina
Something that flies	gallinaceo
Something that flies	gallineta
Something that flies	gallinula
Something that flies	gallito
Something that flies	gallo
Something that flies	ganga
Something that flies	ganso
Something that flies	garceta
Something that flies	garcita
Something that flies	garrapatero
Something that flies	garza
Something that flies	gavia
Something that flies	gaviforme
Something that flies	gavilan
Something that flies	gavion
Something that flies	gaviota
Something that flies	gaviotin
Something that flies	gelechiid
Something that flies	gerifalte
Something that flies	glareole
Something that flies	globo
Something that flies	glossina
Something that flies	godwit
Something that flies	golondrina
Something that flies	gorgiblanco
Something that flies	gorrion
Something that flies	graja
Something that flies	grajilla
Something that flies	grajo
Something that flies	grayhen
Something that flies	graylag
Something that flies	greyhen
Something that flies	grifo
Something that flies	grifon
Something that flies	grigallo
Something that flies	grossbeak
Something that flies	grua
Something that flies	grulla
Something that flies	guacamaya
Something that flies	guacamayo
Something that flies	guacharo
Something that flies	guaco
Something that flies	guan
Something that flies	guanajo
Something that flies	guincho
Something that flies	guinea
Something that flies	hablada
Something that flies	hablador
Something that flies	habladuria
Something that flies	hablilla
Something that flies	hada
Something that flies	hairstreak
Something that flies	halcon
Something that flies	hangbird
Something that flies	harpia
Something that flies	hechicera
Something that flies	helicoptero
Something that flies	hemipode
Something that flies	herrerillo
Something that flies	heterocero
Something that flies	hidroavion
Something that flies	hidroplano
Something that flies	himantopus
Something that flies	hoactzin
Something that flies	hoatzin
Something that flies	hoco
Something that flies	hoja
Something that flies	hormiguero
Something that flies	hornbill
Something that flies	hornero
Something that flies	hortelano
Something that flies	humo
Something that flies	ibis
Something that flies	icterido
Something that flies	idiota
Something that flies	imbecil
Something that flies	indicador
Something that flies	inseparable
Something that flies	jabiru
Something that flies	jacamar
Something that flies	jaeger
Something that flies	jet
Something that flies	jilguero
Something that flies	jorge
Something that flies	jota
Something that flies	jote
Something that flies	jumbojet
Something that flies	junco
Something that flies	jynx
Something that flies	kamikaze
Something that flies	kea
Something that flies	kiwi
Something that flies	lagarta
Something that flies	lagopodo
Something that flies	langosta
Something that flies	larid
Something that flies	larido
Something that flies	lavandera
Something that flies	lechuza
Something that flies	leipoa
Something that flies	lemurido
Something that flies	leno
Something that flies	lento
Something that flies	lentorro
Something that flies	libelula
Something that flies	limicola
Something that flies	limnodromus
Something that flies	llueca
Something that flies	longlegs
Something that flies	loro
Something that flies	luciernaga
Something that flies	macrotus
Something that flies	maleo
Something that flies	mamaco
Something that flies	mameluco
Something that flies	mamo
Something that flies	manta
Something that flies	marabu
Something that flies	mariamulata
Something that flies	mariposa
Something that flies	mariquita
Something that flies	martinete
Something that flies	megabat
Something that flies	megachiroptera
Something that flies	megapode
Something that flies	megapodiidae
Something that flies	megapodo
Something that flies	mergo
Something that flies	microbat
Something that flies	milano
Something that flies	mina
Something that flies	minah
Something that flies	mirlo
Something that flies	misil
Something that flies	moa
Something that flies	mochete
Something that flies	mochuelo
Something that flies	molothrus
Something that flies	momot
Something that flies	monal
Something that flies	monarca
Something that flies	monaul
Something that flies	monoplano
Something that flies	moqueta
Something that flies	morabito
Something that flies	mosca
Something that flies	moscarda
Something that flies	moscardon
Something that flies	mosco
Something that flies	moscon
Something that flies	mosquitero
Something that flies	mosquito
Something that flies	mostrenco
Something that flies	motmot
Something that flies	muitu
Something that flies	murcielago
Something that flies	musophagidae
Something that flies	myiarchus
Something that flies	myna
Something that flies	nandu
Something that flies	nave
Something that flies	negron
Something that flies	ninfa
Something that flies	ninfas
Something that flies	notornis
Something that flies	nymphalid
Something that flies	oca
Something that flies	ocasion
Something that flies	ocioso
Something that flies	oenanthe
Something that flies	oestridae
Something that flies	oncejo
Something that flies	onedora
Something that flies	onocrotalo
Something that flies	orbitador
Something that flies	orejudo
Something that flies	ornitoptero
Something that flies	oropendola
Something that flies	oscine
Something that flies	ostrero
Something that flies	ovni
Something that flies	pagalo
Something that flies	paino
Something that flies	pajarito
Something that flies	pajaro
Something that flies	paloma
Something that flies	palomilla
Something that flies	palomino
Something that flies	palomo
Something that flies	pandero
Something that flies	pandorga
Something that flies	panoli
Something that flies	papafigo
Something that flies	papagayo
Something that flies	papalote
Something that flies	papamoscas
Something that flies	paracaidas
Something that flies	paracaidista
Something that flies	parado
Something that flies	paraquet
Something that flies	pardal
Something that flies	pardela
Something that flies	pardillo
Something that flies	paro
Something that flies	paroquet
Something that flies	parroket
Something that flies	paseriforme
Something that flies	passeri
Something that flies	patito
Something that flies	pato
Something that flies	pavo
Something that flies	pavon
Something that flies	pechiazul
Something that flies	pegaso
Something that flies	pelecaniforme
Something that flies	pelecanus
Something that flies	pelicano
Something that flies	pelota
Something that flies	pepita
Something that flies	perdiz
Something that flies	perico
Something that flies	periquito
Something that flies	petirrojo
Something that flies	petrel
Something that flies	phaethon
Something that flies	phalacrocorax
Something that flies	phalaropus
Something that flies	phoenicopterus
Something that flies	phoenix
Something that flies	picaflor
Something that flies	picamaderos
Something that flies	picaza
Something that flies	pichon
Something that flies	piciforme
Something that flies	picogordo
Something that flies	picopando
Something that flies	picozapato
Something that flies	piculet
Something that flies	pierid
Something that flies	pigargo
Something that flies	piloto
Something that flies	pinguino
Something that flies	pintada
Something that flies	pinzon
Something that flies	pipilacha
Something that flies	pipilo
Something that flies	pipistrel
Something that flies	pipridae
Something that flies	piquituerto
Something that flies	pisco
Something that flies	pita
Something that flies	pitta
Something that flies	plaga
Something that flies	planeador
Something that flies	playero
Something that flies	pluma
Something that flies	plumaje
Something that flies	podargidae
Something that flies	podicipedidae
Something that flies	polen
Something that flies	polilla
Something that flies	polioptilidae
Something that flies	polla
Something that flies	pollito
Something that flies	pollo
Something that flies	polluela
Something that flies	polluelo
Something that flies	polvo
Something that flies	pompa
Something that flies	ponedora
Something that flies	porron
Something that flies	pradero
Something that flies	primilla
Something that flies	primo
Something that flies	proceraliforme
Something that flies	propjet
Something that flies	protoavis
Something that flies	proyectil
Something that flies	prunellidae
Something that flies	psittaciformes
Something that flies	pyrrhuloxia
Something that flies	quetzal
Something that flies	quiroptero
Something that flies	quiropteros
Something that flies	ramphastidae
Something that flies	rapaz
Something that flies	raptor
Something that flies	ratitae
Something that flies	ratona
Something that flies	ratonero
Something that flies	rayuelo
Something that flies	reactor
Something that flies	regulo
Something that flies	rehilete
Something that flies	reinita
Something that flies	remora
Something that flies	reyezuelo
Something that flies	rezagado
Something that flies	riflebird
Something that flies	rissa
Something that flies	rola
Something that flies	ruisenor
Something that flies	rumor
Something that flies	rumores
Something that flies	rynchopidae
Something that flies	sarantonton
Something that flies	satelite
Something that flies	saturniid
Something that flies	sawbill
Something that flies	scrubbird
Something that flies	secretario
Something that flies	semidios
Something that flies	semilla
Something that flies	serotine
Something that flies	serpentario
Something that flies	serreta
Something that flies	sialia
Something that flies	silbon
Something that flies	simiente
Something that flies	simplon
Something that flies	sinsonte
Something that flies	sita
Something that flies	smew
Something that flies	snakebird
Something that flies	solan
Something that flies	soldadito
Something that flies	somorgujo
Something that flies	somorgujon
Something that flies	somormujo
Something that flies	sorbo
Something that flies	spheniscidae
Something that flies	splitworm
Something that flies	sprigtail
Something that flies	stepera
Something that flies	stiltbird
Something that flies	stinkbird
Something that flies	strayer
Something that flies	strigiformes
Something that flies	sturnidae
Something that flies	sula
Something that flies	superhombre
Something that flies	surfbird
Something that flies	swamphen
Something that flies	tabano
Something that flies	tadorna
Something that flies	tailorbird
Something that flies	takahe
Something that flies	tangara
Something that flies	tantalo
Something that flies	tapete
Something that flies	tarabilla
Something that flies	tarro
Something that flies	tecolote
Something that flies	tejedor
Something that flies	tercel
Something that flies	tercelet
Something that flies	tern
Something that flies	thamnophilidae
Something that flies	thraupidae
Something that flies	tichodrome
Something that flies	tiercel
Something that flies	tinamidae
Something that flies	tinamu
Something that flies	tineid
Something that flies	titlark
Something that flies	titmouse
Something that flies	todidae
Something that flies	tomtit
Something that flies	tonto
Something that flies	toqui
Something that flies	torcecuello
Something that flies	tordo
Something that flies	torpe
Something that flies	tortola
Something that flies	tortricido
Something that flies	tortuga
Something that flies	touraco
Something that flies	trepador
Something that flies	trochilidae
Something that flies	troglodytidae
Something that flies	trogon
Something that flies	tsetse
Something that flies	tucan
Something that flies	tucuquere
Something that flies	turaco
Something that flies	turacou
Something that flies	turbofan
Something that flies	turbohelice
Something that flies	turbojet
Something that flies	turbopropulsor
Something that flies	turborreactor
Something that flies	turdido
Something that flies	turpial
Something that flies	turtledove
Something that flies	tusseh
Something that flies	tusser
Something that flies	tussore
Something that flies	tussur
Something that flies	tzetze
Something that flies	ubermensch
Something that flies	ultraligero
Something that flies	urogallo
Something that flies	urraca
Something that flies	vampiro
Something that flies	vapor
Something that flies	velero
Something that flies	vencejo
Something that flies	verdecillo
Something that flies	verderon
Something that flies	verdin
Something that flies	verdugo
Something that flies	vespa
Something that flies	vespertilionid
Something that flies	vez
Something that flies	vireo
Something that flies	volante
Something that flies	volteadora
Something that flies	voz
Something that flies	vuelvepiedras
Something that flies	wasp
Something that flies	weaverbird
Something that flies	weka
Something that flies	willet
Something that flies	yabiru
Something that flies	zambullidor
Something that flies	zampullin
Something that flies	zanate
Something that flies	zancudo
Something that flies	zangano
Something that flies	zarapito
Something that flies	zarceta
Something that flies	zepelin
Something that flies	zopilote
Something that flies	zorzal
A type of food	abadejo
A type of food	abreboca
A type of food	aceda
A type of food	acedera
A type of food	acedia
A type of food	aceituna
A type of food	aceitunas
A type of food	acelga
A type of food	acemite
A type of food	acerola
A type of food	achicoria
A type of food	acimboga
A type of food	acompanamiento
A type of food	adaza
A type of food	aderezo
A type of food	adobo
A type of food	afrecho
A type of food	agregado
A type of food	agrilla
A type of food	aguacate
A type of food	aguaturma
A type of food	ajedrea
A type of food	aji
A type of food	ajiaceite
A type of food	ajo
A type of food	albacora
A type of food	albahaca
A type of food	albaricoque
A type of food	albaricoquero
A type of food	albondiga
A type of food	albumen
A type of food	albumina
A type of food	alcachofa
A type of food	alcahueta
A type of food	alcaparras
A type of food	alcaravea
A type of food	alcazuz
A type of food	alemana
A type of food	alemanda
A type of food	alfoncigo
A type of food	alforfon
A type of food	algarroba
A type of food	alholva
A type of food	alimento
A type of food	alino
A type of food	alioli
A type of food	alita
A type of food	allemande
A type of food	almeja
A type of food	almendra
A type of food	almendrado
A type of food	almendro
A type of food	almez
A type of food	almeza
A type of food	almibar
A type of food	almidones
A type of food	alubia
A type of food	amasijo
A type of food	anacardo
A type of food	anal
A type of food	anana
A type of food	ananas
A type of food	anchoa
A type of food	angelica
A type of food	anguila
A type of food	angula
A type of food	anillo
A type of food	anis
A type of food	antipasto
A type of food	aperitivo
A type of food	apio
A type of food	arandano
A type of food	arenque
A type of food	arrope
A type of food	arroz
A type of food	arveja
A type of food	arvejana
A type of food	arvejona
A type of food	asadura
A type of food	asaduras
A type of food	asimina
A type of food	aspartame
A type of food	aspartamo
A type of food	ate
A type of food	atun
A type of food	avellana
A type of food	avena
A type of food	avenate
A type of food	aves
A type of food	ayote
A type of food	azafran
A type of food	azucar
A type of food	azufaifa
A type of food	azufaifo
A type of food	baba
A type of food	babka
A type of food	bacalao
A type of food	baclava
A type of food	bacon
A type of food	bagel
A type of food	bagre
A type of food	baguete
A type of food	baguette
A type of food	baklava
A type of food	baklawa
A type of food	banana
A type of food	bananero
A type of food	banano
A type of food	bap
A type of food	barbacoa
A type of food	barbo
A type of food	barquillo
A type of food	barra
A type of food	baya
A type of food	bechamel
A type of food	beicon
A type of food	beigel
A type of food	beignet
A type of food	berberecho
A type of food	berdel
A type of food	berenjena
A type of food	berro
A type of food	berza
A type of food	besamel
A type of food	besamela
A type of food	besugo
A type of food	betarraga
A type of food	beterraga
A type of food	bialy
A type of food	bife
A type of food	biftec
A type of food	bigaro
A type of food	biltong
A type of food	biscote
A type of food	biste
A type of food	bistec
A type of food	bizcocho
A type of food	bleda
A type of food	blini
A type of food	blintz
A type of food	blintze
A type of food	bliny
A type of food	bocadillo
A type of food	bocata
A type of food	boeuf
A type of food	bogavante
A type of food	bollo
A type of food	bombon
A type of food	bonito
A type of food	boqueron
A type of food	borona
A type of food	borraja
A type of food	borrego
A type of food	borscht
A type of food	bouillabaisse
A type of food	bratwurst
A type of food	brecol
A type of food	brema
A type of food	breva
A type of food	brindis
A type of food	brioche
A type of food	broccoli
A type of food	brocoli
A type of food	broculi
A type of food	broiler
A type of food	broqueta
A type of food	brownie
A type of food	buccino
A type of food	budin
A type of food	buey
A type of food	bufalo
A type of food	bulghur
A type of food	bulgur
A type of food	bullabesa
A type of food	bun
A type of food	bunuelo
A type of food	burger
A type of food	burrito
A type of food	caballa
A type of food	caballo
A type of food	cacahuate
A type of food	cacahuete
A type of food	cacahuey
A type of food	cacao
A type of food	cadera
A type of food	cajuil
A type of food	cake
A type of food	calabacera
A type of food	calabacin
A type of food	calabacita
A type of food	calabaza
A type of food	calamar
A type of food	calamares
A type of food	caldo
A type of food	callos
A type of food	camaron
A type of food	cambaro
A type of food	cambur
A type of food	canape
A type of food	canela
A type of food	canelones
A type of food	cangrejo
A type of food	canijo
A type of food	cantalupo
A type of food	capon
A type of food	capuchina
A type of food	caqui
A type of food	caracol
A type of food	carambola
A type of food	caramelo
A type of food	carbonara
A type of food	cardamomo
A type of food	cardamum
A type of food	carlota
A type of food	carlotina
A type of food	carne
A type of food	carnero
A type of food	carpa
A type of food	casaba
A type of food	casabe
A type of food	casava
A type of food	castana
A type of food	catchup
A type of food	catsup
A type of food	caujil
A type of food	caviar
A type of food	cayena
A type of food	cazuela
A type of food	cebada
A type of food	cebolla
A type of food	cebolleta
A type of food	cebollino
A type of food	cerafolio
A type of food	cerdo
A type of food	cereal
A type of food	cereales
A type of food	cerefolio
A type of food	cereza
A type of food	chalote
A type of food	chanquete
A type of food	chapati
A type of food	cheddar
A type of food	cheeseburger
A type of food	chicle
A type of food	chicoria
A type of food	chile
A type of food	china
A type of food	chincapin
A type of food	chinkapin
A type of food	chip
A type of food	chirimoya
A type of food	chirivia
A type of food	chitlins
A type of food	chocolate
A type of food	chorizo
A type of food	chowder
A type of food	chucru
A type of food	chucrut
A type of food	chucruta
A type of food	chuleta
A type of food	chupachups
A type of food	chupachus
A type of food	chupeta
A type of food	chupete
A type of food	chupetin
A type of food	churro
A type of food	chutney
A type of food	cidra
A type of food	cigala
A type of food	cilantro
A type of food	ciruela
A type of food	ciruelo
A type of food	citrico
A type of food	citron
A type of food	citrus
A type of food	clara
A type of food	clavo
A type of food	clupea
A type of food	cobista
A type of food	coca
A type of food	cocido
A type of food	coco
A type of food	coctel
A type of food	codorniz
A type of food	col
A type of food	coleslaw
A type of food	coliflor
A type of food	colinabo
A type of food	colirrabano
A type of food	colombina
A type of food	colorante
A type of food	comedor
A type of food	comida
A type of food	compota
A type of food	concentrado
A type of food	condimento
A type of food	conejo
A type of food	confeccion
A type of food	confit
A type of food	confitura
A type of food	congou
A type of food	conserva
A type of food	conservas
A type of food	consome
A type of food	consuelda
A type of food	copra
A type of food	coral
A type of food	corazon
A type of food	cordero
A type of food	coriandro
A type of food	cornbread
A type of food	corte
A type of food	corva
A type of food	costilla
A type of food	costillar
A type of food	coulis
A type of food	couscous
A type of food	crema
A type of food	crep
A type of food	crepe
A type of food	crespon
A type of food	croissant
A type of food	croqueta
A type of food	crouton
A type of food	cruasan
A type of food	crudite
A type of food	crudites
A type of food	crumpet
A type of food	cuajada
A type of food	cuartos
A type of food	cucas
A type of food	cuello
A type of food	cuerno
A type of food	culantro
A type of food	cupcake
A type of food	cura
A type of food	curcuma
A type of food	curry
A type of food	curtida
A type of food	cuscurro
A type of food	cuscus
A type of food	damasco
A type of food	datil
A type of food	delicatessen
A type of food	dinero
A type of food	divinidad
A type of food	dolmas
A type of food	dona
A type of food	donut
A type of food	duff
A type of food	dulce
A type of food	dumpling
A type of food	duraznero
A type of food	durazno
A type of food	durian
A type of food	eclair
A type of food	edulcorante
A type of food	eglefino
A type of food	embutido
A type of food	empanada
A type of food	empanadilla
A type of food	emparedado
A type of food	emperador
A type of food	enano
A type of food	enchilada
A type of food	encurtido
A type of food	endibia
A type of food	endivia
A type of food	endulzante
A type of food	eneldo
A type of food	ensalada
A type of food	entranas
A type of food	entrante
A type of food	entremets
A type of food	eperlano
A type of food	escabeche
A type of food	escalonia
A type of food	escalope
A type of food	escargot
A type of food	escarola
A type of food	escombro
A type of food	espadin
A type of food	espagueti
A type of food	espaguetis
A type of food	espalda
A type of food	espaldilla
A type of food	esparrago
A type of food	especia
A type of food	especial
A type of food	esperiano
A type of food	espinaca
A type of food	estofado
A type of food	estragon
A type of food	faba
A type of food	faisan
A type of food	falafel
A type of food	falda
A type of food	farsa
A type of food	fatback
A type of food	fecha
A type of food	feijoa
A type of food	fenogreco
A type of food	fettuccine
A type of food	fettuccini
A type of food	fibra
A type of food	fideo
A type of food	fideos
A type of food	figura
A type of food	filete
A type of food	filoa
A type of food	finocchio
A type of food	flan
A type of food	flavorer
A type of food	flavourer
A type of food	fondant
A type of food	fondue
A type of food	forraje
A type of food	frambuesa
A type of food	frambueso
A type of food	frangipane
A type of food	frankfurt
A type of food	freidora
A type of food	fresa
A type of food	freson
A type of food	fricando
A type of food	fricase
A type of food	frijol
A type of food	frumenty
A type of food	fruta
A type of food	frutilla
A type of food	fuente
A type of food	fugu
A type of food	fulana
A type of food	gacha
A type of food	gachas
A type of food	galantina
A type of food	galleta
A type of food	gallina
A type of food	gallinejas
A type of food	galloanserae
A type of food	gamba
A type of food	ganso
A type of food	garbanzo
A type of food	garroba
A type of food	garrofa
A type of food	garrubia
A type of food	gazpacho
A type of food	gelatina
A type of food	genoise
A type of food	ghi
A type of food	gigot
A type of food	ginjol
A type of food	gnocchi
A type of food	gofre
A type of food	golfa
A type of food	golosina
A type of food	gominola
A type of food	gragea
A type of food	granada
A type of food	granadilla
A type of food	granadina
A type of food	grano
A type of food	granola
A type of food	gravy
A type of food	grosella
A type of food	guacamole
A type of food	guanabana
A type of food	guanabano
A type of food	guanajo
A type of food	guarnicion
A type of food	guayaba
A type of food	guinda
A type of food	guindilla
A type of food	guisado
A type of food	guisante
A type of food	guiso
A type of food	guita
A type of food	gulasch
A type of food	gulash
A type of food	gumbo
A type of food	haba
A type of food	habichuela
A type of food	haggis
A type of food	halibut
A type of food	hallah
A type of food	hamburguesa
A type of food	hardtack
A type of food	harina
A type of food	haslet
A type of food	hayuco
A type of food	helado
A type of food	hierba
A type of food	hierbas
A type of food	higado
A type of food	higo
A type of food	hinojo
A type of food	hipogloso
A type of food	hisopo
A type of food	hoagie
A type of food	hojuela
A type of food	hongo
A type of food	hortaliza
A type of food	hostia
A type of food	hotdog
A type of food	hueva
A type of food	huevo
A type of food	huito
A type of food	hummus
A type of food	humus
A type of food	hyson
A type of food	infusion
A type of food	ingrediente
A type of food	inquietud
A type of food	intranquilidad
A type of food	italiano
A type of food	jagua
A type of food	jaiba
A type of food	jak
A type of food	jala
A type of food	jalapeno
A type of food	jalea
A type of food	jambalaya
A type of food	jambon
A type of food	jamon
A type of food	jarabe
A type of food	jarope
A type of food	jarrete
A type of food	jedrea
A type of food	jengibre
A type of food	judia
A type of food	jugo
A type of food	jumbal
A type of food	kaki
A type of food	kale
A type of food	kasha
A type of food	kebab
A type of food	kedgeree
A type of food	ketchup
A type of food	kipper
A type of food	kiwi
A type of food	knish
A type of food	kumquat
A type of food	lagosta
A type of food	lana
A type of food	langosta
A type of food	lapa
A type of food	lardo
A type of food	lasagna
A type of food	lasana
A type of food	latke
A type of food	leberwurst
A type of food	lecha
A type of food	leche
A type of food	lechecillas
A type of food	lechosa
A type of food	lechuga
A type of food	legumbre
A type of food	lekvar
A type of food	lengua
A type of food	lenguado
A type of food	lenteja
A type of food	levistico
A type of food	lichi
A type of food	ligustico
A type of food	lima
A type of food	limon
A type of food	linguine
A type of food	linguini
A type of food	litchee
A type of food	litorina
A type of food	llanten
A type of food	loblolly
A type of food	lobscouse
A type of food	lobscuse
A type of food	loli
A type of food	lomo
A type of food	lomos
A type of food	losange
A type of food	lubina
A type of food	lucio
A type of food	lucro
A type of food	lutefisk
A type of food	lutfisk
A type of food	macaroon
A type of food	macarron
A type of food	macarrones
A type of food	macedonia
A type of food	macis
A type of food	magdalena
A type of food	mahonesa
A type of food	maiz
A type of food	makarones
A type of food	malagueta
A type of food	malestar
A type of food	malta
A type of food	malvadisco
A type of food	malvavisco
A type of food	mamon
A type of food	mandarina
A type of food	mandioca
A type of food	manga
A type of food	mangifera
A type of food	mango
A type of food	mangostan
A type of food	mangostino
A type of food	mani
A type of food	manjar
A type of food	manteca
A type of food	mantecado
A type of food	mantequilla
A type of food	manzana
A type of food	maranon
A type of food	margarina
A type of food	marinada
A type of food	marinara
A type of food	marisco
A type of food	mariscos
A type of food	marrasquino
A type of food	marsmelo
A type of food	masa
A type of food	mascarpone
A type of food	matza
A type of food	matzo
A type of food	matzoh
A type of food	mayonesa
A type of food	mayorana
A type of food	mazapan
A type of food	mejillon
A type of food	mejorana
A type of food	melado
A type of food	melaza
A type of food	melocoton
A type of food	melocotonero
A type of food	melon
A type of food	membrillo
A type of food	menudillos
A type of food	menudo
A type of food	menudos
A type of food	meretriz
A type of food	merey
A type of food	merluza
A type of food	mermelada
A type of food	mero
A type of food	mezcla
A type of food	miel
A type of food	mijo
A type of food	millo
A type of food	mincemeat
A type of food	minestrone
A type of food	mirtilo
A type of food	miso
A type of food	moca
A type of food	mojado
A type of food	mole
A type of food	molienda
A type of food	mollejas
A type of food	mollera
A type of food	mono
A type of food	mora
A type of food	morlango
A type of food	morquera
A type of food	mortadela
A type of food	mosca
A type of food	moscatel
A type of food	mostachon
A type of food	mostaza
A type of food	moussaka
A type of food	mousse
A type of food	mouton
A type of food	mozzarella
A type of food	muesli
A type of food	muffin
A type of food	mujol
A type of food	mulligan
A type of food	mulligatawny
A type of food	musaca
A type of food	naan
A type of food	nabicol
A type of food	nabo
A type of food	nacho
A type of food	name
A type of food	naranja
A type of food	nata
A type of food	natilla
A type of food	natillas
A type of food	nectarina
A type of food	nieve
A type of food	nispero
A type of food	noqui
A type of food	noquis
A type of food	nougat
A type of food	nube
A type of food	nucula
A type of food	nuez
A type of food	nutriente
A type of food	oblea
A type of food	oca
A type of food	oleo
A type of food	oliva
A type of food	olivas
A type of food	oolong
A type of food	oregano
A type of food	orozuz
A type of food	orzo
A type of food	ostra
A type of food	ostrea
A type of food	ovas
A type of food	ovoalbumina
A type of food	ovulo
A type of food	pacana
A type of food	paella
A type of food	pajuil
A type of food	paleta
A type of food	paletilla
A type of food	paloma
A type of food	palomilla
A type of food	palomitas
A type of food	palta
A type of food	paltus
A type of food	pan
A type of food	pancake
A type of food	panceta
A type of food	panecillo
A type of food	panocha
A type of food	panoche
A type of food	panqueca
A type of food	panqueque
A type of food	papa
A type of food	papaia
A type of food	papaya
A type of food	papayo
A type of food	papilla
A type of food	paprika
A type of food	parfait
A type of food	parne
A type of food	pasa
A type of food	pasta
A type of food	pastas
A type of food	paste
A type of food	pastel
A type of food	pasteleria
A type of food	pastilla
A type of food	pastinaca
A type of food	pastrami
A type of food	pataca
A type of food	patata
A type of food	pate
A type of food	pato
A type of food	pavo
A type of food	pecan
A type of food	peces
A type of food	pecho
A type of food	pekoe
A type of food	peladilla
A type of food	pelas
A type of food	pelota
A type of food	pemican
A type of food	pemmican
A type of food	penne
A type of food	penoche
A type of food	penuche
A type of food	pepinillo
A type of food	pepinillos
A type of food	pepino
A type of food	pepita
A type of food	pepperoni
A type of food	pera
A type of food	perca
A type of food	perdiz
A type of food	perejil
A type of food	perifolio
A type of food	perifollo
A type of food	pernil
A type of food	perrito
A type of food	pescadilla
A type of food	pescado
A type of food	pescar
A type of food	pescuezo
A type of food	pesto
A type of food	pez
A type of food	phyllo
A type of food	picadillo
A type of food	piccalilli
A type of food	pickles
A type of food	picles
A type of food	pieplant
A type of food	pierna
A type of food	pignolia
A type of food	pilaf
A type of food	pilau
A type of food	pilaw
A type of food	pimenton
A type of food	pimienta
A type of food	pimiento
A type of food	pina
A type of food	pinole
A type of food	pinon
A type of food	pipoca
A type of food	pirogi
A type of food	pirozhki
A type of food	piruleta
A type of food	piruli
A type of food	pisces
A type of food	pisco
A type of food	pistacho
A type of food	pita
A type of food	pizza
A type of food	platano
A type of food	platija
A type of food	plato
A type of food	pocha
A type of food	poi
A type of food	polenta
A type of food	pollo
A type of food	polo
A type of food	polvoron
A type of food	pomelo
A type of food	pone
A type of food	ponque
A type of food	popover
A type of food	porc
A type of food	porro
A type of food	porterhouse
A type of food	postre
A type of food	postres
A type of food	potaje
A type of food	poulet
A type of food	praline
A type of food	preocupacion
A type of food	preparado
A type of food	pretzel
A type of food	profiterol
A type of food	prosciutto
A type of food	prostituta
A type of food	puches
A type of food	pud
A type of food	pudding
A type of food	pudin
A type of food	puding
A type of food	puerro
A type of food	pulpo
A type of food	pumpernickel
A type of food	puta
A type of food	quark
A type of food	quebab
A type of food	quequi
A type of food	quesada
A type of food	quesadilla
A type of food	queso
A type of food	quiche
A type of food	quinoto
A type of food	quivi
A type of food	rabada
A type of food	rabano
A type of food	radicchio
A type of food	ragu
A type of food	ramekin
A type of food	ramera
A type of food	ratatouille
A type of food	ravigote
A type of food	ravioles
A type of food	ravioli
A type of food	raviolis
A type of food	rebozado
A type of food	regaliz
A type of food	relish
A type of food	relleno
A type of food	remolacha
A type of food	renacuajo
A type of food	reposteria
A type of food	ribier
A type of food	ricotta
A type of food	rigatoni
A type of food	risotto
A type of food	rissole
A type of food	robalo
A type of food	rodaballo
A type of food	rodete
A type of food	rollmops
A type of food	romero
A type of food	rosca
A type of food	rosquilla
A type of food	roulade
A type of food	roux
A type of food	ruda
A type of food	ruibarbo
A type of food	rusk
A type of food	ruta
A type of food	rutabaga
A type of food	sabalo
A type of food	sabayon
A type of food	saboga
A type of food	saborea
A type of food	sacarina
A type of food	sal
A type of food	salami
A type of food	salchicha
A type of food	salchichon
A type of food	salmon
A type of food	salmonete
A type of food	salpicon
A type of food	salsa
A type of food	salsifi
A type of food	salvado
A type of food	salvia
A type of food	samosa
A type of food	sandia
A type of food	sanduche
A type of food	sandwich
A type of food	sandy
A type of food	sapota
A type of food	sapote
A type of food	sapsago
A type of food	sarda
A type of food	sardina
A type of food	sardineta
A type of food	sasafras
A type of food	sashimi
A type of food	satsuma
A type of food	sauerbraten
A type of food	savarin
A type of food	saveloy
A type of food	sazonador
A type of food	scallopine
A type of food	scallopini
A type of food	scampi
A type of food	scampo
A type of food	schnitzel
A type of food	scrapple
A type of food	scuppernong
A type of food	semeruco
A type of food	semola
A type of food	serba
A type of food	sesos
A type of food	seta
A type of food	shortbread
A type of food	shortcake
A type of food	simoleons
A type of food	sinfito
A type of food	sirope
A type of food	slumgullion
A type of food	smoothie
A type of food	sobras
A type of food	soja
A type of food	solla
A type of food	solomillo
A type of food	solomo
A type of food	sopa
A type of food	sorbete
A type of food	sorgo
A type of food	souchong
A type of food	souffle
A type of food	souvlaki
A type of food	souvlakia
A type of food	soya
A type of food	spaghetti
A type of food	sparerib
A type of food	split
A type of food	streusel
A type of food	strudel
A type of food	submarino
A type of food	sueca
A type of food	suero
A type of food	sufle
A type of food	sukiyaki
A type of food	sultanina
A type of food	sunchoke
A type of food	sundae
A type of food	sushi
A type of food	syllabub
A type of food	tabasco
A type of food	tabbouleh
A type of food	tabule
A type of food	taco
A type of food	tagliatelle
A type of food	tahina
A type of food	tahini
A type of food	tallarin
A type of food	tallarines
A type of food	tamal
A type of food	tamarindo
A type of food	tapa
A type of food	tapioca
A type of food	taro
A type of food	tarta
A type of food	tartaleta
A type of food	tater
A type of food	teacake
A type of food	tempura
A type of food	tenpura
A type of food	teriyaki
A type of food	ternera
A type of food	terrina
A type of food	teuthida
A type of food	thunnus
A type of food	timbal
A type of food	tiramisu
A type of food	tisana
A type of food	tocino
A type of food	tofe
A type of food	toffee
A type of food	toffy
A type of food	tofu
A type of food	tomalley
A type of food	tomate
A type of food	tomillo
A type of food	topinambur
A type of food	toronja
A type of food	torrada
A type of food	torta
A type of food	torte
A type of food	tortellini
A type of food	tortilla
A type of food	tortita
A type of food	tostada
A type of food	tournedos
A type of food	trifle
A type of food	trigo
A type of food	tripa
A type of food	tripas
A type of food	triticum
A type of food	troche
A type of food	trucha
A type of food	trufa
A type of food	tupinambo
A type of food	turnedos
A type of food	turron
A type of food	ugli
A type of food	uva
A type of food	vacuno
A type of food	vainilla
A type of food	vanilla
A type of food	varilla
A type of food	veau
A type of food	veloute
A type of food	venado
A type of food	verdura
A type of food	verduras
A type of food	vermicelli
A type of food	veza
A type of food	vianda
A type of food	vichyssoise
A type of food	vieira
A type of food	vinagre
A type of food	vinagreta
A type of food	visceras
A type of food	volaille
A type of food	wantan
A type of food	wasabi
A type of food	western
A type of food	wienerwurst
A type of food	wonton
A type of food	yaca
A type of food	yema
A type of food	yerba
A type of food	yerbas
A type of food	yogur
A type of food	yogurt
A type of food	yuca
A type of food	zabaglione
A type of food	zabaione
A type of food	zanahoria
A type of food	zapallo
A type of food	zara
A type of food	zarzamora
A type of food	zep
A type of food	ziti
A type of food	zorra
A type of food	zucchini
A type of food	zumo
A word meaning happy	afortunado
A word meaning happy	agradable
A word meaning happy	agradecido
A word meaning happy	alegre
A word meaning happy	animado
A word meaning happy	apoteosica
A word meaning happy	apoteosico
A word meaning happy	asoleado
A word meaning happy	beatifico
A word meaning happy	bendito
A word meaning happy	bienaventurado
A word meaning happy	bueno
A word meaning happy	complaciente
A word meaning happy	contenta
A word meaning happy	contento
A word meaning happy	deseoso
A word meaning happy	dichosa
A word meaning happy	dichoso
A word meaning happy	dispuesto
A word meaning happy	divertido
A word meaning happy	dorado
A word meaning happy	encantado
A word meaning happy	entusiasmado
A word meaning happy	euforico
A word meaning happy	exultante
A word meaning happy	feliz
A word meaning happy	gallardo
A word meaning happy	garboso
A word meaning happy	gozoso
A word meaning happy	jovial
A word meaning happy	jubiloso
A word meaning happy	optimista
A word meaning happy	optimistico
A word meaning happy	prospero
A word meaning happy	regocijado
A word meaning happy	risueno
A word meaning happy	satisfecho
A word meaning happy	soleado
A word meaning happy	sonriente
A word meaning happy	suertudo
A word meaning happy	triunfador
A word meaning happy	triunfal
A word meaning happy	triunfante
A word meaning happy	victorioso
A tool of some kind	abotonador
A tool of some kind	abrazadera
A tool of some kind	abridor
A tool of some kind	abrochador
A tool of some kind	acelerador
A tool of some kind	acelerometro
A tool of some kind	acepilladora
A tool of some kind	acicula
A tool of some kind	acodadora
A tool of some kind	acotillo
A tool of some kind	actinometro
A tool of some kind	adagio
A tool of some kind	aeronave
A tool of some kind	aeroplano
A tool of some kind	afeitadora
A tool of some kind	afiladera
A tool of some kind	afilador
A tool of some kind	afiladora
A tool of some kind	afilon
A tool of some kind	aforismo
A tool of some kind	aguja
A tool of some kind	alarma
A tool of some kind	alcotana
A tool of some kind	aldaba
A tool of some kind	alesna
A tool of some kind	alfareria
A tool of some kind	alicate
A tool of some kind	alicates
A tool of some kind	almadana
A tool of some kind	almadena
A tool of some kind	altacimut
A tool of some kind	altimetro
A tool of some kind	alzaprima
A tool of some kind	alzavalvulas
A tool of some kind	amoladera
A tool of some kind	amperimetro
A tool of some kind	amplificador
A tool of some kind	anemometro
A tool of some kind	aneroide
A tool of some kind	antorcha
A tool of some kind	anzuelo
A tool of some kind	aplicador
A tool of some kind	arada
A tool of some kind	arado
A tool of some kind	arar
A tool of some kind	arco
A tool of some kind	areometro
A tool of some kind	arpeo
A tool of some kind	arpon
A tool of some kind	arranque
A tool of some kind	aserradero
A tool of some kind	aserrador
A tool of some kind	asta
A tool of some kind	astrolabio
A tool of some kind	ataharre
A tool of some kind	atizador
A tool of some kind	atmidometro
A tool of some kind	atmometro
A tool of some kind	audimetro
A tool of some kind	audiometro
A tool of some kind	avion
A tool of some kind	azada
A tool of some kind	azadon
A tool of some kind	azuela
A tool of some kind	balanza
A tool of some kind	balde
A tool of some kind	baqueta
A tool of some kind	barografo
A tool of some kind	barometro
A tool of some kind	barong
A tool of some kind	barra
A tool of some kind	barredera
A tool of some kind	barrena
A tool of some kind	barreno
A tool of some kind	bascula
A tool of some kind	baston
A tool of some kind	bat
A tool of some kind	bate
A tool of some kind	baticola
A tool of some kind	batidor
A tool of some kind	batidora
A tool of some kind	batuta
A tool of some kind	baupres
A tool of some kind	bayoneta
A tool of some kind	berbiqui
A tool of some kind	bieldo
A tool of some kind	bigornia
A tool of some kind	birome
A tool of some kind	bisturi
A tool of some kind	boli
A tool of some kind	boligrafo
A tool of some kind	bolometro
A tool of some kind	borra
A tool of some kind	borrador
A tool of some kind	boscaje
A tool of some kind	bosquecillo
A tool of some kind	bosquete
A tool of some kind	botalon
A tool of some kind	botavara
A tool of some kind	broadaxe
A tool of some kind	broca
A tool of some kind	brocha
A tool of some kind	broza
A tool of some kind	brujula
A tool of some kind	bruza
A tool of some kind	bullnose
A tool of some kind	bureta
A tool of some kind	buril
A tool of some kind	caber
A tool of some kind	cacerola
A tool of some kind	cachiporra
A tool of some kind	cachivache
A tool of some kind	cafetera
A tool of some kind	calafatear
A tool of some kind	calamo
A tool of some kind	calculista
A tool of some kind	caldera
A tool of some kind	caldero
A tool of some kind	calibrador
A tool of some kind	calibre
A tool of some kind	calorimetro
A tool of some kind	cambiar
A tool of some kind	canalete
A tool of some kind	carboncillo
A tool of some kind	carcel
A tool of some kind	carcelero
A tool of some kind	carretilla
A tool of some kind	carril
A tool of some kind	carrilera
A tool of some kind	cartabon
A tool of some kind	cascanueces
A tool of some kind	cayado
A tool of some kind	cazo
A tool of some kind	cepillo
A tool of some kind	ceramica
A tool of some kind	cerrojo
A tool of some kind	chala
A tool of some kind	chancla
A tool of some kind	chancleta
A tool of some kind	chascona
A tool of some kind	china
A tool of some kind	chola
A tool of some kind	ciclostil
A tool of some kind	ciclostilo
A tool of some kind	ciguenal
A tool of some kind	cincel
A tool of some kind	cinta
A tool of some kind	cizalla
A tool of some kind	cizallas
A tool of some kind	clava
A tool of some kind	clayware
A tool of some kind	clepsidra
A tool of some kind	club
A tool of some kind	cocina
A tool of some kind	coleto
A tool of some kind	colorimetro
A tool of some kind	computador
A tool of some kind	contador
A tool of some kind	correa
A tool of some kind	corredera
A tool of some kind	cortacesped
A tool of some kind	cortador
A tool of some kind	cortadora
A tool of some kind	cortaplumas
A tool of some kind	crackle
A tool of some kind	crampon
A tool of some kind	crayon
A tool of some kind	creta
A tool of some kind	creyon
A tool of some kind	criometro
A tool of some kind	cris
A tool of some kind	crono
A tool of some kind	cronografo
A tool of some kind	cronometro
A tool of some kind	cuadrante
A tool of some kind	cubeta
A tool of some kind	cubo
A tool of some kind	cucharon
A tool of some kind	cuchilla
A tool of some kind	cuchillo
A tool of some kind	cuentagotas
A tool of some kind	cuentapasos
A tool of some kind	cuentavueltas
A tool of some kind	cuna
A tool of some kind	cuneus
A tool of some kind	cuno
A tool of some kind	curvadora
A tool of some kind	daga
A tool of some kind	dalle
A tool of some kind	densimetro
A tool of some kind	densitometro
A tool of some kind	descorchador
A tool of some kind	despabiladera
A tool of some kind	despabiladeras
A tool of some kind	despertador
A tool of some kind	destornillador
A tool of some kind	diarrea
A tool of some kind	dicho
A tool of some kind	dinamometro
A tool of some kind	dirk
A tool of some kind	disoluto
A tool of some kind	dosimetro
A tool of some kind	drawknife
A tool of some kind	eje
A tool of some kind	electrometro
A tool of some kind	electroscopio
A tool of some kind	embrague
A tool of some kind	embudo
A tool of some kind	enceradora
A tool of some kind	engrapadora
A tool of some kind	enter
A tool of some kind	eolito
A tool of some kind	escala
A tool of some kind	escalera
A tool of some kind	escalerilla
A tool of some kind	escalpelo
A tool of some kind	escarbadientes
A tool of some kind	escarda
A tool of some kind	escariador
A tool of some kind	escoba
A tool of some kind	escobilla
A tool of some kind	escofina
A tool of some kind	escoplo
A tool of some kind	escriba
A tool of some kind	escuadra
A tool of some kind	esferografo
A tool of some kind	esferometro
A tool of some kind	esfigmometro
A tool of some kind	esmoladera
A tool of some kind	espabiladeras
A tool of some kind	espada
A tool of some kind	esparcidor
A tool of some kind	espatula
A tool of some kind	espectrometro
A tool of some kind	espeque
A tool of some kind	espirometro
A tool of some kind	estampador
A tool of some kind	estilete
A tool of some kind	estilo
A tool of some kind	estimador
A tool of some kind	estimadora
A tool of some kind	estropajo
A tool of some kind	eudiometro
A tool of some kind	exprimelimones
A tool of some kind	exprimidera
A tool of some kind	exprimidor
A tool of some kind	exprimidora
A tool of some kind	fayenza
A tool of some kind	fierro
A tool of some kind	figurer
A tool of some kind	filo
A tool of some kind	flaqueza
A tool of some kind	floresta
A tool of some kind	formon
A tool of some kind	fotometro
A tool of some kind	fregar
A tool of some kind	fregona
A tool of some kind	fusain
A tool of some kind	galvanometro
A tool of some kind	gancho
A tool of some kind	garabato
A tool of some kind	garfio
A tool of some kind	garrocha
A tool of some kind	garrota
A tool of some kind	garrote
A tool of some kind	garrucha
A tool of some kind	gas
A tool of some kind	gatillo
A tool of some kind	gaussmeter
A tool of some kind	gis
A tool of some kind	glena
A tool of some kind	gobernador
A tool of some kind	gobernante
A tool of some kind	goma
A tool of some kind	gorron
A tool of some kind	grado
A tool of some kind	grapa
A tool of some kind	grapadora
A tool of some kind	gravimetro
A tool of some kind	gres
A tool of some kind	guadana
A tool of some kind	gubia
A tool of some kind	guia
A tool of some kind	hacha
A tool of some kind	hacheta
A tool of some kind	hamo
A tool of some kind	hebra
A tool of some kind	heliometro
A tool of some kind	herramienta
A tool of some kind	hervidor
A tool of some kind	hidrometro
A tool of some kind	higrometro
A tool of some kind	hilado
A tool of some kind	hilo
A tool of some kind	hipsometro
A tool of some kind	hoagie
A tool of some kind	hocino
A tool of some kind	hodometro
A tool of some kind	hoja
A tool of some kind	horca
A tool of some kind	hornillo
A tool of some kind	horologe
A tool of some kind	hoz
A tool of some kind	hurgon
A tool of some kind	huso
A tool of some kind	implemento
A tool of some kind	inclinometro
A tool of some kind	indicador
A tool of some kind	instrumento
A tool of some kind	integrador
A tool of some kind	interferometro
A tool of some kind	interruptor
A tool of some kind	intro
A tool of some kind	jebe
A tool of some kind	juanete
A tool of some kind	knobkerrie
A tool of some kind	kris
A tool of some kind	lampazo
A tool of some kind	lanceta
A tool of some kind	lapiz
A tool of some kind	latigo
A tool of some kind	laya
A tool of some kind	leister
A tool of some kind	lengueta
A tool of some kind	lesna
A tool of some kind	lezna
A tool of some kind	libertino
A tool of some kind	licencioso
A tool of some kind	licuadora
A tool of some kind	lijadora
A tool of some kind	lima
A tool of some kind	limbo
A tool of some kind	limpiabotellas
A tool of some kind	limpiadera
A tool of some kind	limpiadientes
A tool of some kind	linterna
A tool of some kind	llana
A tool of some kind	llave
A tool of some kind	loza
A tool of some kind	lupa
A tool of some kind	machado
A tool of some kind	machete
A tool of some kind	macho
A tool of some kind	magnetometro
A tool of some kind	magnificador
A tool of some kind	majadero
A tool of some kind	malaca
A tool of some kind	mandarria
A tool of some kind	mandril
A tool of some kind	mangual
A tool of some kind	manillar
A tool of some kind	manivela
A tool of some kind	manometro
A tool of some kind	manubrio
A tool of some kind	mapo
A tool of some kind	maquinilla
A tool of some kind	marana
A tool of some kind	marmita
A tool of some kind	martillo
A tool of some kind	mastelero
A tool of some kind	mastil
A tool of some kind	matamoscas
A tool of some kind	matorral
A tool of some kind	matraca
A tool of some kind	mayal
A tool of some kind	mayolica
A tool of some kind	maza
A tool of some kind	mazo
A tool of some kind	mechudo
A tool of some kind	medidor
A tool of some kind	mesana
A tool of some kind	metro
A tool of some kind	mezcladora
A tool of some kind	microbalanza
A tool of some kind	microfotometro
A tool of some kind	micrometro
A tool of some kind	mileometer
A tool of some kind	mizenmast
A tool of some kind	mocho
A tool of some kind	molletas
A tool of some kind	mondadientes
A tool of some kind	mopa
A tool of some kind	motosegadora
A tool of some kind	motosierra
A tool of some kind	muela
A tool of some kind	muleta
A tool of some kind	munon
A tool of some kind	navaja
A tool of some kind	nefoscopio
A tool of some kind	nephoscope
A tool of some kind	nivel
A tool of some kind	nucula
A tool of some kind	nuez
A tool of some kind	octante
A tool of some kind	odometro
A tool of some kind	ohmetro
A tool of some kind	ohmimetro
A tool of some kind	olla
A tool of some kind	oreja
A tool of some kind	pala
A tool of some kind	palanca
A tool of some kind	palanqueta
A tool of some kind	paleta
A tool of some kind	palillo
A tool of some kind	palo
A tool of some kind	panga
A tool of some kind	parrilla
A tool of some kind	pasador
A tool of some kind	pasapures
A tool of some kind	peavey
A tool of some kind	peavy
A tool of some kind	pedal
A tool of some kind	peine
A tool of some kind	pelalegumbres
A tool of some kind	percutor
A tool of some kind	perforadora
A tool of some kind	perica
A tool of some kind	pica
A tool of some kind	picadora
A tool of some kind	picas
A tool of some kind	pico
A tool of some kind	piezometro
A tool of some kind	pilon
A tool of some kind	pilote
A tool of some kind	pincel
A tool of some kind	pinzas
A tool of some kind	piolet
A tool of some kind	pipeta
A tool of some kind	piqueta
A tool of some kind	pirometro
A tool of some kind	pison
A tool of some kind	plancha
A tool of some kind	planimetro
A tool of some kind	plantador
A tool of some kind	plataforma
A tool of some kind	plegadora
A tool of some kind	plessor
A tool of some kind	pluma
A tool of some kind	pluvimetro
A tool of some kind	pluviometro
A tool of some kind	podadera
A tool of some kind	podadoras
A tool of some kind	podometro
A tool of some kind	podon
A tool of some kind	pointel
A tool of some kind	pointrel
A tool of some kind	polaco
A tool of some kind	polea
A tool of some kind	porcelana
A tool of some kind	porra
A tool of some kind	posta
A tool of some kind	pote
A tool of some kind	potenciometro
A tool of some kind	pozal
A tool of some kind	proverbio
A tool of some kind	psicrometro
A tool of some kind	puchero
A tool of some kind	punal
A tool of some kind	punzon
A tool of some kind	radar
A tool of some kind	radiometro
A tool of some kind	raedor
A tool of some kind	rallador
A tool of some kind	rallo
A tool of some kind	raqueta
A tool of some kind	rascador
A tool of some kind	raspador
A tool of some kind	rastrillo
A tool of some kind	rasuradora
A tool of some kind	rayo
A tool of some kind	rebanadora
A tool of some kind	redondeador
A tool of some kind	refractometro
A tool of some kind	refran
A tool of some kind	registro
A tool of some kind	regla
A tool of some kind	reloj
A tool of some kind	remo
A tool of some kind	reometro
A tool of some kind	resaltador
A tool of some kind	retroceso
A tool of some kind	return
A tool of some kind	rienda
A tool of some kind	roldana
A tool of some kind	romana
A tool of some kind	rompenueces
A tool of some kind	rotor
A tool of some kind	rueca
A tool of some kind	sacacorchos
A tool of some kind	sacapuntas
A tool of some kind	sacho
A tool of some kind	samovar
A tool of some kind	sarten
A tool of some kind	sax
A tool of some kind	scull
A tool of some kind	secador
A tool of some kind	sector
A tool of some kind	segadora
A tool of some kind	sello
A tool of some kind	sensitometro
A tool of some kind	sentencia
A tool of some kind	serrucho
A tool of some kind	sextante
A tool of some kind	sicrometro
A tool of some kind	sierra
A tool of some kind	sincronizador
A tool of some kind	sismografo
A tool of some kind	sismometro
A tool of some kind	soberano
A tool of some kind	socket
A tool of some kind	soldador
A tool of some kind	sonar
A tool of some kind	sonometro
A tool of some kind	sopapa
A tool of some kind	splitsaw
A tool of some kind	stick
A tool of some kind	stob
A tool of some kind	suape
A tool of some kind	subilla
A tool of some kind	submarino
A tool of some kind	tabulador
A tool of some kind	taco
A tool of some kind	tacometro
A tool of some kind	tajadera
A tool of some kind	taladradora
A tool of some kind	taladro
A tool of some kind	tapeline
A tool of some kind	taque
A tool of some kind	taquimetro
A tool of some kind	tasadora
A tool of some kind	taximetro
A tool of some kind	tecla
A tool of some kind	temporizador
A tool of some kind	tenaza
A tool of some kind	tenazas
A tool of some kind	tenedor
A tool of some kind	tensiometro
A tool of some kind	termografo
A tool of some kind	termometro
A tool of some kind	termopar
A tool of some kind	termopila
A tool of some kind	testigo
A tool of some kind	tetera
A tool of some kind	tijera
A tool of some kind	tijeras
A tool of some kind	tintometer
A tool of some kind	tirabuzon
A tool of some kind	tiza
A tool of some kind	tobo
A tool of some kind	tomahawk
A tool of some kind	torcedura
A tool of some kind	tornadera
A tool of some kind	tornillo
A tool of some kind	torno
A tool of some kind	tranca
A tool of some kind	transportador
A tool of some kind	trapeador
A tool of some kind	trapero
A tool of some kind	trasportador
A tool of some kind	traste
A tool of some kind	travesano
A tool of some kind	trinquete
A tool of some kind	triturador
A tool of some kind	tronco
A tool of some kind	troquel
A tool of some kind	trueno
A tool of some kind	udometro
A tool of some kind	una
A tool of some kind	urna
A tool of some kind	utensilio
A tool of some kind	util
A tool of some kind	vara
A tool of some kind	varilla
A tool of some kind	varioaltimetro
A tool of some kind	varita
A tool of some kind	vatimetro
A tool of some kind	velocimetro
A tool of some kind	verduguillo
A tool of some kind	verga
A tool of some kind	vicio
A tool of some kind	viscosimetro
A tool of some kind	volandera
A tool of some kind	voltimetro
A tool of some kind	waterfinder
A tool of some kind	wimble
A tool of some kind	wok
A tool of some kind	yatagan
A tool of some kind	yunque
A tool of some kind	zapapico
A tool of some kind	zep
Something found in space	aerolito
Something found in space	aeronave
Something found in space	alba
Something found in space	albor
Something found in space	alborada
Something found in space	amanecer
Something found in space	amanecida
Something found in space	amontonamiento
Something found in space	anteojo
Something found in space	apolo
Something found in space	asteroide
Something found in space	astro
Something found in space	astronauta
Something found in space	astronave
Something found in space	aurora
Something found in space	azogue
Something found in space	basura
Something found in space	cachureo
Something found in space	cascote
Something found in space	catalejo
Something found in space	cluster
Something found in space	cohete
Something found in space	cometa
Something found in space	configuracion
Something found in space	constelacion
Something found in space	cosmonauta
Something found in space	cosmonave
Something found in space	cosmos
Something found in space	creacion
Something found in space	cuasar
Something found in space	cumulo
Something found in space	daystar
Something found in space	derribo
Something found in space	detrito
Something found in space	detritus
Something found in space	eclipse
Something found in space	enano
Something found in space	escombros
Something found in space	estacion
Something found in space	estrella
Something found in space	extranjera
Something found in space	extranjero
Something found in space	facultad
Something found in space	foraneo
Something found in space	forastero
Something found in space	foton
Something found in space	galaxia
Something found in space	gas
Something found in space	gigante
Something found in space	globo
Something found in space	gravedad
Something found in space	gravitacion
Something found in space	grupo
Something found in space	hidrargirio
Something found in space	hidrargiro
Something found in space	hubble
Something found in space	hydrargyrum
Something found in space	indagacion
Something found in space	investigacion
Something found in space	jupiter
Something found in space	luna
Something found in space	luz
Something found in space	macrocosmo
Something found in space	macrocosmos
Something found in space	madrugada
Something found in space	manojo
Something found in space	marte
Something found in space	mercurio
Something found in space	meteorito
Something found in space	meteoro
Something found in space	meteoroide
Something found in space	micrometeor
Something found in space	micrometeorito
Something found in space	mundo
Something found in space	nada
Something found in space	naturaleza
Something found in space	nave
Something found in space	nebula
Something found in space	nebulosa
Something found in space	negrura
Something found in space	neptuno
Something found in space	nova
Something found in space	nulidad
Something found in space	ocultacion
Something found in space	ocultamiento
Something found in space	orbita
Something found in space	orbitador
Something found in space	orion
Something found in space	orto
Something found in space	oscuridad
Something found in space	ouranos
Something found in space	outlander
Something found in space	ovni
Something found in space	phoebus
Something found in space	planeta
Something found in space	planetesimal
Something found in space	planetoide
Something found in space	plasma
Something found in space	pluma
Something found in space	pluto
Something found in space	polvo
Something found in space	pulsar
Something found in space	punado
Something found in space	quasar
Something found in space	racimo
Something found in space	radiacion
Something found in space	rehilete
Something found in space	resto
Something found in space	restos
Something found in space	ruinas
Something found in space	satelite
Something found in space	saturno
Something found in space	siderito
Something found in space	sol
Something found in space	sondeo
Something found in space	sputnik
Something found in space	supergigante
Something found in space	supernova
Something found in space	telescopio
Something found in space	tierra
Something found in space	timbre
Something found in space	trapecio
Something found in space	trotamundos
Something found in space	universo
Something found in space	urano
Something found in space	vacio
Something found in space	vacuidad
Something found in space	vagabundo
Something found in space	venus
Something found in space	volante
A job or profession	abacero
A job or profession	abatanador
A job or profession	abejera
A job or profession	abejero
A job or profession	abogada
A job or profession	abogado
A job or profession	abortista
A job or profession	abreviador
A job or profession	abridger
A job or profession	absolvedor
A job or profession	academica
A job or profession	academico
A job or profession	accompanyist
A job or profession	acemilero
A job or profession	acolito
A job or profession	acomodador
A job or profession	acomodadora
A job or profession	acompanante
A job or profession	acordeonista
A job or profession	acrobata
A job or profession	actor
A job or profession	actriz
A job or profession	actuacion
A job or profession	actuario
A job or profession	acuarelista
A job or profession	adiestrador
A job or profession	administrador
A job or profession	administrativo
A job or profession	aeromoza
A job or profession	aeromozo
A job or profession	aeronauta
A job or profession	aerostata
A job or profession	aficionado
A job or profession	afinador
A job or profession	agavillador
A job or profession	agente
A job or profession	agentes
A job or profession	agiotista
A job or profession	agricola
A job or profession	agricultor
A job or profession	agricultora
A job or profession	agrimensor
A job or profession	agronomo
A job or profession	aguafuertista
A job or profession	airwoman
A job or profession	ajudant
A job or profession	ala
A job or profession	alarife
A job or profession	albanil
A job or profession	albeitar
A job or profession	alcalde
A job or profession	alcaldesa
A job or profession	alergista
A job or profession	alergologo
A job or profession	alfarero
A job or profession	alferez
A job or profession	algebrista
A job or profession	alguacil
A job or profession	alienista
A job or profession	alistador
A job or profession	almacenador
A job or profession	almacenero
A job or profession	almacenista
A job or profession	almirante
A job or profession	alpinista
A job or profession	alquiladizo
A job or profession	alto
A job or profession	ama
A job or profession	amaestrador
A job or profession	amanuense
A job or profession	amateur
A job or profession	ametrallador
A job or profession	analista
A job or profession	anestesiador
A job or profession	anestesiologo
A job or profession	anestesista
A job or profession	animador
A job or profession	antologista
A job or profession	antropologa
A job or profession	antropologo
A job or profession	aparcero
A job or profession	apicultor
A job or profession	apotecario
A job or profession	apparatchik
A job or profession	apuntador
A job or profession	arador
A job or profession	arbitro
A job or profession	arboricultor
A job or profession	arcediano
A job or profession	archidiacono
A job or profession	archivador
A job or profession	archivero
A job or profession	archivista
A job or profession	arcipreste
A job or profession	aritmetico
A job or profession	arlequin
A job or profession	armero
A job or profession	arpista
A job or profession	arponero
A job or profession	arqueologa
A job or profession	arqueologo
A job or profession	arquero
A job or profession	arquitecta
A job or profession	arquitecto
A job or profession	arrancador
A job or profession	arreglista
A job or profession	arribista
A job or profession	arriero
A job or profession	arrumador
A job or profession	artesana
A job or profession	artesano
A job or profession	articulista
A job or profession	artifice
A job or profession	artificiero
A job or profession	artillero
A job or profession	artista
A job or profession	arzobispo
A job or profession	asalariada
A job or profession	asalariado
A job or profession	ascensionista
A job or profession	aserrador
A job or profession	asesor
A job or profession	asesora
A job or profession	asistenta
A job or profession	asistente
A job or profession	asociado
A job or profession	astrofisico
A job or profession	astronauta
A job or profession	astronomo
A job or profession	atacante
A job or profession	atleta
A job or profession	atraccion
A job or profession	auditor
A job or profession	aulico
A job or profession	auriga
A job or profession	autobiografo
A job or profession	automovilista
A job or profession	autonomo
A job or profession	autor
A job or profession	autora
A job or profession	auxiliar
A job or profession	aviador
A job or profession	aviadora
A job or profession	aviatress
A job or profession	aya
A job or profession	ayah
A job or profession	ayo
A job or profession	ayudante
A job or profession	azafata
A job or profession	azafato
A job or profession	bacteriologo
A job or profession	bailador
A job or profession	bailaor
A job or profession	bailarin
A job or profession	bailarina
A job or profession	bajista
A job or profession	bajo
A job or profession	bajon
A job or profession	bajonista
A job or profession	baladista
A job or profession	baldosador
A job or profession	ballenero
A job or profession	ballerina
A job or profession	baloncestista
A job or profession	balsero
A job or profession	banero
A job or profession	banquera
A job or profession	banquero
A job or profession	baratador
A job or profession	barber
A job or profession	barbero
A job or profession	bardo
A job or profession	baritono
A job or profession	barmaid
A job or profession	barman
A job or profession	barnizador
A job or profession	barquero
A job or profession	barrendero
A job or profession	barrenero
A job or profession	barrilero
A job or profession	barrister
A job or profession	bartender
A job or profession	barwoman
A job or profession	base
A job or profession	bastonera
A job or profession	bastonero
A job or profession	batanero
A job or profession	bateador
A job or profession	batedor
A job or profession	bateria
A job or profession	baterista
A job or profession	batonista
A job or profession	bedel
A job or profession	behaviorista
A job or profession	beisbolista
A job or profession	bibliopola
A job or profession	bibliotecario
A job or profession	bimetalista
A job or profession	biofisico
A job or profession	biografa
A job or profession	biografo
A job or profession	biologa
A job or profession	biologo
A job or profession	bioquimico
A job or profession	blanqueador
A job or profession	bobby
A job or profession	bocetista
A job or profession	bodeguero
A job or profession	boffin
A job or profession	bofia
A job or profession	boga
A job or profession	bogador
A job or profession	bolsista
A job or profession	bombera
A job or profession	bombero
A job or profession	bomberos
A job or profession	bosquejador
A job or profession	botanica
A job or profession	botanico
A job or profession	botanista
A job or profession	boticario
A job or profession	botones
A job or profession	bouncer
A job or profession	bracero
A job or profession	brigadier
A job or profession	broker
A job or profession	bromista
A job or profession	bufon
A job or profession	bugologist
A job or profession	buhonero
A job or profession	bunter
A job or profession	burgomaestre
A job or profession	burocrata
A job or profession	bus
A job or profession	buzo
A job or profession	caballerango
A job or profession	caballerizo
A job or profession	cabo
A job or profession	cabrerizo
A job or profession	cabrero
A job or profession	cadi
A job or profession	cafiche
A job or profession	cager
A job or profession	cajera
A job or profession	cajero
A job or profession	cajista
A job or profession	calafate
A job or profession	calafateador
A job or profession	calcetero
A job or profession	calderera
A job or profession	calderero
A job or profession	caligrafa
A job or profession	caligrafo
A job or profession	callista
A job or profession	camara
A job or profession	camarera
A job or profession	camarero
A job or profession	camarografa
A job or profession	camarografo
A job or profession	cambista
A job or profession	camello
A job or profession	cameraman
A job or profession	camionero
A job or profession	camisero
A job or profession	campesina
A job or profession	campesino
A job or profession	canciller
A job or profession	cancionista
A job or profession	candiotero
A job or profession	canoero
A job or profession	canoista
A job or profession	canonero
A job or profession	canonigo
A job or profession	cantante
A job or profession	cantarero
A job or profession	cantarina
A job or profession	cantero
A job or profession	cantinero
A job or profession	cantor
A job or profession	cantora
A job or profession	capellan
A job or profession	capillero
A job or profession	capital
A job or profession	capitan
A job or profession	capitana
A job or profession	caporal
A job or profession	carbonero
A job or profession	cardador
A job or profession	cardenal
A job or profession	cardiologa
A job or profession	cardiologo
A job or profession	cargador
A job or profession	carhop
A job or profession	caricaturista
A job or profession	carnero
A job or profession	carnicera
A job or profession	carnicero
A job or profession	carpintero
A job or profession	carralero
A job or profession	carrero
A job or profession	carretero
A job or profession	cartero
A job or profession	casera
A job or profession	casero
A job or profession	castrato
A job or profession	catedratico
A job or profession	catequista
A job or profession	cazador
A job or profession	cazadora
A job or profession	celebrante
A job or profession	cenicienta
A job or profession	ceniciento
A job or profession	censista
A job or profession	censor
A job or profession	censora
A job or profession	central
A job or profession	centro
A job or profession	centrocampista
A job or profession	cepero
A job or profession	ceramista
A job or profession	cerrajero
A job or profession	cetrero
A job or profession	chacarero
A job or profession	chacha
A job or profession	changador
A job or profession	changarin
A job or profession	chantre
A job or profession	chapista
A job or profession	chapuzas
A job or profession	chef
A job or profession	chelista
A job or profession	chichi
A job or profession	chispa
A job or profession	chistoso
A job or profession	chofer
A job or profession	cholera
A job or profession	chopa
A job or profession	chusquero
A job or profession	ciberpunk
A job or profession	cientifica
A job or profession	cientifico
A job or profession	cimbalero
A job or profession	cimbalista
A job or profession	cincelador
A job or profession	cinematografo
A job or profession	cirujana
A job or profession	cirujano
A job or profession	citologo
A job or profession	clarinete
A job or profession	clarinetista
A job or profession	clasicista
A job or profession	clasico
A job or profession	clavecinista
A job or profession	clavicordio
A job or profession	clerigo
A job or profession	clinico
A job or profession	clown
A job or profession	coadjutor
A job or profession	coautor
A job or profession	cobrador
A job or profession	cobradora
A job or profession	cobrero
A job or profession	cochero
A job or profession	cocinera
A job or profession	cocinero
A job or profession	codificador
A job or profession	colega
A job or profession	colgador
A job or profession	colimba
A job or profession	colmenero
A job or profession	colono
A job or profession	coloratura
A job or profession	colorista
A job or profession	columnista
A job or profession	comadre
A job or profession	comadrona
A job or profession	comandante
A job or profession	comando
A job or profession	comedianta
A job or profession	comediante
A job or profession	comediografo
A job or profession	comentarista
A job or profession	comercial
A job or profession	comerciante
A job or profession	comic
A job or profession	comica
A job or profession	comico
A job or profession	comodoro
A job or profession	comparsa
A job or profession	compendiador
A job or profession	complice
A job or profession	compositor
A job or profession	compositora
A job or profession	concertista
A job or profession	concesionario
A job or profession	conciliador
A job or profession	condestable
A job or profession	conductista
A job or profession	conductor
A job or profession	conductora
A job or profession	conejita
A job or profession	conejo
A job or profession	confesante
A job or profession	confesor
A job or profession	conscripto
A job or profession	consejera
A job or profession	consejero
A job or profession	conserje
A job or profession	conservador
A job or profession	consul
A job or profession	consultor
A job or profession	consultora
A job or profession	contable
A job or profession	contador
A job or profession	contadora
A job or profession	contorsionista
A job or profession	contralto
A job or profession	contramaestre
A job or profession	contratacion
A job or profession	contratada
A job or profession	contratado
A job or profession	contratenor
A job or profession	controlador
A job or profession	conveyancer
A job or profession	copero
A job or profession	copiador
A job or profession	copiante
A job or profession	copiloto
A job or profession	copista
A job or profession	copywriter
A job or profession	coracero
A job or profession	cordelero
A job or profession	coreografa
A job or profession	coreografo
A job or profession	corista
A job or profession	cornaca
A job or profession	corneta
A job or profession	cornetista
A job or profession	coronel
A job or profession	corporal
A job or profession	corrector
A job or profession	corredor
A job or profession	correo
A job or profession	corresponsal
A job or profession	corsario
A job or profession	cortador
A job or profession	cortesano
A job or profession	cosechador
A job or profession	cosechero
A job or profession	cosmetologo
A job or profession	cosmographist
A job or profession	cosmologo
A job or profession	cosmonauta
A job or profession	cowboy
A job or profession	criada
A job or profession	criado
A job or profession	criador
A job or profession	criquetista
A job or profession	cristalero
A job or profession	critico
A job or profession	cronometrador
A job or profession	crooner
A job or profession	cubero
A job or profession	cubista
A job or profession	cuchillero
A job or profession	cuentachistes
A job or profession	cuestor
A job or profession	cultivador
A job or profession	cura
A job or profession	curador
A job or profession	curandero
A job or profession	currita
A job or profession	currito
A job or profession	curtidor
A job or profession	cyberpunk
A job or profession	dactilografa
A job or profession	dactilografo
A job or profession	danseur
A job or profession	danzante
A job or profession	danzarin
A job or profession	darner
A job or profession	dean
A job or profession	decano
A job or profession	decorador
A job or profession	decoradora
A job or profession	defensa
A job or profession	defensor
A job or profession	delineante
A job or profession	demografo
A job or profession	demographist
A job or profession	demoledor
A job or profession	demostrador
A job or profession	dentista
A job or profession	denturist
A job or profession	denturista
A job or profession	dependienta
A job or profession	dependiente
A job or profession	deportista
A job or profession	dermatologo
A job or profession	desarrollador
A job or profession	descubridor
A job or profession	desguazador
A job or profession	deshollinador
A job or profession	despachador
A job or profession	despensero
A job or profession	destructor
A job or profession	detallista
A job or profession	detective
A job or profession	diaconisa
A job or profession	diacono
A job or profession	dibujante
A job or profession	diemaker
A job or profession	diesinker
A job or profession	dietista
A job or profession	diocesano
A job or profession	diplomatico
A job or profession	director
A job or profession	directora
A job or profession	discjockey
A job or profession	disenador
A job or profession	distribuidor
A job or profession	diva
A job or profession	doc
A job or profession	docente
A job or profession	doctor
A job or profession	doctora
A job or profession	domestica
A job or profession	domestico
A job or profession	domine
A job or profession	dominus
A job or profession	doncella
A job or profession	dragon
A job or profession	dramatico
A job or profession	dramaturgo
A job or profession	dux
A job or profession	ebanista
A job or profession	eclesiastico
A job or profession	ecologa
A job or profession	ecologista
A job or profession	ecologo
A job or profession	econometrista
A job or profession	economista
A job or profession	edecan
A job or profession	editor
A job or profession	editorialista
A job or profession	educacionista
A job or profession	educador
A job or profession	educadora
A job or profession	ejecutante
A job or profession	ejecutor
A job or profession	electricista
A job or profession	embajador
A job or profession	embajadora
A job or profession	embalador
A job or profession	embaldosador
A job or profession	embalsamador
A job or profession	embriologa
A job or profession	embriologo
A job or profession	empapelador
A job or profession	empaquetador
A job or profession	empleada
A job or profession	empleado
A job or profession	emprendedor
A job or profession	empresario
A job or profession	enbaldosador
A job or profession	encargado
A job or profession	encendedor
A job or profession	enciclopedista
A job or profession	encordador
A job or profession	encuadernador
A job or profession	endocrinologo
A job or profession	endodoncista
A job or profession	enfermera
A job or profession	enfermero
A job or profession	engarzador
A job or profession	engrasador
A job or profession	enlucidor
A job or profession	ensalmador
A job or profession	ensayista
A job or profession	entallador
A job or profession	entomologa
A job or profession	entomologo
A job or profession	entrenador
A job or profession	entrenadora
A job or profession	envasador
A job or profession	eparca
A job or profession	epidemiologa
A job or profession	epidemiologo
A job or profession	equivoquista
A job or profession	esbirro
A job or profession	escalador
A job or profession	escanciador
A job or profession	escanciano
A job or profession	escenarista
A job or profession	esclava
A job or profession	esclavo
A job or profession	escolta
A job or profession	escopetero
A job or profession	escriba
A job or profession	escribana
A job or profession	escribano
A job or profession	escribiente
A job or profession	escritor
A job or profession	escritora
A job or profession	escrutador
A job or profession	escudero
A job or profession	escultor
A job or profession	escultora
A job or profession	especialista
A job or profession	espia
A job or profession	esprinter
A job or profession	esquiador
A job or profession	esquirol
A job or profession	estacional
A job or profession	estadistico
A job or profession	estafeta
A job or profession	estanero
A job or profession	estenografo
A job or profession	esteticien
A job or profession	esteticista
A job or profession	estheticienne
A job or profession	estiba
A job or profession	estibador
A job or profession	estilista
A job or profession	estipendiario
A job or profession	estomatologo
A job or profession	estrella
A job or profession	estriptista
A job or profession	etimologa
A job or profession	etimologista
A job or profession	etimologo
A job or profession	etnografa
A job or profession	etnografo
A job or profession	etnologa
A job or profession	etnologo
A job or profession	etologo
A job or profession	evaluador
A job or profession	evaluadora
A job or profession	evangelista
A job or profession	evangelizador
A job or profession	evangelizadora
A job or profession	eventual
A job or profession	exarca
A job or profession	excavador
A job or profession	excombatiente
A job or profession	exodontist
A job or profession	experimentador
A job or profession	experto
A job or profession	explorador
A job or profession	expresionista
A job or profession	extra
A job or profession	extremo
A job or profession	fabricante
A job or profession	factor
A job or profession	factotum
A job or profession	facultativo
A job or profession	fagot
A job or profession	fagotista
A job or profession	fajin
A job or profession	falsificador
A job or profession	faquin
A job or profession	fardero
A job or profession	farmaceutica
A job or profession	farmaceutico
A job or profession	farmacologa
A job or profession	farmacologo
A job or profession	farolero
A job or profession	fauve
A job or profession	fellah
A job or profession	ferretero
A job or profession	ferroviario
A job or profession	figurante
A job or profession	fiscal
A job or profession	fisica
A job or profession	fisico
A job or profession	fisiologa
A job or profession	fisiologo
A job or profession	flauta
A job or profession	flautista
A job or profession	florista
A job or profession	fogonero
A job or profession	folletista
A job or profession	fondista
A job or profession	fonetista
A job or profession	fonologo
A job or profession	fontanero
A job or profession	forjador
A job or profession	fossilist
A job or profession	fotografa
A job or profession	fotografo
A job or profession	freelance
A job or profession	fregon
A job or profession	fregona
A job or profession	fresador
A job or profession	friki
A job or profession	frutero
A job or profession	funambulista
A job or profession	funambulo
A job or profession	funcionario
A job or profession	fundidor
A job or profession	furgonero
A job or profession	furriel
A job or profession	furrier
A job or profession	fusilero
A job or profession	futbolista
A job or profession	gabarrero
A job or profession	gacetillero
A job or profession	gaitera
A job or profession	gaitero
A job or profession	galeote
A job or profession	gallinero
A job or profession	ganadero
A job or profession	ganapan
A job or profession	gancho
A job or profession	garzon
A job or profession	gasista
A job or profession	gata
A job or profession	gaucho
A job or profession	gendarme
A job or profession	general
A job or profession	generalisimo
A job or profession	geneticista
A job or profession	genetico
A job or profession	genetista
A job or profession	geofisico
A job or profession	geologo
A job or profession	geometra
A job or profession	gerente
A job or profession	geriatra
A job or profession	gerontologo
A job or profession	gestor
A job or profession	gimnasta
A job or profession	ginecologo
A job or profession	glazer
A job or profession	gobernador
A job or profession	gobernadora
A job or profession	gobernanta
A job or profession	gofer
A job or profession	golero
A job or profession	gondolero
A job or profession	gondoliere
A job or profession	gorila
A job or profession	gorron
A job or profession	grabador
A job or profession	grabadora
A job or profession	grafista
A job or profession	gramatico
A job or profession	granadero
A job or profession	granjera
A job or profession	granjero
A job or profession	gris
A job or profession	groundsman
A job or profession	guarda
A job or profession	guardabosque
A job or profession	guardacabras
A job or profession	guardafrenos
A job or profession	guardalineas
A job or profession	guardalmacen
A job or profession	guardameta
A job or profession	guardaparque
A job or profession	guardavalla
A job or profession	guardavia
A job or profession	guardavidas
A job or profession	guardia
A job or profession	guaripolera
A job or profession	guia
A job or profession	guili
A job or profession	guindilla
A job or profession	guinolista
A job or profession	guionista
A job or profession	guitarra
A job or profession	guitarrero
A job or profession	guitarrista
A job or profession	guripa
A job or profession	hacendado
A job or profession	hachador
A job or profession	hacker
A job or profession	hagiografo
A job or profession	hagiographist
A job or profession	hagiologist
A job or profession	halconera
A job or profession	halconero
A job or profession	halterofilo
A job or profession	handyman
A job or profession	hardwareman
A job or profession	harper
A job or profession	harriero
A job or profession	hazmerreir
A job or profession	heladero
A job or profession	hematologo
A job or profession	hermana
A job or profession	herpetologo
A job or profession	herrador
A job or profession	herrera
A job or profession	herrero
A job or profession	hidrologo
A job or profession	hielero
A job or profession	higienista
A job or profession	hipnotizador
A job or profession	historiador
A job or profession	historiadora
A job or profession	historiografo
A job or profession	histrion
A job or profession	histrionista
A job or profession	hojalatero
A job or profession	homeopata
A job or profession	houseman
A job or profession	huaso
A job or profession	humorista
A job or profession	husar
A job or profession	ictiologo
A job or profession	idolo
A job or profession	ilusionista
A job or profession	ilustrador
A job or profession	ilustradora
A job or profession	imam
A job or profession	iman
A job or profession	impresionista
A job or profession	impresor
A job or profession	independiente
A job or profession	indizador
A job or profession	industrial
A job or profession	infante
A job or profession	informatico
A job or profession	ingeniera
A job or profession	ingeniero
A job or profession	inmunologo
A job or profession	inspector
A job or profession	inspectora
A job or profession	institutor
A job or profession	institutriz
A job or profession	instructor
A job or profession	instructora
A job or profession	instrumentista
A job or profession	intendente
A job or profession	interiorista
A job or profession	interlocutor
A job or profession	intermediario
A job or profession	interne
A job or profession	internista
A job or profession	interno
A job or profession	internuncio
A job or profession	interprete
A job or profession	inventor
A job or profession	investigador
A job or profession	itinerante
A job or profession	jack
A job or profession	jardinero
A job or profession	jawan
A job or profession	jazzman
A job or profession	jerarca
A job or profession	jifero
A job or profession	jinete
A job or profession	joyero
A job or profession	juez
A job or profession	jueza
A job or profession	juglar
A job or profession	jurista
A job or profession	kachina
A job or profession	kamikaze
A job or profession	kicker
A job or profession	labrador
A job or profession	labriego
A job or profession	lacayo
A job or profession	laminitis
A job or profession	lampista
A job or profession	lancero
A job or profession	lanzador
A job or profession	lapidario
A job or profession	lascar
A job or profession	lateral
A job or profession	latero
A job or profession	laudista
A job or profession	lavandera
A job or profession	lavandero
A job or profession	lavaplatos
A job or profession	lechera
A job or profession	lechero
A job or profession	lector
A job or profession	lectora
A job or profession	legalista
A job or profession	legionario
A job or profession	lenador
A job or profession	lenadora
A job or profession	lencero
A job or profession	lensman
A job or profession	letrada
A job or profession	letrado
A job or profession	letrista
A job or profession	lexicografo
A job or profession	libretista
A job or profession	licenciatario
A job or profession	limner
A job or profession	limosnero
A job or profession	limpiador
A job or profession	limpiadora
A job or profession	linguista
A job or profession	linkboy
A job or profession	linkman
A job or profession	linotipista
A job or profession	literato
A job or profession	litografo
A job or profession	llanero
A job or profession	lonjista
A job or profession	loquero
A job or profession	lugarteniente
A job or profession	luthier
A job or profession	macebearer
A job or profession	macer
A job or profession	macero
A job or profession	machaca
A job or profession	madedero
A job or profession	maderero
A job or profession	madero
A job or profession	madre
A job or profession	madrigalista
A job or profession	madrina
A job or profession	maestra
A job or profession	maestresala
A job or profession	maestro
A job or profession	magistrado
A job or profession	mago
A job or profession	mahout
A job or profession	maitre
A job or profession	majorette
A job or profession	malabarista
A job or profession	manager
A job or profession	mandado
A job or profession	mandarin
A job or profession	manicura
A job or profession	manicurista
A job or profession	manicuro
A job or profession	maniqui
A job or profession	manitas
A job or profession	mapeador
A job or profession	maquillaje
A job or profession	maquinista
A job or profession	marco
A job or profession	marine
A job or profession	marinera
A job or profession	marinero
A job or profession	marino
A job or profession	marionetista
A job or profession	mariscal
A job or profession	marmiton
A job or profession	marron
A job or profession	matarife
A job or profession	matasanos
A job or profession	matematica
A job or profession	matematico
A job or profession	matrona
A job or profession	mayor
A job or profession	mayoral
A job or profession	mayordomo
A job or profession	mecanico
A job or profession	mecanografa
A job or profession	mecanografo
A job or profession	mediador
A job or profession	medica
A job or profession	medico
A job or profession	medidor
A job or profession	menorista
A job or profession	mensajero
A job or profession	mercachifle
A job or profession	mercader
A job or profession	mercenario
A job or profession	mercero
A job or profession	mesera
A job or profession	mesero
A job or profession	metalurgico
A job or profession	metalurgista
A job or profession	metropolitano
A job or profession	mezzo
A job or profession	mezzosoprano
A job or profession	micologo
A job or profession	microbiologa
A job or profession	microbiologo
A job or profession	miliciano
A job or profession	militar
A job or profession	mimer
A job or profession	mimo
A job or profession	minador
A job or profession	minera
A job or profession	mineralogista
A job or profession	minero
A job or profession	miniaturista
A job or profession	minifundista
A job or profession	minimalista
A job or profession	ministro
A job or profession	minorista
A job or profession	misario
A job or profession	misionera
A job or profession	misionero
A job or profession	mister
A job or profession	mitrado
A job or profession	mixologist
A job or profession	modelo
A job or profession	modernista
A job or profession	modista
A job or profession	modisto
A job or profession	molinero
A job or profession	monacato
A job or profession	monetarista
A job or profession	moneyer
A job or profession	monger
A job or profession	monitor
A job or profession	monja
A job or profession	monje
A job or profession	montador
A job or profession	montanero
A job or profession	montaraz
A job or profession	mosen
A job or profession	mosquetero
A job or profession	motorista
A job or profession	moza
A job or profession	mozo
A job or profession	municipal
A job or profession	muralista
A job or profession	musico
A job or profession	nacha
A job or profession	nadador
A job or profession	nana
A job or profession	narco
A job or profession	naturalista
A job or profession	navegante
A job or profession	negociante
A job or profession	negro
A job or profession	neurobiologia
A job or profession	neurobiologo
A job or profession	neurocirujano
A job or profession	neurologo
A job or profession	newspaperwoman
A job or profession	newsperson
A job or profession	newsvendor
A job or profession	newswriter
A job or profession	ninera
A job or profession	nodriza
A job or profession	norsa
A job or profession	notaria
A job or profession	notario
A job or profession	novelista
A job or profession	nuncio
A job or profession	nurse
A job or profession	nutricionista
A job or profession	obispo
A job or profession	oboe
A job or profession	oboista
A job or profession	obrera
A job or profession	obrero
A job or profession	obstetra
A job or profession	obstetrico
A job or profession	oceanaut
A job or profession	oceanografo
A job or profession	oculista
A job or profession	odontologo
A job or profession	oficial
A job or profession	oficiante
A job or profession	oficinista
A job or profession	oftalmologa
A job or profession	oftalmologo
A job or profession	oncologo
A job or profession	operador
A job or profession	operario
A job or profession	optica
A job or profession	optico
A job or profession	ordenador
A job or profession	ordenadora
A job or profession	ordenando
A job or profession	ordenanza
A job or profession	ordinario
A job or profession	organista
A job or profession	orientador
A job or profession	ornamentador
A job or profession	ornamentalista
A job or profession	ornitologo
A job or profession	ortodoncista
A job or profession	ortopedico
A job or profession	ortopedista
A job or profession	ostiario
A job or profession	ostiarius
A job or profession	otologo
A job or profession	otorrino
A job or profession	ovejero
A job or profession	oyente
A job or profession	paco
A job or profession	padre
A job or profession	padrino
A job or profession	paisajista
A job or profession	palaciego
A job or profession	palanquin
A job or profession	paleador
A job or profession	paleografo
A job or profession	paleographist
A job or profession	paleontologo
A job or profession	palista
A job or profession	panadero
A job or profession	panero
A job or profession	panfletista
A job or profession	pantomimer
A job or profession	pantomimo
A job or profession	paparazzo
A job or profession	papelero
A job or profession	paraca
A job or profession	paracaidista
A job or profession	paralegal
A job or profession	paramedica
A job or profession	paramedico
A job or profession	parapsicologo
A job or profession	parasicologo
A job or profession	parodista
A job or profession	parroco
A job or profession	partera
A job or profession	partero
A job or profession	pasma
A job or profession	pastor
A job or profession	pastora
A job or profession	pateador
A job or profession	patinador
A job or profession	patinadora
A job or profession	patologista
A job or profession	patologo
A job or profession	patron
A job or profession	patrona
A job or profession	payasa
A job or profession	payaso
A job or profession	pedagoga
A job or profession	pedagogo
A job or profession	pediatra
A job or profession	pedicurista
A job or profession	pedicuro
A job or profession	pedrero
A job or profession	pegador
A job or profession	peluquera
A job or profession	peluquero
A job or profession	penalista
A job or profession	pendolista
A job or profession	penitenciario
A job or profession	penologo
A job or profession	pentaatleta
A job or profession	pentatleta
A job or profession	peon
A job or profession	percusionista
A job or profession	perfeccionador
A job or profession	periodista
A job or profession	perista
A job or profession	pertiguista
A job or profession	pescadera
A job or profession	pescadero
A job or profession	pescador
A job or profession	pescadora
A job or profession	phytologist
A job or profession	pianista
A job or profession	picapedrero
A job or profession	picapleitos
A job or profession	pilmama
A job or profession	piloto
A job or profession	pincha
A job or profession	pinchadiscos
A job or profession	pinche
A job or profession	pintamonas
A job or profession	pintor
A job or profession	pintora
A job or profession	piraguista
A job or profession	pirata
A job or profession	pitufo
A job or profession	placador
A job or profession	plomero
A job or profession	plumista
A job or profession	podador
A job or profession	podiatra
A job or profession	podologo
A job or profession	poeta
A job or profession	poetisa
A job or profession	poetiser
A job or profession	poetizer
A job or profession	polemica
A job or profession	polemista
A job or profession	poli
A job or profession	policia
A job or profession	policial
A job or profession	polizonte
A job or profession	pollero
A job or profession	ponente
A job or profession	porquerizo
A job or profession	porquero
A job or profession	portero
A job or profession	postulador
A job or profession	practicante
A job or profession	practico
A job or profession	prebendado
A job or profession	preceptor
A job or profession	predicador
A job or profession	prelado
A job or profession	prelatura
A job or profession	preparador
A job or profession	presbitero
A job or profession	presentador
A job or profession	presidenta
A job or profession	presidente
A job or profession	pretor
A job or profession	primado
A job or profession	primadona
A job or profession	primus
A job or profession	proconsul
A job or profession	proctologo
A job or profession	procurador
A job or profession	procuradora
A job or profession	productor
A job or profession	profesional
A job or profession	profesionista
A job or profession	profesor
A job or profession	profesora
A job or profession	programador
A job or profession	programadora
A job or profession	promotor
A job or profession	propman
A job or profession	prospector
A job or profession	protagonista
A job or profession	protesico
A job or profession	protozoologo
A job or profession	proyeccionista
A job or profession	psefologo
A job or profession	psephologist
A job or profession	psicoanalista
A job or profession	psicofisico
A job or profession	psicologa
A job or profession	psicologo
A job or profession	psiquiatra
A job or profession	publicano
A job or profession	quarterback
A job or profession	quaterback
A job or profession	quesera
A job or profession	quimica
A job or profession	quimico
A job or profession	quincallero
A job or profession	quinto
A job or profession	quiosquero
A job or profession	rabi
A job or profession	rabino
A job or profession	racionero
A job or profession	radiobiologist
A job or profession	radiologo
A job or profession	radioquimica
A job or profession	radioquimico
A job or profession	radioterapeuta
A job or profession	ranchero
A job or profession	ranger
A job or profession	rapavelas
A job or profession	rastreador
A job or profession	realista
A job or profession	recadero
A job or profession	recechor
A job or profession	recepcionista
A job or profession	receptor
A job or profession	recluta
A job or profession	reclutador
A job or profession	recolector
A job or profession	rector
A job or profession	recuero
A job or profession	redactor
A job or profession	redactora
A job or profession	refinador
A job or profession	refundidor
A job or profession	regante
A job or profession	regente
A job or profession	registrador
A job or profession	regulador
A job or profession	regular
A job or profession	relator
A job or profession	religiosa
A job or profession	remachador
A job or profession	remador
A job or profession	remalladora
A job or profession	remendon
A job or profession	remera
A job or profession	remero
A job or profession	reparador
A job or profession	repartidor
A job or profession	reporter
A job or profession	reportero
A job or profession	representante
A job or profession	reserva
A job or profession	reservista
A job or profession	residente
A job or profession	restador
A job or profession	restaurador
A job or profession	retratista
A job or profession	reumatologo
A job or profession	revendedor
A job or profession	reverendo
A job or profession	revisor
A job or profession	riflero
A job or profession	rockero
A job or profession	romano
A job or profession	romantico
A job or profession	rompehogares
A job or profession	rompehuelgas
A job or profession	ropero
A job or profession	rotador
A job or profession	ruedero
A job or profession	sabueso
A job or profession	sacerdote
A job or profession	sacerdotisa
A job or profession	sacristan
A job or profession	salmista
A job or profession	saltador
A job or profession	saltarin
A job or profession	saltimbanqui
A job or profession	salvavidas
A job or profession	sanador
A job or profession	sanitario
A job or profession	sargento
A job or profession	sartor
A job or profession	sastra
A job or profession	sastre
A job or profession	satirico
A job or profession	saxo
A job or profession	saxofon
A job or profession	saxofonista
A job or profession	saxofono
A job or profession	secretaria
A job or profession	secretario
A job or profession	sedero
A job or profession	segador
A job or profession	segundo
A job or profession	seismologista
A job or profession	seismologistus
A job or profession	seleccionador
A job or profession	sembrador
A job or profession	senador
A job or profession	senadora
A job or profession	senescal
A job or profession	sereno
A job or profession	sermoniser
A job or profession	servidor
A job or profession	sherif
A job or profession	sheriff
A job or profession	sicoanalista
A job or profession	sicologa
A job or profession	sicologo
A job or profession	silvicultor
A job or profession	simbolista
A job or profession	sindicalista
A job or profession	siquiatra
A job or profession	sirvienta
A job or profession	sirviente
A job or profession	sismologo
A job or profession	skinner
A job or profession	sobrecargo
A job or profession	sociobiologo
A job or profession	sociologa
A job or profession	sociologo
A job or profession	socorrista
A job or profession	sodbuster
A job or profession	soldado
A job or profession	soldador
A job or profession	solista
A job or profession	sombrerera
A job or profession	sombrerero
A job or profession	somelier
A job or profession	sonetista
A job or profession	soplador
A job or profession	soprano
A job or profession	sprinter
A job or profession	staffage
A job or profession	stripper
A job or profession	striptease
A job or profession	stripteaser
A job or profession	subalterno
A job or profession	subdiacono
A job or profession	subeditor
A job or profession	submarinista
A job or profession	suboficial
A job or profession	subordinado
A job or profession	sumiller
A job or profession	supermodelo
A job or profession	supernumerario
A job or profession	suplente
A job or profession	suprematista
A job or profession	suripanta
A job or profession	surrealista
A job or profession	sustituto
A job or profession	swagman
A job or profession	tabernera
A job or profession	tabernero
A job or profession	tallador
A job or profession	tallista
A job or profession	talonador
A job or profession	talonadora
A job or profession	tambero
A job or profession	tambor
A job or profession	tamborilero
A job or profession	tanquista
A job or profession	tapicero
A job or profession	tapster
A job or profession	taquigrafo
A job or profession	tartanero
A job or profession	tasador
A job or profession	tasadora
A job or profession	tata
A job or profession	taxidermista
A job or profession	taxista
A job or profession	taxonomer
A job or profession	tec
A job or profession	techador
A job or profession	techie
A job or profession	tecladista
A job or profession	teclista
A job or profession	tecnico
A job or profession	tecnologa
A job or profession	tecnologo
A job or profession	tejedor
A job or profession	temp
A job or profession	temporero
A job or profession	tendera
A job or profession	tendero
A job or profession	teniente
A job or profession	tenor
A job or profession	tenorist
A job or profession	terapeuta
A job or profession	terapista
A job or profession	terpsichorean
A job or profession	terpsicore
A job or profession	terrateniente
A job or profession	testaferro
A job or profession	timbalero
A job or profession	timonel
A job or profession	tintoreria
A job or profession	tintorero
A job or profession	tiple
A job or profession	tipografo
A job or profession	tira
A job or profession	titiritero
A job or profession	titular
A job or profession	tocoginecologo
A job or profession	tocologo
A job or profession	togado
A job or profession	tombo
A job or profession	tonelero
A job or profession	topografo
A job or profession	tornerno
A job or profession	tornero
A job or profession	toxicologa
A job or profession	toxicologo
A job or profession	trabajador
A job or profession	trabajadora
A job or profession	traductor
A job or profession	traductora
A job or profession	traficante
A job or profession	tragico
A job or profession	trainmaster
A job or profession	trajinante
A job or profession	tramoyista
A job or profession	trampero
A job or profession	transportista
A job or profession	tratante
A job or profession	trazador
A job or profession	trepa
A job or profession	trepador
A job or profession	tribologo
A job or profession	tripulante
A job or profession	trobador
A job or profession	trombon
A job or profession	trombonista
A job or profession	trompeta
A job or profession	trompetero
A job or profession	trompetista
A job or profession	trovador
A job or profession	trovadora
A job or profession	trustbuster
A job or profession	turiferario
A job or profession	tutor
A job or profession	twirler
A job or profession	ujier
A job or profession	unionista
A job or profession	uranologist
A job or profession	urologo
A job or profession	valet
A job or profession	vallista
A job or profession	vaquera
A job or profession	vaquero
A job or profession	vate
A job or profession	velocista
A job or profession	vendedor
A job or profession	vendedora
A job or profession	ventrilocuo
A job or profession	verdulera
A job or profession	verdulero
A job or profession	versificador
A job or profession	veterano
A job or profession	veterinaria
A job or profession	veterinario
A job or profession	viajante
A job or profession	vicario
A job or profession	vicetiple
A job or profession	vidriero
A job or profession	vigilante
A job or profession	villanciquero
A job or profession	vinatero
A job or profession	violin
A job or profession	violinista
A job or profession	violoncelista
A job or profession	violonchelista
A job or profession	virologa
A job or profession	virologo
A job or profession	virtuoso
A job or profession	visir
A job or profession	viticultor
A job or profession	vocalista
A job or profession	vodevilista
A job or profession	volteador
A job or profession	voluntario
A job or profession	voz
A job or profession	vulcaniser
A job or profession	vulcanizador
A job or profession	wallah
A job or profession	xilofonista
A job or profession	xylophonist
A job or profession	yardmaster
A job or profession	yatista
A job or profession	yesero
A job or profession	yuppie
A job or profession	zapador
A job or profession	zapatera
A job or profession	zapatero
A job or profession	zoologa
A job or profession	zoologo
A job or profession	zoquete
A job or profession	zurda
A job or profession	zurdo
A job or profession	zurrador
Something you read	abece
Something you read	abecedarius
Something you read	acaparamiento
Something you read	acomodador
Something you read	aerograma
Something you read	agenda
Something you read	albaran
Something you read	albedrio
Something you read	alcaico
Something you read	alcoran
Something you read	almanaque
Something you read	anales
Something you read	antologia
Something you read	anuario
Something you read	anuncio
Something you read	aposento
Something you read	archivo
Something you read	arrendamiento
Something you read	arriendo
Something you read	articulo
Something you read	atlas
Something you read	autobiografia
Something you read	autoridad
Something you read	balada
Something you read	bestiario
Something you read	bestseller
Something you read	biblia
Something you read	billete
Something you read	biografia
Something you read	bitacora
Something you read	blog
Something you read	boletin
Something you read	boleto
Something you read	breviario
Something you read	brujula
Something you read	cabecera
Something you read	cabeza
Something you read	cable
Something you read	callejero
Something you read	cancionero
Something you read	cantoral
Something you read	capitulo
Something you read	carta
Something you read	cartel
Something you read	cartelera
Something you read	cartilla
Something you read	catalogo
Something you read	catecismo
Something you read	cerebro
Something you read	charla
Something you read	circular
Something you read	cobertura
Something you read	coleccion
Something you read	comediante
Something you read	comic
Something you read	comico
Something you read	compendio
Something you read	compilacion
Something you read	comunicado
Something you read	confabulacion
Something you read	contrato
Something you read	convidar
Something you read	convite
Something you read	coran
Something you read	correo
Something you read	cuadro
Something you read	cuarto
Something you read	cuenta
Something you read	curiosa
Something you read	devocionario
Something you read	diario
Something you read	diccionario
Something you read	dietario
Something you read	directorio
Something you read	divan
Something you read	diwan
Something you read	edicion
Something you read	efemeride
Something you read	ejemplar
Something you read	elegia
Something you read	elucubracion
Something you read	email
Something you read	emilio
Something you read	enchiridion
Something you read	enciclica
Something you read	enciclopedia
Something you read	ensayo
Something you read	entrada
Something you read	epica
Something you read	epistola
Something you read	epitalamio
Something you read	epopeya
Something you read	epos
Something you read	escala
Something you read	escenario
Something you read	escritura
Something you read	estudio
Something you read	etiqueta
Something you read	extra
Something you read	fabula
Something you read	facsimil
Something you read	factura
Something you read	farmacopea
Something you read	fax
Something you read	ficcion
Something you read	figura
Something you read	folleto
Something you read	formula
Something you read	foro
Something you read	frase
Something you read	fuente
Something you read	gaceta
Something you read	galerada
Something you read	galeradas
Something you read	galeras
Something you read	glosa
Something you read	glosario
Something you read	grafica
Something you read	grafico
Something you read	grafo
Something you read	grimorio
Something you read	guia
Something you read	guion
Something you read	habitacion
Something you read	haiku
Something you read	hebra
Something you read	heroico
Something you read	hilado
Something you read	hilo
Something you read	himnario
Something you read	historieta
Something you read	horoscopo
Something you read	humorista
Something you read	impresion
Something you read	indicador
Something you read	informe
Something you read	instrucciones
Something you read	introduccion
Something you read	invencion
Something you read	invitacion
Something you read	invitar
Something you read	itinerario
Something you read	koran
Something you read	labio
Something you read	lamento
Something you read	lectura
Something you read	letra
Something you read	letrero
Something you read	lexico
Something you read	leyenda
Something you read	libreto
Something you read	libro
Something you read	linea
Something you read	lirica
Something you read	listin
Something you read	mag
Something you read	magazine
Something you read	manual
Something you read	mapa
Something you read	mapas
Something you read	marca
Something you read	memo
Something you read	memorando
Something you read	memorandum
Something you read	memoria
Something you read	memorias
Something you read	mensaje
Something you read	mente
Something you read	menu
Something you read	misal
Something you read	misiva
Something you read	mito
Something you read	muestra
Something you read	naipe
Something you read	narracion
Something you read	narrativa
Something you read	newsletter
Something you read	nota
Something you read	nous
Something you read	novela
Something you read	novelucha
Something you read	numero
Something you read	oda
Something you read	omnibus
Something you read	oracion
Something you read	pagina
Something you read	palabra
Something you read	palma
Something you read	pancarta
Something you read	panfleto
Something you read	papel
Something you read	paragrafo
Something you read	parrafo
Something you read	parte
Something you read	pasaje
Something you read	pastoral
Something you read	periodico
Something you read	piada
Something you read	pio
Something you read	plano
Something you read	platica
Something you read	playscript
Something you read	poema
Something you read	poesia
Something you read	postal
Something you read	poster
Something you read	prescripcion
Something you read	prosa
Something you read	prospecto
Something you read	psique
Something you read	publicacion
Something you read	puesto
Something you read	quintilla
Something you read	quran
Something you read	rapsodia
Something you read	reajuste
Something you read	recepcion
Something you read	receta
Something you read	recetario
Something you read	recibo
Something you read	recopilacion
Something you read	reedicion
Something you read	reevaluacion
Something you read	referencia
Something you read	reimpresion
Something you read	relato
Something you read	reloj
Something you read	reporte
Something you read	resumen
Something you read	revaluacion
Something you read	revista
Something you read	rima
Something you read	romance
Something you read	rondel
Something you read	rondelet
Something you read	rotulo
Something you read	saga
Something you read	sala
Something you read	salterio
Something you read	script
Something you read	semanal
Something you read	semanario
Something you read	serial
Something you read	signo
Something you read	silabario
Something you read	silbada
Something you read	soneto
Something you read	subtitulo
Something you read	subtitulos
Something you read	superventas
Something you read	sursuncorda
Something you read	tabla
Something you read	tableta
Something you read	tabloide
Something you read	tarjeta
Something you read	telecopiador
Something you read	telefax
Something you read	telegrama
Something you read	tesauro
Something you read	tesis
Something you read	texto
Something you read	ticket
Something you read	tira
Something you read	titular
Something you read	tomo
Something you read	trama
Something you read	transcripcion
Something you read	vademecum
Something you read	variorum
Something you read	versiculo
Something you read	verso
Something you read	vocablo
Something you read	vocabulario
Something you read	volante
Something you read	volicion
Something you read	volumen
Something you read	voluntad
Something you read	website
Something you read	zaga
Something electronic	abaco
Something electronic	abanico
Something electronic	acumulador
Something electronic	agenda
Something electronic	alarma
Something electronic	altavoz
Something electronic	altoparlante
Something electronic	ampere
Something electronic	amperio
Something electronic	amplificador
Something electronic	amplificadora
Something electronic	androide
Something electronic	antena
Something electronic	antorcha
Something electronic	aparato
Something electronic	armadura
Something electronic	aspirador
Something electronic	aspiradora
Something electronic	ast
Something electronic	atenuador
Something electronic	atomo
Something electronic	audifono
Something electronic	auricular
Something electronic	auriculares
Something electronic	automata
Something electronic	aventador
Something electronic	baffle
Something electronic	bafle
Something electronic	basura
Something electronic	bateria
Something electronic	batidora
Something electronic	bbs
Something electronic	biper
Something electronic	bobina
Something electronic	brizna
Something electronic	bubblejet
Something electronic	bujia
Something electronic	bulbo
Something electronic	busca
Something electronic	buscapersonas
Something electronic	cableado
Something electronic	cafetera
Something electronic	calandria
Something electronic	calculador
Something electronic	calculadora
Something electronic	calculista
Something electronic	caldera
Something electronic	calefactor
Something electronic	calentador
Something electronic	calientaplatos
Something electronic	calmoso
Something electronic	camara
Something electronic	camarera
Something electronic	camarero
Something electronic	candil
Something electronic	carga
Something electronic	carrete
Something electronic	cartelera
Something electronic	cascos
Something electronic	casete
Something electronic	cassette
Something electronic	celula
Something electronic	celular
Something electronic	censor
Something electronic	centrifugadora
Something electronic	chat
Something electronic	chinche
Something electronic	chip
Something electronic	cinescopio
Something electronic	circuiteria
Something electronic	circuito
Something electronic	cliente
Something electronic	clistron
Something electronic	cocina
Something electronic	cocinilla
Something electronic	codificador
Something electronic	componedora
Something electronic	computador
Something electronic	computadora
Something electronic	condensador
Something electronic	congelador
Something electronic	consola
Something electronic	consternacion
Something electronic	contable
Something electronic	contador
Something electronic	contadora
Something electronic	contestador
Something electronic	control
Something electronic	controlador
Something electronic	copo
Something electronic	corcel
Something electronic	cortacircuitos
Something electronic	cpu
Something electronic	cuaderno
Something electronic	cuadrafonia
Something electronic	cubitera
Something electronic	delco
Something electronic	desfibrilador
Something electronic	desmodulador
Something electronic	destellador
Something electronic	detector
Something electronic	dimer
Something electronic	dimmer
Something electronic	diodo
Something electronic	disjuntor
Something electronic	display
Something electronic	distribuidor
Something electronic	dongle
Something electronic	duplicador
Something electronic	economista
Something electronic	ecualizador
Something electronic	electroforo
Something electronic	electrolitico
Something electronic	emisor
Something electronic	enchufe
Something electronic	escaner
Something electronic	escobilla
Something electronic	escritorio
Something electronic	escurridor
Something electronic	espanto
Something electronic	estabilizador
Something electronic	estereo
Something electronic	estimador
Something electronic	estimadora
Something electronic	estufa
Something electronic	explorador
Something electronic	extension
Something electronic	faro
Something electronic	figurer
Something electronic	filtro
Something electronic	filtros
Something electronic	flash
Something electronic	fragmento
Something electronic	frigorifico
Something electronic	fusible
Something electronic	garzon
Something electronic	gofrera
Something electronic	golem
Something electronic	goniometro
Something electronic	gps
Something electronic	grill
Something electronic	hablador
Something electronic	heladera
Something electronic	hervidor
Something electronic	hielera
Something electronic	hierro
Something electronic	hifi
Something electronic	hornillo
Something electronic	horno
Something electronic	humanoide
Something electronic	iconoscopio
Something electronic	impresor
Something electronic	impresora
Something electronic	impulsor
Something electronic	inductancia
Something electronic	inductor
Something electronic	infernillo
Something electronic	interficie
Something electronic	interruptor
Something electronic	intranquilidad
Something electronic	ipod
Something electronic	jiron
Something electronic	joystick
Something electronic	kinescopio
Something electronic	klistron
Something electronic	lampara
Something electronic	laptop
Something electronic	lavadora
Something electronic	lavaplatos
Something electronic	lavarropas
Something electronic	lavavajilla
Something electronic	lavavajillas
Something electronic	led
Something electronic	lento
Something electronic	lentorro
Something electronic	licuadora
Something electronic	limitador
Something electronic	linotipia
Something electronic	linotipo
Something electronic	linterna
Something electronic	magnetron
Something electronic	mando
Something electronic	mangle
Something electronic	marcapasos
Something electronic	maser
Something electronic	megafono
Something electronic	mensafono
Something electronic	mesera
Something electronic	mesero
Something electronic	mezclador
Something electronic	mezcladora
Something electronic	miaja
Something electronic	micro
Something electronic	microchip
Something electronic	microcircuito
Something electronic	microfono
Something electronic	microonda
Something electronic	microondas
Something electronic	microordenador
Something electronic	microplaqueta
Something electronic	microtelefono
Something electronic	migaja
Something electronic	miniordenador
Something electronic	mobile
Something electronic	mochila
Something electronic	modem
Something electronic	modulo
Something electronic	moldeador
Something electronic	monitor
Something electronic	monotipia
Something electronic	monotipo
Something electronic	mouse
Something electronic	movil
Something electronic	multiplexador
Something electronic	multiplexor
Something electronic	nerviosismo
Something electronic	nevera
Something electronic	nicad
Something electronic	obturador
Something electronic	ocioso
Something electronic	orador
Something electronic	orbitador
Something electronic	ordenador
Something electronic	organizador
Something electronic	oscilador
Something electronic	osciloscopio
Something electronic	pantalla
Something electronic	parado
Something electronic	parrilla
Something electronic	parte
Something electronic	pastilla
Something electronic	pda
Something electronic	pedazo
Something electronic	pentodo
Something electronic	periferico
Something electronic	pila
Something electronic	pizca
Something electronic	placa
Something electronic	plancha
Something electronic	planificador
Something electronic	platina
Something electronic	pletina
Something electronic	plomo
Something electronic	polaroid
Something electronic	portaagujas
Something electronic	portada
Something electronic	portal
Something electronic	portatil
Something electronic	potenciometro
Something electronic	procesador
Something electronic	proyector
Something electronic	puente
Something electronic	quadraphony
Something electronic	quipu
Something electronic	radio
Something electronic	radiocaset
Something electronic	radiofono
Something electronic	radiorreceptor
Something electronic	radiotelefono
Something electronic	raton
Something electronic	reactor
Something electronic	receptor
Something electronic	rectificador
Something electronic	reflex
Something electronic	refrigerador
Something electronic	rele
Something electronic	reloj
Something electronic	remoto
Something electronic	reostato
Something electronic	repetidor
Something electronic	reproductor
Something electronic	resistencia
Something electronic	resistor
Something electronic	resonador
Something electronic	retazo
Something electronic	rezagado
Something electronic	rizador
Something electronic	robot
Something electronic	rotor
Something electronic	ruptor
Something electronic	salpicadero
Something electronic	satelite
Something electronic	secador
Something electronic	secadora
Something electronic	sensor
Something electronic	servidor
Something electronic	simplon
Something electronic	solenoide
Something electronic	sonda
Something electronic	sonotone
Something electronic	strayer
Something electronic	subwoofer
Something electronic	sumadora
Something electronic	superordenador
Something electronic	supletorio
Something electronic	supresor
Something electronic	tabla
Something electronic	tablero
Something electronic	tabulador
Something electronic	tabuladora
Something electronic	tandoor
Something electronic	tandoori
Something electronic	tarjeta
Something electronic	tasadora
Something electronic	teclado
Something electronic	tele
Something electronic	telefono
Something electronic	telemando
Something electronic	teletipo
Something electronic	television
Something electronic	televisor
Something electronic	telex
Something electronic	tenacilla
Something electronic	terminal
Something electronic	termoimpresora
Something electronic	termostato
Something electronic	tetrodo
Something electronic	timbre
Something electronic	tomavistas
Something electronic	torpe
Something electronic	tortuga
Something electronic	tostador
Something electronic	tostadora
Something electronic	totalizador
Something electronic	trackball
Something electronic	transductor
Something electronic	transformador
Something electronic	transistor
Something electronic	transmisor
Something electronic	transpondedor
Something electronic	transponder
Something electronic	trasformador
Something electronic	triodo
Something electronic	triza
Something electronic	trocito
Something electronic	tubo
Something electronic	tweeter
Something electronic	ucp
Something electronic	vacio
Something electronic	vacuidad
Something electronic	ventana
Something electronic	ventilador
Something electronic	verbaliser
Something electronic	video
Something electronic	videocamara
Something electronic	videograbadora
Something electronic	vigilante
Something electronic	visualizador
Something electronic	walkman
Something electronic	webcam
Something electronic	website
Something electronic	woofer
Something electronic	yagi
Something electronic	zangano
A word meaning fast	acelerado
A word meaning fast	activo
A word meaning fast	agil
A word meaning fast	allegretto
A word meaning fast	allegro
A word meaning fast	alto
A word meaning fast	andantino
A word meaning fast	animado
A word meaning fast	apresurado
A word meaning fast	dinamico
A word meaning fast	elegante
A word meaning fast	energico
A word meaning fast	expreso
A word meaning fast	impermeable
A word meaning fast	inmediato
A word meaning fast	insensible
A word meaning fast	instantaneo
A word meaning fast	ligero
A word meaning fast	liso
A word meaning fast	llano
A word meaning fast	meteorico
A word meaning fast	precipitado
A word meaning fast	prestissimo
A word meaning fast	presto
A word meaning fast	pronto
A word meaning fast	rapida
A word meaning fast	rapido
A word meaning fast	raudo
A word meaning fast	suave
A word meaning fast	superficial
A word meaning fast	veloz
A word meaning fast	vivace
A type of building	abadia
A type of building	abejar
A type of building	accesoria
A type of building	acereria
A type of building	aceria
A type of building	acuario
A type of building	aerodromo
A type of building	aeroporto
A type of building	aeropuerto
A type of building	aguja
A type of building	ahumadero
A type of building	albergo
A type of building	albergue
A type of building	alcazar
A type of building	aljama
A type of building	almacen
A type of building	almenara
A type of building	alminar
A type of building	alqueria
A type of building	ambito
A type of building	ambulatorio
A type of building	anejo
A type of building	anexo
A type of building	anfiteatro
A type of building	antro
A type of building	apartamento
A type of building	arca
A type of building	area
A type of building	arena
A type of building	armeria
A type of building	arquitectura
A type of building	arsenal
A type of building	asador
A type of building	aserradero
A type of building	atalaya
A type of building	atico
A type of building	auberge
A type of building	autoservicio
A type of building	averia
A type of building	aviario
A type of building	baliza
A type of building	balneario
A type of building	banos
A type of building	bar
A type of building	barbacan
A type of building	barbacana
A type of building	barberia
A type of building	barraca
A type of building	basilica
A type of building	bawdyhouse
A type of building	bazar
A type of building	belvedere
A type of building	belvedire
A type of building	betel
A type of building	biblioteca
A type of building	bioscope
A type of building	bistro
A type of building	bodega
A type of building	botica
A type of building	boutique
A type of building	brasserie
A type of building	bungalow
A type of building	burdel
A type of building	caballeriza
A type of building	caballete
A type of building	cabana
A type of building	cabare
A type of building	cabaret
A type of building	cabina
A type of building	cafe
A type of building	cafeteria
A type of building	caff
A type of building	calabozo
A type of building	camarote
A type of building	cambuche
A type of building	campanario
A type of building	campanilo
A type of building	campo
A type of building	canal
A type of building	cancilleria
A type of building	cantina
A type of building	capilla
A type of building	caravansar
A type of building	caravansaray
A type of building	caravasar
A type of building	carcel
A type of building	carpa
A type of building	carport
A type of building	casa
A type of building	casal
A type of building	caseria
A type of building	caserio
A type of building	caserna
A type of building	caseta
A type of building	casino
A type of building	casita
A type of building	castillo
A type of building	castro
A type of building	casuca
A type of building	casucha
A type of building	catedral
A type of building	celuloide
A type of building	cenador
A type of building	cenobio
A type of building	central
A type of building	centro
A type of building	cerveceria
A type of building	chabola
A type of building	chacra
A type of building	chale
A type of building	chalet
A type of building	chamizo
A type of building	chapitel
A type of building	charcuteria
A type of building	chateau
A type of building	chophouse
A type of building	choza
A type of building	cine
A type of building	cinema
A type of building	cinematografo
A type of building	claustro
A type of building	clinica
A type of building	club
A type of building	clube
A type of building	cobertizo
A type of building	cochera
A type of building	colegio
A type of building	coliseo
A type of building	colmenar
A type of building	comedor
A type of building	comercio
A type of building	condominio
A type of building	confiteria
A type of building	conservatorio
A type of building	conserveria
A type of building	construccion
A type of building	consulado
A type of building	convento
A type of building	corte
A type of building	cortijo
A type of building	cotarro
A type of building	covacha
A type of building	crematorio
A type of building	cristianismo
A type of building	cuadra
A type of building	cuartel
A type of building	cucha
A type of building	cuchitril
A type of building	cumucho
A type of building	cupula
A type of building	dacha
A type of building	degolladero
A type of building	deli
A type of building	delicatessen
A type of building	departamento
A type of building	dependencia
A type of building	deposito
A type of building	diner
A type of building	discoteca
A type of building	dispensario
A type of building	domicilio
A type of building	dominio
A type of building	drome
A type of building	dulceria
A type of building	duomo
A type of building	duplex
A type of building	economato
A type of building	edificacion
A type of building	edificio
A type of building	edificios
A type of building	embajada
A type of building	enfermeria
A type of building	ermita
A type of building	escuela
A type of building	esfera
A type of building	estable
A type of building	establo
A type of building	estacion
A type of building	estadio
A type of building	estaminet
A type of building	estanco
A type of building	estudio
A type of building	estufa
A type of building	estupa
A type of building	fabrica
A type of building	factoria
A type of building	farmacia
A type of building	faro
A type of building	ferreteria
A type of building	film
A type of building	firetrap
A type of building	fleapit
A type of building	floreria
A type of building	florista
A type of building	floristeria
A type of building	fonda
A type of building	forja
A type of building	fortaleza
A type of building	fuerte
A type of building	funderia
A type of building	fundicion
A type of building	funeraria
A type of building	gallinero
A type of building	galpon
A type of building	garage
A type of building	garaje
A type of building	gayola
A type of building	gazebo
A type of building	gimnasio
A type of building	ginmill
A type of building	glorieta
A type of building	gobi
A type of building	granero
A type of building	granja
A type of building	guarnicion
A type of building	habitacion
A type of building	habitaculo
A type of building	hacienda
A type of building	hangar
A type of building	heladera
A type of building	hermita
A type of building	hielo
A type of building	hipodromo
A type of building	hogar
A type of building	hospedaje
A type of building	hospederia
A type of building	hospital
A type of building	hospitales
A type of building	hostal
A type of building	hosteria
A type of building	hotel
A type of building	iglesia
A type of building	iglu
A type of building	imaret
A type of building	inclusa
A type of building	infravivienda
A type of building	inmueble
A type of building	instituto
A type of building	invernaculo
A type of building	invernadero
A type of building	jakes
A type of building	jugueteria
A type of building	kiosco
A type of building	laboratorio
A type of building	lamaseria
A type of building	lazareto
A type of building	lenera
A type of building	lenero
A type of building	leproseria
A type of building	libreria
A type of building	liceo
A type of building	llanura
A type of building	loquera
A type of building	lupanar
A type of building	maestranza
A type of building	mancebia
A type of building	manicomio
A type of building	mansion
A type of building	maquiladora
A type of building	margen
A type of building	masjid
A type of building	matadero
A type of building	mataderos
A type of building	meadero
A type of building	mercado
A type of building	meson
A type of building	messuage
A type of building	meuble
A type of building	mezquita
A type of building	minarete
A type of building	ministerio
A type of building	mirador
A type of building	molino
A type of building	monasterio
A type of building	morada
A type of building	morgue
A type of building	motel
A type of building	museo
A type of building	museos
A type of building	musjid
A type of building	negocio
A type of building	nick
A type of building	observatorio
A type of building	oficina
A type of building	opera
A type of building	oraculo
A type of building	orangerie
A type of building	orbita
A type of building	orilla
A type of building	pabellon
A type of building	pagoda
A type of building	pajarera
A type of building	palacete
A type of building	palacio
A type of building	panaderia
A type of building	panteon
A type of building	parada
A type of building	parador
A type of building	parcela
A type of building	pasteleria
A type of building	patinadero
A type of building	pecera
A type of building	peluqueria
A type of building	penal
A type of building	penalti
A type of building	penitenciaria
A type of building	pension
A type of building	perfumeria
A type of building	perrera
A type of building	pharos
A type of building	pinaculo
A type of building	piramide
A type of building	piso
A type of building	pista
A type of building	pizzeria
A type of building	planetario
A type of building	planta
A type of building	plantel
A type of building	pokey
A type of building	pollera
A type of building	posada
A type of building	presbiterio
A type of building	presidio
A type of building	priorato
A type of building	prision
A type of building	propagacion
A type of building	prostibulo
A type of building	psiquiatrico
A type of building	pub
A type of building	puesto
A type of building	puticlub
A type of building	quilombo
A type of building	quincalleria
A type of building	quinteria
A type of building	quiosco
A type of building	radiobaliza
A type of building	radiofaro
A type of building	rancho
A type of building	rascacielos
A type of building	rectoria
A type of building	refineria
A type of building	relicario
A type of building	residencia
A type of building	resort
A type of building	restauran
A type of building	restaurante
A type of building	restoran
A type of building	retrete
A type of building	ribera
A type of building	roadhouse
A type of building	rosticeria
A type of building	rotisserie
A type of building	rotonda
A type of building	ruina
A type of building	salon
A type of building	saltbox
A type of building	sanatorio
A type of building	santuario
A type of building	serreria
A type of building	signo
A type of building	silo
A type of building	sinagoga
A type of building	siquiatrico
A type of building	sobradillo
A type of building	sobreatico
A type of building	sombrereria
A type of building	stand
A type of building	steakhouse
A type of building	stupa
A type of building	subestacion
A type of building	sudatorio
A type of building	sudatorium
A type of building	super
A type of building	supermercado
A type of building	taberna
A type of building	tabernaculo
A type of building	tahona
A type of building	talego
A type of building	taller
A type of building	tanatorio
A type of building	taphouse
A type of building	tasca
A type of building	teatro
A type of building	templo
A type of building	tenderete
A type of building	tepe
A type of building	terminal
A type of building	terreno
A type of building	tienda
A type of building	tintoreria
A type of building	tipi
A type of building	tope
A type of building	torre
A type of building	torrecilla
A type of building	torreon
A type of building	torreta
A type of building	tribuna
A type of building	trullo
A type of building	tugurio
A type of building	universidad
A type of building	urinario
A type of building	vaqueria
A type of building	vaqueriza
A type of building	varadero
A type of building	vasa
A type of building	vater
A type of building	vera
A type of building	vicaria
A type of building	vigia
A type of building	villa
A type of building	vivero
A type of building	vivienda
A type of building	wigwam
A type of building	wikiup
A type of building	yurta
A type of building	zahurda
A type of building	zigurat
A type of building	zikurat
A type of building	zoo
A type of building	zoologico
A thing with wheels	aeronave
A thing with wheels	aeroplano
A thing with wheels	ambulancia
A thing with wheels	aplanadora
A thing with wheels	armatoste
A thing with wheels	auto
A thing with wheels	autobus
A thing with wheels	autocar
A thing with wheels	autocaravana
A thing with wheels	automotor
A thing with wheels	automovil
A thing with wheels	autovolquete
A thing with wheels	avion
A thing with wheels	bagaje
A thing with wheels	bala
A thing with wheels	berlina
A thing with wheels	bibliobus
A thing with wheels	bici
A thing with wheels	bicicleta
A thing with wheels	bicicletas
A thing with wheels	bicitaxi
A thing with wheels	biplaza
A thing with wheels	bolido
A thing with wheels	bondi
A thing with wheels	bote
A thing with wheels	bulldozer
A thing with wheels	bus
A thing with wheels	cabina
A thing with wheels	cabriole
A thing with wheels	cabriolet
A thing with wheels	cacharro
A thing with wheels	cafetera
A thing with wheels	calesa
A thing with wheels	caminante
A thing with wheels	camion
A thing with wheels	camioneta
A thing with wheels	campista
A thing with wheels	caravana
A thing with wheels	carmelita
A thing with wheels	carreta
A thing with wheels	carretela
A thing with wheels	carretilla
A thing with wheels	carreton
A thing with wheels	carriola
A thing with wheels	carrito
A thing with wheels	carro
A thing with wheels	carroza
A thing with wheels	carruaje
A thing with wheels	ceta
A thing with wheels	changarro
A thing with wheels	charabanc
A thing with wheels	chirrion
A thing with wheels	ciclomotor
A thing with wheels	clarence
A thing with wheels	coche
A thing with wheels	cochecito
A thing with wheels	compacto
A thing with wheels	convertible
A thing with wheels	coupe
A thing with wheels	cupe
A thing with wheels	descapotable
A thing with wheels	diligencia
A thing with wheels	dray
A thing with wheels	drosky
A thing with wheels	dumper
A thing with wheels	equipaje
A thing with wheels	escuter
A thing with wheels	excavadora
A thing with wheels	excursionista
A thing with wheels	explorador
A thing with wheels	faeton
A thing with wheels	ferrocarril
A thing with wheels	furgon
A thing with wheels	furgoneta
A thing with wheels	gato
A thing with wheels	gharry
A thing with wheels	gondola
A thing with wheels	grillera
A thing with wheels	grua
A thing with wheels	handcar
A thing with wheels	hardtop
A thing with wheels	heap
A thing with wheels	jet
A thing with wheels	juguete
A thing with wheels	juguetes
A thing with wheels	kart
A thing with wheels	lando
A thing with wheels	landrover
A thing with wheels	lechera
A thing with wheels	limo
A thing with wheels	limosina
A thing with wheels	limusin
A thing with wheels	limusina
A thing with wheels	locomotora
A thing with wheels	mala
A thing with wheels	maleta
A thing with wheels	mamotreto
A thing with wheels	maquina
A thing with wheels	micro
A thing with wheels	minicab
A thing with wheels	minimoto
A thing with wheels	minivan
A thing with wheels	monociclo
A thing with wheels	monopatin
A thing with wheels	monovolumen
A thing with wheels	montacargas
A thing with wheels	moto
A thing with wheels	motocicleta
A thing with wheels	motociclo
A thing with wheels	motonieve
A thing with wheels	motoniveladora
A thing with wheels	motorbus
A thing with wheels	ocioso
A thing with wheels	oficina
A thing with wheels	omnibus
A thing with wheels	oruga
A thing with wheels	panzer
A thing with wheels	paseante
A thing with wheels	patin
A thing with wheels	patines
A thing with wheels	patineta
A thing with wheels	patinete
A thing with wheels	peaton
A thing with wheels	pedicab
A thing with wheels	peditaxi
A thing with wheels	picop
A thing with wheels	quitanieves
A thing with wheels	ranchera
A thing with wheels	reactor
A thing with wheels	remolque
A thing with wheels	rickshaw
A thing with wheels	rulot
A thing with wheels	runabout
A thing with wheels	scooter
A thing with wheels	sedan
A thing with wheels	shinkansen
A thing with wheels	silla
A thing with wheels	simon
A thing with wheels	stanhope
A thing with wheels	streamliner
A thing with wheels	sulky
A thing with wheels	tandem
A thing with wheels	tanque
A thing with wheels	taxi
A thing with wheels	taximetro
A thing with wheels	technical
A thing with wheels	teleferico
A thing with wheels	tender
A thing with wheels	todoterreno
A thing with wheels	topadora
A thing with wheels	tractor
A thing with wheels	trailer
A thing with wheels	tranvia
A thing with wheels	tren
A thing with wheels	trenes
A thing with wheels	triciclo
A thing with wheels	trike
A thing with wheels	troca
A thing with wheels	troica
A thing with wheels	troika
A thing with wheels	trole
A thing with wheels	trolebus
A thing with wheels	troque
A thing with wheels	turismo
A thing with wheels	utilitario
A thing with wheels	vagon
A thing with wheels	valija
A thing with wheels	van
A thing with wheels	vanguardia
A thing with wheels	vanguardismo
A thing with wheels	vehiculo
A thing with wheels	velocipedo
A thing with wheels	velomotor
A thing with wheels	velotaxi
A thing with wheels	vespa
A thing with wheels	vespino
A thing with wheels	volquete
A thing with wheels	zeda
A thing with wheels	zeta
Something metal	acero
Something metal	acicula
Something metal	aguja
Something metal	alambrada
Something metal	alambre
Something metal	aleacion
Something metal	alumbre
Something metal	aluminio
Something metal	amalgama
Something metal	americio
Something metal	antimonio
Something metal	armadura
Something metal	armario
Something metal	azafate
Something metal	azogue
Something metal	bandeja
Something metal	bario
Something metal	barita
Something metal	barrera
Something metal	barril
Something metal	batea
Something metal	berilio
Something metal	berkelio
Something metal	berquelio
Something metal	bigornia
Something metal	bisagra
Something metal	bismuto
Something metal	bote
Something metal	boveda
Something metal	bronce
Something metal	cadena
Something metal	cadmio
Something metal	calcio
Something metal	caldera
Something metal	californio
Something metal	campana
Something metal	candado
Something metal	canon
Something metal	carcelero
Something metal	casco
Something metal	casillero
Something metal	cazo
Something metal	cerca
Something metal	cercado
Something metal	cerio
Something metal	cerradura
Something metal	cesio
Something metal	charnela
Something metal	charola
Something metal	cinc
Something metal	circonio
Something metal	clave
Something metal	cobalto
Something metal	cobre
Something metal	cofre
Something metal	concatenacion
Something metal	condecoracion
Something metal	constantan
Something metal	constantano
Something metal	cortador
Something metal	cripta
Something metal	cromado
Something metal	cromo
Something metal	cuchara
Something metal	cuchillo
Something metal	cuproniquel
Something metal	curio
Something metal	delantera
Something metal	disprosio
Something metal	divisa
Something metal	einsteinio
Something metal	einstenio
Something metal	electro
Something metal	electrum
Something metal	erbio
Something metal	escandio
Something metal	escudo
Something metal	espada
Something metal	estano
Something metal	estroncio
Something metal	europio
Something metal	fermio
Something metal	folio
Something metal	francio
Something metal	gadolinio
Something metal	galio
Something metal	garrancha
Something metal	glucinio
Something metal	gozne
Something metal	gunmetal
Something metal	hafnio
Something metal	hervidor
Something metal	hidrargirio
Something metal	hidrargiro
Something metal	hierro
Something metal	hojuela
Something metal	holmio
Something metal	hydrargyrum
Something metal	iman
Something metal	indio
Something metal	iridio
Something metal	iterbio
Something metal	itrio
Something metal	lantano
Something metal	lata
Something metal	laton
Something metal	liderazgo
Something metal	litio
Something metal	llave
Something metal	lutecio
Something metal	magnesio
Something metal	manganeso
Something metal	medalla
Something metal	medallon
Something metal	mercurio
Something metal	metal
Something metal	metales
Something metal	molibdeno
Something metal	moneda
Something metal	neodimio
Something metal	neptunio
Something metal	niobio
Something metal	niquel
Something metal	olla
Something metal	oro
Something metal	osmio
Something metal	paladio
Something metal	paladion
Something metal	panteon
Something metal	peltre
Something metal	percutor
Something metal	pieza
Something metal	pipa
Something metal	plata
Something metal	platino
Something metal	plomo
Something metal	polonio
Something metal	porton
Something metal	potasio
Something metal	pote
Something metal	praseodimio
Something metal	pretil
Something metal	primavera
Something metal	promecio
Something metal	prometio
Something metal	protactinio
Something metal	protoactinio
Something metal	protoactinium
Something metal	puerta
Something metal	radio
Something metal	radiotorio
Something metal	rayo
Something metal	renio
Something metal	rodio
Something metal	rubidio
Something metal	rutenio
Something metal	samario
Something metal	sarten
Something metal	sax
Something metal	seto
Something metal	similor
Something metal	sodio
Something metal	soldadura
Something metal	spiegel
Something metal	talio
Something metal	tambac
Something metal	tantalio
Something metal	tantalo
Something metal	taquilla
Something metal	tecnecio
Something metal	tenedor
Something metal	terbio
Something metal	tijera
Something metal	tijeras
Something metal	timbre
Something metal	titanio
Something metal	tombac
Something metal	tombak
Something metal	torcedura
Something metal	tori
Something metal	torio
Something metal	tornillo
Something metal	trofeo
Something metal	trueno
Something metal	tulio
Something metal	tumbaga
Something metal	tungsteno
Something metal	una
Something metal	uranio
Something metal	valla
Something metal	vanadio
Something metal	ventaja
Something metal	verja
Something metal	viga
Something metal	volframio
Something metal	wolfram
Something metal	wolframio
Something metal	yterbio
Something metal	yunque
Something metal	zinc
Something metal	zirconio
A type of plant	aalii
A type of plant	abaca
A type of plant	abedul
A type of plant	abele
A type of plant	abelia
A type of plant	abelmosco
A type of plant	abelmosk
A type of plant	abeto
A type of plant	abrojo
A type of plant	abrotano
A type of plant	absintio
A type of plant	acacia
A type of plant	acanto
A type of plant	acebo
A type of plant	acedera
A type of plant	aceituna
A type of plant	acelga
A type of plant	acerolo
A type of plant	achillea
A type of plant	achira
A type of plant	aciano
A type of plant	aconito
A type of plant	acrogen
A type of plant	adaza
A type of plant	adelfa
A type of plant	adormidera
A type of plant	aerophyte
A type of plant	agave
A type of plant	ageratum
A type of plant	agrazon
A type of plant	agrifolio
A type of plant	agrimonia
A type of plant	agrostis
A type of plant	aguacate
A type of plant	aguilena
A type of plant	ailanto
A type of plant	ajedrea
A type of plant	ajenjo
A type of plant	aji
A type of plant	ajipuerro
A type of plant	ajo
A type of plant	ajonjoli
A type of plant	alamo
A type of plant	alazor
A type of plant	albahaca
A type of plant	albaricoque
A type of plant	albaricoquero
A type of plant	albarranilla
A type of plant	albarraz
A type of plant	albizia
A type of plant	albizzia
A type of plant	alcachofa
A type of plant	alcacil
A type of plant	alcaparra
A type of plant	alcaparro
A type of plant	alcaravea
A type of plant	alcaucil
A type of plant	alecost
A type of plant	alegria
A type of plant	alerce
A type of plant	alfalfa
A type of plant	alfilaria
A type of plant	alfileria
A type of plant	alfoncigo
A type of plant	alforfon
A type of plant	alga
A type of plant	algarroba
A type of plant	algarrobo
A type of plant	algas
A type of plant	algodon
A type of plant	algodoncillo
A type of plant	algodonero
A type of plant	alheli
A type of plant	alhena
A type of plant	alholva
A type of plant	aligustre
A type of plant	aliso
A type of plant	almendra
A type of plant	almendro
A type of plant	almez
A type of plant	aloe
A type of plant	alosna
A type of plant	altamisa
A type of plant	altea
A type of plant	altramuz
A type of plant	amapola
A type of plant	amaranthus
A type of plant	amaranto
A type of plant	amargon
A type of plant	amarilis
A type of plant	ambrosia
A type of plant	anacardo
A type of plant	anacharis
A type of plant	anana
A type of plant	ananas
A type of plant	anapelo
A type of plant	anchusa
A type of plant	anea
A type of plant	anemona
A type of plant	anemone
A type of plant	angelica
A type of plant	angelique
A type of plant	angiosperma
A type of plant	angiospermas
A type of plant	angiospermo
A type of plant	anil
A type of plant	anis
A type of plant	anona
A type of plant	anthurium
A type of plant	apio
A type of plant	aquilea
A type of plant	aquilege
A type of plant	aquilegia
A type of plant	arandano
A type of plant	araucaria
A type of plant	arbol
A type of plant	arbusto
A type of plant	arcangel
A type of plant	arce
A type of plant	arctium
A type of plant	areca
A type of plant	arere
A type of plant	arnica
A type of plant	aro
A type of plant	arrayan
A type of plant	arroz
A type of plant	arrurruz
A type of plant	artemisa
A type of plant	artemisia
A type of plant	arum
A type of plant	arveja
A type of plant	asclepiadacea
A type of plant	asimina
A type of plant	asperilla
A type of plant	aspidistra
A type of plant	aster
A type of plant	astilbe
A type of plant	aulaga
A type of plant	autophyte
A type of plant	autotrofica
A type of plant	autotrofo
A type of plant	avalancha
A type of plant	avellana
A type of plant	avellanero
A type of plant	avellano
A type of plant	avena
A type of plant	awlwort
A type of plant	ayote
A type of plant	azafran
A type of plant	azalea
A type of plant	azucena
A type of plant	azulejo
A type of plant	baladre
A type of plant	balibago
A type of plant	ballico
A type of plant	balsamo
A type of plant	bambu
A type of plant	banana
A type of plant	bananero
A type of plant	banano
A type of plant	baniano
A type of plant	banksia
A type of plant	baobab
A type of plant	barbaridad
A type of plant	barbon
A type of plant	bardana
A type of plant	barrilla
A type of plant	bedstraw
A type of plant	begonia
A type of plant	bejuco
A type of plant	beleno
A type of plant	belladona
A type of plant	bellorita
A type of plant	bellwort
A type of plant	benjoin
A type of plant	bentgrass
A type of plant	berenjena
A type of plant	bergamote
A type of plant	bergamoto
A type of plant	berro
A type of plant	bestialidad
A type of plant	betabel
A type of plant	betarraga
A type of plant	betel
A type of plant	betula
A type of plant	bigarade
A type of plant	bilsted
A type of plant	bimli
A type of plant	bine
A type of plant	bluestem
A type of plant	boga
A type of plant	bogbean
A type of plant	boj
A type of plant	bonsai
A type of plant	borecole
A type of plant	borona
A type of plant	borraja
A type of plant	bougainvillea
A type of plant	breakstone
A type of plant	brecol
A type of plant	brezo
A type of plant	briony
A type of plant	broccoli
A type of plant	brocoli
A type of plant	bromo
A type of plant	brusela
A type of plant	bryonia
A type of plant	budleia
A type of plant	buganvilia
A type of plant	buganvilla
A type of plant	bullace
A type of plant	bullbrier
A type of plant	burrada
A type of plant	cabuya
A type of plant	cacahuete
A type of plant	cacao
A type of plant	cacaotero
A type of plant	cactaceae
A type of plant	cacto
A type of plant	cactus
A type of plant	cafe
A type of plant	cafeto
A type of plant	cala
A type of plant	calabacera
A type of plant	calabacin
A type of plant	calabacita
A type of plant	calabaza
A type of plant	caladium
A type of plant	calamint
A type of plant	calendula
A type of plant	calisaya
A type of plant	calta
A type of plant	camas
A type of plant	camass
A type of plant	cambron
A type of plant	camelia
A type of plant	camellia
A type of plant	camomila
A type of plant	campanilla
A type of plant	campanula
A type of plant	campeche
A type of plant	campion
A type of plant	cana
A type of plant	canacoro
A type of plant	canafistola
A type of plant	canafistula
A type of plant	canamo
A type of plant	candelaria
A type of plant	canela
A type of plant	cannabis
A type of plant	cantalupa
A type of plant	cantidad
A type of plant	caoba
A type of plant	capsicum
A type of plant	capuchina
A type of plant	caqui
A type of plant	caragana
A type of plant	carambola
A type of plant	carda
A type of plant	cardamomo
A type of plant	cardencha
A type of plant	cardo
A type of plant	cariofilada
A type of plant	carnalizacion
A type of plant	carpe
A type of plant	carpinus
A type of plant	carrizo
A type of plant	carya
A type of plant	cascarilla
A type of plant	cassie
A type of plant	castana
A type of plant	castano
A type of plant	casuarina
A type of plant	catalpa
A type of plant	catbrier
A type of plant	catmint
A type of plant	catnip
A type of plant	cattleya
A type of plant	caupi
A type of plant	cebada
A type of plant	cebolla
A type of plant	cebolleta
A type of plant	cebollin
A type of plant	cebollino
A type of plant	cedro
A type of plant	ceiba
A type of plant	celidonia
A type of plant	celinda
A type of plant	cenizo
A type of plant	centaura
A type of plant	centaurea
A type of plant	centeno
A type of plant	centinodia
A type of plant	cerafolio
A type of plant	cerasus
A type of plant	cereal
A type of plant	cerefolio
A type of plant	cereza
A type of plant	cerezo
A type of plant	cesped
A type of plant	chaulmugra
A type of plant	chicot
A type of plant	chile
A type of plant	chimbombo
A type of plant	chinchona
A type of plant	chirca
A type of plant	chiribita
A type of plant	chirimoya
A type of plant	chirivia
A type of plant	chocho
A type of plant	chocolate
A type of plant	cholla
A type of plant	chopo
A type of plant	chrysanthemum
A type of plant	chufa
A type of plant	cicadacea
A type of plant	ciclamen
A type of plant	cicuta
A type of plant	cidro
A type of plant	cilantro
A type of plant	cincoenrama
A type of plant	cineraria
A type of plant	cipres
A type of plant	ciruela
A type of plant	ciruelo
A type of plant	citrico
A type of plant	cive
A type of plant	cizana
A type of plant	clavel
A type of plant	clavelina
A type of plant	clavero
A type of plant	clematide
A type of plant	clematis
A type of plant	cleome
A type of plant	clintonia
A type of plant	clivers
A type of plant	clotbur
A type of plant	coca
A type of plant	coco
A type of plant	cocobolo
A type of plant	cocotero
A type of plant	cohune
A type of plant	col
A type of plant	coleus
A type of plant	coliflor
A type of plant	colinabo
A type of plant	colleja
A type of plant	colombina
A type of plant	colza
A type of plant	comino
A type of plant	comomosi
A type of plant	conifera
A type of plant	conifero
A type of plant	convolvulo
A type of plant	convolvulus
A type of plant	coracan
A type of plant	corakan
A type of plant	coreopsis
A type of plant	coriandro
A type of plant	cornejo
A type of plant	corno
A type of plant	cornus
A type of plant	correhuela
A type of plant	cosmos
A type of plant	cotoneaster
A type of plant	crabgrass
A type of plant	creamcups
A type of plant	criptogama
A type of plant	criptogamas
A type of plant	criptogamo
A type of plant	crisantemo
A type of plant	croco
A type of plant	crocus
A type of plant	crucifera
A type of plant	cuajaleche
A type of plant	culantrillo
A type of plant	culantro
A type of plant	culti
A type of plant	cultivar
A type of plant	cumfrey
A type of plant	cumquat
A type of plant	cumulo
A type of plant	curcuma
A type of plant	currajong
A type of plant	cycadophyta
A type of plant	cymbidium
A type of plant	cyrilla
A type of plant	dahlia
A type of plant	daikon
A type of plant	dak
A type of plant	dalia
A type of plant	dalo
A type of plant	danewort
A type of plant	dedalera
A type of plant	delfinio
A type of plant	derris
A type of plant	deutzia
A type of plant	dhak
A type of plant	dhal
A type of plant	diatomea
A type of plant	diatomeas
A type of plant	dichondra
A type of plant	dicotiledon
A type of plant	dicotiledonea
A type of plant	digital
A type of plant	digitalis
A type of plant	dita
A type of plant	dormidera
A type of plant	doura
A type of plant	dourah
A type of plant	dracaena
A type of plant	dragon
A type of plant	dulcamara
A type of plant	dulzamara
A type of plant	duraznero
A type of plant	durazno
A type of plant	durian
A type of plant	durio
A type of plant	durion
A type of plant	durra
A type of plant	ebano
A type of plant	edelweiss
A type of plant	eglantina
A type of plant	eleboro
A type of plant	embrion
A type of plant	empetrum
A type of plant	endibia
A type of plant	endivia
A type of plant	endrina
A type of plant	endrino
A type of plant	enea
A type of plant	enebro
A type of plant	eneldo
A type of plant	enormidad
A type of plant	enredadera
A type of plant	epazote
A type of plant	ephedraceae
A type of plant	epifito
A type of plant	episcia
A type of plant	equisetacea
A type of plant	erica
A type of plant	escabiosa
A type of plant	escanda
A type of plant	escarola
A type of plant	escobilla
A type of plant	esfagno
A type of plant	espadana
A type of plant	esparcet
A type of plant	esparceta
A type of plant	esparrago
A type of plant	espelta
A type of plant	espinaca
A type of plant	espino
A type of plant	espirea
A type of plant	espliego
A type of plant	esporofito
A type of plant	espuela
A type of plant	estepicursor
A type of plant	estragon
A type of plant	estramonio
A type of plant	eucalipto
A type of plant	eucaliptus
A type of plant	eucalyptus
A type of plant	euforbio
A type of plant	euro
A type of plant	fagus
A type of plant	fajo
A type of plant	fanerogama
A type of plant	fanerogamas
A type of plant	fanerogamo
A type of plant	fanwort
A type of plant	farfara
A type of plant	farolillo
A type of plant	farro
A type of plant	federita
A type of plant	feijoa
A type of plant	fenogreco
A type of plant	feterita
A type of plant	figura
A type of plant	fitoplancton
A type of plant	flamboyan
A type of plant	flamenquilla
A type of plant	fleawort
A type of plant	flor
A type of plant	flora
A type of plant	flox
A type of plant	forsitia
A type of plant	forsythia
A type of plant	fortunella
A type of plant	fragaria
A type of plant	framboise
A type of plant	frambuesa
A type of plant	frambueso
A type of plant	francesilla
A type of plant	frangipani
A type of plant	fraxinella
A type of plant	freesia
A type of plant	fresa
A type of plant	fresia
A type of plant	fresno
A type of plant	frijol
A type of plant	fritilaria
A type of plant	frutilla
A type of plant	fuchsia
A type of plant	fucsia
A type of plant	fungi
A type of plant	fungus
A type of plant	gaillardia
A type of plant	galangal
A type of plant	galanto
A type of plant	galax
A type of plant	galleta
A type of plant	gametofito
A type of plant	garbanzo
A type of plant	gardenia
A type of plant	garget
A type of plant	gari
A type of plant	gariofilea
A type of plant	gaulteria
A type of plant	gazania
A type of plant	genciana
A type of plant	geofito
A type of plant	geranio
A type of plant	geranium
A type of plant	gerardia
A type of plant	gesneriad
A type of plant	gimnosperma
A type of plant	gimnospermas
A type of plant	ginep
A type of plant	ginkgo
A type of plant	ginseng
A type of plant	girasol
A type of plant	gladiolo
A type of plant	gladiolus
A type of plant	glicina
A type of plant	gomuti
A type of plant	gordolobo
A type of plant	gossypium
A type of plant	grama
A type of plant	granadilla
A type of plant	granadillo
A type of plant	granado
A type of plant	grano
A type of plant	gromwell
A type of plant	grosellero
A type of plant	grugru
A type of plant	gualda
A type of plant	guanabana
A type of plant	guanabano
A type of plant	guar
A type of plant	guayaba
A type of plant	guayule
A type of plant	guinda
A type of plant	guindilla
A type of plant	guindo
A type of plant	guingambo
A type of plant	guira
A type of plant	guisante
A type of plant	guru
A type of plant	gymnospermae
A type of plant	halofita
A type of plant	halofito
A type of plant	halogeton
A type of plant	haoma
A type of plant	hardheads
A type of plant	haya
A type of plant	hedera
A type of plant	helecho
A type of plant	helechos
A type of plant	helenio
A type of plant	helianthus
A type of plant	heliopsis
A type of plant	helleborus
A type of plant	hemerocallis
A type of plant	henbit
A type of plant	hepatica
A type of plant	heracleum
A type of plant	herbacea
A type of plant	herbaje
A type of plant	hibisco
A type of plant	hibiscus
A type of plant	hidrofito
A type of plant	hiedra
A type of plant	hieracium
A type of plant	hierba
A type of plant	hierbabuena
A type of plant	higuera
A type of plant	hiniesta
A type of plant	hinojo
A type of plant	hisopo
A type of plant	hongo
A type of plant	hongos
A type of plant	hortaliza
A type of plant	hortensia
A type of plant	hoya
A type of plant	huisache
A type of plant	hydrangea
A type of plant	hyssopus
A type of plant	ilex
A type of plant	indigo
A type of plant	jaboncillo
A type of plant	jabonera
A type of plant	jacaranda
A type of plant	jacinto
A type of plant	japonica
A type of plant	jara
A type of plant	jaramago
A type of plant	jaro
A type of plant	jasminum
A type of plant	java
A type of plant	jazmin
A type of plant	jengibre
A type of plant	jeringuilla
A type of plant	jicaro
A type of plant	joyo
A type of plant	juglans
A type of plant	juncia
A type of plant	junco
A type of plant	junquillo
A type of plant	kaki
A type of plant	kalmia
A type of plant	kanaf
A type of plant	kaoliang
A type of plant	kelpwort
A type of plant	kiwi
A type of plant	knawe
A type of plant	knawel
A type of plant	kniphofia
A type of plant	knotgrass
A type of plant	krubi
A type of plant	kudzu
A type of plant	kurrajong
A type of plant	lambkill
A type of plant	laminariales
A type of plant	lamparilla
A type of plant	lampazo
A type of plant	lantana
A type of plant	lathraea
A type of plant	laurel
A type of plant	lauro
A type of plant	lavanda
A type of plant	lavandula
A type of plant	leadplant
A type of plant	lechuga
A type of plant	legumbre
A type of plant	leguminosa
A type of plant	lenteja
A type of plant	lentisco
A type of plant	lespedeza
A type of plant	liana
A type of plant	ligustro
A type of plant	ligustrum
A type of plant	lila
A type of plant	liliopsid
A type of plant	liliopsida
A type of plant	limero
A type of plant	limon
A type of plant	limonero
A type of plant	linaria
A type of plant	lirio
A type of plant	lis
A type of plant	litofita
A type of plant	livelong
A type of plant	liverleaf
A type of plant	llanten
A type of plant	lobelia
A type of plant	locoismo
A type of plant	lolium
A type of plant	longan
A type of plant	lonicera
A type of plant	lontar
A type of plant	lote
A type of plant	loto
A type of plant	lucerna
A type of plant	lufa
A type of plant	luffa
A type of plant	lungen
A type of plant	lupino
A type of plant	lupulo
A type of plant	lychnis
A type of plant	lycium
A type of plant	macadamia
A type of plant	macal
A type of plant	macamba
A type of plant	macroalga
A type of plant	madreselva
A type of plant	madrona
A type of plant	madrono
A type of plant	madwort
A type of plant	magnolia
A type of plant	magnoliopsid
A type of plant	maguey
A type of plant	mahuang
A type of plant	maiz
A type of plant	majagua
A type of plant	majoleto
A type of plant	majuelo
A type of plant	malagueta
A type of plant	malanga
A type of plant	maleza
A type of plant	malva
A type of plant	malvarrosa
A type of plant	malvasia
A type of plant	mamey
A type of plant	mamon
A type of plant	mamoncillo
A type of plant	mandarina
A type of plant	mandarino
A type of plant	mandioca
A type of plant	mandragora
A type of plant	mandragula
A type of plant	manga
A type of plant	mangifera
A type of plant	manglar
A type of plant	mangle
A type of plant	mango
A type of plant	manzana
A type of plant	manzanilla
A type of plant	manzano
A type of plant	maranta
A type of plant	maravilla
A type of plant	margarita
A type of plant	margosa
A type of plant	maria
A type of plant	mariguana
A type of plant	marihuana
A type of plant	mariposa
A type of plant	marrubio
A type of plant	martagon
A type of plant	marzoleto
A type of plant	mastuerzo
A type of plant	mata
A type of plant	matalahuga
A type of plant	matalobos
A type of plant	mate
A type of plant	matorral
A type of plant	matricaria
A type of plant	maypop
A type of plant	mazzard
A type of plant	mejorana
A type of plant	meliloto
A type of plant	melilotus
A type of plant	melocoton
A type of plant	melocotonero
A type of plant	melon
A type of plant	membrillero
A type of plant	membrillo
A type of plant	menta
A type of plant	mesofita
A type of plant	mesquit
A type of plant	metasequoia
A type of plant	mezcal
A type of plant	mezereon
A type of plant	mezquita
A type of plant	mezquite
A type of plant	microflora
A type of plant	mijo
A type of plant	milenrama
A type of plant	milkwort
A type of plant	millo
A type of plant	milo
A type of plant	miltomate
A type of plant	mimosa
A type of plant	mirasol
A type of plant	mirtilo
A type of plant	mirto
A type of plant	miterwort
A type of plant	mitrewort
A type of plant	mogollon
A type of plant	molondron
A type of plant	monarda
A type of plant	monetaria
A type of plant	moneywort
A type of plant	monocarp
A type of plant	monstera
A type of plant	montana
A type of plant	monton
A type of plant	moral
A type of plant	morera
A type of plant	moscatel
A type of plant	mostaza
A type of plant	multitud
A type of plant	murta
A type of plant	musgo
A type of plant	musgos
A type of plant	nabo
A type of plant	nailrod
A type of plant	naju
A type of plant	name
A type of plant	napelo
A type of plant	naranjo
A type of plant	narciso
A type of plant	nardo
A type of plant	nayade
A type of plant	nebeda
A type of plant	nectarina
A type of plant	nemophila
A type of plant	nim
A type of plant	nispero
A type of plant	nogal
A type of plant	noguera
A type of plant	nopal
A type of plant	nutgrass
A type of plant	nyssa
A type of plant	obechi
A type of plant	oca
A type of plant	ocotillo
A type of plant	odontoglossum
A type of plant	okra
A type of plant	oliva
A type of plant	olmo
A type of plant	oncidium
A type of plant	onobrychis
A type of plant	orache
A type of plant	oregano
A type of plant	origanum
A type of plant	ornamental
A type of plant	orpin
A type of plant	orquidacea
A type of plant	orquidea
A type of plant	ortiga
A type of plant	oruga
A type of plant	oxalis
A type of plant	oxiacanta
A type of plant	oxtongue
A type of plant	pacana
A type of plant	pachysandra
A type of plant	padauk
A type of plant	padouk
A type of plant	paeoniaceae
A type of plant	paeony
A type of plant	palas
A type of plant	palisandro
A type of plant	palma
A type of plant	palmera
A type of plant	palmira
A type of plant	palmito
A type of plant	paloverde
A type of plant	palto
A type of plant	pampelmusa
A type of plant	pamporcino
A type of plant	panax
A type of plant	pandanus
A type of plant	papa
A type of plant	papaia
A type of plant	papaverales
A type of plant	papaya
A type of plant	papayo
A type of plant	papelillo
A type of plant	papiro
A type of plant	paprika
A type of plant	pardal
A type of plant	parra
A type of plant	pasionaria
A type of plant	passel
A type of plant	pastinaca
A type of plant	pasto
A type of plant	patata
A type of plant	patatera
A type of plant	pelitre
A type of plant	pensamiento
A type of plant	peonia
A type of plant	peperomia
A type of plant	pepino
A type of plant	pera
A type of plant	peral
A type of plant	perejil
A type of plant	perennifolio
A type of plant	perifolio
A type of plant	perifollo
A type of plant	petunia
A type of plant	peyote
A type of plant	philodendron
A type of plant	phlox
A type of plant	pia
A type of plant	picea
A type of plant	pila
A type of plant	pimentero
A type of plant	pimenton
A type of plant	pimiento
A type of plant	pimpinela
A type of plant	pimpollo
A type of plant	pina
A type of plant	pinabete
A type of plant	pinesap
A type of plant	pino
A type of plant	pinus
A type of plant	pipal
A type of plant	pipirigallo
A type of plant	pipsissewa
A type of plant	pipul
A type of plant	piretro
A type of plant	pistacho
A type of plant	pita
A type of plant	planta
A type of plant	plantae
A type of plant	plantas
A type of plant	planton
A type of plant	plantula
A type of plant	platan
A type of plant	platano
A type of plant	plombagina
A type of plant	pobo
A type of plant	pogonia
A type of plant	poinsetia
A type of plant	polemonium
A type of plant	poleo
A type of plant	polipodio
A type of plant	pomelo
A type of plant	ponderosa
A type of plant	porro
A type of plant	portulaca
A type of plant	primavera
A type of plant	primula
A type of plant	protea
A type of plant	psidium
A type of plant	pteridium
A type of plant	pteridofita
A type of plant	pteridosperm
A type of plant	pteridosperma
A type of plant	puerro
A type of plant	purau
A type of plant	pussley
A type of plant	pyrola
A type of plant	quassia
A type of plant	quelpo
A type of plant	quimbombo
A type of plant	quingombo
A type of plant	quino
A type of plant	quivi
A type of plant	rabano
A type of plant	rabillo
A type of plant	ragi
A type of plant	ramon
A type of plant	ranunculo
A type of plant	raponchigo
A type of plant	ratan
A type of plant	rauvolfia
A type of plant	rauwolfia
A type of plant	redbud
A type of plant	regaliz
A type of plant	remolacha
A type of plant	repollo
A type of plant	reseda
A type of plant	rhododendron
A type of plant	rhus
A type of plant	ribgrass
A type of plant	ribwort
A type of plant	roble
A type of plant	rododendro
A type of plant	romaza
A type of plant	romero
A type of plant	ropebark
A type of plant	roqueta
A type of plant	rosa
A type of plant	rosal
A type of plant	roselle
A type of plant	rozelle
A type of plant	ruca
A type of plant	rucula
A type of plant	ruda
A type of plant	ruibarbo
A type of plant	ruta
A type of plant	rutabaga
A type of plant	sabila
A type of plant	saguaro
A type of plant	sahuaro
A type of plant	salal
A type of plant	salpiglossis
A type of plant	salsifi
A type of plant	saltaojos
A type of plant	salvia
A type of plant	saman
A type of plant	samba
A type of plant	sandbur
A type of plant	sandia
A type of plant	sandspur
A type of plant	sanguinaria
A type of plant	sansevieria
A type of plant	sapote
A type of plant	sasafras
A type of plant	sassafras
A type of plant	satin
A type of plant	satinpod
A type of plant	satsuma
A type of plant	sauce
A type of plant	sauco
A type of plant	saxifraga
A type of plant	scabiosa
A type of plant	scilla
A type of plant	scoke
A type of plant	screwbean
A type of plant	sedum
A type of plant	sen
A type of plant	serbal
A type of plant	sesamo
A type of plant	shamrock
A type of plant	sicomoro
A type of plant	siempreviva
A type of plant	silene
A type of plant	simple
A type of plant	sisal
A type of plant	skirret
A type of plant	smilax
A type of plant	soja
A type of plant	solanacea
A type of plant	solano
A type of plant	solenostemon
A type of plant	solidago
A type of plant	soma
A type of plant	sorghum
A type of plant	sorgo
A type of plant	souari
A type of plant	soya
A type of plant	spermatophyta
A type of plant	spermatophyte
A type of plant	sphagnum
A type of plant	spiderwort
A type of plant	spiraea
A type of plant	stapelia
A type of plant	statice
A type of plant	stenandrium
A type of plant	stephanotis
A type of plant	storksbill
A type of plant	styrax
A type of plant	subarbusto
A type of plant	sudario
A type of plant	suffrutex
A type of plant	sundrops
A type of plant	symphytum
A type of plant	syringa
A type of plant	tabaco
A type of plant	tacamahac
A type of plant	tailwort
A type of plant	tala
A type of plant	talipot
A type of plant	talofita
A type of plant	tamarillo
A type of plant	tamarindo
A type of plant	tamarisco
A type of plant	tanaceto
A type of plant	tangelo
A type of plant	taray
A type of plant	tartago
A type of plant	teasle
A type of plant	teazel
A type of plant	teca
A type of plant	teff
A type of plant	tejo
A type of plant	temblon
A type of plant	thymus
A type of plant	tiarella
A type of plant	tidytips
A type of plant	tilo
A type of plant	tithonia
A type of plant	titi
A type of plant	toadflax
A type of plant	tojo
A type of plant	tollon
A type of plant	tomate
A type of plant	tomatera
A type of plant	tomillo
A type of plant	tornasol
A type of plant	tornillo
A type of plant	toronja
A type of plant	totora
A type of plant	tracheophyte
A type of plant	tragopogon
A type of plant	traqueofita
A type of plant	trebol
A type of plant	trepadora
A type of plant	trifolium
A type of plant	trigo
A type of plant	trillium
A type of plant	trinitaria
A type of plant	tritoma
A type of plant	trompon
A type of plant	tulipan
A type of plant	tung
A type of plant	tusilago
A type of plant	ulex
A type of plant	umbelifera
A type of plant	urtica
A type of plant	uva
A type of plant	vainilla
A type of plant	valeriana
A type of plant	valerianacea
A type of plant	vanda
A type of plant	vanilla
A type of plant	varec
A type of plant	vegetacion
A type of plant	vegetal
A type of plant	veranera
A type of plant	verbascum
A type of plant	verbena
A type of plant	verdin
A type of plant	verdolaga
A type of plant	verdolagas
A type of plant	verdura
A type of plant	verga
A type of plant	vernonia
A type of plant	veronica
A type of plant	verruguera
A type of plant	veza
A type of plant	vid
A type of plant	vinca
A type of plant	vincapervinca
A type of plant	vinifera
A type of plant	viola
A type of plant	violeta
A type of plant	wasabi
A type of plant	waterleaf
A type of plant	weigela
A type of plant	wicopy
A type of plant	wisteria
A type of plant	woadwaxen
A type of plant	wolfbane
A type of plant	woodruff
A type of plant	woodsia
A type of plant	xanthium
A type of plant	xerofila
A type of plant	xerofito
A type of plant	yaca
A type of plant	yaro
A type of plant	yautia
A type of plant	yedra
A type of plant	yuca
A type of plant	yucca
A type of plant	yuyo
A type of plant	zaman
A type of plant	zamia
A type of plant	zanahoria
A type of plant	zapallo
A type of plant	zapote
A type of plant	zara
A type of plant	zarza
A type of plant	zarzamora
A type of plant	zarzaparrilla
A type of plant	zoysia
A type of plant	zucchini
A type of plant	zumaque
A word meaning difficult	acerado
A word meaning difficult	adamantino
A word meaning difficult	agotador
A word meaning difficult	ambicioso
A word meaning difficult	arduo
A word meaning difficult	calculador
A word meaning difficult	calloso
A word meaning difficult	conflictivo
A word meaning difficult	consistente
A word meaning difficult	controvertido
A word meaning difficult	corneo
A word meaning difficult	cosquilloso
A word meaning difficult	delicado
A word meaning difficult	desconcertante
A word meaning difficult	dificil
A word meaning difficult	dificultoso
A word meaning difficult	dura
A word meaning difficult	duro
A word meaning difficult	endurecido
A word meaning difficult	erecto
A word meaning difficult	escabroso
A word meaning difficult	espinoso
A word meaning difficult	exigente
A word meaning difficult	fatigoso
A word meaning difficult	firme
A word meaning difficult	fornido
A word meaning difficult	fuerte
A word meaning difficult	granitico
A word meaning difficult	herculeo
A word meaning difficult	incontrolable
A word meaning difficult	incorregible
A word meaning difficult	indomable
A word meaning difficult	ingobernable
A word meaning difficult	insumiso
A word meaning difficult	interesado
A word meaning difficult	laborioso
A word meaning difficult	lenoso
A word meaning difficult	lignificado
A word meaning difficult	macizo
A word meaning difficult	molesto
A word meaning difficult	pedregoso
A word meaning difficult	penoso
A word meaning difficult	pesado
A word meaning difficult	petreo
A word meaning difficult	problematico
A word meaning difficult	pugnaz
A word meaning difficult	resistente
A word meaning difficult	robusto
A word meaning difficult	rocoso
A word meaning difficult	serio
A word meaning difficult	severo
A word meaning difficult	solido
A word meaning difficult	temible
A word meaning difficult	tenaz
A word meaning difficult	terminante
A word meaning difficult	tumido
A type of dance	abdomen
A type of dance	arere
A type of dance	automata
A type of dance	baile
A type of dance	ballet
A type of dance	barajadura
A type of dance	barajar
A type of dance	barriga
A type of dance	beguine
A type of dance	bolero
A type of dance	bunco
A type of dance	bunko
A type of dance	camelo
A type of dance	cancan
A type of dance	carioca
A type of dance	carrete
A type of dance	charleston
A type of dance	chasquido
A type of dance	chotis
A type of dance	cierre
A type of dance	claque
A type of dance	coetaneo
A type of dance	columna
A type of dance	conga
A type of dance	contemporaneo
A type of dance	contradanza
A type of dance	cotillon
A type of dance	cuadrado
A type of dance	cuadro
A type of dance	disco
A type of dance	encierro
A type of dance	engatusamiento
A type of dance	estafa
A type of dance	estallido
A type of dance	estilo
A type of dance	estomago
A type of dance	fandango
A type of dance	fila
A type of dance	flamenco
A type of dance	fox
A type of dance	foxtrot
A type of dance	fraude
A type of dance	frivolidades
A type of dance	gavota
A type of dance	giga
A type of dance	giro
A type of dance	golem
A type of dance	golpecito
A type of dance	habanera
A type of dance	hula
A type of dance	jitterbug
A type of dance	lancero
A type of dance	limbo
A type of dance	lindy
A type of dance	malarky
A type of dance	mambo
A type of dance	mazurca
A type of dance	minue
A type of dance	minuet
A type of dance	minueto
A type of dance	moda
A type of dance	obechi
A type of dance	obstruccion
A type of dance	palmadita
A type of dance	payasadas
A type of dance	polca
A type of dance	procesion
A type of dance	quickstep
A type of dance	rap
A type of dance	restallido
A type of dance	robot
A type of dance	rumba
A type of dance	salsa
A type of dance	samba
A type of dance	shimmy
A type of dance	swing
A type of dance	tango
A type of dance	tarantela
A type of dance	tarantella
A type of dance	tendencia
A type of dance	timo
A type of dance	tronco
A type of dance	vals
A type of dance	valse
A type of dance	vientre
A type of dance	zapateado
Something you can drink	absenta
Something you can drink	absintio
Something you can drink	acantonamiento
Something you can drink	achicoria
Something you can drink	agua
Something you can drink	aguamiel
Something you can drink	aguardiente
Something you can drink	ajenjo
Something you can drink	akvavit
Something you can drink	alcohol
Something you can drink	ale
Something you can drink	amaretto
Something you can drink	anaranjada
Something you can drink	anis
Something you can drink	anisete
Something you can drink	aperitivo
Something you can drink	aquavit
Something you can drink	arac
Something you can drink	arak
Something you can drink	batido
Something you can drink	bebedizo
Something you can drink	beber
Something you can drink	bebida
Something you can drink	bebidas
Something you can drink	beneficio
Something you can drink	bien
Something you can drink	birra
Something you can drink	biter
Something you can drink	bock
Something you can drink	bofetada
Something you can drink	bourbon
Something you can drink	brandi
Something you can drink	brandy
Something you can drink	brebaje
Something you can drink	brevaje
Something you can drink	cafe
Something you can drink	cafeto
Something you can drink	caldo
Something you can drink	cappuccino
Something you can drink	capuchino
Something you can drink	casca
Something you can drink	cava
Something you can drink	centeno
Something you can drink	cerveza
Something you can drink	champagne
Something you can drink	champan
Something you can drink	champana
Something you can drink	chicha
Something you can drink	chocolate
Something you can drink	clarete
Something you can drink	cobista
Something you can drink	cocktail
Something you can drink	coctel
Something you can drink	coke
Something you can drink	cola
Something you can drink	combinado
Something you can drink	conac
Something you can drink	copetin
Something you can drink	coque
Something you can drink	cordial
Something you can drink	cosecha
Something you can drink	cumel
Something you can drink	curacao
Something you can drink	daikiri
Something you can drink	daiquiri
Something you can drink	descafeinado
Something you can drink	destornillador
Something you can drink	duende
Something you can drink	elixir
Something you can drink	enomiel
Something you can drink	espresso
Something you can drink	espuma
Something you can drink	fay
Something you can drink	filtro
Something you can drink	gancho
Something you can drink	gaseosa
Something you can drink	gimlet
Something you can drink	gin
Something you can drink	ginebra
Something you can drink	glog
Something you can drink	granizado
Something you can drink	grappa
Something you can drink	grog
Something you can drink	guisqui
Something you can drink	hada
Something you can drink	hidromiel
Something you can drink	hierba
Something you can drink	infusion
Something you can drink	interes
Something you can drink	java
Something you can drink	jerez
Something you can drink	jugo
Something you can drink	julepe
Something you can drink	kava
Something you can drink	kavakava
Something you can drink	kirsch
Something you can drink	kumis
Something you can drink	kummel
Something you can drink	kvas
Something you can drink	kvass
Something you can drink	lager
Something you can drink	leche
Something you can drink	licor
Something you can drink	licuado
Something you can drink	limonada
Something you can drink	maiz
Something you can drink	malta
Something you can drink	malvasia
Something you can drink	manhattan
Something you can drink	marc
Something you can drink	margarita
Something you can drink	marrasquino
Something you can drink	martini
Something you can drink	matarratas
Something you can drink	mate
Something you can drink	mescal
Something you can drink	mezcal
Something you can drink	mimosa
Something you can drink	moca
Something you can drink	moka
Something you can drink	moscatel
Something you can drink	mosto
Something you can drink	muscadel
Something you can drink	muscadelle
Something you can drink	naranjada
Something you can drink	nectar
Something you can drink	negus
Something you can drink	nipa
Something you can drink	obispo
Something you can drink	oenomel
Something you can drink	ojen
Something you can drink	oporto
Something you can drink	orujo
Something you can drink	ouzo
Something you can drink	paliza
Something you can drink	papa
Something you can drink	papaito
Something you can drink	papi
Something you can drink	papito
Something you can drink	pastis
Something you can drink	pelota
Something you can drink	perada
Something you can drink	pinchazo
Something you can drink	pocima
Something you can drink	pocion
Something you can drink	ponche
Something you can drink	pop
Something you can drink	potable
Something you can drink	poteen
Something you can drink	provecho
Something you can drink	pulque
Something you can drink	punch
Something you can drink	punetazo
Something you can drink	punete
Something you can drink	ratafia
Something you can drink	refresco
Something you can drink	retsina
Something you can drink	rickey
Something you can drink	ripia
Something you can drink	rompope
Something you can drink	ron
Something you can drink	rosado
Something you can drink	sake
Something you can drink	salsa
Something you can drink	saltamontes
Something you can drink	sambuca
Something you can drink	sangria
Something you can drink	schorle
Something you can drink	screwdriver
Something you can drink	sidecar
Something you can drink	sidra
Something you can drink	sidrina
Something you can drink	sifon
Something you can drink	slivovitz
Something you can drink	smoothie
Something you can drink	soda
Something you can drink	sopa
Something you can drink	sosa
Something you can drink	sour
Something you can drink	spritzer
Something you can drink	stout
Something you can drink	tablilla
Something you can drink	tequila
Something you can drink	tisana
Something you can drink	tonica
Something you can drink	tortazo
Something you can drink	trago
Something you can drink	varietal
Something you can drink	vendimia
Something you can drink	vermu
Something you can drink	vermut
Something you can drink	vino
Something you can drink	vodka
Something you can drink	wassail
Something you can drink	whiskey
Something you can drink	whisky
Something you can drink	yerba
Something you can drink	yogur
Something you can drink	yogurt
Something you can drink	zarzaparrilla
Something you can drink	zombi
Something you can drink	zombie
Something you can drink	zumo
A thing in a toolbox	abrazadera
A thing in a toolbox	abridor
A thing in a toolbox	acotillo
A thing in a toolbox	adagio
A thing in a toolbox	aforismo
A thing in a toolbox	aguja
A thing in a toolbox	agujon
A thing in a toolbox	alambre
A thing in a toolbox	aldaba
A thing in a toolbox	alesna
A thing in a toolbox	alfiler
A thing in a toolbox	alicate
A thing in a toolbox	alicates
A thing in a toolbox	alma
A thing in a toolbox	almadana
A thing in a toolbox	almadena
A thing in a toolbox	alzaprima
A thing in a toolbox	ancla
A thing in a toolbox	ancora
A thing in a toolbox	anteojos
A thing in a toolbox	anticucho
A thing in a toolbox	antorcha
A thing in a toolbox	aplicador
A thing in a toolbox	arandela
A thing in a toolbox	asador
A thing in a toolbox	bateria
A thing in a toolbox	bieldo
A thing in a toolbox	bisagra
A thing in a toolbox	bolina
A thing in a toolbox	boscaje
A thing in a toolbox	bosquecillo
A thing in a toolbox	bosquete
A thing in a toolbox	boton
A thing in a toolbox	bragueta
A thing in a toolbox	broche
A thing in a toolbox	brocheta
A thing in a toolbox	broqueta
A thing in a toolbox	broza
A thing in a toolbox	bullnose
A thing in a toolbox	cable
A thing in a toolbox	cablegrama
A thing in a toolbox	calafatear
A thing in a toolbox	canal
A thing in a toolbox	candado
A thing in a toolbox	cantero
A thing in a toolbox	carcel
A thing in a toolbox	carcelero
A thing in a toolbox	cargador
A thing in a toolbox	cartabon
A thing in a toolbox	cartuchera
A thing in a toolbox	cazonete
A thing in a toolbox	cero
A thing in a toolbox	cerradura
A thing in a toolbox	cerrojo
A thing in a toolbox	charnela
A thing in a toolbox	chaveta
A thing in a toolbox	chinche
A thing in a toolbox	chincheta
A thing in a toolbox	cierre
A thing in a toolbox	cincel
A thing in a toolbox	cincelador
A thing in a toolbox	cinta
A thing in a toolbox	claveta
A thing in a toolbox	clavija
A thing in a toolbox	clavillo
A thing in a toolbox	clavo
A thing in a toolbox	clip
A thing in a toolbox	cola
A thing in a toolbox	conducto
A thing in a toolbox	contratuerca
A thing in a toolbox	corchete
A thing in a toolbox	cornamusa
A thing in a toolbox	cremallera
A thing in a toolbox	cuadrado
A thing in a toolbox	cuadro
A thing in a toolbox	cuchillo
A thing in a toolbox	descorchador
A thing in a toolbox	destornillador
A thing in a toolbox	dicho
A thing in a toolbox	empaquetadura
A thing in a toolbox	engrapadora
A thing in a toolbox	enlace
A thing in a toolbox	escarbadientes
A thing in a toolbox	escarda
A thing in a toolbox	escarpia
A thing in a toolbox	escofina
A thing in a toolbox	escoplo
A thing in a toolbox	escriba
A thing in a toolbox	escuadra
A thing in a toolbox	espadilla
A thing in a toolbox	esparcidor
A thing in a toolbox	espatula
A thing in a toolbox	espeto
A thing in a toolbox	espeton
A thing in a toolbox	espiga
A thing in a toolbox	espiritu
A thing in a toolbox	falleba
A thing in a toolbox	fiador
A thing in a toolbox	fierrito
A thing in a toolbox	filete
A thing in a toolbox	flash
A thing in a toolbox	floresta
A thing in a toolbox	foca
A thing in a toolbox	formon
A thing in a toolbox	gafete
A thing in a toolbox	gancho
A thing in a toolbox	glena
A thing in a toolbox	gobernador
A thing in a toolbox	gobernante
A thing in a toolbox	goma
A thing in a toolbox	gozne
A thing in a toolbox	grado
A thing in a toolbox	grapa
A thing in a toolbox	grapadora
A thing in a toolbox	guante
A thing in a toolbox	hebilla
A thing in a toolbox	hocino
A thing in a toolbox	horca
A thing in a toolbox	horquilla
A thing in a toolbox	indicador
A thing in a toolbox	junta
A thing in a toolbox	lacre
A thing in a toolbox	lampara
A thing in a toolbox	lapiz
A thing in a toolbox	lavadora
A thing in a toolbox	lavarropas
A thing in a toolbox	lavavajillas
A thing in a toolbox	laya
A thing in a toolbox	lazo
A thing in a toolbox	lesna
A thing in a toolbox	lezna
A thing in a toolbox	ligadura
A thing in a toolbox	lija
A thing in a toolbox	lima
A thing in a toolbox	limpiadera
A thing in a toolbox	limpiadientes
A thing in a toolbox	linkup
A thing in a toolbox	linterna
A thing in a toolbox	llana
A thing in a toolbox	llave
A thing in a toolbox	macho
A thing in a toolbox	majadero
A thing in a toolbox	mandarria
A thing in a toolbox	manivela
A thing in a toolbox	manubrio
A thing in a toolbox	marana
A thing in a toolbox	marca
A thing in a toolbox	marcador
A thing in a toolbox	martillo
A thing in a toolbox	masilla
A thing in a toolbox	matorral
A thing in a toolbox	matraca
A thing in a toolbox	mazo
A thing in a toolbox	mondadientes
A thing in a toolbox	mosqueton
A thing in a toolbox	mucilago
A thing in a toolbox	nada
A thing in a toolbox	nexo
A thing in a toolbox	nivel
A thing in a toolbox	nix
A thing in a toolbox	nucula
A thing in a toolbox	nudo
A thing in a toolbox	nuez
A thing in a toolbox	nulo
A thing in a toolbox	obturador
A thing in a toolbox	ojete
A thing in a toolbox	pala
A thing in a toolbox	palanca
A thing in a toolbox	palanqueta
A thing in a toolbox	paleta
A thing in a toolbox	palillo
A thing in a toolbox	palomilla
A thing in a toolbox	pasador
A thing in a toolbox	pedazo
A thing in a toolbox	pegamento
A thing in a toolbox	percutor
A thing in a toolbox	perno
A thing in a toolbox	pestillo
A thing in a toolbox	pezonera
A thing in a toolbox	picapedrero
A thing in a toolbox	picaporte
A thing in a toolbox	pico
A thing in a toolbox	pilon
A thing in a toolbox	pin
A thing in a toolbox	pinche
A thing in a toolbox	pincho
A thing in a toolbox	pinza
A thing in a toolbox	pinzas
A thing in a toolbox	plantador
A thing in a toolbox	plataforma
A thing in a toolbox	plessor
A thing in a toolbox	plomada
A thing in a toolbox	podadera
A thing in a toolbox	podon
A thing in a toolbox	pointel
A thing in a toolbox	pointrel
A thing in a toolbox	precinto
A thing in a toolbox	prendedor
A thing in a toolbox	proverbio
A thing in a toolbox	puntilla
A thing in a toolbox	punzon
A thing in a toolbox	raedor
A thing in a toolbox	rascador
A thing in a toolbox	raspador
A thing in a toolbox	rayo
A thing in a toolbox	refran
A thing in a toolbox	regla
A thing in a toolbox	remache
A thing in a toolbox	roblon
A thing in a toolbox	rosca
A thing in a toolbox	sacacorchos
A thing in a toolbox	saetin
A thing in a toolbox	senal
A thing in a toolbox	sentencia
A thing in a toolbox	serrucho
A thing in a toolbox	sierra
A thing in a toolbox	soberano
A thing in a toolbox	socket
A thing in a toolbox	sonda
A thing in a toolbox	sopapa
A thing in a toolbox	splitsaw
A thing in a toolbox	subilla
A thing in a toolbox	sujecion
A thing in a toolbox	tacha
A thing in a toolbox	tachon
A thing in a toolbox	tachuela
A thing in a toolbox	taladradora
A thing in a toolbox	taladro
A thing in a toolbox	tee
A thing in a toolbox	tenaza
A thing in a toolbox	tenazas
A thing in a toolbox	tirabuzon
A thing in a toolbox	torcedura
A thing in a toolbox	tornadera
A thing in a toolbox	tornillo
A thing in a toolbox	torno
A thing in a toolbox	trenail
A thing in a toolbox	trinquete
A thing in a toolbox	trozo
A thing in a toolbox	trueno
A thing in a toolbox	tuerca
A thing in a toolbox	turnspit
A thing in a toolbox	una
A thing in a toolbox	via
A thing in a toolbox	vinculo
A thing in a toolbox	zapatilla
A thing in a toolbox	zip
A thing in a toolbox	ziper
A type of insect	abeja
A type of insect	abejarron
A type of insect	abejon
A type of insect	abejorro
A type of insect	afidio
A type of insect	afido
A type of insect	aguacil
A type of insect	anisoptera
A type of insect	anofeles
A type of insect	anopheline
A type of insect	anthophila
A type of insect	arana
A type of insect	araneae
A type of insect	avispa
A type of insect	avispon
A type of insect	azul
A type of insect	barata
A type of insect	baston
A type of insect	bicho
A type of insect	blattodea
A type of insect	bombus
A type of insect	bombycid
A type of insect	cachipolla
A type of insect	caelifera
A type of insect	cangrejo
A type of insect	carey
A type of insect	catarinita
A type of insect	cercopoidea
A type of insect	chalcid
A type of insect	chicharra
A type of insect	chinche
A type of insect	chinita
A type of insect	cicadidae
A type of insect	cicala
A type of insect	cigala
A type of insect	cigarra
A type of insect	cochinilla
A type of insect	coco
A type of insect	colembolo
A type of insect	coleoptera
A type of insect	coleoptero
A type of insect	coleopteros
A type of insect	collembola
A type of insect	comejen
A type of insect	conenose
A type of insect	corredera
A type of insect	cortapicos
A type of insect	cresa
A type of insect	criquet
A type of insect	crisalida
A type of insect	cucaracha
A type of insect	curiana
A type of insect	dermaptera
A type of insect	diptero
A type of insect	dipteron
A type of insect	dipteros
A type of insect	drosophila
A type of insect	efemeroptero
A type of insect	efimera
A type of insect	elater
A type of insect	elaterid
A type of insect	elitro
A type of insect	ephemeroptera
A type of insect	ephemeropteran
A type of insect	escarabajo
A type of insect	escarabeo
A type of insect	esfingido
A type of insect	falena
A type of insect	figeater
A type of insect	formicidae
A type of insect	glossina
A type of insect	gorgojo
A type of insect	grillo
A type of insect	gusano
A type of insect	hairstreak
A type of insect	hemiptero
A type of insect	hemipteron
A type of insect	heterocero
A type of insect	himenoptero
A type of insect	himenopteros
A type of insect	homoptero
A type of insect	hormiga
A type of insect	hymenopter
A type of insect	hymenopteron
A type of insect	insecta
A type of insect	insecto
A type of insect	insectos
A type of insect	isoptera
A type of insect	jassid
A type of insect	jejen
A type of insect	jorge
A type of insect	ladilla
A type of insect	lagarta
A type of insect	lampyridae
A type of insect	langosta
A type of insect	larva
A type of insect	lepidoptero
A type of insect	lepidopteros
A type of insect	libelula
A type of insect	longicorn
A type of insect	luciernaga
A type of insect	maneto
A type of insect	mantis
A type of insect	mantodea
A type of insect	mariposa
A type of insect	mariquita
A type of insect	meloid
A type of insect	membracidae
A type of insect	mirmelontido
A type of insect	monarca
A type of insect	mosca
A type of insect	moscarda
A type of insect	moscardon
A type of insect	mosco
A type of insect	moscon
A type of insect	mosquito
A type of insect	myrmeleontidae
A type of insect	neuropteran
A type of insect	neuroptero
A type of insect	neuropteron
A type of insect	nigua
A type of insect	nymphalid
A type of insect	odonato
A type of insect	odonatos
A type of insect	oestridae
A type of insect	ortoptero
A type of insect	ortopteros
A type of insect	oruga
A type of insect	palomilla
A type of insect	picudo
A type of insect	piojo
A type of insect	pipilacha
A type of insect	pizca
A type of insect	plaga
A type of insect	plecopteran
A type of insect	plecoptero
A type of insect	polilla
A type of insect	polinizador
A type of insect	psocid
A type of insect	pulga
A type of insect	pulgon
A type of insect	punkey
A type of insect	punkie
A type of insect	punky
A type of insect	pupa
A type of insect	saltamontes
A type of insect	sarantonton
A type of insect	saturniid
A type of insect	sialidae
A type of insect	siphonaptera
A type of insect	tabano
A type of insect	termes
A type of insect	termita
A type of insect	thysanoptera
A type of insect	tictac
A type of insect	tijereta
A type of insect	tineid
A type of insect	tortricido
A type of insect	tricoptero
A type of insect	tsetse
A type of insect	tusseh
A type of insect	tusser
A type of insect	tussore
A type of insect	tussur
A type of insect	tzetze
A type of insect	vedalia
A type of insect	vespa
A type of insect	vespido
A type of insect	wasp
A type of insect	zancudo
A type of weather event	agitacion
A type of weather event	aguacero
A type of weather event	aguanieve
A type of weather event	aire
A type of weather event	ajetreo
A type of weather event	alba
A type of weather event	albor
A type of weather event	alborada
A type of weather event	alboroto
A type of weather event	altocumulo
A type of weather event	altocumulos
A type of weather event	altocumulus
A type of weather event	altoestrato
A type of weather event	altostrato
A type of weather event	altostratos
A type of weather event	altostratus
A type of weather event	alud
A type of weather event	aluvion
A type of weather event	amanecer
A type of weather event	amanecida
A type of weather event	ambiente
A type of weather event	anticiclon
A type of weather event	aquilon
A type of weather event	arrebol
A type of weather event	atmosfera
A type of weather event	aurora
A type of weather event	austro
A type of weather event	avalancha
A type of weather event	avenida
A type of weather event	bise
A type of weather event	bize
A type of weather event	bocanada
A type of weather event	bocanadas
A type of weather event	bochorno
A type of weather event	bonanza
A type of weather event	boreas
A type of weather event	borrasca
A type of weather event	brisa
A type of weather event	bruma
A type of weather event	bulla
A type of weather event	bullicio
A type of weather event	calabobos
A type of weather event	calima
A type of weather event	calina
A type of weather event	calma
A type of weather event	cefiro
A type of weather event	cellisca
A type of weather event	cernidillo
A type of weather event	chaparrada
A type of weather event	chaparron
A type of weather event	chirimiri
A type of weather event	chubasco
A type of weather event	ciclon
A type of weather event	ciclones
A type of weather event	cierzo
A type of weather event	cirro
A type of weather event	cirrocumulo
A type of weather event	cirrocumulus
A type of weather event	cirrus
A type of weather event	clima
A type of weather event	condensacion
A type of weather event	condensado
A type of weather event	condiciones
A type of weather event	congelacion
A type of weather event	corriente
A type of weather event	cumulo
A type of weather event	cumulonimbo
A type of weather event	cumulonimbos
A type of weather event	cumulus
A type of weather event	depresion
A type of weather event	derretimiento
A type of weather event	deshielo
A type of weather event	diluvio
A type of weather event	ducha
A type of weather event	escarcha
A type of weather event	esmog
A type of weather event	estela
A type of weather event	estrato
A type of weather event	estruendo
A type of weather event	foehn
A type of weather event	fohn
A type of weather event	frente
A type of weather event	fundicion
A type of weather event	fusion
A type of weather event	garua
A type of weather event	granizada
A type of weather event	granizo
A type of weather event	halo
A type of weather event	helada
A type of weather event	hoar
A type of weather event	huracan
A type of weather event	inclemencia
A type of weather event	intemperie
A type of weather event	inundacion
A type of weather event	inversion
A type of weather event	iris
A type of weather event	jaleo
A type of weather event	jamsin
A type of weather event	jarina
A type of weather event	llovedera
A type of weather event	llovizna
A type of weather event	lluvia
A type of weather event	madrugada
A type of weather event	maremoto
A type of weather event	mistral
A type of weather event	monzon
A type of weather event	movimiento
A type of weather event	neblina
A type of weather event	nevada
A type of weather event	nevar
A type of weather event	nevasca
A type of weather event	niebla
A type of weather event	nieve
A type of weather event	nimbo
A type of weather event	noreaster
A type of weather event	noreste
A type of weather event	nubada
A type of weather event	nube
A type of weather event	nubes
A type of weather event	nubosidad
A type of weather event	ocaso
A type of weather event	oclusion
A type of weather event	ola
A type of weather event	orto
A type of weather event	pedrisco
A type of weather event	pelter
A type of weather event	piedra
A type of weather event	precipitacion
A type of weather event	racha
A type of weather event	rafaga
A type of weather event	rayo
A type of weather event	relampago
A type of weather event	remolino
A type of weather event	retumbo
A type of weather event	revuelo
A type of weather event	rocio
A type of weather event	ruido
A type of weather event	sequia
A type of weather event	sereno
A type of weather event	serimiri
A type of weather event	simun
A type of weather event	sirimiri
A type of weather event	siroco
A type of weather event	sol
A type of weather event	solano
A type of weather event	solidificacion
A type of weather event	soplido
A type of weather event	soplo
A type of weather event	sprites
A type of weather event	stratus
A type of weather event	tapayagua
A type of weather event	tejemaneje
A type of weather event	tempestad
A type of weather event	temporal
A type of weather event	termica
A type of weather event	termico
A type of weather event	tiempo
A type of weather event	tifon
A type of weather event	torbellino
A type of weather event	tormenta
A type of weather event	tornado
A type of weather event	torrente
A type of weather event	trafago
A type of weather event	trajin
A type of weather event	tramontana
A type of weather event	tramontane
A type of weather event	tromba
A type of weather event	tronada
A type of weather event	trueno
A type of weather event	tsunami
A type of weather event	turbion
A type of weather event	turbonada
A type of weather event	turbulencia
A type of weather event	vaharada
A type of weather event	vendaval
A type of weather event	ventarron
A type of weather event	ventisca
A type of weather event	ventisquero
A type of weather event	ventolera
A type of weather event	viento
A type of weather event	virga
A type of weather event	wester
A type of shoe	abrazadera
A type of shoe	aleta
A type of shoe	almadrena
A type of shoe	alpargata
A type of shoe	amaestrador
A type of shoe	babucha
A type of shoe	bamba
A type of shoe	bomba
A type of shoe	bombas
A type of shoe	borcegui
A type of shoe	bota
A type of shoe	brogan
A type of shoe	calzado
A type of shoe	chala
A type of shoe	chancla
A type of shoe	chancleta
A type of shoe	chanclo
A type of shoe	chinela
A type of shoe	chopine
A type of shoe	coturno
A type of shoe	cuchillero
A type of shoe	cuna
A type of shoe	cuneus
A type of shoe	entarimado
A type of shoe	entrenador
A type of shoe	entrenadora
A type of shoe	escarpin
A type of shoe	estilete
A type of shoe	estoperoles
A type of shoe	galocha
A type of shoe	gandul
A type of shoe	geta
A type of shoe	guarache
A type of shoe	haragan
A type of shoe	holgazan
A type of shoe	huarache
A type of shoe	huaraches
A type of shoe	jodhpur
A type of shoe	katiuska
A type of shoe	manija
A type of shoe	mocasin
A type of shoe	mocassin
A type of shoe	mula
A type of shoe	mulo
A type of shoe	ocioso
A type of shoe	oxford
A type of shoe	pantufla
A type of shoe	pantuflo
A type of shoe	patin
A type of shoe	patines
A type of shoe	patoso
A type of shoe	patuco
A type of shoe	peuco
A type of shoe	plataforma
A type of shoe	polaina
A type of shoe	preparador
A type of shoe	sabot
A type of shoe	sandalia
A type of shoe	tacon
A type of shoe	talaria
A type of shoe	talon
A type of shoe	tarima
A type of shoe	vago
A type of shoe	wedgie
A type of shoe	zapatilla
A type of shoe	zapato
A type of shoe	zapaton
A type of shoe	zori
A type of shoe	zueco
A type of bird	abubilla
A type of bird	acentor
A type of bird	aepyornis
A type of bird	agachadiza
A type of bird	agachona
A type of bird	agateador
A type of bird	aguila
A type of bird	aguilucho
A type of bird	aguja
A type of bird	aguzanieves
A type of bird	airon
A type of bird	albatros
A type of bird	alca
A type of bird	alcatraz
A type of bird	alcaudon
A type of bird	alcedines
A type of bird	alcion
A type of bird	alcotan
A type of bird	alirrojo
A type of bird	alondra
A type of bird	amadavat
A type of bird	ampelis
A type of bird	anade
A type of bird	anadon
A type of bird	anhingidae
A type of bird	ani
A type of bird	ansar
A type of bird	ansarino
A type of bird	ansaron
A type of bird	anthus
A type of bird	apodidae
A type of bird	apteryx
A type of bird	ara
A type of bird	arao
A type of bird	archaeopteryx
A type of bird	archibebe
A type of bird	ardeidae
A type of bird	arrendajo
A type of bird	aura
A type of bird	autillo
A type of bird	avadavat
A type of bird	ave
A type of bird	avefria
A type of bird	aves
A type of bird	avestruz
A type of bird	avetoro
A type of bird	avion
A type of bird	avoceta
A type of bird	avutarda
A type of bird	azor
A type of bird	azulejo
A type of bird	bantam
A type of bird	barnacla
A type of bird	barraquete
A type of bird	becada
A type of bird	berzotas
A type of bird	bisbita
A type of bird	bluebill
A type of bird	boatbill
A type of bird	bobo
A type of bird	bobolink
A type of bird	bonxie
A type of bird	brant
A type of bird	brent
A type of bird	buho
A type of bird	buitre
A type of bird	bulbul
A type of bird	bullbat
A type of bird	burro
A type of bird	busardo
A type of bird	cabure
A type of bird	cacatua
A type of bird	cacatuidae
A type of bird	cacique
A type of bird	caica
A type of bird	calao
A type of bird	camachuelo
A type of bird	canario
A type of bird	capercailzie
A type of bird	capon
A type of bird	caprimulgid
A type of bird	carabo
A type of bird	caracara
A type of bird	carbonero
A type of bird	cardenal
A type of bird	cariamidae
A type of bird	carolina
A type of bird	carolinas
A type of bird	carpintero
A type of bird	carraca
A type of bird	carrao
A type of bird	cascanueces
A type of bird	casuario
A type of bird	casuarius
A type of bird	cedarbird
A type of bird	cerceta
A type of bird	cernicalo
A type of bird	chamon
A type of bird	charran
A type of bird	chewink
A type of bird	chirivia
A type of bird	chocha
A type of bird	chochaperdiz
A type of bird	chochin
A type of bird	chorlitejo
A type of bird	chorlito
A type of bird	chorlo
A type of bird	chotacabras
A type of bird	chova
A type of bird	chuncho
A type of bird	chunga
A type of bird	chupasavia
A type of bird	ciconiidae
A type of bird	ciguena
A type of bird	ciguenela
A type of bird	ciguenuela
A type of bird	cinclidae
A type of bird	cipote
A type of bird	cisne
A type of bird	clarinero
A type of bird	clueca
A type of bird	cochin
A type of bird	codorniz
A type of bird	colibri
A type of bird	colimbo
A type of bird	colirrojo
A type of bird	collalba
A type of bird	collocalini
A type of bird	condor
A type of bird	contopus
A type of bird	cormoran
A type of bird	corneja
A type of bird	correcaminos
A type of bird	corredor
A type of bird	corvejon
A type of bird	cotinga
A type of bird	cotingidae
A type of bird	courlan
A type of bird	cracinae
A type of bird	crake
A type of bird	crane
A type of bird	cucaburra
A type of bird	cucarachero
A type of bird	cuclillo
A type of bird	cuco
A type of bird	cuerporruin
A type of bird	cuervo
A type of bird	curruca
A type of bird	cursorius
A type of bird	cyanerpes
A type of bird	dacelo
A type of bird	damero
A type of bird	daw
A type of bird	delator
A type of bird	desollador
A type of bird	dinornithidae
A type of bird	diomedeidae
A type of bird	dodo
A type of bird	dotrel
A type of bird	dronte
A type of bird	eider
A type of bird	emu
A type of bird	erne
A type of bird	escollo
A type of bird	escolopacido
A type of bird	escribano
A type of bird	esmerejon
A type of bird	espatula
A type of bird	estornino
A type of bird	estupido
A type of bird	faisan
A type of bird	falaropo
A type of bird	falcon
A type of bird	falconiforme
A type of bird	flamenco
A type of bird	focha
A type of bird	foja
A type of bird	frailecillo
A type of bird	fratercula
A type of bird	fringillidae
A type of bird	fulmar
A type of bird	fulmarus
A type of bird	fumarel
A type of bird	galbulidae
A type of bird	gallina
A type of bird	gallineta
A type of bird	gallinula
A type of bird	gallito
A type of bird	gallo
A type of bird	ganga
A type of bird	ganso
A type of bird	garceta
A type of bird	garcita
A type of bird	garrapatero
A type of bird	garza
A type of bird	gavia
A type of bird	gavilan
A type of bird	gavion
A type of bird	gaviota
A type of bird	gaviotin
A type of bird	gerifalte
A type of bird	glareole
A type of bird	godwit
A type of bird	golondrina
A type of bird	gorgiblanco
A type of bird	gorrion
A type of bird	graja
A type of bird	grajilla
A type of bird	grajo
A type of bird	grayhen
A type of bird	graylag
A type of bird	greyhen
A type of bird	grigallo
A type of bird	grossbeak
A type of bird	grua
A type of bird	grulla
A type of bird	guacamaya
A type of bird	guacamayo
A type of bird	guacharo
A type of bird	guan
A type of bird	guanajo
A type of bird	guincho
A type of bird	guinea
A type of bird	hablador
A type of bird	halcon
A type of bird	hangbird
A type of bird	harpia
A type of bird	herrerillo
A type of bird	himantopus
A type of bird	hoactzin
A type of bird	hoatzin
A type of bird	hoco
A type of bird	hornbill
A type of bird	hornero
A type of bird	hortelano
A type of bird	ibis
A type of bird	icterido
A type of bird	idiota
A type of bird	imbecil
A type of bird	infiltrado
A type of bird	informante
A type of bird	inseparable
A type of bird	jabiru
A type of bird	jacamar
A type of bird	jaeger
A type of bird	jilguero
A type of bird	jota
A type of bird	jote
A type of bird	junco
A type of bird	jynx
A type of bird	kea
A type of bird	kiwi
A type of bird	lagopodo
A type of bird	lavandera
A type of bird	lechuza
A type of bird	leno
A type of bird	limicola
A type of bird	limnodromus
A type of bird	llueca
A type of bird	longlegs
A type of bird	loro
A type of bird	malsin
A type of bird	mamaco
A type of bird	mameluco
A type of bird	marabu
A type of bird	mariamulata
A type of bird	martinete
A type of bird	megapode
A type of bird	megapodiidae
A type of bird	megapodo
A type of bird	mergo
A type of bird	milano
A type of bird	mina
A type of bird	minah
A type of bird	mirlo
A type of bird	moa
A type of bird	mochete
A type of bird	mochuelo
A type of bird	molothrus
A type of bird	momot
A type of bird	morabito
A type of bird	mosquitero
A type of bird	mostrenco
A type of bird	motmot
A type of bird	muitu
A type of bird	musophagidae
A type of bird	myiarchus
A type of bird	myna
A type of bird	nandu
A type of bird	necio
A type of bird	negron
A type of bird	ninfa
A type of bird	ninfas
A type of bird	notornis
A type of bird	oca
A type of bird	oenanthe
A type of bird	oncejo
A type of bird	onedora
A type of bird	onocrotalo
A type of bird	oropendola
A type of bird	oscine
A type of bird	ostrero
A type of bird	pagalo
A type of bird	paino
A type of bird	pajaro
A type of bird	paloma
A type of bird	palomino
A type of bird	palomo
A type of bird	panoli
A type of bird	papafigo
A type of bird	papagayo
A type of bird	papamoscas
A type of bird	paraquet
A type of bird	pardal
A type of bird	pardela
A type of bird	pardillo
A type of bird	paro
A type of bird	paroquet
A type of bird	parroket
A type of bird	passeri
A type of bird	patito
A type of bird	pato
A type of bird	pavo
A type of bird	pavon
A type of bird	pelecanus
A type of bird	pelicano
A type of bird	perdiz
A type of bird	perico
A type of bird	periquito
A type of bird	petirrojo
A type of bird	petrel
A type of bird	phalacrocorax
A type of bird	phalaropus
A type of bird	phoenicopterus
A type of bird	picaflor
A type of bird	picamaderos
A type of bird	picaza
A type of bird	pichon
A type of bird	picogordo
A type of bird	picopando
A type of bird	picozapato
A type of bird	pigargo
A type of bird	pinguino
A type of bird	pintada
A type of bird	pinzon
A type of bird	pipilo
A type of bird	pipridae
A type of bird	piquituerto
A type of bird	pisco
A type of bird	playero
A type of bird	podicipedidae
A type of bird	polioptilidae
A type of bird	polla
A type of bird	pollito
A type of bird	pollo
A type of bird	polluela
A type of bird	polluelo
A type of bird	ponedora
A type of bird	porron
A type of bird	poulet
A type of bird	pradero
A type of bird	primilla
A type of bird	primo
A type of bird	prunellidae
A type of bird	psittaciformes
A type of bird	quetzal
A type of bird	quivi
A type of bird	ramphastidae
A type of bird	rapaz
A type of bird	raptor
A type of bird	ratona
A type of bird	rayuelo
A type of bird	reinita
A type of bird	remora
A type of bird	riflebird
A type of bird	rissa
A type of bird	rola
A type of bird	ruisenor
A type of bird	rynchopidae
A type of bird	sawbill
A type of bird	serreta
A type of bird	sialia
A type of bird	silbon
A type of bird	sinsonte
A type of bird	sita
A type of bird	smew
A type of bird	snakebird
A type of bird	solan
A type of bird	soldadito
A type of bird	somorgujo
A type of bird	somorgujon
A type of bird	somormujo
A type of bird	soplon
A type of bird	sorbo
A type of bird	spheniscidae
A type of bird	stiltbird
A type of bird	stinkbird
A type of bird	strigiformes
A type of bird	sturnidae
A type of bird	sula
A type of bird	surfbird
A type of bird	swamphen
A type of bird	tadorna
A type of bird	tailorbird
A type of bird	takahe
A type of bird	tangara
A type of bird	tarabilla
A type of bird	tarro
A type of bird	tecolote
A type of bird	tejedor
A type of bird	tercel
A type of bird	tercelet
A type of bird	tern
A type of bird	thraupidae
A type of bird	tiercel
A type of bird	tinamidae
A type of bird	tinamu
A type of bird	titlark
A type of bird	titmouse
A type of bird	todidae
A type of bird	tomtit
A type of bird	tonto
A type of bird	toqui
A type of bird	torcecuello
A type of bird	tordo
A type of bird	tortola
A type of bird	touraco
A type of bird	trepador
A type of bird	trochilidae
A type of bird	troglodytidae
A type of bird	trogon
A type of bird	tucan
A type of bird	tucuquere
A type of bird	turaco
A type of bird	turacou
A type of bird	turdido
A type of bird	turpial
A type of bird	turtledove
A type of bird	urogallo
A type of bird	urraca
A type of bird	vago
A type of bird	vencejo
A type of bird	verdecillo
A type of bird	verderon
A type of bird	verdin
A type of bird	verdugo
A type of bird	vireo
A type of bird	volaille
A type of bird	volteadora
A type of bird	vuelvepiedras
A type of bird	weaverbird
A type of bird	weka
A type of bird	willet
A type of bird	yabiru
A type of bird	zambullidor
A type of bird	zampullin
A type of bird	zanate
A type of bird	zarapito
A type of bird	zarceta
A type of bird	zopilote
A type of bird	zoquete
A type of bird	zorzal
A type of rock or mineral	actinolita
A type of rock or mineral	adobe
A type of rock or mineral	afanita
A type of rock or mineral	agata
A type of rock or mineral	aglomerado
A type of rock or mineral	aguamarina
A type of rock or mineral	alabastro
A type of rock or mineral	albita
A type of rock or mineral	alexandrita
A type of rock or mineral	aljez
A type of rock or mineral	almagre
A type of rock or mineral	almandite
A type of rock or mineral	alumbre
A type of rock or mineral	alumina
A type of rock or mineral	aluminio
A type of rock or mineral	amatista
A type of rock or mineral	ambar
A type of rock or mineral	ambligonita
A type of rock or mineral	americio
A type of rock or mineral	amianto
A type of rock or mineral	amigdaloide
A type of rock or mineral	ampo
A type of rock or mineral	andesita
A type of rock or mineral	andradita
A type of rock or mineral	anfibol
A type of rock or mineral	anfibolita
A type of rock or mineral	anortita
A type of rock or mineral	antimonio
A type of rock or mineral	antimonita
A type of rock or mineral	antofilita
A type of rock or mineral	apatita
A type of rock or mineral	apatito
A type of rock or mineral	aphanite
A type of rock or mineral	aplita
A type of rock or mineral	aplito
A type of rock or mineral	aragonita
A type of rock or mineral	aragonito
A type of rock or mineral	arcilla
A type of rock or mineral	arena
A type of rock or mineral	arenisca
A type of rock or mineral	argentita
A type of rock or mineral	argilita
A type of rock or mineral	argirosa
A type of rock or mineral	arsenopirita
A type of rock or mineral	asbesto
A type of rock or mineral	asfalto
A type of rock or mineral	augita
A type of rock or mineral	aventurina
A type of rock or mineral	azogue
A type of rock or mineral	azufre
A type of rock or mineral	azurita
A type of rock or mineral	balas
A type of rock or mineral	balasto
A type of rock or mineral	balastro
A type of rock or mineral	bario
A type of rock or mineral	barita
A type of rock or mineral	baritina
A type of rock or mineral	barro
A type of rock or mineral	basalto
A type of rock or mineral	batolito
A type of rock or mineral	bauxita
A type of rock or mineral	bentonita
A type of rock or mineral	berilio
A type of rock or mineral	berilo
A type of rock or mineral	berkelio
A type of rock or mineral	berquelio
A type of rock or mineral	biotita
A type of rock or mineral	bismuto
A type of rock or mineral	blenda
A type of rock or mineral	bloque
A type of rock or mineral	borax
A type of rock or mineral	bornita
A type of rock or mineral	borraj
A type of rock or mineral	brecha
A type of rock or mineral	brochazo
A type of rock or mineral	bronce
A type of rock or mineral	cabuchon
A type of rock or mineral	cabujon
A type of rock or mineral	cadmio
A type of rock or mineral	cainita
A type of rock or mineral	cairngorm
A type of rock or mineral	calamina
A type of rock or mineral	calamoco
A type of rock or mineral	calcedonia
A type of rock or mineral	calcio
A type of rock or mineral	calcita
A type of rock or mineral	calcopirita
A type of rock or mineral	calcosina
A type of rock or mineral	caliche
A type of rock or mineral	californio
A type of rock or mineral	caliza
A type of rock or mineral	candelizo
A type of rock or mineral	canelon
A type of rock or mineral	caolin
A type of rock or mineral	caolinita
A type of rock or mineral	carambano
A type of rock or mineral	carbon
A type of rock or mineral	carbonado
A type of rock or mineral	carbunclo
A type of rock or mineral	carbunculo
A type of rock or mineral	carnalita
A type of rock or mineral	carnotita
A type of rock or mineral	casiterita
A type of rock or mineral	celestita
A type of rock or mineral	ceolita
A type of rock or mineral	cerio
A type of rock or mineral	cerusita
A type of rock or mineral	cesio
A type of rock or mineral	china
A type of rock or mineral	chupon
A type of rock or mineral	cianita
A type of rock or mineral	cinabrio
A type of rock or mineral	cinc
A type of rock or mineral	circon
A type of rock or mineral	circonio
A type of rock or mineral	citrina
A type of rock or mineral	citrino
A type of rock or mineral	clorita
A type of rock or mineral	cobaltita
A type of rock or mineral	cobalto
A type of rock or mineral	cobre
A type of rock or mineral	columbita
A type of rock or mineral	conglomerado
A type of rock or mineral	copo
A type of rock or mineral	coral
A type of rock or mineral	cordierita
A type of rock or mineral	corindon
A type of rock or mineral	cornalina
A type of rock or mineral	corneana
A type of rock or mineral	cornerina
A type of rock or mineral	corniola
A type of rock or mineral	corundom
A type of rock or mineral	criolita
A type of rock or mineral	crisoberilo
A type of rock or mineral	crisolita
A type of rock or mineral	crisolito
A type of rock or mineral	crisopacio
A type of rock or mineral	crisoprasa
A type of rock or mineral	crisotilo
A type of rock or mineral	cristal
A type of rock or mineral	cromado
A type of rock or mineral	cromita
A type of rock or mineral	cromo
A type of rock or mineral	cuarcita
A type of rock or mineral	cuarzo
A type of rock or mineral	cuprita
A type of rock or mineral	curio
A type of rock or mineral	delantera
A type of rock or mineral	demantoide
A type of rock or mineral	deyeccion
A type of rock or mineral	diamante
A type of rock or mineral	diorita
A type of rock or mineral	disprosio
A type of rock or mineral	dolomia
A type of rock or mineral	dolomita
A type of rock or mineral	einsteinio
A type of rock or mineral	einstenio
A type of rock or mineral	erbio
A type of rock or mineral	eritrina
A type of rock or mineral	escandio
A type of rock or mineral	escarcha
A type of rock or mineral	esfalerita
A type of rock or mineral	esmeralda
A type of rock or mineral	esmeril
A type of rock or mineral	espato
A type of rock or mineral	espinela
A type of rock or mineral	espodumena
A type of rock or mineral	esquisto
A type of rock or mineral	essonite
A type of rock or mineral	estano
A type of rock or mineral	esteatita
A type of rock or mineral	estibina
A type of rock or mineral	estroncianita
A type of rock or mineral	estroncio
A type of rock or mineral	europio
A type of rock or mineral	feldespato
A type of rock or mineral	fermio
A type of rock or mineral	flogopita
A type of rock or mineral	fluorita
A type of rock or mineral	francio
A type of rock or mineral	gabro
A type of rock or mineral	gadolinio
A type of rock or mineral	gadolinita
A type of rock or mineral	galena
A type of rock or mineral	galio
A type of rock or mineral	garnierita
A type of rock or mineral	gema
A type of rock or mineral	geoda
A type of rock or mineral	gibbsita
A type of rock or mineral	girasol
A type of rock or mineral	glauconita
A type of rock or mineral	glucinio
A type of rock or mineral	gneis
A type of rock or mineral	goethita
A type of rock or mineral	goetita
A type of rock or mineral	grafito
A type of rock or mineral	granate
A type of rock or mineral	granito
A type of rock or mineral	granizo
A type of rock or mineral	grava
A type of rock or mineral	gravilla
A type of rock or mineral	greenockita
A type of rock or mineral	greisen
A type of rock or mineral	guijarro
A type of rock or mineral	hafnio
A type of rock or mineral	halita
A type of rock or mineral	helada
A type of rock or mineral	heliotropo
A type of rock or mineral	hematita
A type of rock or mineral	hematites
A type of rock or mineral	hemimorfita
A type of rock or mineral	hessonita
A type of rock or mineral	heulandita
A type of rock or mineral	hidrargirio
A type of rock or mineral	hidrargiro
A type of rock or mineral	hielo
A type of rock or mineral	hierro
A type of rock or mineral	hoar
A type of rock or mineral	holmio
A type of rock or mineral	hornablenda
A type of rock or mineral	hornblenda
A type of rock or mineral	hornfels
A type of rock or mineral	hydrargyrum
A type of rock or mineral	ilmenita
A type of rock or mineral	indio
A type of rock or mineral	iridio
A type of rock or mineral	iridosmine
A type of rock or mineral	iterbio
A type of rock or mineral	itrio
A type of rock or mineral	jade
A type of rock or mineral	jadeita
A type of rock or mineral	jaspe
A type of rock or mineral	joya
A type of rock or mineral	kernita
A type of rock or mineral	kieserita
A type of rock or mineral	kimberlita
A type of rock or mineral	kunzita
A type of rock or mineral	kunzite
A type of rock or mineral	langbeinita
A type of rock or mineral	lantano
A type of rock or mineral	lapislazuli
A type of rock or mineral	laton
A type of rock or mineral	lava
A type of rock or mineral	lechatelierite
A type of rock or mineral	lepidolita
A type of rock or mineral	liderazgo
A type of rock or mineral	limonita
A type of rock or mineral	litio
A type of rock or mineral	lutecio
A type of rock or mineral	magma
A type of rock or mineral	magnesia
A type of rock or mineral	magnesio
A type of rock or mineral	magnesita
A type of rock or mineral	magnetita
A type of rock or mineral	malaquita
A type of rock or mineral	manganeso
A type of rock or mineral	manganita
A type of rock or mineral	marlite
A type of rock or mineral	marmol
A type of rock or mineral	masicote
A type of rock or mineral	massicotite
A type of rock or mineral	mena
A type of rock or mineral	mercurio
A type of rock or mineral	metal
A type of rock or mineral	metales
A type of rock or mineral	mica
A type of rock or mineral	millerita
A type of rock or mineral	mineral
A type of rock or mineral	minerales
A type of rock or mineral	mispiquel
A type of rock or mineral	molibdenita
A type of rock or mineral	molibdeno
A type of rock or mineral	monacita
A type of rock or mineral	morganita
A type of rock or mineral	moscovita
A type of rock or mineral	natrolita
A type of rock or mineral	nefelina
A type of rock or mineral	nefrita
A type of rock or mineral	neis
A type of rock or mineral	neodimio
A type of rock or mineral	nephelite
A type of rock or mineral	neptunio
A type of rock or mineral	niobio
A type of rock or mineral	niobite
A type of rock or mineral	niquel
A type of rock or mineral	obsidiana
A type of rock or mineral	ocre
A type of rock or mineral	oligoclasa
A type of rock or mineral	olivenite
A type of rock or mineral	olivina
A type of rock or mineral	olivino
A type of rock or mineral	onice
A type of rock or mineral	onique
A type of rock or mineral	onix
A type of rock or mineral	opalo
A type of rock or mineral	oro
A type of rock or mineral	oropimente
A type of rock or mineral	ortoclasa
A type of rock or mineral	ortosa
A type of rock or mineral	osmio
A type of rock or mineral	osmiridio
A type of rock or mineral	ozocerita
A type of rock or mineral	pahoehoe
A type of rock or mineral	paladio
A type of rock or mineral	paladion
A type of rock or mineral	pechblenda
A type of rock or mineral	pedernal
A type of rock or mineral	pedrejon
A type of rock or mineral	pegmatita
A type of rock or mineral	pena
A type of rock or mineral	penasco
A type of rock or mineral	pentlandita
A type of rock or mineral	periclasa
A type of rock or mineral	peridotita
A type of rock or mineral	peridoto
A type of rock or mineral	perla
A type of rock or mineral	piedra
A type of rock or mineral	pirita
A type of rock or mineral	pirofilita
A type of rock or mineral	pirolusita
A type of rock or mineral	piromorfita
A type of rock or mineral	piropo
A type of rock or mineral	piroxeno
A type of rock or mineral	pirrotina
A type of rock or mineral	pizarra
A type of rock or mineral	plagioclasa
A type of rock or mineral	plasma
A type of rock or mineral	plata
A type of rock or mineral	platino
A type of rock or mineral	plombagina
A type of rock or mineral	plomo
A type of rock or mineral	plumbago
A type of rock or mineral	pluton
A type of rock or mineral	polonio
A type of rock or mineral	porfido
A type of rock or mineral	porfirio
A type of rock or mineral	potasio
A type of rock or mineral	praseodimio
A type of rock or mineral	promecio
A type of rock or mineral	prometio
A type of rock or mineral	protactinio
A type of rock or mineral	protoactinio
A type of rock or mineral	protoactinium
A type of rock or mineral	pumita
A type of rock or mineral	pyrrhotine
A type of rock or mineral	radio
A type of rock or mineral	radiotorio
A type of rock or mineral	rejalgar
A type of rock or mineral	renio
A type of rock or mineral	riolita
A type of rock or mineral	roca
A type of rock or mineral	rocas
A type of rock or mineral	rodio
A type of rock or mineral	rodocrosita
A type of rock or mineral	rodolita
A type of rock or mineral	rodonita
A type of rock or mineral	rubi
A type of rock or mineral	rubidio
A type of rock or mineral	rutenio
A type of rock or mineral	rutilo
A type of rock or mineral	sal
A type of rock or mineral	samario
A type of rock or mineral	samarskita
A type of rock or mineral	sard
A type of rock or mineral	sardonica
A type of rock or mineral	sardonice
A type of rock or mineral	sardonique
A type of rock or mineral	scheelita
A type of rock or mineral	sepiolita
A type of rock or mineral	sial
A type of rock or mineral	siderita
A type of rock or mineral	siena
A type of rock or mineral	silex
A type of rock or mineral	silvanita
A type of rock or mineral	silvina
A type of rock or mineral	silvita
A type of rock or mineral	sima
A type of rock or mineral	sinoper
A type of rock or mineral	sinopia
A type of rock or mineral	sinopis
A type of rock or mineral	smaltite
A type of rock or mineral	sodalita
A type of rock or mineral	sodio
A type of rock or mineral	spiegel
A type of rock or mineral	spodumene
A type of rock or mineral	taconita
A type of rock or mineral	talco
A type of rock or mineral	talio
A type of rock or mineral	tantalio
A type of rock or mineral	tantalita
A type of rock or mineral	tantalo
A type of rock or mineral	tecnecio
A type of rock or mineral	terbio
A type of rock or mineral	titanio
A type of rock or mineral	toba
A type of rock or mineral	topacio
A type of rock or mineral	tori
A type of rock or mineral	torio
A type of rock or mineral	torita
A type of rock or mineral	tremolita
A type of rock or mineral	tulio
A type of rock or mineral	tungsteno
A type of rock or mineral	turmalina
A type of rock or mineral	turquesa
A type of rock or mineral	uraninita
A type of rock or mineral	uranio
A type of rock or mineral	vanadio
A type of rock or mineral	ventaja
A type of rock or mineral	venturina
A type of rock or mineral	vermiculita
A type of rock or mineral	vesuvianita
A type of rock or mineral	volframio
A type of rock or mineral	wolfram
A type of rock or mineral	wolframio
A type of rock or mineral	wolframita
A type of rock or mineral	wollastonita
A type of rock or mineral	wulfenita
A type of rock or mineral	yeso
A type of rock or mineral	yterbio
A type of rock or mineral	zafirina
A type of rock or mineral	zafiro
A type of rock or mineral	zeolita
A type of rock or mineral	zinc
A type of rock or mineral	zircon
A type of rock or mineral	zirconio
A fruit	aceituna
A fruit	aceitunas
A fruit	acerola
A fruit	acimboga
A fruit	agrazon
A fruit	aguacate
A fruit	albaricoque
A fruit	albaricoquero
A fruit	almendra
A fruit	almez
A fruit	almeza
A fruit	anana
A fruit	ananas
A fruit	arandano
A fruit	asimina
A fruit	azufaifa
A fruit	azufaifo
A fruit	banana
A fruit	bananero
A fruit	banano
A fruit	baya
A fruit	breva
A fruit	cambur
A fruit	cantalupa
A fruit	cantalupo
A fruit	caqui
A fruit	carambola
A fruit	casaba
A fruit	cereza
A fruit	china
A fruit	chirimoya
A fruit	cidra
A fruit	ciruela
A fruit	ciruelo
A fruit	citrico
A fruit	citron
A fruit	citrus
A fruit	clementino
A fruit	coco
A fruit	cumquat
A fruit	cura
A fruit	damasco
A fruit	datil
A fruit	drupa
A fruit	drupelet
A fruit	duraznero
A fruit	durazno
A fruit	durian
A fruit	durio
A fruit	durion
A fruit	fecha
A fruit	feijoa
A fruit	figura
A fruit	fortunella
A fruit	frambuesa
A fruit	frambueso
A fruit	fresa
A fruit	freson
A fruit	fruta
A fruit	frutilla
A fruit	ginjol
A fruit	granada
A fruit	granadilla
A fruit	granado
A fruit	grosella
A fruit	guanabana
A fruit	guanabano
A fruit	guayaba
A fruit	guinda
A fruit	higo
A fruit	huito
A fruit	jagua
A fruit	jak
A fruit	kaki
A fruit	kiwi
A fruit	kumquat
A fruit	lechosa
A fruit	lichi
A fruit	lima
A fruit	limon
A fruit	litchee
A fruit	llanten
A fruit	mamon
A fruit	mandarina
A fruit	manga
A fruit	mangifera
A fruit	mango
A fruit	mangostan
A fruit	mangostino
A fruit	manzana
A fruit	melocoton
A fruit	melocotonero
A fruit	melon
A fruit	membrillero
A fruit	membrillo
A fruit	mirtilo
A fruit	mora
A fruit	moral
A fruit	morera
A fruit	moscatel
A fruit	naranja
A fruit	nectarina
A fruit	nispero
A fruit	oliva
A fruit	olivas
A fruit	palta
A fruit	papaia
A fruit	papaya
A fruit	papayo
A fruit	pasa
A fruit	pera
A fruit	pina
A fruit	platano
A fruit	pomelo
A fruit	pomo
A fruit	quinoto
A fruit	quivi
A fruit	ribier
A fruit	sandia
A fruit	sapota
A fruit	sapote
A fruit	satsuma
A fruit	scuppernong
A fruit	semeruco
A fruit	serba
A fruit	sultanina
A fruit	tamarindo
A fruit	tomate
A fruit	toronja
A fruit	ugli
A fruit	uva
A fruit	yaca
A fruit	zarzamora
A vegetable	aceda
A vegetable	acedera
A vegetable	acelga
A vegetable	achicoria
A vegetable	adaza
A vegetable	agrilla
A vegetable	aguaturma
A vegetable	aji
A vegetable	ajo
A vegetable	alcachofa
A vegetable	alcacil
A vegetable	alcaucil
A vegetable	alubia
A vegetable	apio
A vegetable	ayote
A vegetable	berenjena
A vegetable	berro
A vegetable	berza
A vegetable	betabel
A vegetable	betarraga
A vegetable	beterraga
A vegetable	bleda
A vegetable	borona
A vegetable	brecol
A vegetable	broccoli
A vegetable	brocoli
A vegetable	broculi
A vegetable	brote
A vegetable	calabacera
A vegetable	calabacin
A vegetable	calabacino
A vegetable	calabacita
A vegetable	calabaza
A vegetable	casabe
A vegetable	casava
A vegetable	cayena
A vegetable	cebolla
A vegetable	cebolleta
A vegetable	cebollin
A vegetable	cebollino
A vegetable	chalota
A vegetable	chalote
A vegetable	chicoria
A vegetable	chile
A vegetable	chirivia
A vegetable	cive
A vegetable	col
A vegetable	coliflor
A vegetable	colinabo
A vegetable	colirrabano
A vegetable	crucifera
A vegetable	cuartos
A vegetable	cucas
A vegetable	dinero
A vegetable	endibia
A vegetable	endivia
A vegetable	escalonia
A vegetable	escarola
A vegetable	esparrago
A vegetable	espinaca
A vegetable	faba
A vegetable	finocchio
A vegetable	frijol
A vegetable	garbanzo
A vegetable	guindilla
A vegetable	guisante
A vegetable	guita
A vegetable	haba
A vegetable	habichuela
A vegetable	hierbas
A vegetable	hinojo
A vegetable	hongo
A vegetable	hortaliza
A vegetable	jalapeno
A vegetable	jaramago
A vegetable	jengibre
A vegetable	jicara
A vegetable	judia
A vegetable	kale
A vegetable	lana
A vegetable	lechuga
A vegetable	legumbre
A vegetable	lenteja
A vegetable	llanten
A vegetable	lucro
A vegetable	macal
A vegetable	maiz
A vegetable	mandioca
A vegetable	mijo
A vegetable	millo
A vegetable	mosca
A vegetable	nabicol
A vegetable	nabo
A vegetable	name
A vegetable	okra
A vegetable	oruga
A vegetable	papa
A vegetable	parne
A vegetable	pasta
A vegetable	pastinaca
A vegetable	pataca
A vegetable	patata
A vegetable	pelas
A vegetable	pepinillo
A vegetable	pepino
A vegetable	pieplant
A vegetable	pimiento
A vegetable	platano
A vegetable	pocha
A vegetable	porro
A vegetable	puerro
A vegetable	rabano
A vegetable	radicchio
A vegetable	remolacha
A vegetable	retono
A vegetable	roqueta
A vegetable	ruca
A vegetable	rucula
A vegetable	ruibarbo
A vegetable	rutabaga
A vegetable	salsifi
A vegetable	seta
A vegetable	simoleons
A vegetable	soja
A vegetable	soya
A vegetable	sueca
A vegetable	sunchoke
A vegetable	taro
A vegetable	tater
A vegetable	tecomate
A vegetable	tomate
A vegetable	topinambur
A vegetable	trufa
A vegetable	tuberculo
A vegetable	tupinambo
A vegetable	verdura
A vegetable	verduras
A vegetable	yuca
A vegetable	zanahoria
A vegetable	zapallo
A vegetable	zara
A vegetable	zucchini
An animal	abadejo
An animal	abeja
An animal	abejarron
An animal	abejon
An animal	abejorro
An animal	abubilla
An animal	abulon
An animal	acantocefalo
An animal	acarido
An animal	acarine
An animal	acaro
An animal	acentor
An animal	acipenseridae
An animal	actinia
An animal	actinian
An animal	actiniarian
An animal	adax
An animal	aepyornis
An animal	affenpinscher
An animal	afidio
An animal	afido
An animal	agachadiza
An animal	agachona
An animal	agama
An animal	agateador
An animal	agostero
An animal	aguacil
An animal	aguila
An animal	aguilucho
An animal	aguja
An animal	agujon
An animal	aguti
An animal	aguzanieves
An animal	airon
An animal	ajolota
An animal	ajolote
An animal	alacran
An animal	alano
An animal	albacora
An animal	albatros
An animal	albur
An animal	alburno
An animal	alca
An animal	alcatraz
An animal	alcaudon
An animal	alce
An animal	alcedines
An animal	alcelafo
An animal	alces
An animal	alcion
An animal	alcotan
An animal	alepisauridae
An animal	algalia
An animal	aligator
An animal	alimana
An animal	alirrojo
An animal	alligator
An animal	allosaur
An animal	allosaurus
An animal	almeja
An animal	almizclera
An animal	alondra
An animal	alosa
An animal	alpaca
An animal	amadavat
An animal	amia
An animal	amniota
An animal	amniote
An animal	ampelis
An animal	amphibia
An animal	anaconda
An animal	anade
An animal	anadon
An animal	anal
An animal	anchoa
An animal	anelido
An animal	anelidos
An animal	anfibio
An animal	anfibios
An animal	anfipodo
An animal	angelote
An animal	anguila
An animal	anguiliforme
An animal	angula
An animal	anhingidae
An animal	ani
An animal	animal
An animal	animales
An animal	anisoptera
An animal	ankylosaurus
An animal	annelida
An animal	anoa
An animal	anofeles
An animal	anojo
An animal	anole
An animal	anopheline
An animal	anquilostoma
An animal	ansar
An animal	ansarino
An animal	ansaron
An animal	anta
An animal	ante
An animal	anteburro
An animal	antennariidae
An animal	anthophila
An animal	anthus
An animal	antilope
An animal	antozoo
An animal	antropoide
An animal	anuje
An animal	anura
An animal	anuro
An animal	aoudad
An animal	apatosaurio
An animal	apatosaurus
An animal	apodidae
An animal	aprendiz
An animal	apteryx
An animal	ara
An animal	aracnido
An animal	aracnidos
An animal	araguato
An animal	arana
An animal	araneae
An animal	arao
An animal	archaeopteryx
An animal	archibebe
An animal	archosauria
An animal	archosaurian
An animal	arcosauro
An animal	ardeidae
An animal	ardia
An animal	ardilla
An animal	arenque
An animal	argal
An animal	argali
An animal	armadillo
An animal	armino
An animal	arrendajo
An animal	arthropoda
An animal	artiodactilo
An animal	artiodactilos
An animal	artropodo
An animal	artropodos
An animal	arui
An animal	asno
An animal	aspid
An animal	asteroidea
An animal	atun
An animal	audad
An animal	aura
An animal	australopiteco
An animal	autillo
An animal	avadavat
An animal	ave
An animal	avefria
An animal	aves
An animal	avestruz
An animal	avetoro
An animal	avion
An animal	avispa
An animal	avispon
An animal	avoceta
An animal	avutarda
An animal	ayotoste
An animal	azor
An animal	azotador
An animal	azul
An animal	azulejo
An animal	babirusa
An animal	babosa
An animal	babuino
An animal	bacalao
An animal	bacoreta
An animal	bagre
An animal	bala
An animal	balistidae
An animal	ballena
An animal	bandicut
An animal	bangtail
An animal	bantam
An animal	banteng
An animal	banting
An animal	barata
An animal	barbo
An animal	barnacla
An animal	barracouta
An animal	barracuda
An animal	barraquete
An animal	basaride
An animal	basenji
An animal	basilisco
An animal	bassarisk
An animal	basset
An animal	baston
An animal	batrachoididae
An animal	batracio
An animal	bayo
An animal	beagle
An animal	bearcat
An animal	becada
An animal	becerra
An animal	becerro
An animal	beefalo
An animal	belonidae
An animal	beluga
An animal	berberecho
An animal	bergall
An animal	berrendo
An animal	bestia
An animal	besugo
An animal	bicha
An animal	bicho
An animal	bichos
An animal	bigaro
An animal	binturong
An animal	bipedo
An animal	bisbita
An animal	bison
An animal	bisonte
An animal	bivalvo
An animal	blanquillo
An animal	blastocisto
An animal	blastosfera
An animal	blastosphere
An animal	blastula
An animal	blattodea
An animal	bluebill
An animal	boa
An animal	boatbill
An animal	bobolink
An animal	bogavante
An animal	bombus
An animal	bombycid
An animal	bongo
An animal	bonitalo
An animal	bonito
An animal	bonxie
An animal	boqueron
An animal	borrego
An animal	borzoi
An animal	bot
An animal	bovidae
An animal	bovido
An animal	bovidos
An animal	bovino
An animal	bovinos
An animal	boxeador
An animal	boxeadora
An animal	boxer
An animal	brachiopoda
An animal	branchiopodan
An animal	branquiopodo
An animal	brant
An animal	braquiopodo
An animal	brent
An animal	briard
An animal	bribon
An animal	briozoo
An animal	broma
An animal	bronc
An animal	bronco
An animal	brontosaurio
An animal	bubal
An animal	buccino
An animal	buco
An animal	buey
An animal	bueyes
An animal	bufalo
An animal	buho
An animal	buitre
An animal	bulbul
An animal	buldog
An animal	bullbat
An animal	bulldog
An animal	bullterrier
An animal	burdegano
An animal	burra
An animal	burro
An animal	busardo
An animal	cabalgadura
An animal	caballa
An animal	caballeriza
An animal	caballito
An animal	caballo
An animal	cabassous
An animal	cabeza
An animal	cabra
An animal	cabrito
An animal	cabro
An animal	cabron
An animal	cabure
An animal	cacareo
An animal	cacatua
An animal	cacatuidae
An animal	cachalote
An animal	cachicamo
An animal	cachipolla
An animal	cacho
An animal	cachorro
An animal	cacique
An animal	cacomistle
An animal	cacomixle
An animal	cacomiztle
An animal	caelifera
An animal	caica
An animal	cailon
An animal	caiman
An animal	calamar
An animal	calamares
An animal	calao
An animal	calderon
An animal	callejero
An animal	callicebus
An animal	callionymidae
An animal	callithrix
An animal	camachuelo
An animal	camaleon
An animal	camaron
An animal	cambaro
An animal	camello
An animal	camelopardalis
An animal	camelus
An animal	campanol
An animal	can
An animal	canalla
An animal	canario
An animal	cangrejo
An animal	canguro
An animal	caniche
An animal	canido
An animal	canijo
An animal	canino
An animal	capercailzie
An animal	capibara
An animal	caplin
An animal	capon
An animal	caprimulgid
An animal	capuchino
An animal	carabao
An animal	carabo
An animal	caracal
An animal	caracara
An animal	caracido
An animal	caracol
An animal	caracola
An animal	caracul
An animal	carangido
An animal	caraya
An animal	carbonero
An animal	carcajou
An animal	carcayu
An animal	carcoma
An animal	cardador
An animal	carea
An animal	carey
An animal	cariamidae
An animal	caribe
An animal	caribu
An animal	caridea
An animal	carinate
An animal	carne
An animal	carnero
An animal	carnivoro
An animal	carolina
An animal	carolinas
An animal	carpa
An animal	carpincho
An animal	carpintero
An animal	carpita
An animal	carraca
An animal	carrao
An animal	carronero
An animal	cascabel
An animal	cascanueces
An animal	castor
An animal	casuario
An animal	casuarius
An animal	catarinita
An animal	catarrino
An animal	catarrinos
An animal	cattalo
An animal	caudate
An animal	cauri
An animal	cavalla
An animal	cavy
An animal	caza
An animal	cazon
An animal	cebra
An animal	cebu
An animal	cedarbird
An animal	cefalopodo
An animal	cefalopodos
An animal	celacanto
An animal	celentereo
An animal	celentereos
An animal	centrarchid
An animal	cephalopoda
An animal	cerastes
An animal	ceratopsian
An animal	cercaria
An animal	cerceta
An animal	cercopoidea
An animal	cerda
An animal	cerdito
An animal	cerdo
An animal	cernicalo
An animal	cervatillo
An animal	cervato
An animal	cervidae
An animal	cervido
An animal	cervidos
An animal	cestodo
An animal	cetaceo
An animal	cetaceos
An animal	chacal
An animal	chachara
An animal	chacma
An animal	chalcid
An animal	chamaeleonidae
An animal	chamon
An animal	chancho
An animal	chanquete
An animal	characid
An animal	charran
An animal	chetah
An animal	chewink
An animal	chicharra
An animal	chicharro
An animal	chichina
An animal	chigetai
An animal	chiguire
An animal	chiguiro
An animal	chilopoda
An animal	chimbolo
An animal	chimpance
An animal	chinche
An animal	chinchilla
An animal	chinchina
An animal	chinita
An animal	chirivia
An animal	chiroptera
An animal	chiropteran
An animal	chita
An animal	chivo
An animal	chocha
An animal	chochaperdiz
An animal	chochin
An animal	choco
An animal	chon
An animal	chordata
An animal	chorlitejo
An animal	chorlito
An animal	chorlo
An animal	chotacabras
An animal	chova
An animal	chucho
An animal	chuncho
An animal	chunga
An animal	chupasavia
An animal	chusco
An animal	cicadidae
An animal	cicala
An animal	cichlidae
An animal	ciclostomo
An animal	ciconiidae
An animal	ciempies
An animal	cierva
An animal	ciervo
An animal	ciervos
An animal	cigala
An animal	cigarra
An animal	ciguena
An animal	ciguenela
An animal	ciguenuela
An animal	cinclidae
An animal	ciprinido
An animal	cisne
An animal	civeta
An animal	clarinero
An animal	clueca
An animal	clumber
An animal	cnidarian
An animal	cnidario
An animal	coala
An animal	coati
An animal	cob
An animal	cobaya
An animal	cobia
An animal	cobo
An animal	cobra
An animal	cochi
An animal	cochin
An animal	cochina
An animal	cochinilla
An animal	cochinillo
An animal	cochino
An animal	cocho
An animal	coco
An animal	cocodrilo
An animal	codorniz
An animal	coipo
An animal	cojudo
An animal	colembolo
An animal	coleoptera
An animal	coleoptero
An animal	coleopteros
An animal	colibri
An animal	colimbo
An animal	colirrojo
An animal	collalba
An animal	collembola
An animal	collie
An animal	collocalini
An animal	colmilleja
An animal	colobus
An animal	colubridae
An animal	colubrido
An animal	colugo
An animal	comadreja
An animal	comejen
An animal	concha
An animal	condor
An animal	coneja
An animal	conejito
An animal	conejo
An animal	conenose
An animal	conger
An animal	congorocho
An animal	congrio
An animal	connochaetes
An animal	conodonta
An animal	constrictor
An animal	contopus
An animal	copepoda
An animal	copepodo
An animal	copepodos
An animal	coral
An animal	corca
An animal	corcel
An animal	cordado
An animal	cordados
An animal	cordero
An animal	corgi
An animal	cormoran
An animal	corneja
An animal	cornudilla
An animal	correcaminos
An animal	corredera
An animal	corredor
An animal	cortapicos
An animal	corvejon
An animal	corza
An animal	coso
An animal	cotinga
An animal	cotingidae
An animal	cotorreo
An animal	courlan
An animal	coydog
An animal	coyote
An animal	cracinae
An animal	crake
An animal	craniate
An animal	cresa
An animal	criatura
An animal	cricetinae
An animal	crinoideo
An animal	criquet
An animal	crisalida
An animal	crocodiliano
An animal	crocodylidae
An animal	crosopterigio
An animal	crotalo
An animal	crustacea
An animal	crustaceo
An animal	crustaceos
An animal	ctenoforo
An animal	cuadrupedo
An animal	cuati
An animal	cucaburra
An animal	cucaracha
An animal	cucarachero
An animal	cuchi
An animal	cuchumbi
An animal	cuclillo
An animal	cuco
An animal	cudu
An animal	cuernilargo
An animal	cuerporruin
An animal	cuervo
An animal	culebra
An animal	cunaguaro
An animal	cuniculus
An animal	cupleiforme
An animal	curiana
An animal	curruca
An animal	cursorius
An animal	cuscus
An animal	cusuco
An animal	cusumbes
An animal	cuto
An animal	cyanerpes
An animal	dacelo
An animal	dachshund
An animal	dachsie
An animal	dafnia
An animal	dalmata
An animal	daman
An animal	damero
An animal	damisela
An animal	danta
An animal	danto
An animal	daphnia
An animal	das
An animal	dassie
An animal	dasypodidae
An animal	daw
An animal	decapodo
An animal	deinonychus
An animal	delfin
An animal	delphinidae
An animal	dendroaspis
An animal	depredador
An animal	dermaptera
An animal	dermoptera
An animal	dermoptero
An animal	desidia
An animal	desollador
An animal	dhole
An animal	diapsid
An animal	diapsido
An animal	dicynodontia
An animal	digitigrado
An animal	dingo
An animal	dinornithidae
An animal	dinosauria
An animal	dinosaurio
An animal	diomedeidae
An animal	diplodoco
An animal	diplodocus
An animal	diplopoda
An animal	dipnoi
An animal	dipodinae
An animal	diptero
An animal	dipteron
An animal	dipteros
An animal	dodo
An animal	dogie
An animal	dogo
An animal	doguillo
An animal	dotrel
An animal	douroucouli
An animal	dragon
An animal	dragonet
An animal	dril
An animal	dromedario
An animal	dronte
An animal	drosophila
An animal	dugong
An animal	dugongo
An animal	echinococcus
An animal	echinodermata
An animal	ectotermia
An animal	edentado
An animal	efemeroptero
An animal	efimera
An animal	eglefino
An animal	eider
An animal	elapidae
An animal	elapidos
An animal	elater
An animal	elaterid
An animal	elefante
An animal	elephantidae
An animal	elitro
An animal	elkhound
An animal	embrion
An animal	emu
An animal	enano
An animal	engendro
An animal	entellus
An animal	entero
An animal	entoproct
An animal	ephemeroptera
An animal	ephemeropteran
An animal	epinephelinae
An animal	equidna
An animal	equido
An animal	equino
An animal	equinodermo
An animal	equinodermos
An animal	equinos
An animal	erinaceinae
An animal	erizo
An animal	erne
An animal	escarabajo
An animal	escarabeo
An animal	escarcho
An animal	escolar
An animal	escolopacido
An animal	escolopendra
An animal	escombrido
An animal	escombro
An animal	escorpion
An animal	escribano
An animal	escuerzo
An animal	esfingido
An animal	esmerejon
An animal	espatula
An animal	espin
An animal	espinoso
An animal	espirula
An animal	esponja
An animal	esponjas
An animal	esquila
An animal	estadio
An animal	estegosaurio
An animal	estomatopodo
An animal	estornino
An animal	estrellamar
An animal	esturion
An animal	euphausiacea
An animal	euripterido
An animal	eurypterida
An animal	euterios
An animal	eyra
An animal	facocero
An animal	facochero
An animal	facoquero
An animal	faisan
An animal	falangio
An animal	falaropo
An animal	falcon
An animal	falconiforme
An animal	falena
An animal	fauna
An animal	feist
An animal	felido
An animal	felidos
An animal	felino
An animal	feto
An animal	fice
An animal	figeater
An animal	filaria
An animal	fisipedo
An animal	fissiped
An animal	flamenco
An animal	foca
An animal	focha
An animal	foja
An animal	folade
An animal	formicidae
An animal	foronido
An animal	foulmart
An animal	foumart
An animal	foxhound
An animal	frailecillo
An animal	fratercula
An animal	fringillidae
An animal	fuina
An animal	fulano
An animal	fulmar
An animal	fulmarus
An animal	fumarel
An animal	gabarte
An animal	gacela
An animal	gadido
An animal	gadiforme
An animal	galago
An animal	galapago
An animal	galbulidae
An animal	galeo
An animal	galera
An animal	galgo
An animal	gallina
An animal	gallineta
An animal	gallinula
An animal	gallito
An animal	gallo
An animal	gama
An animal	gamba
An animal	gamo
An animal	gamuza
An animal	ganado
An animal	ganga
An animal	ganoid
An animal	ganoideo
An animal	ganso
An animal	garanon
An animal	garceta
An animal	garcita
An animal	garduna
An animal	garpike
An animal	garrapata
An animal	garrapatero
An animal	garza
An animal	gasteropodo
An animal	gasteropodos
An animal	gasterosteidae
An animal	gastrula
An animal	gata
An animal	gatita
An animal	gatito
An animal	gato
An animal	gatopardo
An animal	gator
An animal	gaur
An animal	gavia
An animal	gavial
An animal	gavilan
An animal	gavion
An animal	gaviota
An animal	gaviotin
An animal	gayal
An animal	geco
An animal	gemsbok
An animal	genet
An animal	gerbille
An animal	gerbillo
An animal	gerbo
An animal	gerenuc
An animal	gerenuk
An animal	gerifalte
An animal	gibon
An animal	gigante
An animal	gilipollas
An animal	gineta
An animal	git
An animal	glareole
An animal	gliridae
An animal	glossina
An animal	gloton
An animal	gnawer
An animal	gnu
An animal	gobio
An animal	gocho
An animal	godwit
An animal	golondrina
An animal	goral
An animal	gorgiblanco
An animal	gorgojo
An animal	gorgonacea
An animal	gorgonias
An animal	gorila
An animal	gorilla
An animal	gorrino
An animal	gorrion
An animal	goujon
An animal	gozque
An animal	graja
An animal	grajilla
An animal	grajo
An animal	grayhen
An animal	graylag
An animal	greyhen
An animal	grifon
An animal	grigallo
An animal	grillo
An animal	grindle
An animal	grivet
An animal	grossbeak
An animal	grua
An animal	grulla
An animal	guacalate
An animal	guacamaya
An animal	guacamayo
An animal	guacharo
An animal	guaches
An animal	guan
An animal	guanaco
An animal	guanajo
An animal	guarisapo
An animal	guarra
An animal	guarro
An animal	guenon
An animal	guepardo
An animal	guib
An animal	guincho
An animal	guinea
An animal	gurre
An animal	gusano
An animal	hablador
An animal	hadrosaurus
An animal	hairstreak
An animal	halcon
An animal	halfbeak
An animal	haliotis
An animal	hamster
An animal	hangbird
An animal	hanuman
An animal	harpia
An animal	hausen
An animal	helleri
An animal	helminto
An animal	hemion
An animal	hemiptero
An animal	hemipteron
An animal	hemiramphidae
An animal	herbivoro
An animal	herbivoros
An animal	hereford
An animal	herrerillo
An animal	heterocero
An animal	hexapodo
An animal	hidra
An animal	hidrozoo
An animal	hiena
An animal	himantopus
An animal	himenoptero
An animal	himenopteros
An animal	hipona
An animal	hipopotamo
An animal	hirudinea
An animal	hirudinean
An animal	hirudineo
An animal	hoactzin
An animal	hoatzin
An animal	hoco
An animal	holibut
An animal	holoturia
An animal	hombre
An animal	homeotermo
An animal	hominido
An animal	hominoideo
An animal	homo
An animal	homoptero
An animal	hormiga
An animal	hornbill
An animal	hornero
An animal	hornpout
An animal	hortelano
An animal	humana
An animal	humanidad
An animal	humano
An animal	huron
An animal	husky
An animal	hyaena
An animal	hyaenidae
An animal	hydra
An animal	hylobates
An animal	hymenopter
An animal	hymenopteron
An animal	hyracoidea
An animal	hyrax
An animal	ibex
An animal	ibice
An animal	ibis
An animal	ichneumon
An animal	ichthyosauria
An animal	icterido
An animal	ictiosaurio
An animal	iguana
An animal	iguanodon
An animal	iguanodonte
An animal	imago
An animal	impala
An animal	indri
An animal	indris
An animal	insecta
An animal	insectivoro
An animal	insectivoros
An animal	insecto
An animal	insectos
An animal	inseparable
An animal	invertebrado
An animal	irbis
An animal	isopodo
An animal	isoptera
An animal	istiophorus
An animal	ixoda
An animal	ixodid
An animal	ixodoidea
An animal	jabali
An animal	jabiru
An animal	jaca
An animal	jacamar
An animal	jaco
An animal	jaeger
An animal	jaguar
An animal	jaguarondi
An animal	jaguarundi
An animal	jaiba
An animal	jamelgo
An animal	jassid
An animal	jejen
An animal	jerbo
An animal	jibia
An animal	jilguero
An animal	jineta
An animal	jirafa
An animal	jorge
An animal	jota
An animal	jote
An animal	juguete
An animal	jumento
An animal	junco
An animal	jurel
An animal	jynx
An animal	karakul
An animal	kea
An animal	kiang
An animal	kinkaju
An animal	kiwi
An animal	koala
An animal	kob
An animal	komondor
An animal	koudou
An animal	krait
An animal	kril
An animal	krill
An animal	kudu
An animal	kuvasz
An animal	labridae
An animal	labyrinthodont
An animal	lacertid
An animal	lacertido
An animal	lacertilia
An animal	lacre
An animal	ladilla
An animal	lagarta
An animal	lagartija
An animal	lagarto
An animal	lagartos
An animal	lagomorfo
An animal	lagopodo
An animal	lagosta
An animal	lamelibranquio
An animal	lamprea
An animal	lampris
An animal	lampyridae
An animal	langosta
An animal	langostino
An animal	langur
An animal	lanzon
An animal	lapa
An animal	larva
An animal	launce
An animal	lavandera
An animal	lebrato
An animal	lebraton
An animal	lebrel
An animal	lechera
An animal	lechon
An animal	lechuza
An animal	lechwe
An animal	leming
An animal	lemmini
An animal	lemur
An animal	lemurido
An animal	lemuriformes
An animal	leno
An animal	leon
An animal	leona
An animal	leoncita
An animal	leopardo
An animal	lepidoptero
An animal	lepidopteros
An animal	leporido
An animal	leucisco
An animal	libelula
An animal	liebre
An animal	ligre
An animal	limaco
An animal	limaza
An animal	limicola
An animal	limnodromus
An animal	lince
An animal	liron
An animal	listado
An animal	llama
An animal	llueca
An animal	loba
An animal	lobefin
An animal	lobo
An animal	lobworm
An animal	locha
An animal	lombriz
An animal	longhorn
An animal	longicorn
An animal	longlegs
An animal	lonja
An animal	lophiiformes
An animal	loro
An animal	lota
An animal	luciernaga
An animal	lucion
An animal	lugworm
An animal	lutria
An animal	lynx
An animal	macabijo
An animal	macaco
An animal	macho
An animal	macrouridae
An animal	madrepora
An animal	mako
An animal	malamute
An animal	malemute
An animal	mamaco
An animal	mamba
An animal	mamifero
An animal	mamiferos
An animal	mammalia
An animal	mammuthus
An animal	mammutidae
An animal	mamut
An animal	manati
An animal	mandril
An animal	manechi
An animal	maneto
An animal	mangosta
An animal	manso
An animal	manta
An animal	mantarraya
An animal	mantis
An animal	mantodea
An animal	mapache
An animal	marabu
An animal	margay
An animal	mariamulata
An animal	marion
An animal	mariposa
An animal	mariquita
An animal	markhor
An animal	marmota
An animal	marrana
An animal	marrano
An animal	marsopa
An animal	marsupial
An animal	marsupiales
An animal	marsupialia
An animal	marta
An animal	martinete
An animal	mascota
An animal	mastin
An animal	mastodont
An animal	mastodonte
An animal	medusa
An animal	medusan
An animal	medusoid
An animal	megalopidae
An animal	megapode
An animal	megapodiidae
An animal	megapodo
An animal	megaptera
An animal	mejillon
An animal	meloid
An animal	meloncillo
An animal	membracidae
An animal	mergo
An animal	merino
An animal	merlan
An animal	merluza
An animal	mero
An animal	mesteno
An animal	mestiza
An animal	mestizo
An animal	mico
An animal	mierkat
An animal	milano
An animal	milcher
An animal	milliped
An animal	milpies
An animal	mina
An animal	minah
An animal	minino
An animal	miriapodo
An animal	miriopodo
An animal	mirlo
An animal	mirmelontido
An animal	miserable
An animal	mitzli
An animal	mixino
An animal	moa
An animal	mochete
An animal	mochuelo
An animal	mofeta
An animal	mojarra
An animal	mola
An animal	mollie
An animal	moloch
An animal	molothrus
An animal	molusco
An animal	moluscos
An animal	momot
An animal	monacanthidae
An animal	monarca
An animal	mono
An animal	monotrema
An animal	monotremata
An animal	monstruo
An animal	montura
An animal	morabito
An animal	morena
An animal	morrocoy
An animal	morsa
An animal	morueco
An animal	morula
An animal	mosca
An animal	moscarda
An animal	moscardon
An animal	mosco
An animal	moscon
An animal	mosquitero
An animal	mosquito
An animal	mostela
An animal	mostrenco
An animal	motmot
An animal	mouton
An animal	muflon
An animal	muitu
An animal	mula
An animal	mulo
An animal	mundo
An animal	muntiacus
An animal	muntjac
An animal	murcielago
An animal	musarana
An animal	musophagidae
An animal	mustang
An animal	mustango
An animal	mustela
An animal	mutante
An animal	myiarchus
An animal	myna
An animal	myrmeleontidae
An animal	myxini
An animal	nandu
An animal	narval
An animal	nautilina
An animal	nautilo
An animal	negron
An animal	nematoda
An animal	nematodo
An animal	nematodos
An animal	nemertean
An animal	nemertine
An animal	nemertino
An animal	nemorhaedus
An animal	neuropteran
An animal	neuroptero
An animal	neuropteron
An animal	nigua
An animal	nilgai
An animal	ninfa
An animal	ninfas
An animal	notornis
An animal	novato
An animal	novicio
An animal	novilla
An animal	novillo
An animal	nudibranchia
An animal	nudibranquio
An animal	numbat
An animal	nutra
An animal	nutria
An animal	nymphalid
An animal	oca
An animal	ocapi
An animal	ocelote
An animal	octopoda
An animal	octopodo
An animal	odonato
An animal	odonatos
An animal	oenanthe
An animal	oestridae
An animal	ofidio
An animal	okapi
An animal	oligoqueto
An animal	olingo
An animal	omnivoro
An animal	onagro
An animal	oncejo
An animal	onedora
An animal	onicoforo
An animal	oniscidea
An animal	onocrotalo
An animal	onychophoran
An animal	onza
An animal	opah
An animal	opilon
An animal	orangutan
An animal	orca
An animal	ordenador
An animal	oricteropo
An animal	orix
An animal	ormer
An animal	ornithopoda
An animal	ornitopoda
An animal	ornitorrinco
An animal	oropendola
An animal	ortoptero
An animal	ortopteros
An animal	oruga
An animal	oryx
An animal	oscine
An animal	oso
An animal	ostra
An animal	ostracoda
An animal	ostracoderm
An animal	ostracodermi
An animal	ostracodo
An animal	ostrea
An animal	ostrero
An animal	oveja
An animal	ovejero
An animal	ovino
An animal	oxiuro
An animal	oxyuranus
An animal	paca
An animal	pachon
An animal	padrillo
An animal	pagalo
An animal	paino
An animal	pajarito
An animal	pajaro
An animal	palafren
An animal	paloma
An animal	palometa
An animal	palomilla
An animal	palomino
An animal	palomo
An animal	pan
An animal	panda
An animal	pangolin
An animal	pantera
An animal	papafigo
An animal	papagayo
An animal	papamoscas
An animal	papillon
An animal	papio
An animal	papion
An animal	paquidermo
An animal	paraquet
An animal	parazoan
An animal	pardal
An animal	pardela
An animal	pardillo
An animal	pardo
An animal	parloteo
An animal	paro
An animal	paroquet
An animal	parroket
An animal	paseriforme
An animal	passeri
An animal	pastinaca
An animal	patito
An animal	pato
An animal	pavo
An animal	pavon
An animal	pecari
An animal	pececillo
An animal	peces
An animal	pejerrey
An animal	pejesapo
An animal	pekan
An animal	pelecanus
An animal	pelicano
An animal	pelicosaurio
An animal	peludo
An animal	pelycosauria
An animal	penco
An animal	perca
An animal	percebe
An animal	perciforme
An animal	percoideo
An animal	perdiz
An animal	pereza
An animal	perezoso
An animal	perico
An animal	periophthalmus
An animal	peripatus
An animal	periquito
An animal	perisodactilo
An animal	perra
An animal	perrito
An animal	perro
An animal	perros
An animal	perrucho
An animal	pescadilla
An animal	pescado
An animal	peta
An animal	petirrojo
An animal	petrel
An animal	pez
An animal	phalacrocorax
An animal	phalanger
An animal	phalaropus
An animal	phoenicopterus
An animal	phoronid
An animal	phoronida
An animal	picaflor
An animal	picamaderos
An animal	picaza
An animal	pichicho
An animal	pichon
An animal	picnogonido
An animal	picogordo
An animal	picopando
An animal	picozapato
An animal	picudo
An animal	pigargo
An animal	pika
An animal	pinacates
An animal	pinguino
An animal	pinnipedia
An animal	pinnipedo
An animal	pinnipedos
An animal	pinscher
An animal	pintada
An animal	pintado
An animal	pinzon
An animal	piojo
An animal	pipilacha
An animal	pipilo
An animal	pipiolo
An animal	pipridae
An animal	piquituerto
An animal	pirana
An animal	piscardo
An animal	pisces
An animal	pisco
An animal	pitero
An animal	piton
An animal	pizarrero
An animal	pizote
An animal	pizotes
An animal	placentario
An animal	placentarios
An animal	plaga
An animal	planaria
An animal	planariidae
An animal	plantigrado
An animal	platelminto
An animal	platelmintos
An animal	playero
An animal	plecopteran
An animal	plecoptero
An animal	plesiosaurus
An animal	podicipedidae
An animal	pogonoforo
An animal	pogonophoran
An animal	pointer
An animal	poler
An animal	polilla
An animal	polinizador
An animal	polioptilidae
An animal	poliplacoforo
An animal	polipo
An animal	poliqueto
An animal	polla
An animal	pollino
An animal	pollito
An animal	pollo
An animal	polluela
An animal	polluelo
An animal	polychaeta
An animal	polyodontidae
An animal	pomatomidae
An animal	ponedora
An animal	poney
An animal	pongid
An animal	pongido
An animal	pongo
An animal	poni
An animal	pony
An animal	porc
An animal	porifera
An animal	poriferan
An animal	poriferos
An animal	poriforo
An animal	porron
An animal	potra
An animal	potranca
An animal	potranco
An animal	potro
An animal	poulet
An animal	pradero
An animal	predador
An animal	presa
An animal	primal
An animal	primate
An animal	primates
An animal	primilla
An animal	pristiformes
An animal	proboscideo
An animal	proboscidian
An animal	proconsul
An animal	prosimian
An animal	prosimii
An animal	prosimio
An animal	proteles
An animal	proyectil
An animal	prunellidae
An animal	psittaciformes
An animal	psocid
An animal	pterodactilo
An animal	pterosauria
An animal	pterosaurio
An animal	pterosauro
An animal	puerca
An animal	puerco
An animal	puercoespin
An animal	pug
An animal	pulga
An animal	pulgon
An animal	pulpo
An animal	puma
An animal	punkey
An animal	punkie
An animal	punky
An animal	pupa
An animal	purasangre
An animal	pycnogonid
An animal	quelonio
An animal	quetzal
An animal	quimera
An animal	quiroptero
An animal	quiropteros
An animal	quirquincho
An animal	racer
An animal	ramphastidae
An animal	rana
An animal	ranacuajo
An animal	ranas
An animal	rangifero
An animal	ranid
An animal	rapaz
An animal	rape
An animal	raptor
An animal	rata
An animal	ratel
An animal	ratitae
An animal	raton
An animal	ratona
An animal	rattus
An animal	raya
An animal	rayido
An animal	rayuelo
An animal	razorback
An animal	rebeco
An animal	redbug
An animal	redhorse
An animal	regalecidae
An animal	reina
An animal	reinita
An animal	remol
An animal	remonta
An animal	remora
An animal	renacuajo
An animal	reno
An animal	reptil
An animal	reptiles
An animal	reptilia
An animal	res
An animal	rezno
An animal	rhesus
An animal	rhinobatidae
An animal	riflebird
An animal	rinkhals
An animal	rinoceronte
An animal	rissa
An animal	roano
An animal	robalo
An animal	rocin
An animal	rocinante
An animal	rodaballo
An animal	rodentia
An animal	roedor
An animal	roedores
An animal	rola
An animal	rookie
An animal	rorcual
An animal	rotifera
An animal	rotifero
An animal	rucio
An animal	ruisenor
An animal	rumiante
An animal	rynchopidae
An animal	sabalo
An animal	sabandija
An animal	sable
An animal	sabueso
An animal	sachavaca
An animal	saguinus
An animal	saiga
An animal	sajino
An animal	salamandra
An animal	salamandras
An animal	salamandridos
An animal	salamanquesa
An animal	salientian
An animal	salmer
An animal	salmon
An animal	salmonete
An animal	salmonido
An animal	salpa
An animal	salpidae
An animal	saltamontes
An animal	sambar
An animal	sanguijuela
An animal	sapo
An animal	sapos
An animal	saraguate
An animal	saraguato
An animal	sarantonton
An animal	sarda
An animal	sardina
An animal	sarrio
An animal	sassaby
An animal	sato
An animal	saturniid
An animal	saurio
An animal	sauromalus
An animal	sawbill
An animal	schipperke
An animal	schnauzer
An animal	sciaenid
An animal	scincid
An animal	scincidae
An animal	scorpiones
An animal	searobin
An animal	segador
An animal	selaceo
An animal	selachimorpha
An animal	selacio
An animal	semental
An animal	sepia
An animal	sepiida
An animal	serotine
An animal	serpentes
An animal	serpiente
An animal	serpientes
An animal	serranido
An animal	serreta
An animal	serval
An animal	shorthorn
An animal	sialia
An animal	sialidae
An animal	siamang
An animal	sierpe
An animal	sifonoforo
An animal	sifonoforos
An animal	silbon
An animal	silurid
An animal	silurido
An animal	siluriforme
An animal	siluriformes
An animal	siluro
An animal	simiiformes
An animal	simio
An animal	sinapsido
An animal	sinsonte
An animal	sinverguenza
An animal	siphonaptera
An animal	sirenio
An animal	sita
An animal	smew
An animal	snakebird
An animal	snoek
An animal	solan
An animal	soldadito
An animal	solitaria
An animal	sollo
An animal	somorgujo
An animal	somorgujon
An animal	somormujo
An animal	souslik
An animal	spaniel
An animal	spermophile
An animal	spheniscidae
An animal	sphenodon
An animal	sphyraena
An animal	spirula
An animal	spitz
An animal	squilla
An animal	stegosaurus
An animal	steinbok
An animal	stiltbird
An animal	stinkbird
An animal	stirk
An animal	strigiformes
An animal	stromateid
An animal	sturnidae
An animal	sula
An animal	sumpter
An animal	superviviente
An animal	surfbird
An animal	suricata
An animal	suricate
An animal	suricato
An animal	sus
An animal	suslik
An animal	swamphen
An animal	tabano
An animal	tabby
An animal	tachyglossidae
An animal	tadorna
An animal	tailorbird
An animal	taipan
An animal	takahe
An animal	takin
An animal	talapoin
An animal	tamandu
An animal	tamandua
An animal	tamarao
An animal	tamarau
An animal	tamarin
An animal	tamia
An animal	tamias
An animal	tangara
An animal	tapir
An animal	tapirus
An animal	tarabilla
An animal	tarantula
An animal	tardigrada
An animal	tardigrade
An animal	tardigrado
An animal	tarpan
An animal	tarpon
An animal	tarro
An animal	tarsero
An animal	tarsido
An animal	tarsier
An animal	tarsio
An animal	tarsius
An animal	tatouay
An animal	tatu
An animal	tautog
An animal	tayassuidae
An animal	teckel
An animal	tecolote
An animal	teg
An animal	tejedor
An animal	tejon
An animal	teleostan
An animal	teleostei
An animal	teleosteo
An animal	teleosteos
An animal	tenca
An animal	tendrac
An animal	tenia
An animal	tenpounder
An animal	tenrec
An animal	teras
An animal	tercel
An animal	tercelet
An animal	teredine
An animal	teredinid
An animal	teredo
An animal	teredos
An animal	termes
An animal	termita
An animal	tern
An animal	ternero
An animal	terrapene
An animal	terrier
An animal	testudines
An animal	tetra
An animal	tetrapodo
An animal	teuthida
An animal	thecodontia
An animal	thraupidae
An animal	thysanoptera
An animal	tiburon
An animal	tiercel
An animal	tierra
An animal	tiglon
An animal	tigon
An animal	tigra
An animal	tigre
An animal	tigresa
An animal	tigrillo
An animal	tigron
An animal	tijereta
An animal	tilacino
An animal	tinamidae
An animal	tinamu
An animal	tineid
An animal	tiranosaurio
An animal	tiranosauro
An animal	titi
An animal	titlark
An animal	titmouse
An animal	toche
An animal	todidae
An animal	tomtit
An animal	tonina
An animal	topi
An animal	topo
An animal	toqui
An animal	torcecuello
An animal	tordo
An animal	torillo
An animal	toro
An animal	torpedo
An animal	torsk
An animal	tortola
An animal	tortricido
An animal	tortuga
An animal	tortugas
An animal	touraco
An animal	trachipteridae
An animal	traquiptero
An animal	trematodo
An animal	trepador
An animal	trepang
An animal	triceratopo
An animal	triceratops
An animal	trichechus
An animal	tricoptero
An animal	trilla
An animal	trilobita
An animal	trilobite
An animal	tripletail
An animal	triton
An animal	trochilidae
An animal	troglodytidae
An animal	trogon
An animal	trucha
An animal	tsaine
An animal	tsetse
An animal	tsine
An animal	tuatara
An animal	tuberculata
An animal	tucan
An animal	tucuquere
An animal	tuna
An animal	tunco
An animal	tup
An animal	turaco
An animal	turacou
An animal	turdido
An animal	turon
An animal	turpial
An animal	turtledove
An animal	tusseh
An animal	tusser
An animal	tussore
An animal	tussur
An animal	tyrannosaurus
An animal	tzetze
An animal	ualabi
An animal	uapiti
An animal	ungulado
An animal	ungulados
An animal	ungulata
An animal	uranoscopidae
An animal	urial
An animal	uro
An animal	urochordate
An animal	urocordado
An animal	urodelo
An animal	urodelos
An animal	urogallo
An animal	urraca
An animal	ursidae
An animal	urus
An animal	uta
An animal	vaca
An animal	vacas
An animal	vacuno
An animal	vagabundo
An animal	vaina
An animal	vaquilla
An animal	vaquita
An animal	varan
An animal	varano
An animal	varment
An animal	vedalia
An animal	venado
An animal	vencejo
An animal	venera
An animal	verdecillo
An animal	verdel
An animal	verderon
An animal	verdin
An animal	verdugo
An animal	verme
An animal	verraco
An animal	vertebrado
An animal	vertebrados
An animal	vervet
An animal	vespa
An animal	vespido
An animal	vibora
An animal	vibra
An animal	vicuna
An animal	vieira
An animal	vieja
An animal	villano
An animal	viperido
An animal	vireo
An animal	vison
An animal	vizcacha
An animal	vizsla
An animal	volaille
An animal	volteadora
An animal	vombatidae
An animal	vombatido
An animal	vomito
An animal	vuelvepiedras
An animal	vulpini
An animal	walabi
An animal	wallaby
An animal	wapiti
An animal	wasp
An animal	weaverbird
An animal	weka
An animal	whippet
An animal	willet
An animal	wisconsines
An animal	wombat
An animal	xibarte
An animal	yabiru
An animal	yacare
An animal	yaguar
An animal	yaguarete
An animal	yaguarondi
An animal	yaguarundi
An animal	yak
An animal	yegua
An animal	yubarta
An animal	zambullidor
An animal	zampullin
An animal	zanate
An animal	zancudo
An animal	zangano
An animal	zarapito
An animal	zarceta
An animal	zarigueya
An animal	zoofito
An animal	zooplancton
An animal	zopilote
An animal	zoril
An animal	zorra
An animal	zorro
An animal	zorzal
A mammal	adax
A mammal	affenpinscher
A mammal	aguti
A mammal	alano
A mammal	alce
A mammal	alcelafo
A mammal	alces
A mammal	algalia
A mammal	almizclera
A mammal	alpaca
A mammal	anoa
A mammal	anojo
A mammal	anta
A mammal	ante
A mammal	anteburro
A mammal	antilope
A mammal	antropoide
A mammal	anuje
A mammal	aoudad
A mammal	araguato
A mammal	ardia
A mammal	ardilla
A mammal	argal
A mammal	argali
A mammal	armadillo
A mammal	armino
A mammal	arpia
A mammal	artiodactilo
A mammal	artiodactilos
A mammal	arui
A mammal	asno
A mammal	audad
A mammal	australopiteco
A mammal	ayotoste
A mammal	babirusa
A mammal	babuino
A mammal	ballena
A mammal	bandicut
A mammal	bangtail
A mammal	banteng
A mammal	banting
A mammal	basaride
A mammal	basenji
A mammal	bassarisk
A mammal	basset
A mammal	bayo
A mammal	beagle
A mammal	bearcat
A mammal	becerra
A mammal	beefalo
A mammal	beluga
A mammal	berrendo
A mammal	binturong
A mammal	bison
A mammal	bisonte
A mammal	bongo
A mammal	borzoi
A mammal	bovidae
A mammal	bovido
A mammal	bovidos
A mammal	bovino
A mammal	bovinos
A mammal	boxeador
A mammal	boxeadora
A mammal	boxer
A mammal	briard
A mammal	bribon
A mammal	bronc
A mammal	bronco
A mammal	bruja
A mammal	bubal
A mammal	buco
A mammal	buey
A mammal	bueyes
A mammal	bufalo
A mammal	buldog
A mammal	bulldog
A mammal	bullterrier
A mammal	burdegano
A mammal	burra
A mammal	burro
A mammal	cabalgadura
A mammal	caballeriza
A mammal	caballito
A mammal	caballo
A mammal	cabassous
A mammal	cabra
A mammal	cabrito
A mammal	cabro
A mammal	cabron
A mammal	cachalote
A mammal	cachicamo
A mammal	cachorro
A mammal	cacomistle
A mammal	cacomixle
A mammal	cacomiztle
A mammal	calderon
A mammal	callicebus
A mammal	callithrix
A mammal	camello
A mammal	camelopardalis
A mammal	camelus
A mammal	campanol
A mammal	can
A mammal	canalla
A mammal	canguro
A mammal	caniche
A mammal	canido
A mammal	canino
A mammal	capibara
A mammal	capon
A mammal	capuchino
A mammal	carabao
A mammal	caracal
A mammal	caracul
A mammal	caraya
A mammal	carcajou
A mammal	carcayu
A mammal	carea
A mammal	caribu
A mammal	carne
A mammal	carnero
A mammal	carnivoro
A mammal	carpincho
A mammal	castor
A mammal	catarrino
A mammal	catarrinos
A mammal	cattalo
A mammal	cavy
A mammal	cebra
A mammal	cebu
A mammal	cerda
A mammal	cerdo
A mammal	cervatillo
A mammal	cervato
A mammal	cervidae
A mammal	cervido
A mammal	cervidos
A mammal	cetaceo
A mammal	cetaceos
A mammal	chacal
A mammal	chacma
A mammal	chancho
A mammal	chetah
A mammal	chigetai
A mammal	chiguire
A mammal	chiguiro
A mammal	chimpance
A mammal	chinchilla
A mammal	chiroptera
A mammal	chiropteran
A mammal	chita
A mammal	chivo
A mammal	choco
A mammal	chon
A mammal	chucho
A mammal	chusco
A mammal	cierva
A mammal	ciervo
A mammal	ciervos
A mammal	civeta
A mammal	clumber
A mammal	coala
A mammal	coati
A mammal	cob
A mammal	cobaya
A mammal	cobo
A mammal	cochi
A mammal	cochin
A mammal	cochina
A mammal	cochinillo
A mammal	cochino
A mammal	cocho
A mammal	coipo
A mammal	cojudo
A mammal	collie
A mammal	colobus
A mammal	colugo
A mammal	comadreja
A mammal	coneja
A mammal	conejito
A mammal	conejo
A mammal	connochaetes
A mammal	corcel
A mammal	corgi
A mammal	corza
A mammal	coydog
A mammal	coyote
A mammal	cricetinae
A mammal	cuati
A mammal	cuchi
A mammal	cuchumbi
A mammal	cudu
A mammal	cuernilargo
A mammal	cunaguaro
A mammal	cuniculus
A mammal	cuscus
A mammal	cusuco
A mammal	cusumbes
A mammal	cuto
A mammal	dachshund
A mammal	dachsie
A mammal	dalmata
A mammal	daman
A mammal	danta
A mammal	danto
A mammal	das
A mammal	dassie
A mammal	dasypodidae
A mammal	delfin
A mammal	delphinidae
A mammal	dermoptera
A mammal	dermoptero
A mammal	desidia
A mammal	dhole
A mammal	digitigrado
A mammal	dingo
A mammal	dipodinae
A mammal	dogo
A mammal	doguillo
A mammal	douroucouli
A mammal	dril
A mammal	dromedario
A mammal	dugong
A mammal	dugongo
A mammal	edentado
A mammal	elefante
A mammal	elephantidae
A mammal	elkhound
A mammal	entellus
A mammal	entero
A mammal	equidna
A mammal	equido
A mammal	equino
A mammal	equinos
A mammal	erinaceinae
A mammal	erizo
A mammal	espin
A mammal	eyra
A mammal	facocero
A mammal	facochero
A mammal	facoquero
A mammal	feist
A mammal	felido
A mammal	felidos
A mammal	felino
A mammal	fice
A mammal	fisipedo
A mammal	fissiped
A mammal	foca
A mammal	foulmart
A mammal	foumart
A mammal	foxhound
A mammal	fuina
A mammal	fulano
A mammal	gabarte
A mammal	gacela
A mammal	galago
A mammal	galgo
A mammal	gama
A mammal	gamo
A mammal	gamuza
A mammal	ganado
A mammal	garanon
A mammal	garduna
A mammal	gata
A mammal	gatito
A mammal	gato
A mammal	gatopardo
A mammal	gaur
A mammal	gayal
A mammal	gemsbok
A mammal	genet
A mammal	gerbille
A mammal	gerbillo
A mammal	gerbo
A mammal	gerenuc
A mammal	gerenuk
A mammal	gibon
A mammal	gigante
A mammal	gilipollas
A mammal	gineta
A mammal	git
A mammal	gliridae
A mammal	gloton
A mammal	gnawer
A mammal	gnu
A mammal	gocho
A mammal	goral
A mammal	gorila
A mammal	gorilla
A mammal	gorrino
A mammal	gozque
A mammal	grifon
A mammal	grivet
A mammal	guacalate
A mammal	guaches
A mammal	guanaco
A mammal	guarra
A mammal	guarro
A mammal	guenon
A mammal	guepardo
A mammal	guib
A mammal	gurre
A mammal	hamster
A mammal	hanuman
A mammal	harpia
A mammal	hemion
A mammal	hereford
A mammal	hiena
A mammal	hipona
A mammal	hipopotamo
A mammal	hombre
A mammal	hominido
A mammal	hominoideo
A mammal	homo
A mammal	humana
A mammal	humanidad
A mammal	humano
A mammal	huron
A mammal	husky
A mammal	hyaena
A mammal	hyaenidae
A mammal	hylobates
A mammal	hyracoidea
A mammal	hyrax
A mammal	ibex
A mammal	ibice
A mammal	ichneumon
A mammal	impala
A mammal	indri
A mammal	indris
A mammal	insectivoro
A mammal	irbis
A mammal	jabali
A mammal	jaca
A mammal	jaco
A mammal	jaguar
A mammal	jaguarondi
A mammal	jaguarundi
A mammal	jamelgo
A mammal	jerbo
A mammal	jineta
A mammal	jirafa
A mammal	juguete
A mammal	jumento
A mammal	karakul
A mammal	kiang
A mammal	kinkaju
A mammal	koala
A mammal	kob
A mammal	komondor
A mammal	koudou
A mammal	kudu
A mammal	kuvasz
A mammal	lacre
A mammal	lagomorfo
A mammal	langur
A mammal	lebrato
A mammal	lebraton
A mammal	lebrel
A mammal	lechera
A mammal	lechon
A mammal	lechwe
A mammal	leming
A mammal	lemmini
A mammal	lemur
A mammal	lemurido
A mammal	lemuriformes
A mammal	leon
A mammal	leona
A mammal	leoncita
A mammal	leopardo
A mammal	leporido
A mammal	liebre
A mammal	ligre
A mammal	lince
A mammal	liron
A mammal	llama
A mammal	loba
A mammal	lobo
A mammal	longhorn
A mammal	lutria
A mammal	lynx
A mammal	macaco
A mammal	macho
A mammal	malamute
A mammal	malemute
A mammal	mamifero
A mammal	mamiferos
A mammal	mammalia
A mammal	mammuthus
A mammal	mammutidae
A mammal	mamut
A mammal	manati
A mammal	mandril
A mammal	manechi
A mammal	mangosta
A mammal	manso
A mammal	mapache
A mammal	margay
A mammal	markhor
A mammal	marmota
A mammal	marrana
A mammal	marrano
A mammal	marsopa
A mammal	marsupial
A mammal	marsupiales
A mammal	marsupialia
A mammal	marta
A mammal	mastin
A mammal	mastodont
A mammal	mastodonte
A mammal	megaptera
A mammal	meloncillo
A mammal	merino
A mammal	mesteno
A mammal	mestiza
A mammal	mestizo
A mammal	mico
A mammal	mierkat
A mammal	milcher
A mammal	minino
A mammal	miserable
A mammal	mitzli
A mammal	mofeta
A mammal	mol
A mammal	mono
A mammal	monotrema
A mammal	monotremata
A mammal	montura
A mammal	morsa
A mammal	morueco
A mammal	mostela
A mammal	mouton
A mammal	muflon
A mammal	mula
A mammal	mulo
A mammal	mundo
A mammal	muntiacus
A mammal	muntjac
A mammal	murcielago
A mammal	musarana
A mammal	mustang
A mammal	mustango
A mammal	mustela
A mammal	narval
A mammal	nemorhaedus
A mammal	nilgai
A mammal	novilla
A mammal	novillo
A mammal	numbat
A mammal	nutra
A mammal	nutria
A mammal	ocapi
A mammal	ocelote
A mammal	okapi
A mammal	olingo
A mammal	onagro
A mammal	onza
A mammal	orangutan
A mammal	orca
A mammal	ordenador
A mammal	oricteropo
A mammal	orix
A mammal	ornitorrinco
A mammal	oryx
A mammal	oso
A mammal	oveja
A mammal	ovejero
A mammal	ovino
A mammal	paca
A mammal	pachon
A mammal	padrillo
A mammal	palafren
A mammal	palomino
A mammal	pan
A mammal	panda
A mammal	pangolin
A mammal	pantera
A mammal	papillon
A mammal	papio
A mammal	papion
A mammal	paquidermo
A mammal	pardo
A mammal	pecari
A mammal	pekan
A mammal	peludo
A mammal	penco
A mammal	pereza
A mammal	perezoso
A mammal	perisodactilo
A mammal	perra
A mammal	perrito
A mammal	perro
A mammal	perros
A mammal	perrucho
A mammal	phalanger
A mammal	pichicho
A mammal	pika
A mammal	pinnipedia
A mammal	pinnipedo
A mammal	pinnipedos
A mammal	pinscher
A mammal	pitero
A mammal	pizote
A mammal	pizotes
A mammal	plantigrado
A mammal	pointer
A mammal	poler
A mammal	pollino
A mammal	poney
A mammal	pongid
A mammal	pongido
A mammal	pongo
A mammal	poni
A mammal	pony
A mammal	porc
A mammal	potro
A mammal	primal
A mammal	primate
A mammal	primates
A mammal	proboscideo
A mammal	proboscidian
A mammal	proconsul
A mammal	prosimian
A mammal	prosimii
A mammal	prosimio
A mammal	proteles
A mammal	puerca
A mammal	puerco
A mammal	puercoespin
A mammal	pug
A mammal	puma
A mammal	purasangre
A mammal	quiroptero
A mammal	quiropteros
A mammal	quirquincho
A mammal	racer
A mammal	rangifero
A mammal	rata
A mammal	ratel
A mammal	raton
A mammal	rattus
A mammal	razorback
A mammal	rebeco
A mammal	reina
A mammal	remonta
A mammal	reno
A mammal	rhesus
A mammal	rinoceronte
A mammal	roano
A mammal	rocin
A mammal	rocinante
A mammal	rodentia
A mammal	roedor
A mammal	roedores
A mammal	rorcual
A mammal	rucio
A mammal	rumiante
A mammal	sable
A mammal	sabueso
A mammal	sachavaca
A mammal	saguinus
A mammal	saiga
A mammal	sajino
A mammal	salmer
A mammal	sambar
A mammal	saraguate
A mammal	saraguato
A mammal	sarrio
A mammal	sassaby
A mammal	sato
A mammal	schipperke
A mammal	schnauzer
A mammal	semental
A mammal	serotine
A mammal	serval
A mammal	shorthorn
A mammal	siamang
A mammal	simiiformes
A mammal	simio
A mammal	sinverguenza
A mammal	sirenio
A mammal	souslik
A mammal	spaniel
A mammal	spermophile
A mammal	spitz
A mammal	steinbok
A mammal	stirk
A mammal	suricata
A mammal	suricate
A mammal	suricato
A mammal	sus
A mammal	suslik
A mammal	tabby
A mammal	tachyglossidae
A mammal	takin
A mammal	talapoin
A mammal	tamandu
A mammal	tamandua
A mammal	tamarao
A mammal	tamarau
A mammal	tamarin
A mammal	tamia
A mammal	tamias
A mammal	tapir
A mammal	tapirus
A mammal	tarasca
A mammal	tarpan
A mammal	tarsero
A mammal	tarsido
A mammal	tarsier
A mammal	tarsio
A mammal	tarsius
A mammal	tatouay
A mammal	tatu
A mammal	tayassuidae
A mammal	teckel
A mammal	tejon
A mammal	tendrac
A mammal	tenrec
A mammal	terrier
A mammal	tierra
A mammal	tiglon
A mammal	tigon
A mammal	tigra
A mammal	tigre
A mammal	tigresa
A mammal	tigrillo
A mammal	tigron
A mammal	tilacino
A mammal	titi
A mammal	toche
A mammal	topi
A mammal	topo
A mammal	toro
A mammal	trichechus
A mammal	tsaine
A mammal	tsine
A mammal	tunco
A mammal	tup
A mammal	turon
A mammal	ualabi
A mammal	uapiti
A mammal	ungulado
A mammal	ungulados
A mammal	ungulata
A mammal	urial
A mammal	uro
A mammal	ursidae
A mammal	urus
A mammal	uta
A mammal	vaca
A mammal	vacas
A mammal	vacuno
A mammal	vagabundo
A mammal	vaquilla
A mammal	vaquita
A mammal	venado
A mammal	verraco
A mammal	vervet
A mammal	vibora
A mammal	vicuna
A mammal	villano
A mammal	vison
A mammal	vizcacha
A mammal	vizsla
A mammal	vombatidae
A mammal	vombatido
A mammal	vomito
A mammal	vulpini
A mammal	walabi
A mammal	wallaby
A mammal	wapiti
A mammal	whippet
A mammal	wisconsines
A mammal	wombat
A mammal	xibarte
A mammal	yaguar
A mammal	yaguarete
A mammal	yaguarondi
A mammal	yaguarundi
A mammal	yak
A mammal	yegua
A mammal	yubarta
A mammal	zarigueya
A mammal	zoril
A mammal	zorra
A mammal	zorro
A reptile or amphibian	agama
A reptile or amphibian	ajolota
A reptile or amphibian	ajolote
A reptile or amphibian	aligator
A reptile or amphibian	alligator
A reptile or amphibian	allosaur
A reptile or amphibian	allosaurus
A reptile or amphibian	amphibia
A reptile or amphibian	anaconda
A reptile or amphibian	anfibio
A reptile or amphibian	anfibios
A reptile or amphibian	ankylosaurus
A reptile or amphibian	anole
A reptile or amphibian	anura
A reptile or amphibian	anuro
A reptile or amphibian	apatosaurio
A reptile or amphibian	apatosaurus
A reptile or amphibian	archosauria
A reptile or amphibian	archosaurian
A reptile or amphibian	arcosauro
A reptile or amphibian	aspid
A reptile or amphibian	basilisco
A reptile or amphibian	batracio
A reptile or amphibian	bicha
A reptile or amphibian	boa
A reptile or amphibian	brontosaurio
A reptile or amphibian	caiman
A reptile or amphibian	camaleon
A reptile or amphibian	carey
A reptile or amphibian	cascabel
A reptile or amphibian	caudate
A reptile or amphibian	censor
A reptile or amphibian	cerastes
A reptile or amphibian	ceratopsian
A reptile or amphibian	chamaeleonidae
A reptile or amphibian	cobra
A reptile or amphibian	cocodrilo
A reptile or amphibian	colubridae
A reptile or amphibian	colubrido
A reptile or amphibian	constrictor
A reptile or amphibian	crocodiliano
A reptile or amphibian	crocodylidae
A reptile or amphibian	crotalo
A reptile or amphibian	culebra
A reptile or amphibian	deinonychus
A reptile or amphibian	dendroaspis
A reptile or amphibian	diapsid
A reptile or amphibian	diapsido
A reptile or amphibian	dicynodontia
A reptile or amphibian	dinosauria
A reptile or amphibian	dinosaurio
A reptile or amphibian	diplodoco
A reptile or amphibian	diplodocus
A reptile or amphibian	dragon
A reptile or amphibian	elapidae
A reptile or amphibian	elapidos
A reptile or amphibian	escuerzo
A reptile or amphibian	estegosaurio
A reptile or amphibian	galapago
A reptile or amphibian	gator
A reptile or amphibian	gavial
A reptile or amphibian	geco
A reptile or amphibian	guarisapo
A reptile or amphibian	hadrosaurus
A reptile or amphibian	ichthyosauria
A reptile or amphibian	ictiosaurio
A reptile or amphibian	iguana
A reptile or amphibian	iguanodon
A reptile or amphibian	iguanodonte
A reptile or amphibian	krait
A reptile or amphibian	labyrinthodont
A reptile or amphibian	lacertid
A reptile or amphibian	lacertido
A reptile or amphibian	lacertilia
A reptile or amphibian	lagartija
A reptile or amphibian	lagarto
A reptile or amphibian	lagartos
A reptile or amphibian	lucion
A reptile or amphibian	mamba
A reptile or amphibian	moloch
A reptile or amphibian	monitor
A reptile or amphibian	morrocoy
A reptile or amphibian	ofidio
A reptile or amphibian	ornithopoda
A reptile or amphibian	ornitopoda
A reptile or amphibian	oxyuranus
A reptile or amphibian	pelicosaurio
A reptile or amphibian	pelycosauria
A reptile or amphibian	peta
A reptile or amphibian	piton
A reptile or amphibian	plesiosaurus
A reptile or amphibian	pterodactilo
A reptile or amphibian	pterosauria
A reptile or amphibian	pterosaurio
A reptile or amphibian	pterosauro
A reptile or amphibian	quelonio
A reptile or amphibian	rana
A reptile or amphibian	ranacuajo
A reptile or amphibian	ranas
A reptile or amphibian	ranid
A reptile or amphibian	renacuajo
A reptile or amphibian	reptil
A reptile or amphibian	reptiles
A reptile or amphibian	reptilia
A reptile or amphibian	rinkhals
A reptile or amphibian	salamandra
A reptile or amphibian	salamandras
A reptile or amphibian	salamandridos
A reptile or amphibian	salamanquesa
A reptile or amphibian	salientian
A reptile or amphibian	sapo
A reptile or amphibian	sapos
A reptile or amphibian	saurio
A reptile or amphibian	sauromalus
A reptile or amphibian	scincid
A reptile or amphibian	scincidae
A reptile or amphibian	serpentes
A reptile or amphibian	serpiente
A reptile or amphibian	serpientes
A reptile or amphibian	sierpe
A reptile or amphibian	sinapsido
A reptile or amphibian	sphenodon
A reptile or amphibian	stegosaurus
A reptile or amphibian	taipan
A reptile or amphibian	terrapene
A reptile or amphibian	testudines
A reptile or amphibian	thecodontia
A reptile or amphibian	tiranosaurio
A reptile or amphibian	tiranosauro
A reptile or amphibian	tortuga
A reptile or amphibian	tortugas
A reptile or amphibian	triceratopo
A reptile or amphibian	triceratops
A reptile or amphibian	triton
A reptile or amphibian	tuatara
A reptile or amphibian	tyrannosaurus
A reptile or amphibian	urodelo
A reptile or amphibian	urodelos
A reptile or amphibian	varan
A reptile or amphibian	varano
A reptile or amphibian	vibora
A reptile or amphibian	vibra
A reptile or amphibian	vigilante
A reptile or amphibian	viperido
A reptile or amphibian	yacare
A vehicle	acorazado
A vehicle	actuacion
A vehicle	aerobus
A vehicle	aerodeslizador
A vehicle	aeronave
A vehicle	aeroplano
A vehicle	almadia
A vehicle	ambulancia
A vehicle	apisonadora
A vehicle	aplanadora
A vehicle	arca
A vehicle	armatoste
A vehicle	astronave
A vehicle	auto
A vehicle	autobus
A vehicle	autocar
A vehicle	autocaravana
A vehicle	autogiro
A vehicle	automotor
A vehicle	automovil
A vehicle	autovolquete
A vehicle	avion
A vehicle	bajel
A vehicle	bala
A vehicle	balandra
A vehicle	balandro
A vehicle	ballenera
A vehicle	ballenero
A vehicle	balon
A vehicle	balsa
A vehicle	barca
A vehicle	barcaza
A vehicle	barco
A vehicle	barcos
A vehicle	barreminas
A vehicle	batea
A vehicle	batel
A vehicle	bergantin
A vehicle	berlina
A vehicle	bibliobus
A vehicle	bici
A vehicle	bicicleta
A vehicle	bicicletas
A vehicle	bicitaxi
A vehicle	biplano
A vehicle	biplaza
A vehicle	birreactor
A vehicle	bobsleigh
A vehicle	bogi
A vehicle	bolido
A vehicle	bombardero
A vehicle	bombo
A vehicle	bondi
A vehicle	bote
A vehicle	bricbarca
A vehicle	bulldozer
A vehicle	buque
A vehicle	bus
A vehicle	buscaminas
A vehicle	cabina
A vehicle	cabriole
A vehicle	cabriolet
A vehicle	cacharro
A vehicle	cafetera
A vehicle	calesa
A vehicle	camion
A vehicle	camioneta
A vehicle	campista
A vehicle	canoa
A vehicle	canonera
A vehicle	canonero
A vehicle	caravana
A vehicle	carguero
A vehicle	carmelita
A vehicle	carraca
A vehicle	carreta
A vehicle	carretela
A vehicle	carretilla
A vehicle	carreton
A vehicle	carriola
A vehicle	carrito
A vehicle	carro
A vehicle	carroza
A vehicle	carruaje
A vehicle	catamaran
A vehicle	caza
A vehicle	cazabombardero
A vehicle	cazaminas
A vehicle	ceta
A vehicle	chalana
A vehicle	chalupa
A vehicle	changarro
A vehicle	charabanc
A vehicle	chirrion
A vehicle	ciclomotor
A vehicle	clarence
A vehicle	cliper
A vehicle	coche
A vehicle	cochecito
A vehicle	cohete
A vehicle	compacto
A vehicle	convertible
A vehicle	coracle
A vehicle	corbeta
A vehicle	corsario
A vehicle	cosmonave
A vehicle	coupe
A vehicle	crucero
A vehicle	cupe
A vehicle	cuter
A vehicle	cutter
A vehicle	derrelicto
A vehicle	descapotable
A vehicle	destructor
A vehicle	destruidor
A vehicle	dhow
A vehicle	diligencia
A vehicle	dingui
A vehicle	dirigible
A vehicle	draga
A vehicle	dragaminas
A vehicle	dray
A vehicle	dreadnought
A vehicle	drosky
A vehicle	dumper
A vehicle	embarcacion
A vehicle	escuna
A vehicle	escuter
A vehicle	esquibob
A vehicle	esquife
A vehicle	excavadora
A vehicle	excursionista
A vehicle	explorador
A vehicle	faeton
A vehicle	falua
A vehicle	faluca
A vehicle	falucho
A vehicle	ferri
A vehicle	ferrocarril
A vehicle	ferry
A vehicle	fireboat
A vehicle	fletador
A vehicle	fragata
A vehicle	fueraborda
A vehicle	furgon
A vehicle	furgoneta
A vehicle	gabarra
A vehicle	galeon
A vehicle	galeota
A vehicle	galera
A vehicle	gato
A vehicle	gharry
A vehicle	globo
A vehicle	goleta
A vehicle	gondola
A vehicle	grillera
A vehicle	grua
A vehicle	handcar
A vehicle	hardtop
A vehicle	heap
A vehicle	helicoptero
A vehicle	hidroala
A vehicle	hidroavion
A vehicle	hidroplano
A vehicle	hovercraft
A vehicle	hoy
A vehicle	jabega
A vehicle	jet
A vehicle	junco
A vehicle	kamikaze
A vehicle	kayac
A vehicle	kayak
A vehicle	lancha
A vehicle	lanchon
A vehicle	lando
A vehicle	landrover
A vehicle	lanzaminas
A vehicle	laud
A vehicle	lechera
A vehicle	limo
A vehicle	limosina
A vehicle	limusin
A vehicle	limusina
A vehicle	locomotora
A vehicle	luge
A vehicle	lugre
A vehicle	mailboat
A vehicle	mamotreto
A vehicle	maquina
A vehicle	mercante
A vehicle	metro
A vehicle	metropolitano
A vehicle	micro
A vehicle	minador
A vehicle	minicab
A vehicle	minimoto
A vehicle	minivan
A vehicle	misil
A vehicle	monociclo
A vehicle	monopatin
A vehicle	monoplano
A vehicle	monovolumen
A vehicle	montacargas
A vehicle	moto
A vehicle	motocicleta
A vehicle	motociclo
A vehicle	motonave
A vehicle	motonieve
A vehicle	motoniveladora
A vehicle	motora
A vehicle	motorbus
A vehicle	nave
A vehicle	navio
A vehicle	ocioso
A vehicle	omnibus
A vehicle	ornitoptero
A vehicle	oruga
A vehicle	panga
A vehicle	panzer
A vehicle	paquebote
A vehicle	patera
A vehicle	patineta
A vehicle	patinete
A vehicle	pedicab
A vehicle	peditaxi
A vehicle	petrolero
A vehicle	picop
A vehicle	pigboat
A vehicle	pinaza
A vehicle	piragua
A vehicle	planeador
A vehicle	pluma
A vehicle	ponton
A vehicle	portaaviones
A vehicle	propjet
A vehicle	queche
A vehicle	quitanieves
A vehicle	ranchera
A vehicle	reactor
A vehicle	rehilete
A vehicle	remolcador
A vehicle	remolque
A vehicle	rickshaw
A vehicle	rompehielos
A vehicle	rulot
A vehicle	runabout
A vehicle	sampan
A vehicle	scooter
A vehicle	scull
A vehicle	sedan
A vehicle	shinkansen
A vehicle	simon
A vehicle	skibob
A vehicle	skiff
A vehicle	stanhope
A vehicle	streamliner
A vehicle	submarino
A vehicle	submergible
A vehicle	subte
A vehicle	sulky
A vehicle	sumergible
A vehicle	surfboat
A vehicle	tandem
A vehicle	tanque
A vehicle	tanquero
A vehicle	taxi
A vehicle	taximetro
A vehicle	technical
A vehicle	teleferico
A vehicle	tender
A vehicle	tobogan
A vehicle	todoterreno
A vehicle	topadora
A vehicle	tractor
A vehicle	trailer
A vehicle	trainera
A vehicle	transatlantico
A vehicle	transbordador
A vehicle	tranvia
A vehicle	trasatlantico
A vehicle	tren
A vehicle	trenes
A vehicle	triciclo
A vehicle	trike
A vehicle	trimaran
A vehicle	trineo
A vehicle	trirreme
A vehicle	troca
A vehicle	troica
A vehicle	troika
A vehicle	trole
A vehicle	trolebus
A vehicle	troque
A vehicle	turbofan
A vehicle	turbohelice
A vehicle	turbojet
A vehicle	turbopropulsor
A vehicle	turborreactor
A vehicle	turismo
A vehicle	utilitario
A vehicle	vagon
A vehicle	van
A vehicle	vanguardia
A vehicle	vanguardismo
A vehicle	vapor
A vehicle	vaso
A vehicle	vehiculo
A vehicle	velero
A vehicle	velocipedo
A vehicle	velomotor
A vehicle	velotaxi
A vehicle	vespa
A vehicle	vespino
A vehicle	volante
A vehicle	volquete
A vehicle	yate
A vehicle	yol
A vehicle	yola
A vehicle	zeda
A vehicle	zepelin
A vehicle	zeta
A tree	aalii
A tree	abedul
A tree	abele
A tree	abeto
A tree	acacia
A tree	acebo
A tree	aceituna
A tree	agrifolio
A tree	aguacate
A tree	ailanto
A tree	alamo
A tree	albaricoque
A tree	albaricoquero
A tree	albizia
A tree	albizzia
A tree	alerce
A tree	alfoncigo
A tree	algarroba
A tree	algarrobo
A tree	aliso
A tree	almendra
A tree	almendro
A tree	almez
A tree	anacardo
A tree	anona
A tree	araucaria
A tree	arbol
A tree	arce
A tree	areca
A tree	arere
A tree	arrayan
A tree	asimina
A tree	avellana
A tree	avellanero
A tree	avellano
A tree	bambu
A tree	banana
A tree	bananero
A tree	banano
A tree	baniano
A tree	baobab
A tree	bergamote
A tree	bergamoto
A tree	betula
A tree	bigarade
A tree	bilsted
A tree	bonsai
A tree	bullace
A tree	cacao
A tree	cacaotero
A tree	cafe
A tree	cafeto
A tree	calisaya
A tree	campeche
A tree	canafistola
A tree	canafistula
A tree	canela
A tree	caoba
A tree	caqui
A tree	carambola
A tree	carbon
A tree	carpe
A tree	carpinus
A tree	carya
A tree	cassie
A tree	castana
A tree	castano
A tree	casuarina
A tree	catalpa
A tree	cedro
A tree	ceiba
A tree	ceniza
A tree	cenizas
A tree	cerasus
A tree	cereza
A tree	cerezo
A tree	chaulmugra
A tree	chicot
A tree	china
A tree	chinchona
A tree	chirca
A tree	chirimoya
A tree	chopo
A tree	cicuta
A tree	cidro
A tree	cipres
A tree	ciruela
A tree	ciruelo
A tree	citrico
A tree	citron
A tree	clavero
A tree	coco
A tree	cocobolo
A tree	cocotero
A tree	cohune
A tree	conifera
A tree	conifero
A tree	cornejo
A tree	corno
A tree	cornus
A tree	cumquat
A tree	currajong
A tree	dak
A tree	dhak
A tree	dita
A tree	duraznero
A tree	durazno
A tree	durian
A tree	durio
A tree	durion
A tree	ebano
A tree	enebro
A tree	eucalipto
A tree	eucaliptus
A tree	eucalyptus
A tree	fagus
A tree	figura
A tree	flamboyan
A tree	fortunella
A tree	fresno
A tree	galleta
A tree	ginep
A tree	ginkgo
A tree	gomuti
A tree	granadillo
A tree	granado
A tree	grugru
A tree	guanabana
A tree	guanabano
A tree	guayaba
A tree	guinda
A tree	guindo
A tree	guira
A tree	haya
A tree	higuera
A tree	homero
A tree	huisache
A tree	ilex
A tree	jaboncillo
A tree	jacaranda
A tree	jicaro
A tree	juglans
A tree	kaki
A tree	kurrajong
A tree	lamparilla
A tree	larice
A tree	laurel
A tree	lauro
A tree	limero
A tree	limon
A tree	limonero
A tree	longan
A tree	lontar
A tree	lungen
A tree	macadamia
A tree	macamba
A tree	magnolia
A tree	malagueta
A tree	mamey
A tree	mamon
A tree	mamoncillo
A tree	mandarina
A tree	mandarino
A tree	manga
A tree	mangifera
A tree	manglar
A tree	mangle
A tree	mango
A tree	manzana
A tree	manzano
A tree	margosa
A tree	mate
A tree	mazzard
A tree	melis
A tree	melocoton
A tree	melocotonero
A tree	membrillero
A tree	membrillo
A tree	metasequoia
A tree	mimosa
A tree	moral
A tree	morera
A tree	murta
A tree	naranja
A tree	naranjo
A tree	nectarina
A tree	nim
A tree	nispero
A tree	nogal
A tree	noguera
A tree	nuez
A tree	nyssa
A tree	obechi
A tree	oliva
A tree	olmo
A tree	pacana
A tree	padauk
A tree	padouk
A tree	palas
A tree	palisandro
A tree	palma
A tree	palmera
A tree	palmira
A tree	palmito
A tree	palto
A tree	pampelmusa
A tree	pandanus
A tree	papaia
A tree	papaya
A tree	papayo
A tree	pera
A tree	peral
A tree	picea
A tree	pimpollo
A tree	pinabete
A tree	pino
A tree	pinus
A tree	pipal
A tree	pipul
A tree	pistacho
A tree	planton
A tree	platan
A tree	platano
A tree	pobo
A tree	pomelo
A tree	ponderosa
A tree	psidium
A tree	quassia
A tree	quino
A tree	ramon
A tree	ratan
A tree	redbud
A tree	roble
A tree	sable
A tree	saman
A tree	samba
A tree	sapote
A tree	sasafras
A tree	sassafras
A tree	satin
A tree	satsuma
A tree	sauce
A tree	secoya
A tree	secuoya
A tree	sequoia
A tree	serbal
A tree	sicomoro
A tree	souari
A tree	tacamahac
A tree	tala
A tree	talipot
A tree	tamarindo
A tree	tangelo
A tree	teca
A tree	tejo
A tree	temblon
A tree	tilo
A tree	titi
A tree	toronja
A tree	tung
A tree	yaca
A tree	zaman
A tree	zapote
A flower	aciano
A flower	adormidera
A flower	ageratum
A flower	aguilena
A flower	albarraz
A flower	alheli
A flower	altramuz
A flower	amapola
A flower	amargon
A flower	amento
A flower	anemona
A flower	anemone
A flower	aquilege
A flower	aquilegia
A flower	aro
A flower	aster
A flower	azafran
A flower	azalea
A flower	azucena
A flower	azulejo
A flower	begonia
A flower	bellwort
A flower	bougainvillea
A flower	brezo
A flower	buganvilia
A flower	buganvilla
A flower	cala
A flower	calendula
A flower	camelia
A flower	camellia
A flower	campanilla
A flower	campion
A flower	candelilla
A flower	capullo
A flower	carnalizacion
A flower	cattleya
A flower	celidonia
A flower	centaura
A flower	centaurea
A flower	chiribita
A flower	chocho
A flower	chrysanthemum
A flower	ciclamen
A flower	cierne
A flower	cineraria
A flower	clavel
A flower	colleja
A flower	colombina
A flower	comomosi
A flower	corimbo
A flower	cosmos
A flower	creacion
A flower	creamcups
A flower	crisantemo
A flower	croco
A flower	crocus
A flower	cymbidium
A flower	dahlia
A flower	dalia
A flower	dedalera
A flower	delfinio
A flower	digital
A flower	digitalis
A flower	dormidera
A flower	dragon
A flower	eclosion
A flower	edelweiss
A flower	escabiosa
A flower	espiga
A flower	espliego
A flower	espuela
A flower	farolillo
A flower	flamenquilla
A flower	flor
A flower	floracion
A flower	florecimiento
A flower	francesilla
A flower	freesia
A flower	fresia
A flower	galanto
A flower	gardenia
A flower	gazania
A flower	genciana
A flower	geranio
A flower	geranium
A flower	gerardia
A flower	girasol
A flower	gladiolo
A flower	gladiolus
A flower	glicina
A flower	glomerulo
A flower	helianthus
A flower	hibisco
A flower	hibiscus
A flower	hortensia
A flower	hydrangea
A flower	inflorescencia
A flower	jabonera
A flower	jaro
A flower	jasminum
A flower	jazmin
A flower	lavanda
A flower	lavandula
A flower	lila
A flower	linaria
A flower	lirio
A flower	lis
A flower	lonicera
A flower	loto
A flower	lupino
A flower	lychnis
A flower	macrocosmo
A flower	macrocosmos
A flower	madreselva
A flower	magnolia
A flower	maravilla
A flower	margarita
A flower	mirasol
A flower	mundo
A flower	narciso
A flower	nardo
A flower	naturaleza
A flower	odontoglossum
A flower	oncidium
A flower	orquidacea
A flower	orquidea
A flower	paeoniaceae
A flower	paeony
A flower	pamporcino
A flower	panicula
A flower	papaverales
A flower	papelillo
A flower	pelitre
A flower	pensamiento
A flower	peonia
A flower	petunia
A flower	piretro
A flower	pogonia
A flower	portulaca
A flower	primavera
A flower	primula
A flower	protea
A flower	racimo
A flower	ranunculo
A flower	ranunculus
A flower	rosa
A flower	rosal
A flower	saltaojos
A flower	scabiosa
A flower	siempreviva
A flower	silene
A flower	stenandrium
A flower	sudario
A flower	tanaceto
A flower	tidytips
A flower	tirso
A flower	tithonia
A flower	toadflax
A flower	tornasol
A flower	trebol
A flower	trifolium
A flower	trinitaria
A flower	trompon
A flower	tulipan
A flower	umbela
A flower	universo
A flower	vainilla
A flower	valeriana
A flower	valerianacea
A flower	vanda
A flower	vanilla
A flower	veranera
A flower	verbena
A flower	veronica
A flower	violeta
A flower	wisteria
A musical instrument	acordeon
A musical instrument	aerofono
A musical instrument	armonica
A musical instrument	armonio
A musical instrument	armonium
A musical instrument	arpa
A musical instrument	atabal
A musical instrument	badajo
A musical instrument	bajo
A musical instrument	bajon
A musical instrument	balalaica
A musical instrument	balalaika
A musical instrument	banjo
A musical instrument	baritono
A musical instrument	batintin
A musical instrument	bombarda
A musical instrument	bombardino
A musical instrument	bongo
A musical instrument	bordon
A musical instrument	bourdon
A musical instrument	caja
A musical instrument	caliope
A musical instrument	campana
A musical instrument	campanilla
A musical instrument	campanologo
A musical instrument	canon
A musical instrument	caramillo
A musical instrument	carillon
A musical instrument	castanuela
A musical instrument	castanuelas
A musical instrument	celesta
A musical instrument	cello
A musical instrument	chelo
A musical instrument	chiflo
A musical instrument	chirimia
A musical instrument	cimbalo
A musical instrument	cimbalos
A musical instrument	citara
A musical instrument	citole
A musical instrument	clarin
A musical instrument	clarinete
A musical instrument	clavecin
A musical instrument	clavicembalo
A musical instrument	clavicordio
A musical instrument	concertina
A musical instrument	conga
A musical instrument	contrabajista
A musical instrument	contrabajo
A musical instrument	contrabajon
A musical instrument	contrafagot
A musical instrument	cornamusa
A musical instrument	corneta
A musical instrument	cornetin
A musical instrument	cromorne
A musical instrument	cromorno
A musical instrument	crotalos
A musical instrument	diapason
A musical instrument	dulcemele
A musical instrument	dulzaina
A musical instrument	espineta
A musical instrument	esquila
A musical instrument	eufonio
A musical instrument	euphonium
A musical instrument	fagot
A musical instrument	fagote
A musical instrument	flabiol
A musical instrument	flageolet
A musical instrument	flauta
A musical instrument	flautin
A musical instrument	fliscorno
A musical instrument	fluegelhorn
A musical instrument	gaita
A musical instrument	gamba
A musical instrument	glockenspiel
A musical instrument	gong
A musical instrument	gongo
A musical instrument	guitarra
A musical instrument	harmonica
A musical instrument	harmonio
A musical instrument	harmonium
A musical instrument	harpa
A musical instrument	hautbois
A musical instrument	helicon
A musical instrument	hueso
A musical instrument	huesos
A musical instrument	instrumento
A musical instrument	jarana
A musical instrument	koto
A musical instrument	laud
A musical instrument	lira
A musical instrument	mandola
A musical instrument	mandolina
A musical instrument	maraca
A musical instrument	maracas
A musical instrument	marimba
A musical instrument	membranofono
A musical instrument	metal
A musical instrument	mirliton
A musical instrument	oboe
A musical instrument	ocarina
A musical instrument	octavin
A musical instrument	organo
A musical instrument	pandereta
A musical instrument	pandero
A musical instrument	piano
A musical instrument	pianoforte
A musical instrument	pibgorn
A musical instrument	piccolo
A musical instrument	pifano
A musical instrument	piporro
A musical instrument	pitido
A musical instrument	pito
A musical instrument	platillos
A musical instrument	plato
A musical instrument	punteiro
A musical instrument	redoblante
A musical instrument	sacabuche
A musical instrument	salterio
A musical instrument	sax
A musical instrument	saxhorno
A musical instrument	saxo
A musical instrument	saxofon
A musical instrument	saxofono
A musical instrument	serpenton
A musical instrument	shamisen
A musical instrument	shawm
A musical instrument	silbato
A musical instrument	sintetizador
A musical instrument	sitar
A musical instrument	sonanta
A musical instrument	sousafon
A musical instrument	sousaphone
A musical instrument	susafono
A musical instrument	tabor
A musical instrument	tabour
A musical instrument	tambor
A musical instrument	tamboril
A musical instrument	tantan
A musical instrument	tarola
A musical instrument	teclado
A musical instrument	theremin
A musical instrument	timbal
A musical instrument	timpano
A musical instrument	timpanos
A musical instrument	triangulo
A musical instrument	trilateral
A musical instrument	trombon
A musical instrument	trompa
A musical instrument	trompeta
A musical instrument	trompetista
A musical instrument	tuba
A musical instrument	tuberia
A musical instrument	tubo
A musical instrument	uke
A musical instrument	ukelele
A musical instrument	ukulele
A musical instrument	vibrafono
A musical instrument	vibraharp
A musical instrument	viol
A musical instrument	viola
A musical instrument	violeta
A musical instrument	violin
A musical instrument	violon
A musical instrument	violoncello
A musical instrument	violoncelo
A musical instrument	violonchelo
A musical instrument	virginal
A musical instrument	xilofono
A musical instrument	zampona
A musical instrument	zill
A sport	acareamiento
A sport	acrobacia
A sport	acrobacias
A sport	adiestramiento
A sport	agarre
A sport	alambrada
A sport	alpinismo
A sport	arqueria
A sport	atletismo
A sport	badminton
A sport	balompie
A sport	baloncesto
A sport	balonmano
A sport	balonvolea
A sport	bano
A sport	baseball
A sport	basket
A sport	basketball
A sport	basquetbol
A sport	batida
A sport	beisbol
A sport	billar
A sport	bobsled
A sport	bobsleigh
A sport	boliche
A sport	bolos
A sport	bowling
A sport	boxeo
A sport	buceo
A sport	caceria
A sport	caminata
A sport	careo
A sport	carrera
A sport	carreras
A sport	caza
A sport	cerca
A sport	cercado
A sport	chapuzon
A sport	charca
A sport	chita
A sport	ciclismo
A sport	clavado
A sport	combate
A sport	confrontacion
A sport	criquet
A sport	croquet
A sport	culturismo
A sport	curling
A sport	currican
A sport	dardos
A sport	decatlon
A sport	deporte
A sport	deportes
A sport	dobles
A sport	doma
A sport	doubles
A sport	equitacion
A sport	escalada
A sport	esqui
A sport	estanque
A sport	excursion
A sport	frisbee
A sport	fronton
A sport	funambulismo
A sport	futbol
A sport	gimnasia
A sport	gimnastica
A sport	golf
A sport	grillo
A sport	halterofilia
A sport	handball
A sport	handbol
A sport	hardball
A sport	herradura
A sport	hockey
A sport	hurling
A sport	inmersion
A sport	jabalina
A sport	jaripeo
A sport	javelin
A sport	judo
A sport	karate
A sport	lacrosse
A sport	lidia
A sport	lucha
A sport	luge
A sport	maraton
A sport	monopatin
A sport	monopatinaje
A sport	montanismo
A sport	monteria
A sport	motociclismo
A sport	musculacion
A sport	natacion
A sport	navegacion
A sport	netball
A sport	pambol
A sport	paracaidismo
A sport	paseo
A sport	patinaje
A sport	pentatlon
A sport	pesca
A sport	piaffe
A sport	polo
A sport	pugilismo
A sport	punetazos
A sport	quoits
A sport	raquetbol
A sport	remar
A sport	remo
A sport	rodeo
A sport	rounders
A sport	rugbi
A sport	rugby
A sport	senderismo
A sport	seto
A sport	skate
A sport	skateboarding
A sport	snorkel
A sport	snowboard
A sport	snowboarding
A sport	sofbol
A sport	squash
A sport	sumo
A sport	surf
A sport	surfing
A sport	tablanieve
A sport	taekwondo
A sport	tauromaquia
A sport	tejo
A sport	tenis
A sport	toreo
A sport	trineo
A sport	valla
A sport	voleibol
A sport	voley
A sport	volleyball
A sport	volteretas
A sport	yudo
A sport	zambullida
A color	aceituna
A color	achromasia
A color	aguamarina
A color	alabastro
A color	albaricoque
A color	amarillez
A color	amarillo
A color	ambar
A color	anil
A color	armada
A color	avalancha
A color	azafran
A color	azul
A color	azur
A color	barbaridad
A color	beige
A color	beis
A color	bermellon
A color	bestialidad
A color	blanco
A color	blancura
A color	borgona
A color	bourgogne
A color	bronce
A color	bronceado
A color	brusela
A color	burgundy
A color	burrada
A color	cafe
A color	canela
A color	cantidad
A color	caoba
A color	caqui
A color	carbon
A color	carmelito
A color	carmesi
A color	carmin
A color	castano
A color	caucasico
A color	cava
A color	celeste
A color	cereza
A color	ceruleo
A color	champagne
A color	champan
A color	champana
A color	chartreuse
A color	china
A color	cian
A color	ciruela
A color	ciruelo
A color	cobalto
A color	cobre
A color	color
A color	coloracion
A color	colorido
A color	complementario
A color	coral
A color	crema
A color	creta
A color	cumulo
A color	duraznero
A color	durazno
A color	ebano
A color	enormidad
A color	escarlata
A color	esmeralda
A color	espliego
A color	fajo
A color	fuchsia
A color	fucsia
A color	grana
A color	gris
A color	hueso
A color	indigo
A color	jade
A color	lavanda
A color	lavandula
A color	lazuline
A color	lila
A color	lividez
A color	lote
A color	magenta
A color	malva
A color	marfil
A color	marina
A color	marron
A color	matiz
A color	melocoton
A color	melocotonero
A color	mogollon
A color	montana
A color	monton
A color	morado
A color	morenez
A color	moreno
A color	mostaza
A color	multitud
A color	naranja
A color	negro
A color	negror
A color	negrura
A color	ocre
A color	optimista
A color	oro
A color	palidez
A color	pardo
A color	passel
A color	pastel
A color	perla
A color	pigmentacion
A color	pila
A color	pink
A color	plata
A color	puce
A color	purpura
A color	rojez
A color	rojo
A color	rosa
A color	rosado
A color	rubi
A color	rubicundez
A color	rubio
A color	sable
A color	salmon
A color	sepia
A color	siena
A color	sombra
A color	tez
A color	tinta
A color	tinte
A color	tintura
A color	tonalidad
A color	tono
A color	topacio
A color	tostado
A color	turquesa
A color	verde
A color	verdor
A color	vermellon
A color	vinca
A color	vincapervinca
A color	violeta
A color	zafiro
An emotion or feeling	abandono
An emotion or feeling	abatimiento
An emotion or feeling	abominacion
An emotion or feeling	aborrecimiento
An emotion or feeling	abstraccion
An emotion or feeling	aburrimiento
An emotion or feeling	acento
An emotion or feeling	acentuacion
An emotion or feeling	acometividad
An emotion or feeling	acoso
An emotion or feeling	acucia
An emotion or feeling	adiccion
An emotion or feeling	admiracion
An emotion or feeling	adoracion
An emotion or feeling	aegir
An emotion or feeling	afan
An emotion or feeling	afeccion
An emotion or feeling	afectividad
An emotion or feeling	afecto
An emotion or feeling	afectuosidad
An emotion or feeling	aficion
An emotion or feeling	afliccion
An emotion or feeling	agape
An emotion or feeling	agitacion
An emotion or feeling	agonia
An emotion or feeling	agradecimiento
An emotion or feeling	agrado
An emotion or feeling	agravio
An emotion or feeling	agresividad
An emotion or feeling	ahinco
An emotion or feeling	ahuecamiento
An emotion or feeling	aislamiento
An emotion or feeling	alarma
An emotion or feeling	alboroto
An emotion or feeling	alborozo
An emotion or feeling	alegria
An emotion or feeling	alejamiento
An emotion or feeling	algofilia
An emotion or feeling	algolagnia
An emotion or feeling	algophilia
An emotion or feeling	alienacion
An emotion or feeling	alivio
An emotion or feeling	alma
An emotion or feeling	alteracion
An emotion or feeling	amabilidad
An emotion or feeling	amargura
An emotion or feeling	amartelamiento
An emotion or feeling	ambicion
An emotion or feeling	ambivalencia
An emotion or feeling	amigabilidad
An emotion or feeling	amistosidad
An emotion or feeling	amor
An emotion or feeling	anafrodisia
An emotion or feeling	anglofilia
An emotion or feeling	anglofobia
An emotion or feeling	angst
An emotion or feeling	angustia
An emotion or feeling	anhelacion
An emotion or feeling	anhelo
An emotion or feeling	animadversion
An emotion or feeling	animo
An emotion or feeling	animosidad
An emotion or feeling	anoranza
An emotion or feeling	ansia
An emotion or feeling	ansiedad
An emotion or feeling	antagonismo
An emotion or feeling	antipatia
An emotion or feeling	antojo
An emotion or feeling	apasionamiento
An emotion or feeling	apatia
An emotion or feeling	apego
An emotion or feeling	apetencia
An emotion or feeling	apetito
An emotion or feeling	aphrodisia
An emotion or feeling	aplomo
An emotion or feeling	apocamiento
An emotion or feeling	aprecio
An emotion or feeling	aprension
An emotion or feeling	ardor
An emotion or feeling	arrebatamiento
An emotion or feeling	arrebato
An emotion or feeling	arrobamiento
An emotion or feeling	arrogancia
An emotion or feeling	asco
An emotion or feeling	asombro
An emotion or feeling	aspiracion
An emotion or feeling	aspirante
An emotion or feeling	ataraxia
An emotion or feeling	ataraxis
An emotion or feeling	atencion
An emotion or feeling	atraccion
An emotion or feeling	aturdimiento
An emotion or feeling	autocompasion
An emotion or feeling	autoconfianza
An emotion or feeling	autodominio
An emotion or feeling	autoestima
An emotion or feeling	autorespeto
An emotion or feeling	autoridad
An emotion or feeling	autotormento
An emotion or feeling	autotortura
An emotion or feeling	aversion
An emotion or feeling	avidez
An emotion or feeling	azogue
An emotion or feeling	azoramiento
An emotion or feeling	basca
An emotion or feeling	beatitud
An emotion or feeling	beligerancia
An emotion or feeling	beneficencia
An emotion or feeling	benevolencia
An emotion or feeling	berrinche
An emotion or feeling	bienestar
An emotion or feeling	bondad
An emotion or feeling	bonheur
An emotion or feeling	bravura
An emotion or feeling	brillo
An emotion or feeling	brio
An emotion or feeling	cachaza
An emotion or feeling	cachondez
An emotion or feeling	calentura
An emotion or feeling	calma
An emotion or feeling	calmosidad
An emotion or feeling	camaraderia
An emotion or feeling	candidato
An emotion or feeling	capricho
An emotion or feeling	carino
An emotion or feeling	carnalidad
An emotion or feeling	celo
An emotion or feeling	celos
An emotion or feeling	cercania
An emotion or feeling	certeza
An emotion or feeling	certidumbre
An emotion or feeling	chasco
An emotion or feeling	cinismo
An emotion or feeling	clemencia
An emotion or feeling	codicia
An emotion or feeling	colera
An emotion or feeling	comezon
An emotion or feeling	comodidad
An emotion or feeling	companerismo
An emotion or feeling	compasion
An emotion or feeling	compatibilidad
An emotion or feeling	compenetracion
An emotion or feeling	complacencia
An emotion or feeling	complejo
An emotion or feeling	compostura
An emotion or feeling	comprension
An emotion or feeling	compuncion
An emotion or feeling	conciencia
An emotion or feeling	concupiscencia
An emotion or feeling	condimento
An emotion or feeling	confianza
An emotion or feeling	confort
An emotion or feeling	confusion
An emotion or feeling	congoja
An emotion or feeling	conmiseracion
An emotion or feeling	conmocion
An emotion or feeling	consternacion
An emotion or feeling	consuelo
An emotion or feeling	contentamiento
An emotion or feeling	contento
An emotion or feeling	contrariedad
An emotion or feeling	contricion
An emotion or feeling	contusion
An emotion or feeling	conviccion
An emotion or feeling	coraje
An emotion or feeling	corazonada
An emotion or feeling	cortedad
An emotion or feeling	corton
An emotion or feeling	cosa
An emotion or feeling	crueldad
An emotion or feeling	cuidado
An emotion or feeling	cuita
An emotion or feeling	culpa
An emotion or feeling	culpabilidad
An emotion or feeling	curiosidad
An emotion or feeling	dano
An emotion or feeling	debilidad
An emotion or feeling	decepcion
An emotion or feeling	delectacion
An emotion or feeling	deleite
An emotion or feeling	delicia
An emotion or feeling	depre
An emotion or feeling	depresion
An emotion or feeling	derrota
An emotion or feeling	derrotismo
An emotion or feeling	desafeccion
An emotion or feeling	desafecto
An emotion or feeling	desagrado
An emotion or feeling	desahogo
An emotion or feeling	desaliento
An emotion or feeling	desamparo
An emotion or feeling	desanimo
An emotion or feeling	desasosiego
An emotion or feeling	desazon
An emotion or feeling	descanso
An emotion or feeling	descompostura
An emotion or feeling	desconcierto
An emotion or feeling	desconsuelo
An emotion or feeling	descontento
An emotion or feeling	descuido
An emotion or feeling	desden
An emotion or feeling	desdicha
An emotion or feeling	desecho
An emotion or feeling	desenfado
An emotion or feeling	desenfreno
An emotion or feeling	deseo
An emotion or feeling	desesperacion
An emotion or feeling	desesperanza
An emotion or feeling	desespero
An emotion or feeling	desilusion
An emotion or feeling	desinteres
An emotion or feeling	desolacion
An emotion or feeling	despecho
An emotion or feeling	despejo
An emotion or feeling	despisal
An emotion or feeling	desprecio
An emotion or feeling	detestacion
An emotion or feeling	devocion
An emotion or feeling	dicha
An emotion or feeling	dignidad
An emotion or feeling	disforia
An emotion or feeling	disgusto
An emotion or feeling	distancia
An emotion or feeling	diversion
An emotion or feeling	docilidad
An emotion or feeling	dolor
An emotion or feeling	dolour
An emotion or feeling	duda
An emotion or feeling	duelo
An emotion or feeling	eagre
An emotion or feeling	ecuanimidad
An emotion or feeling	ego
An emotion or feeling	egoismo
An emotion or feeling	egotismo
An emotion or feeling	electricidad
An emotion or feeling	embarazo
An emotion or feeling	embebecimiento
An emotion or feeling	embelesamiento
An emotion or feeling	embeleso
An emotion or feeling	emocion
An emotion or feeling	empatia
An emotion or feeling	emulacion
An emotion or feeling	enajenacion
An emotion or feeling	enamoramiento
An emotion or feeling	encogimiento
An emotion or feeling	encono
An emotion or feeling	endiosamiento
An emotion or feeling	enemistad
An emotion or feeling	enfado
An emotion or feeling	enfasis
An emotion or feeling	enfurecimiento
An emotion or feeling	engreimiento
An emotion or feeling	enojo
An emotion or feeling	entendimiento
An emotion or feeling	entusiasmo
An emotion or feeling	envanecimiento
An emotion or feeling	envidia
An emotion or feeling	eros
An emotion or feeling	erotismo
An emotion or feeling	escalofrio
An emotion or feeling	escrupulo
An emotion or feeling	espanto
An emotion or feeling	espejismo
An emotion or feeling	espeluzno
An emotion or feeling	esperanza
An emotion or feeling	espina
An emotion or feeling	espiritu
An emotion or feeling	esplendor
An emotion or feeling	estima
An emotion or feeling	estupefaccion
An emotion or feeling	estupor
An emotion or feeling	euforia
An emotion or feeling	exacerbacion
An emotion or feeling	exaltacion
An emotion or feeling	exasperacion
An emotion or feeling	excitacion
An emotion or feeling	execracion
An emotion or feeling	expectacion
An emotion or feeling	expectativa
An emotion or feeling	extasis
An emotion or feeling	extraneza
An emotion or feeling	extravagancia
An emotion or feeling	exuberancia
An emotion or feeling	exultacion
An emotion or feeling	fascinacion
An emotion or feeling	fastidio
An emotion or feeling	favor
An emotion or feeling	felicidad
An emotion or feeling	fervor
An emotion or feeling	fetiche
An emotion or feeling	fiducia
An emotion or feeling	fiebre
An emotion or feeling	filia
An emotion or feeling	firmeza
An emotion or feeling	flema
An emotion or feeling	fogosidad
An emotion or feeling	fracaso
An emotion or feeling	fraternidad
An emotion or feeling	frescura
An emotion or feeling	frialdad
An emotion or feeling	frigidez
An emotion or feeling	frio
An emotion or feeling	frustracion
An emotion or feeling	furia
An emotion or feeling	furor
An emotion or feeling	gamofobia
An emotion or feeling	gana
An emotion or feeling	ganas
An emotion or feeling	genio
An emotion or feeling	gladiolo
An emotion or feeling	gladiolus
An emotion or feeling	gloria
An emotion or feeling	goce
An emotion or feeling	golosina
An emotion or feeling	gozo
An emotion or feeling	gratificacion
An emotion or feeling	gratitud
An emotion or feeling	grima
An emotion or feeling	gusto
An emotion or feeling	hambre
An emotion or feeling	hastio
An emotion or feeling	hechizo
An emotion or feeling	herida
An emotion or feeling	hilaridad
An emotion or feeling	hinchazon
An emotion or feeling	histeria
An emotion or feeling	histerico
An emotion or feeling	hormigueo
An emotion or feeling	hormiguilla
An emotion or feeling	horror
An emotion or feeling	hosquedad
An emotion or feeling	hostilidad
An emotion or feeling	humildad
An emotion or feeling	humillacion
An emotion or feeling	humor
An emotion or feeling	ilusion
An emotion or feeling	ilusionismo
An emotion or feeling	impaciencia
An emotion or feeling	impasibilidad
An emotion or feeling	impasividad
An emotion or feeling	impavidez
An emotion or feeling	imposibilidad
An emotion or feeling	impotencia
An emotion or feeling	impulso
An emotion or feeling	incertidumbre
An emotion or feeling	inclinacion
An emotion or feeling	incomodidad
An emotion or feeling	inconformidad
An emotion or feeling	indecision
An emotion or feeling	indiferencia
An emotion or feeling	indignacion
An emotion or feeling	infelicidad
An emotion or feeling	ingratitud
An emotion or feeling	inhumanidad
An emotion or feeling	inquietud
An emotion or feeling	inquina
An emotion or feeling	insatisfaccion
An emotion or feeling	inseguridad
An emotion or feeling	insidia
An emotion or feeling	intimidacion
An emotion or feeling	intimidad
An emotion or feeling	intranquilidad
An emotion or feeling	intriga
An emotion or feeling	ira
An emotion or feeling	iracundia
An emotion or feeling	irascibilidad
An emotion or feeling	irritacion
An emotion or feeling	jactancia
An emotion or feeling	jocundidad
An emotion or feeling	jovialidad
An emotion or feeling	joya
An emotion or feeling	jubilo
An emotion or feeling	languidez
An emotion or feeling	lascivia
An emotion or feeling	lasitud
An emotion or feeling	lastima
An emotion or feeling	lealtad
An emotion or feeling	lesion
An emotion or feeling	levedad
An emotion or feeling	libidine
An emotion or feeling	libido
An emotion or feeling	ligereza
An emotion or feeling	lubricidad
An emotion or feeling	lujuria
An emotion or feeling	luto
An emotion or feeling	macareo
An emotion or feeling	mal
An emotion or feeling	maleficencia
An emotion or feeling	malevolencia
An emotion or feeling	malhumor
An emotion or feeling	malicia
An emotion or feeling	malignidad
An emotion or feeling	malquerencia
An emotion or feeling	mania
An emotion or feeling	mansedumbre
An emotion or feeling	maravilla
An emotion or feeling	martirio
An emotion or feeling	masoquismo
An emotion or feeling	melancolia
An emotion or feeling	menosprecio
An emotion or feeling	miedo
An emotion or feeling	misantropia
An emotion or feeling	misericordia
An emotion or feeling	misogamia
An emotion or feeling	misoginia
An emotion or feeling	misologia
An emotion or feeling	misoneismo
An emotion or feeling	misopedia
An emotion or feeling	mohina
An emotion or feeling	morrina
An emotion or feeling	mortificacion
An emotion or feeling	murria
An emotion or feeling	mysophilia
An emotion or feeling	nacionalismo
An emotion or feeling	nausea
An emotion or feeling	nauseas
An emotion or feeling	nerviosismo
An emotion or feeling	ninfomania
An emotion or feeling	nirvana
An emotion or feeling	noneria
An emotion or feeling	nostalgia
An emotion or feeling	odio
An emotion or feeling	ofensa
An emotion or feeling	opresion
An emotion or feeling	optimismo
An emotion or feeling	orgullo
An emotion or feeling	palpito
An emotion or feeling	panico
An emotion or feeling	parcialidad
An emotion or feeling	pasion
An emotion or feeling	pasmo
An emotion or feeling	pataleta
An emotion or feeling	patetismo
An emotion or feeling	pavor
An emotion or feeling	paz
An emotion or feeling	pena
An emotion or feeling	penitencia
An emotion or feeling	perdon
An emotion or feeling	perra
An emotion or feeling	pertenencia
An emotion or feeling	perturbacion
An emotion or feeling	pesadumbre
An emotion or feeling	pesar
An emotion or feeling	pesimismo
An emotion or feeling	philogyny
An emotion or feeling	picazon
An emotion or feeling	piedad
An emotion or feeling	placer
An emotion or feeling	placidez
An emotion or feeling	predileccion
An emotion or feeling	preferencia
An emotion or feeling	pregunta
An emotion or feeling	preocupacion
An emotion or feeling	presagio
An emotion or feeling	presentimiento
An emotion or feeling	pretendiente
An emotion or feeling	pretension
An emotion or feeling	problema
An emotion or feeling	propension
An emotion or feeling	proximidad
An emotion or feeling	prurito
An emotion or feeling	pudor
An emotion or feeling	pujo
An emotion or feeling	punzada
An emotion or feeling	quebradero
An emotion or feeling	quemazon
An emotion or feeling	quietud
An emotion or feeling	rabia
An emotion or feeling	rabieta
An emotion or feeling	razbliuto
An emotion or feeling	realizacion
An emotion or feeling	recelo
An emotion or feeling	reconcomio
An emotion or feeling	refocilacion
An emotion or feeling	refocilo
An emotion or feeling	regocijo
An emotion or feeling	regodeo
An emotion or feeling	regosto
An emotion or feeling	relajacion
An emotion or feeling	remordimiento
An emotion or feeling	rencor
An emotion or feeling	rendicion
An emotion or feeling	repelo
An emotion or feeling	reposo
An emotion or feeling	repugnancia
An emotion or feeling	repulsa
An emotion or feeling	repulsio
An emotion or feeling	repulsion
An emotion or feeling	resentimiento
An emotion or feeling	resignacion
An emotion or feeling	respiro
An emotion or feeling	reverencia
An emotion or feeling	revuelo
An emotion or feeling	revulsion
An emotion or feeling	rijo
An emotion or feeling	rijosidad
An emotion or feeling	rubor
An emotion or feeling	sadismo
An emotion or feeling	sadomasoquismo
An emotion or feeling	salacidad
An emotion or feeling	satiriasis
An emotion or feeling	satisfaccion
An emotion or feeling	saudade
An emotion or feeling	sed
An emotion or feeling	seguridad
An emotion or feeling	sensacion
An emotion or feeling	sensibilidad
An emotion or feeling	sensibleria
An emotion or feeling	sensualidad
An emotion or feeling	sensualismo
An emotion or feeling	sentimiento
An emotion or feeling	separacion
An emotion or feeling	serenidad
An emotion or feeling	seriedad
An emotion or feeling	sexo
An emotion or feeling	silencio
An emotion or feeling	simpatia
An emotion or feeling	sinceridad
An emotion or feeling	solaz
An emotion or feeling	soledad
An emotion or feeling	solemnidad
An emotion or feeling	solicitante
An emotion or feeling	solicitud
An emotion or feeling	solidaridad
An emotion or feeling	sorpresa
An emotion or feeling	sosiego
An emotion or feeling	sueno
An emotion or feeling	suficiencia
An emotion or feeling	sufrimiento
An emotion or feeling	suplicio
An emotion or feeling	suspense
An emotion or feeling	suspenso
An emotion or feeling	suspiro
An emotion or feeling	susto
An emotion or feeling	taciturnidad
An emotion or feeling	tedio
An emotion or feeling	temor
An emotion or feeling	temperamento
An emotion or feeling	tendencia
An emotion or feeling	tension
An emotion or feeling	tentacion
An emotion or feeling	ternura
An emotion or feeling	terror
An emotion or feeling	tilde
An emotion or feeling	timidez
An emotion or feeling	tiriton
An emotion or feeling	tirria
An emotion or feeling	torcedor
An emotion or feeling	tormento
An emotion or feeling	tortura
An emotion or feeling	tranquilidad
An emotion or feeling	transporte
An emotion or feeling	trastorno
An emotion or feeling	trauma
An emotion or feeling	traumatismo
An emotion or feeling	tribulacion
An emotion or feeling	trinfo
An emotion or feeling	tristeza
An emotion or feeling	triunfalismo
An emotion or feeling	triunfo
An emotion or feeling	turbacion
An emotion or feeling	ufania
An emotion or feeling	valentia
An emotion or feeling	valor
An emotion or feeling	vanidad
An emotion or feeling	vejacion
An emotion or feeling	veneracion
An emotion or feeling	ventolera
An emotion or feeling	verecundia
An emotion or feeling	verguenza
An emotion or feeling	verraquera
An emotion or feeling	viento
An emotion or feeling	vilipendio
An emotion or feeling	vision
An emotion or feeling	voluptuosidad
An emotion or feeling	zaherimiento
An emotion or feeling	zozobra
A piece of furniture	ahuecamiento
A piece of furniture	ajuar
A piece of furniture	alacena
A piece of furniture	alfombra
A piece of furniture	alfombrilla
A piece of furniture	altar
A piece of furniture	anaquel
A piece of furniture	aparador
A piece of furniture	apoyapie
A piece of furniture	arca
A piece of furniture	archivador
A piece of furniture	archivero
A piece of furniture	archivo
A piece of furniture	arcon
A piece of furniture	armario
A piece of furniture	armero
A piece of furniture	arquimesa
A piece of furniture	arrogancia
A piece of furniture	asiento
A piece of furniture	atril
A piece of furniture	balancin
A piece of furniture	balda
A piece of furniture	banco
A piece of furniture	banqueta
A piece of furniture	banquillo
A piece of furniture	bar
A piece of furniture	barra
A piece of furniture	base
A piece of furniture	baul
A piece of furniture	beanbag
A piece of furniture	biblioteca
A piece of furniture	billar
A piece of furniture	botiquin
A piece of furniture	bufe
A piece of furniture	bufet
A piece of furniture	bufete
A piece of furniture	bujarra
A piece of furniture	bujarron
A piece of furniture	buro
A piece of furniture	butaca
A piece of furniture	butacon
A piece of furniture	cabecera
A piece of furniture	cabezal
A piece of furniture	cafeteria
A piece of furniture	caja
A piece of furniture	cajon
A piece of furniture	cajonera
A piece of furniture	calzon
A piece of furniture	calzoncillos
A piece of furniture	cama
A piece of furniture	camarote
A piece of furniture	canape
A piece of furniture	candil
A piece of furniture	capazo
A piece of furniture	capero
A piece of furniture	carriola
A piece of furniture	caseta
A piece of furniture	casillero
A piece of furniture	catedra
A piece of furniture	catre
A piece of furniture	cerrito
A piece of furniture	chaise
A piece of furniture	chesterfield
A piece of furniture	chiffonier
A piece of furniture	chifonier
A piece of furniture	closet
A piece of furniture	cofre
A piece of furniture	colchon
A piece of furniture	colchoneta
A piece of furniture	colina
A piece of furniture	collado
A piece of furniture	comoda
A piece of furniture	compartimento
A piece of furniture	consola
A piece of furniture	coqueta
A piece of furniture	coqueto
A piece of furniture	coy
A piece of furniture	credenza
A piece of furniture	cubiculo
A piece of furniture	cuelgacapas
A piece of furniture	cuna
A piece of furniture	descansapie
A piece of furniture	despensa
A piece of furniture	divan
A piece of furniture	dormilon
A piece of furniture	economato
A piece of furniture	endiosamiento
A piece of furniture	engreimiento
A piece of furniture	envanecimiento
A piece of furniture	escabel
A piece of furniture	escano
A piece of furniture	escribania
A piece of furniture	escritorio
A piece of furniture	espejo
A piece of furniture	estante
A piece of furniture	estanteria
A piece of furniture	estribo
A piece of furniture	etagere
A piece of furniture	facistol
A piece of furniture	fauteuil
A piece of furniture	fichero
A piece of furniture	fundamento
A piece of furniture	futon
A piece of furniture	gallumbos
A piece of furniture	gaveta
A piece of furniture	hamaca
A piece of furniture	hinchazon
A piece of furniture	jactancia
A piece of furniture	lampara
A piece of furniture	lavabo
A piece of furniture	lecho
A piece of furniture	libreria
A piece of furniture	librero
A piece of furniture	litera
A piece of furniture	loca
A piece of furniture	loma
A piece of furniture	luminaria
A piece of furniture	manta
A piece of furniture	marica
A piece of furniture	maricon
A piece of furniture	mariposa
A piece of furniture	mariposon
A piece of furniture	mecedor
A piece of furniture	mecedora
A piece of furniture	meridiana
A piece of furniture	mesa
A piece of furniture	minibar
A piece of furniture	mobiliario
A piece of furniture	moises
A piece of furniture	mona
A piece of furniture	montecillo
A piece of furniture	monticulo
A piece of furniture	moqueta
A piece of furniture	mostrador
A piece of furniture	mota
A piece of furniture	mueble
A piece of furniture	muebles
A piece of furniture	obrador
A piece of furniture	orejero
A piece of furniture	overmantel
A piece of furniture	palanganero
A piece of furniture	peana
A piece of furniture	pecho
A piece of furniture	pectus
A piece of furniture	pedestal
A piece of furniture	perchero
A piece of furniture	pie
A piece of furniture	placard
A piece of furniture	platina
A piece of furniture	plegatin
A piece of furniture	pluma
A piece of furniture	poltrona
A piece of furniture	puf
A piece of furniture	puff
A piece of furniture	pupitre
A piece of furniture	puto
A piece of furniture	queer
A piece of furniture	reclinatorio
A piece of furniture	repisa
A piece of furniture	reposapies
A piece of furniture	ropero
A piece of furniture	sarasa
A piece of furniture	silla
A piece of furniture	sillon
A piece of furniture	sofa
A piece of furniture	soporte
A piece of furniture	stand
A piece of furniture	tabla
A piece of furniture	tabular
A piece of furniture	taburete
A piece of furniture	talamo
A piece of furniture	tapete
A piece of furniture	taquilla
A piece of furniture	tocador
A piece of furniture	torax
A piece of furniture	tribunal
A piece of furniture	trona
A piece of furniture	tronco
A piece of furniture	trono
A piece of furniture	tuffet
A piece of furniture	tumbona
A piece of furniture	ufania
A piece of furniture	vanidad
A piece of furniture	velador
A piece of furniture	ventolera
A piece of furniture	viento
A piece of furniture	vitrina
A weapon	aflatoxina
A weapon	alabarda
A weapon	ametralladora
A weapon	antiaereo
A weapon	arbalest
A weapon	arbalesta
A weapon	arbalist
A weapon	arcabuz
A weapon	arco
A weapon	arma
A weapon	armamento
A weapon	arpon
A weapon	arrojallamas
A weapon	arsenal
A weapon	artilleria
A weapon	automatica
A weapon	automatico
A weapon	azagaya
A weapon	bala
A weapon	baladora
A weapon	balin
A weapon	balista
A weapon	ballesta
A weapon	banderilla
A weapon	baqueta
A weapon	barrenero
A weapon	basilisco
A weapon	bat
A weapon	bate
A weapon	batuta
A weapon	bayoneta
A weapon	bazuca
A weapon	bioarm
A weapon	bioarma
A weapon	bisarma
A weapon	bomba
A weapon	bombie
A weapon	boomerang
A weapon	bracamante
A weapon	bracamarte
A weapon	bren
A weapon	bricole
A weapon	bumeran
A weapon	bumerang
A weapon	cabestrillo
A weapon	cachiporra
A weapon	canon
A weapon	carabina
A weapon	catapulta
A weapon	cerbatana
A weapon	chafarote
A weapon	cimitarra
A weapon	clava
A weapon	claymore
A weapon	club
A weapon	cohete
A weapon	cris
A weapon	cuadrillo
A weapon	cuchillo
A weapon	culebrina
A weapon	cutlas
A weapon	daga
A weapon	dardo
A weapon	dirk
A weapon	dragunov
A weapon	escopeta
A weapon	espada
A weapon	espadin
A weapon	espadon
A weapon	estilete
A weapon	estoque
A weapon	explosivo
A weapon	falce
A weapon	flecha
A weapon	florete
A weapon	fuete
A weapon	fundibulo
A weapon	fusil
A weapon	fusta
A weapon	garand
A weapon	garrancha
A weapon	garrota
A weapon	garrote
A weapon	gomero
A weapon	granada
A weapon	hacha
A weapon	hagbut
A weapon	honda
A weapon	hondilla
A weapon	indicador
A weapon	jabalina
A weapon	javelin
A weapon	jebe
A weapon	khukuri
A weapon	kirpan
A weapon	knobkerrie
A weapon	kris
A weapon	lancero
A weapon	lanza
A weapon	lanzabombas
A weapon	lanzacohetes
A weapon	lanzagranadas
A weapon	lanzallamas
A weapon	laser
A weapon	latigo
A weapon	laton
A weapon	lazo
A weapon	machete
A weapon	mangonel
A weapon	manopla
A weapon	mauser
A weapon	maza
A weapon	metralla
A weapon	metralleta
A weapon	mina
A weapon	misil
A weapon	montante
A weapon	mortero
A weapon	mosquete
A weapon	municion
A weapon	municiones
A weapon	obus
A weapon	pala
A weapon	panga
A weapon	pegador
A weapon	percutor
A weapon	perdigon
A weapon	perica
A weapon	personal
A weapon	pertrechos
A weapon	pica
A weapon	pistola
A weapon	pistolero
A weapon	porra
A weapon	proyectil
A weapon	punal
A weapon	resortera
A weapon	revolver
A weapon	rifle
A weapon	sable
A weapon	sarin
A weapon	sicario
A weapon	soman
A weapon	tabun
A weapon	tirachinas
A weapon	tirador
A weapon	tomahawk
A weapon	torpedo
A weapon	trabuco
A weapon	trabuquete
A weapon	tranca
A weapon	trebuchet
A weapon	tridente
A weapon	veintidos
A weapon	winchester
A weapon	yatagan
A game	acorazado
A game	ahorcado
A game	ajedrez
A game	alcoholico
A game	apuesta
A game	atizador
A game	aura
A game	aureola
A game	bacara
A game	bacarra
A game	backgammon
A game	badminton
A game	bagatela
A game	ballas
A game	balompie
A game	baloncesto
A game	balonmano
A game	balonvolea
A game	baseball
A game	basket
A game	basketball
A game	basquetbol
A game	beisbol
A game	bezique
A game	billar
A game	bingo
A game	blackjack
A game	bocci
A game	bochas
A game	boliche
A game	bolos
A game	borrachin
A game	borracho
A game	boveda
A game	bowling
A game	bowls
A game	bridge
A game	canasta
A game	canica
A game	cantillos
A game	cassino
A game	chaquete
A game	charadas
A game	charca
A game	chita
A game	concurso
A game	corazones
A game	craps
A game	cribbage
A game	criquet
A game	croquet
A game	crucigrama
A game	culebra
A game	curling
A game	dados
A game	dama
A game	damas
A game	dardos
A game	dobles
A game	domino
A game	doubles
A game	ebrio
A game	ecarte
A game	escalera
A game	escondidas
A game	escondite
A game	estanque
A game	estatua
A game	etiqueta
A game	euchre
A game	figura
A game	frisbee
A game	fronton
A game	futbol
A game	garabato
A game	golf
A game	grillo
A game	halma
A game	halo
A game	handball
A game	handbol
A game	hardball
A game	herradura
A game	hockey
A game	hurgon
A game	hurling
A game	infernaculo
A game	insinuacion
A game	juego
A game	keno
A game	lacrosse
A game	limbo
A game	loteria
A game	loto
A game	ludo
A game	mahjong
A game	marbete
A game	matatenas
A game	minigolf
A game	minucia
A game	monopolio
A game	monopoly
A game	monte
A game	musical
A game	netball
A game	nim
A game	nimbo
A game	nimiedad
A game	ofidio
A game	opinion
A game	pachisi
A game	paciencia
A game	paintball
A game	pallone
A game	pambol
A game	pamema
A game	parchesi
A game	parchis
A game	parchisi
A game	peligro
A game	penuchle
A game	pequenez
A game	pidola
A game	pimpon
A game	pinocle
A game	pintarrajo
A game	pista
A game	poker
A game	polo
A game	poquer
A game	porra
A game	potro
A game	prueba
A game	puente
A game	quiz
A game	quoits
A game	raquetbol
A game	rayajo
A game	rayuela
A game	riesgo
A game	rifa
A game	rounders
A game	rugbi
A game	rugby
A game	ruleta
A game	sacudida
A game	scrabble
A game	serpentes
A game	serpiente
A game	serpientes
A game	shogi
A game	sierpe
A game	simon
A game	sofbol
A game	solitario
A game	squash
A game	sudoku
A game	taba
A game	tanda
A game	tejo
A game	tenis
A game	tetri
A game	ticktacktoe
A game	ticktacktoo
A game	tiron
A game	tomador
A game	tombola
A game	tornado
A game	trivialidad
A game	turno
A game	vaina
A game	veintiuna
A game	verdugo
A game	videojuego
A game	voleibol
A game	voley
A game	volleyball
A game	voz
A game	waterpolo
A game	whist
A dessert or sweet treat	alcahueta
A dessert or sweet treat	alcazuz
A dessert or sweet treat	alita
A dessert or sweet treat	almendrado
A dessert or sweet treat	almibar
A dessert or sweet treat	anillo
A dessert or sweet treat	arrope
A dessert or sweet treat	ate
A dessert or sweet treat	baba
A dessert or sweet treat	babka
A dessert or sweet treat	baclava
A dessert or sweet treat	baklava
A dessert or sweet treat	baklawa
A dessert or sweet treat	barquillo
A dessert or sweet treat	beignet
A dessert or sweet treat	berlina
A dessert or sweet treat	bizcocho
A dessert or sweet treat	blini
A dessert or sweet treat	blintz
A dessert or sweet treat	blintze
A dessert or sweet treat	bliny
A dessert or sweet treat	bombon
A dessert or sweet treat	bridecake
A dessert or sweet treat	brownie
A dessert or sweet treat	budin
A dessert or sweet treat	bunuelo
A dessert or sweet treat	cake
A dessert or sweet treat	caramelo
A dessert or sweet treat	carlota
A dessert or sweet treat	carlotina
A dessert or sweet treat	chicle
A dessert or sweet treat	chocolate
A dessert or sweet treat	chocolatin
A dessert or sweet treat	chocolatina
A dessert or sweet treat	chupachups
A dessert or sweet treat	chupachus
A dessert or sweet treat	chupeta
A dessert or sweet treat	chupete
A dessert or sweet treat	chupetin
A dessert or sweet treat	churro
A dessert or sweet treat	coca
A dessert or sweet treat	colombina
A dessert or sweet treat	compota
A dessert or sweet treat	confeccion
A dessert or sweet treat	confitura
A dessert or sweet treat	conserva
A dessert or sweet treat	conservas
A dessert or sweet treat	cornete
A dessert or sweet treat	coulis
A dessert or sweet treat	crema
A dessert or sweet treat	crep
A dessert or sweet treat	crepe
A dessert or sweet treat	crespon
A dessert or sweet treat	croissant
A dessert or sweet treat	cruasan
A dessert or sweet treat	crumpet
A dessert or sweet treat	cucurucho
A dessert or sweet treat	cuerno
A dessert or sweet treat	cupcake
A dessert or sweet treat	danes
A dessert or sweet treat	divinidad
A dessert or sweet treat	dona
A dessert or sweet treat	donut
A dessert or sweet treat	duff
A dessert or sweet treat	dulce
A dessert or sweet treat	eclair
A dessert or sweet treat	empanada
A dessert or sweet treat	empanadilla
A dessert or sweet treat	exquisitez
A dessert or sweet treat	fastnacht
A dessert or sweet treat	filoa
A dessert or sweet treat	flan
A dessert or sweet treat	fondant
A dessert or sweet treat	frangipane
A dessert or sweet treat	fulana
A dessert or sweet treat	galleta
A dessert or sweet treat	gelatina
A dessert or sweet treat	genoise
A dessert or sweet treat	gofre
A dessert or sweet treat	golfa
A dessert or sweet treat	golosina
A dessert or sweet treat	gomas
A dessert or sweet treat	gominola
A dessert or sweet treat	gominolas
A dessert or sweet treat	gragea
A dessert or sweet treat	helado
A dessert or sweet treat	hojuela
A dessert or sweet treat	jalea
A dessert or sweet treat	jarabe
A dessert or sweet treat	jarope
A dessert or sweet treat	jumbal
A dessert or sweet treat	latke
A dessert or sweet treat	lionesa
A dessert or sweet treat	loli
A dessert or sweet treat	losange
A dessert or sweet treat	macaroon
A dessert or sweet treat	macarron
A dessert or sweet treat	magdalena
A dessert or sweet treat	malvadisco
A dessert or sweet treat	malvavisco
A dessert or sweet treat	manjar
A dessert or sweet treat	mantecado
A dessert or sweet treat	marrasquino
A dessert or sweet treat	marsmelo
A dessert or sweet treat	masa
A dessert or sweet treat	mazapan
A dessert or sweet treat	merengue
A dessert or sweet treat	meretriz
A dessert or sweet treat	mermelada
A dessert or sweet treat	miel
A dessert or sweet treat	mostachon
A dessert or sweet treat	mousse
A dessert or sweet treat	muffin
A dessert or sweet treat	natilla
A dessert or sweet treat	natillas
A dessert or sweet treat	nieve
A dessert or sweet treat	nougat
A dessert or sweet treat	nube
A dessert or sweet treat	oblea
A dessert or sweet treat	oreo
A dessert or sweet treat	orozuz
A dessert or sweet treat	paleta
A dessert or sweet treat	pancake
A dessert or sweet treat	panocha
A dessert or sweet treat	panoche
A dessert or sweet treat	panqueca
A dessert or sweet treat	panqueque
A dessert or sweet treat	parfait
A dessert or sweet treat	pasta
A dessert or sweet treat	pastas
A dessert or sweet treat	paste
A dessert or sweet treat	pastel
A dessert or sweet treat	pasteleria
A dessert or sweet treat	pastilla
A dessert or sweet treat	peladilla
A dessert or sweet treat	penoche
A dessert or sweet treat	penuche
A dessert or sweet treat	petisu
A dessert or sweet treat	piruleta
A dessert or sweet treat	piruli
A dessert or sweet treat	polo
A dessert or sweet treat	polvoron
A dessert or sweet treat	ponque
A dessert or sweet treat	postre
A dessert or sweet treat	postres
A dessert or sweet treat	praline
A dessert or sweet treat	profiterol
A dessert or sweet treat	prostituta
A dessert or sweet treat	pud
A dessert or sweet treat	pudding
A dessert or sweet treat	pudin
A dessert or sweet treat	puding
A dessert or sweet treat	puta
A dessert or sweet treat	quequi
A dessert or sweet treat	quesada
A dessert or sweet treat	quesadilla
A dessert or sweet treat	quiche
A dessert or sweet treat	ramera
A dessert or sweet treat	regaliz
A dessert or sweet treat	reposteria
A dessert or sweet treat	rosquilla
A dessert or sweet treat	rugulah
A dessert or sweet treat	sabayon
A dessert or sweet treat	sandy
A dessert or sweet treat	savarin
A dessert or sweet treat	shortbread
A dessert or sweet treat	sirope
A dessert or sweet treat	sorbete
A dessert or sweet treat	souffle
A dessert or sweet treat	split
A dessert or sweet treat	streusel
A dessert or sweet treat	strudel
A dessert or sweet treat	succade
A dessert or sweet treat	sufle
A dessert or sweet treat	sundae
A dessert or sweet treat	syllabub
A dessert or sweet treat	tarta
A dessert or sweet treat	tartaleta
A dessert or sweet treat	teacake
A dessert or sweet treat	timbal
A dessert or sweet treat	tiramisu
A dessert or sweet treat	tofe
A dessert or sweet treat	toffee
A dessert or sweet treat	toffy
A dessert or sweet treat	torta
A dessert or sweet treat	torte
A dessert or sweet treat	tortilla
A dessert or sweet treat	tortita
A dessert or sweet treat	tostada
A dessert or sweet treat	trifle
A dessert or sweet treat	troche
A dessert or sweet treat	trufa
A dessert or sweet treat	turron
A dessert or sweet treat	volovan
A dessert or sweet treat	zabaglione
A dessert or sweet treat	zabaione
A dessert or sweet treat	zapatera
A dessert or sweet treat	zapatero
A dessert or sweet treat	zorra
A type of fish	abadejo
A type of fish	acantopterigio
A type of fish	acipenseridae
A type of fish	agujon
A type of fish	albacora
A type of fish	albur
A type of fish	alburno
A type of fish	alepisauridae
A type of fish	alevin
A type of fish	allice
A type of fish	allis
A type of fish	alosa
A type of fish	amia
A type of fish	anchoa
A type of fish	angelote
A type of fish	anguila
A type of fish	anguiliforme
A type of fish	angula
A type of fish	antennariidae
A type of fish	arenque
A type of fish	atun
A type of fish	autopista
A type of fish	autovia
A type of fish	azotador
A type of fish	bacalao
A type of fish	bacoreta
A type of fish	bagre
A type of fish	bajo
A type of fish	balistidae
A type of fish	barbo
A type of fish	barracouta
A type of fish	barracuda
A type of fish	batrachoididae
A type of fish	belonidae
A type of fish	beluga
A type of fish	berdel
A type of fish	bergall
A type of fish	besugo
A type of fish	blanquillo
A type of fish	blenido
A type of fish	bolti
A type of fish	bonitalo
A type of fish	bonito
A type of fish	boqueron
A type of fish	brema
A type of fish	buitre
A type of fish	caballa
A type of fish	cacho
A type of fish	cailon
A type of fish	callionymidae
A type of fish	caplin
A type of fish	caracido
A type of fish	carangido
A type of fish	carapidae
A type of fish	carbonero
A type of fish	caribe
A type of fish	carite
A type of fish	carpa
A type of fish	carpin
A type of fish	carpita
A type of fish	catostomid
A type of fish	catostomido
A type of fish	cavalla
A type of fish	cazon
A type of fish	celacanto
A type of fish	central
A type of fish	centrarchid
A type of fish	centro
A type of fish	centrocampista
A type of fish	ceratodus
A type of fish	cetorrino
A type of fish	chaetodon
A type of fish	chanquete
A type of fish	characid
A type of fish	cherna
A type of fish	chicharra
A type of fish	chicharro
A type of fish	chimbolo
A type of fish	cichlidae
A type of fish	cicloptero
A type of fish	cinolebia
A type of fish	ciprinido
A type of fish	cipriniforme
A type of fish	clinid
A type of fish	clinidae
A type of fish	clupea
A type of fish	cobia
A type of fish	colmilleja
A type of fish	conger
A type of fish	congrio
A type of fish	cornuda
A type of fish	cornudilla
A type of fish	corredor
A type of fish	crosopterigio
A type of fish	cupleiforme
A type of fish	damisela
A type of fish	dingui
A type of fish	diodontidae
A type of fish	dipnoi
A type of fish	dragonet
A type of fish	eglefino
A type of fish	emperador
A type of fish	eperlano
A type of fish	epinephelinae
A type of fish	escarcho
A type of fish	escolar
A type of fish	escombrido
A type of fish	escombro
A type of fish	escorpena
A type of fish	escorpenido
A type of fish	escorpina
A type of fish	espadin
A type of fish	esperiano
A type of fish	espinoso
A type of fish	estornino
A type of fish	esturion
A type of fish	fletan
A type of fish	gadido
A type of fish	gadiforme
A type of fish	galeo
A type of fish	gallo
A type of fish	ganoid
A type of fish	ganoideo
A type of fish	garpike
A type of fish	gasterosteidae
A type of fish	gempylid
A type of fish	gobio
A type of fish	goujon
A type of fish	grindle
A type of fish	halfbeak
A type of fish	halibut
A type of fish	hausen
A type of fish	haz
A type of fish	helleri
A type of fish	hemiramphidae
A type of fish	hipocampo
A type of fish	hipogloso
A type of fish	hogchoker
A type of fish	holibut
A type of fish	holocefalo
A type of fish	hornpout
A type of fish	irradiacion
A type of fish	istiophorus
A type of fish	jaqueton
A type of fish	jurel
A type of fish	labridae
A type of fish	lampris
A type of fish	lancha
A type of fish	lanzon
A type of fish	launce
A type of fish	lenguado
A type of fish	leucisco
A type of fish	liparidae
A type of fish	listado
A type of fish	liza
A type of fish	lobefin
A type of fish	lobo
A type of fish	locha
A type of fish	lonja
A type of fish	lophiiformes
A type of fish	lota
A type of fish	louvar
A type of fish	lox
A type of fish	macabijo
A type of fish	macrouridae
A type of fish	mako
A type of fish	malacopterigio
A type of fish	manta
A type of fish	mantarraya
A type of fish	margate
A type of fish	marion
A type of fish	marrajo
A type of fish	megalopidae
A type of fish	merlan
A type of fish	merluza
A type of fish	mero
A type of fish	merodeador
A type of fish	mielga
A type of fish	mojarra
A type of fish	mola
A type of fish	mollie
A type of fish	monacanthidae
A type of fish	morena
A type of fish	morlango
A type of fish	morsa
A type of fish	mujol
A type of fish	myctophidae
A type of fish	opa
A type of fish	opah
A type of fish	palometa
A type of fish	paltus
A type of fish	pastinaca
A type of fish	patin
A type of fish	patines
A type of fish	pececillo
A type of fish	peces
A type of fish	pejerrey
A type of fish	pejesapo
A type of fish	perca
A type of fish	percha
A type of fish	perciforme
A type of fish	percoideo
A type of fish	periophthalmus
A type of fish	pescadilla
A type of fish	pescado
A type of fish	pescar
A type of fish	pez
A type of fish	pintado
A type of fish	pirana
A type of fish	piscardo
A type of fish	pisces
A type of fish	platija
A type of fish	plectognato
A type of fish	polyodontidae
A type of fish	pomatomidae
A type of fish	pristiformes
A type of fish	quiaquia
A type of fish	quimera
A type of fish	rape
A type of fish	rascacio
A type of fish	raya
A type of fish	rayido
A type of fish	rayo
A type of fish	redhorse
A type of fish	regalecidae
A type of fish	remol
A type of fish	remora
A type of fish	reo
A type of fish	rhinobatidae
A type of fish	rivulus
A type of fish	robalo
A type of fish	rodaballo
A type of fish	sabalo
A type of fish	saboga
A type of fish	salmon
A type of fish	salmonete
A type of fish	salmonido
A type of fish	sarda
A type of fish	sardina
A type of fish	sardineta
A type of fish	scaridae
A type of fish	sciaenid
A type of fish	searobin
A type of fish	selaceo
A type of fish	selachimorpha
A type of fish	selacio
A type of fish	serranido
A type of fish	siganidae
A type of fish	silurid
A type of fish	silurido
A type of fish	siluriforme
A type of fish	siluriformes
A type of fish	siluro
A type of fish	snoek
A type of fish	solla
A type of fish	sollo
A type of fish	sphyraena
A type of fish	squaretail
A type of fish	stromateid
A type of fish	suela
A type of fish	tarpon
A type of fish	tautog
A type of fish	teleostan
A type of fish	teleostei
A type of fish	teleosteo
A type of fish	teleosteos
A type of fish	tenca
A type of fish	tenpounder
A type of fish	tetra
A type of fish	tiburon
A type of fish	tilapia
A type of fish	tintorera
A type of fish	tonina
A type of fish	torillo
A type of fish	torpedo
A type of fish	torsk
A type of fish	trachipteridae
A type of fish	traquiptero
A type of fish	trilla
A type of fish	tripletail
A type of fish	trucha
A type of fish	tuna
A type of fish	uranoscopidae
A type of fish	vaina
A type of fish	verdel
A type of fish	vieja
A container	aceitera
A container	aceitero
A container	acuario
A container	aguamanil
A container	airbag
A container	aislante
A container	ajuar
A container	alacena
A container	alambique
A container	alcancia
A container	alcubilla
A container	alforja
A container	alforjas
A container	aljaba
A container	aljofaina
A container	ampolla
A container	ampolleta
A container	andas
A container	anfora
A container	angarilla
A container	arca
A container	arcas
A container	arcon
A container	armario
A container	arqueta
A container	arteson
A container	ataud
A container	autoclave
A container	azafate
A container	bagaje
A container	balde
A container	banadera
A container	banano
A container	banasta
A container	bandeja
A container	banera
A container	bano
A container	baptisterio
A container	barjuleta
A container	barril
A container	barrilete
A container	basurero
A container	batea
A container	baul
A container	beanbag
A container	biberon
A container	bide
A container	bidet
A container	bidon
A container	billetera
A container	billetero
A container	bock
A container	bocoy
A container	boiler
A container	bol
A container	bolsa
A container	bolsillo
A container	bolso
A container	bolson
A container	bombona
A container	bota
A container	botafumeiro
A container	bote
A container	botella
A container	boveda
A container	bulto
A container	buzon
A container	cacerola
A container	caddie
A container	cadenas
A container	cafetera
A container	caja
A container	cajon
A container	calabacino
A container	calabaza
A container	caldera
A container	caldero
A container	calentador
A container	caliz
A container	canal
A container	canasta
A container	canastilla
A container	canastillo
A container	candiota
A container	cano
A container	canon
A container	cantaro
A container	cantimplora
A container	cantina
A container	capacho
A container	caparazon
A container	carcaj
A container	carpeta
A container	cartapacio
A container	cartera
A container	caseton
A container	casilla
A container	casillero
A container	caso
A container	cazo
A container	cazuela
A container	cebadera
A container	cepillo
A container	cepo
A container	cerillero
A container	cesta
A container	cesto
A container	charola
A container	cisterna
A container	closet
A container	cofre
A container	compartimento
A container	contenedor
A container	copa
A container	copela
A container	crewet
A container	cripta
A container	crisol
A container	cristal
A container	cuba
A container	cubeta
A container	cubo
A container	cucharon
A container	cuenco
A container	cuerdas
A container	cuero
A container	cuna
A container	cunete
A container	custodia
A container	damajuana
A container	decantador
A container	deposito
A container	despensa
A container	digestor
A container	ejemplo
A container	emocion
A container	ensaladera
A container	envase
A container	equipaje
A container	escalofrio
A container	escudilla
A container	espeluzno
A container	estano
A container	estuche
A container	faltriquera
A container	fardel
A container	feretro
A container	fiambrera
A container	florero
A container	folleto
A container	fosforera
A container	fosforero
A container	frasco
A container	frasquito
A container	funda
A container	galon
A container	garrafa
A container	garrafon
A container	gasometro
A container	gaveta
A container	granada
A container	grillete
A container	guardamechones
A container	guardapelo
A container	handbasket
A container	harinero
A container	hervidor
A container	hielera
A container	hormigueo
A container	incensario
A container	instancia
A container	iva
A container	jarra
A container	jarrito
A container	jarro
A container	jarron
A container	jicara
A container	jofaina
A container	joyero
A container	kit
A container	kylix
A container	lanzador
A container	lata
A container	lavabo
A container	lavafrutas
A container	lavaojos
A container	lavatorio
A container	lechera
A container	libreto
A container	lio
A container	macuto
A container	mala
A container	maleta
A container	maletin
A container	mamadera
A container	mantequera
A container	marmita
A container	mazer
A container	mazo
A container	medallon
A container	membranofono
A container	mermeladero
A container	mochila
A container	monedero
A container	morral
A container	mortero
A container	mugful
A container	nasa
A container	neceser
A container	obus
A container	odre
A container	ojera
A container	olla
A container	ostensorio
A container	palangana
A container	panera
A container	panfleto
A container	panteon
A container	papelera
A container	paquete
A container	pastillero
A container	pecera
A container	pecho
A container	pectus
A container	pellejo
A container	pesebre
A container	petaca
A container	petate
A container	pichel
A container	pistolera
A container	pitillera
A container	placard
A container	playbox
A container	plumier
A container	polvera
A container	polvorin
A container	ponchera
A container	portacartas
A container	portafolio
A container	portafolios
A container	portafotos
A container	portamonedas
A container	portaviandas
A container	pote
A container	pozal
A container	proyectil
A container	receptaculo
A container	recinto
A container	recipiente
A container	registradora
A container	relicario
A container	retorta
A container	ridiculo
A container	rinonera
A container	ropero
A container	samovar
A container	saquito
A container	sarcofago
A container	sarten
A container	seron
A container	silleta
A container	silo
A container	sobre
A container	sombrerera
A container	sopera
A container	sporran
A container	sumidero
A container	tabaquera
A container	tambor
A container	tamuga
A container	tanque
A container	taparo
A container	taquilla
A container	tarro
A container	taza
A container	tazon
A container	tecomate
A container	termo
A container	termosifon
A container	tetera
A container	tetero
A container	timpano
A container	tina
A container	tintero
A container	tiriton
A container	tobo
A container	toby
A container	tolva
A container	tonel
A container	torax
A container	trabas
A container	trompa
A container	tronco
A container	tuberia
A container	tubo
A container	twirler
A container	urna
A container	vaciadero
A container	vade
A container	vademecum
A container	vaina
A container	valija
A container	vasija
A container	vaso
A container	vejiga
A container	vez
A container	vial
A container	vidrio
A container	vinagrera
A container	vinagreras
A container	vinajera
A container	vitrina
A container	vivero
A container	yescas
A container	yesquero
A container	zafacon
A container	zapallo
A container	zaque
A shape	acanaladura
A shape	alma
A shape	ambito
A shape	anillo
A shape	aranazo
A shape	arbol
A shape	area
A shape	arruga
A shape	asterismo
A shape	astro
A shape	bache
A shape	bloque
A shape	bulto
A shape	cabeza
A shape	caja
A shape	campo
A shape	canaladura
A shape	casilla
A shape	chispa
A shape	cilindro
A shape	circulito
A shape	circulo
A shape	circunferencia
A shape	cladograma
A shape	cola
A shape	columna
A shape	comba
A shape	combadura
A shape	combo
A shape	concavidad
A shape	configuracion
A shape	conformacion
A shape	conica
A shape	conico
A shape	cono
A shape	contorno
A shape	convexidad
A shape	copa
A shape	corazon
A shape	corcova
A shape	creciente
A shape	cresta
A shape	cuadrado
A shape	cuadrilatero
A shape	cuadrilongo
A shape	cuadro
A shape	cubo
A shape	cuboide
A shape	cuenco
A shape	culebreo
A shape	cuna
A shape	cuneus
A shape	cupula
A shape	curva
A shape	decaedro
A shape	decagono
A shape	depresion
A shape	diamante
A shape	disco
A shape	dodecaedro
A shape	dodecagono
A shape	dominio
A shape	dona
A shape	donut
A shape	ecuador
A shape	elipse
A shape	elipsoide
A shape	endecagono
A shape	eneagono
A shape	engrosamiento
A shape	entasis
A shape	epiciclo
A shape	esfera
A shape	esferoide
A shape	espiral
A shape	espolon
A shape	estrella
A shape	estria
A shape	exagono
A shape	excrecencia
A shape	extrusion
A shape	fila
A shape	fisura
A shape	flecha
A shape	forma
A shape	friso
A shape	gancho
A shape	gota
A shape	grieta
A shape	helice
A shape	hemiciclo
A shape	hemisferio
A shape	hendedura
A shape	hendidura
A shape	heptagono
A shape	hexaedro
A shape	hexagono
A shape	hexagrama
A shape	hiperbola
A shape	hiperbole
A shape	hoyo
A shape	hoyuelo
A shape	hueco
A shape	icosaedro
A shape	impresion
A shape	incision
A shape	indicador
A shape	isogono
A shape	joroba
A shape	lagrima
A shape	marca
A shape	medialuna
A shape	mella
A shape	molde
A shape	muesca
A shape	nodo
A shape	nonagono
A shape	octaedro
A shape	octagono
A shape	octogono
A shape	ojete
A shape	ola
A shape	onda
A shape	ondulacion
A shape	orbita
A shape	ortoedro
A shape	oval
A shape	ovalo
A shape	ovoide
A shape	pandeo
A shape	parabola
A shape	paraboloide
A shape	paralelepipedo
A shape	paralelogramo
A shape	pentaculo
A shape	pentaedro
A shape	pentagono
A shape	pentagrama
A shape	piramide
A shape	plato
A shape	poliedro
A shape	poligono
A shape	prisma
A shape	prismatoide
A shape	prismoide
A shape	prominencia
A shape	protuberancia
A shape	punta
A shape	punto
A shape	quadrangle
A shape	quebradura
A shape	quebraja
A shape	rafe
A shape	raja
A shape	ranura
A shape	rebajo
A shape	rectangulo
A shape	rendija
A shape	resalto
A shape	rhaphe
A shape	rodera
A shape	rodillo
A shape	rollo
A shape	rombo
A shape	romboedro
A shape	romboide
A shape	rosquilla
A shape	saliente
A shape	sector
A shape	semicirculo
A shape	solido
A shape	surco
A shape	terreno
A shape	terron
A shape	tetraedro
A shape	tetragono
A shape	timbre
A shape	toro
A shape	toroide
A shape	trapecio
A shape	trapezoedro
A shape	trapezoide
A shape	triangulo
A shape	trilateral
A shape	tronco
A shape	umbo
A shape	undecagon
A shape	undecagono
A shape	vanguardia
A shape	verruga
A shape	vertice
A shape	zag
A shape	zig
A shape	zigzag
A shape	zigzagueo
A herb or spice	abaca
A herb or spice	acanto
A herb or spice	acedera
A herb or spice	aceitunas
A herb or spice	acelga
A herb or spice	achillea
A herb or spice	achira
A herb or spice	adaza
A herb or spice	aderezo
A herb or spice	adobo
A herb or spice	adormidera
A herb or spice	agrimonia
A herb or spice	agropiro
A herb or spice	agrostis
A herb or spice	aguaymanto
A herb or spice	ajedrea
A herb or spice	aji
A herb or spice	ajiaceite
A herb or spice	ajo
A herb or spice	ajonjoli
A herb or spice	alazor
A herb or spice	albahaca
A herb or spice	alcachofa
A herb or spice	alcacil
A herb or spice	alcaparras
A herb or spice	alcaravea
A herb or spice	alcaucil
A herb or spice	alecost
A herb or spice	alegria
A herb or spice	alemana
A herb or spice	alemanda
A herb or spice	alfalfa
A herb or spice	alfilaria
A herb or spice	alfileria
A herb or spice	alforfon
A herb or spice	algodoncillo
A herb or spice	alholva
A herb or spice	alino
A herb or spice	alioli
A herb or spice	allemande
A herb or spice	almibar
A herb or spice	alocasia
A herb or spice	alpiste
A herb or spice	alquequenje
A herb or spice	alubia
A herb or spice	alverja
A herb or spice	alverjana
A herb or spice	amapola
A herb or spice	amaranthus
A herb or spice	amaranto
A herb or spice	amargon
A herb or spice	amorphophallus
A herb or spice	anana
A herb or spice	ananas
A herb or spice	anchusa
A herb or spice	andryala
A herb or spice	angelica
A herb or spice	angelique
A herb or spice	anis
A herb or spice	apio
A herb or spice	aquilea
A herb or spice	arcangel
A herb or spice	argemone
A herb or spice	arnica
A herb or spice	aro
A herb or spice	arrope
A herb or spice	arroz
A herb or spice	arrurruz
A herb or spice	arum
A herb or spice	arveja
A herb or spice	asafetida
A herb or spice	asarabacca
A herb or spice	asclepiadacea
A herb or spice	aspartame
A herb or spice	aspartamo
A herb or spice	asperilla
A herb or spice	aspidistra
A herb or spice	astilbe
A herb or spice	astrancia
A herb or spice	astrantia
A herb or spice	avalancha
A herb or spice	avena
A herb or spice	ayapana
A herb or spice	azafran
A herb or spice	azucar
A herb or spice	azulejo
A herb or spice	bahia
A herb or spice	ballico
A herb or spice	bambu
A herb or spice	banana
A herb or spice	bananero
A herb or spice	banano
A herb or spice	barbaridad
A herb or spice	barbon
A herb or spice	barrenwort
A herb or spice	bearnaise
A herb or spice	bechamel
A herb or spice	bedstraw
A herb or spice	bejuco
A herb or spice	beleno
A herb or spice	belladona
A herb or spice	bellorita
A herb or spice	bentgrass
A herb or spice	bercy
A herb or spice	berenjena
A herb or spice	bergenia
A herb or spice	berro
A herb or spice	besamel
A herb or spice	besamela
A herb or spice	bestialidad
A herb or spice	betabel
A herb or spice	betarraga
A herb or spice	bluestem
A herb or spice	bordelaise
A herb or spice	borecole
A herb or spice	borona
A herb or spice	borraja
A herb or spice	breakstone
A herb or spice	brecol
A herb or spice	broccoli
A herb or spice	brocoli
A herb or spice	bromo
A herb or spice	burrada
A herb or spice	cacahuete
A herb or spice	caladium
A herb or spice	calamint
A herb or spice	calliopsis
A herb or spice	camomila
A herb or spice	campanilla
A herb or spice	campanula
A herb or spice	cana
A herb or spice	canacoro
A herb or spice	canavera
A herb or spice	candelaria
A herb or spice	canela
A herb or spice	canonigo
A herb or spice	cantidad
A herb or spice	capuchina
A herb or spice	carbonara
A herb or spice	carda
A herb or spice	cardamomo
A herb or spice	cardamum
A herb or spice	cardencha
A herb or spice	cardo
A herb or spice	carrizo
A herb or spice	cassareep
A herb or spice	catchup
A herb or spice	catmint
A herb or spice	catnip
A herb or spice	catsup
A herb or spice	caupi
A herb or spice	cayena
A herb or spice	cebada
A herb or spice	cebolleta
A herb or spice	cebollin
A herb or spice	cebollino
A herb or spice	celidonia
A herb or spice	cenizo
A herb or spice	centeno
A herb or spice	centinodia
A herb or spice	cerafolio
A herb or spice	cereal
A herb or spice	cerefolio
A herb or spice	cesped
A herb or spice	chaenactis
A herb or spice	chile
A herb or spice	chimbombo
A herb or spice	chimichurri
A herb or spice	chirivia
A herb or spice	chutney
A herb or spice	cilantro
A herb or spice	cisca
A herb or spice	citrina
A herb or spice	citronela
A herb or spice	cive
A herb or spice	cizana
A herb or spice	clavelina
A herb or spice	clavo
A herb or spice	cleome
A herb or spice	clivers
A herb or spice	col
A herb or spice	colbert
A herb or spice	coleus
A herb or spice	coliflor
A herb or spice	colinabo
A herb or spice	colleja
A herb or spice	colza
A herb or spice	comino
A herb or spice	condimento
A herb or spice	congou
A herb or spice	consuelda
A herb or spice	coracan
A herb or spice	corakan
A herb or spice	coralwort
A herb or spice	coreopsis
A herb or spice	coriandro
A herb or spice	coulis
A herb or spice	crabgrass
A herb or spice	crotalaria
A herb or spice	crucifera
A herb or spice	cuajaleche
A herb or spice	culantro
A herb or spice	cumfrey
A herb or spice	cumulo
A herb or spice	curcuma
A herb or spice	curry
A herb or spice	daikon
A herb or spice	dallisgrass
A herb or spice	dalo
A herb or spice	dedalera
A herb or spice	demiglace
A herb or spice	demiglase
A herb or spice	dextrosa
A herb or spice	digital
A herb or spice	digitalis
A herb or spice	dormidera
A herb or spice	doura
A herb or spice	dourah
A herb or spice	draba
A herb or spice	dracontium
A herb or spice	durra
A herb or spice	edulcorante
A herb or spice	encurtido
A herb or spice	endibia
A herb or spice	endivia
A herb or spice	endulzante
A herb or spice	eneldo
A herb or spice	enormidad
A herb or spice	epazote
A herb or spice	escabeche
A herb or spice	escanda
A herb or spice	escarola
A herb or spice	escobilla
A herb or spice	escorzonera
A herb or spice	esparcet
A herb or spice	esparceta
A herb or spice	esparrago
A herb or spice	especia
A herb or spice	espelta
A herb or spice	espinaca
A herb or spice	espirea
A herb or spice	espliego
A herb or spice	estragon
A herb or spice	euro
A herb or spice	fajo
A herb or spice	farfara
A herb or spice	farolillo
A herb or spice	farro
A herb or spice	federita
A herb or spice	fenogreco
A herb or spice	feterita
A herb or spice	flavorer
A herb or spice	flavourer
A herb or spice	fleawort
A herb or spice	flox
A herb or spice	fragaria
A herb or spice	francesilla
A herb or spice	fraxinella
A herb or spice	frejol
A herb or spice	fresa
A herb or spice	frijol
A herb or spice	frutilla
A herb or spice	galangal
A herb or spice	galax
A herb or spice	garbanzo
A herb or spice	garget
A herb or spice	garranchuelo
A herb or spice	genlisea
A herb or spice	geranio
A herb or spice	geranium
A herb or spice	ginseng
A herb or spice	gordolobo
A herb or spice	grama
A herb or spice	graminea
A herb or spice	gramineas
A herb or spice	granadina
A herb or spice	grano
A herb or spice	gravy
A herb or spice	gromwell
A herb or spice	guacamole
A herb or spice	gualda
A herb or spice	guar
A herb or spice	guindilla
A herb or spice	guingambo
A herb or spice	guisante
A herb or spice	guru
A herb or spice	habichuela
A herb or spice	halicacabo
A herb or spice	halogeton
A herb or spice	helenio
A herb or spice	henbit
A herb or spice	hepatica
A herb or spice	heracleum
A herb or spice	herbacea
A herb or spice	herbaje
A herb or spice	hieracium
A herb or spice	hierba
A herb or spice	hierbabuena
A herb or spice	hierbas
A herb or spice	hinojo
A herb or spice	hisopo
A herb or spice	hortaliza
A herb or spice	hummus
A herb or spice	humus
A herb or spice	hyson
A herb or spice	hyssopus
A herb or spice	hystrix
A herb or spice	infusion
A herb or spice	inula
A herb or spice	jarabe
A herb or spice	jaramago
A herb or spice	jarope
A herb or spice	jedrea
A herb or spice	jengibre
A herb or spice	joyo
A herb or spice	judia
A herb or spice	kaoliang
A herb or spice	ketchup
A herb or spice	kniphofia
A herb or spice	knotgrass
A herb or spice	krigia
A herb or spice	krubi
A herb or spice	lathraea
A herb or spice	laurel
A herb or spice	lavanda
A herb or spice	lavandula
A herb or spice	lechuga
A herb or spice	legumbre
A herb or spice	leguminosa
A herb or spice	lenteja
A herb or spice	leopardbane
A herb or spice	lepidium
A herb or spice	levistico
A herb or spice	ligustico
A herb or spice	livelong
A herb or spice	liverleaf
A herb or spice	llanten
A herb or spice	loasa
A herb or spice	lobelia
A herb or spice	locoismo
A herb or spice	lolium
A herb or spice	lombarda
A herb or spice	lote
A herb or spice	lucerna
A herb or spice	macal
A herb or spice	macis
A herb or spice	madake
A herb or spice	madwort
A herb or spice	mahonesa
A herb or spice	maiz
A herb or spice	malagueta
A herb or spice	malanga
A herb or spice	malcoraje
A herb or spice	mandragora
A herb or spice	mandragula
A herb or spice	manzanilla
A herb or spice	maranta
A herb or spice	margarina
A herb or spice	marinada
A herb or spice	marinara
A herb or spice	marrubio
A herb or spice	martynia
A herb or spice	masterwort
A herb or spice	mastuerzo
A herb or spice	matalahuga
A herb or spice	matricaria
A herb or spice	mayonesa
A herb or spice	mayorana
A herb or spice	mejorana
A herb or spice	melado
A herb or spice	melaza
A herb or spice	melisa
A herb or spice	melosa
A herb or spice	menta
A herb or spice	mercurial
A herb or spice	miel
A herb or spice	mijera
A herb or spice	mijo
A herb or spice	milenrama
A herb or spice	millo
A herb or spice	milo
A herb or spice	miltomate
A herb or spice	miso
A herb or spice	miterwort
A herb or spice	mitrewort
A herb or spice	moca
A herb or spice	mogollon
A herb or spice	mole
A herb or spice	molondron
A herb or spice	monarda
A herb or spice	monetaria
A herb or spice	moneywort
A herb or spice	montana
A herb or spice	monton
A herb or spice	morquera
A herb or spice	mostaza
A herb or spice	multitud
A herb or spice	mung
A herb or spice	munj
A herb or spice	munja
A herb or spice	myosotis
A herb or spice	nabo
A herb or spice	naju
A herb or spice	napa
A herb or spice	nebeda
A herb or spice	nebrina
A herb or spice	nemophila
A herb or spice	nepentaceas
A herb or spice	nephthytis
A herb or spice	nierembergia
A herb or spice	nimblewill
A herb or spice	nomeolvides
A herb or spice	oca
A herb or spice	okra
A herb or spice	oleo
A herb or spice	oliva
A herb or spice	olivas
A herb or spice	ombu
A herb or spice	onagra
A herb or spice	onobrychis
A herb or spice	oolong
A herb or spice	orache
A herb or spice	oregano
A herb or spice	origanum
A herb or spice	orpin
A herb or spice	oruga
A herb or spice	oxalis
A herb or spice	pakchoi
A herb or spice	panax
A herb or spice	panizo
A herb or spice	papaverales
A herb or spice	paprika
A herb or spice	paspalum
A herb or spice	passel
A herb or spice	pasta
A herb or spice	pastinaca
A herb or spice	pasto
A herb or spice	pate
A herb or spice	pekoe
A herb or spice	pensamiento
A herb or spice	peperomia
A herb or spice	pepinillo
A herb or spice	pepinillos
A herb or spice	perejil
A herb or spice	perifolio
A herb or spice	perifollo
A herb or spice	pesto
A herb or spice	phlox
A herb or spice	physostegia
A herb or spice	pia
A herb or spice	piccalilli
A herb or spice	pickles
A herb or spice	picles
A herb or spice	pila
A herb or spice	pimenton
A herb or spice	pimienta
A herb or spice	pimiento
A herb or spice	pimpinela
A herb or spice	pina
A herb or spice	pipirigallo
A herb or spice	pipsissewa
A herb or spice	piretro
A herb or spice	platano
A herb or spice	plombagina
A herb or spice	poivrade
A herb or spice	polemonium
A herb or spice	poleo
A herb or spice	poulette
A herb or spice	primavera
A herb or spice	primula
A herb or spice	pungapung
A herb or spice	pussley
A herb or spice	pyrola
A herb or spice	quimbombo
A herb or spice	quingombo
A herb or spice	rabano
A herb or spice	rabillo
A herb or spice	ragi
A herb or spice	ramona
A herb or spice	ranunculo
A herb or spice	raponchigo
A herb or spice	raspilla
A herb or spice	ravigote
A herb or spice	regaliz
A herb or spice	relish
A herb or spice	remolacha
A herb or spice	remoulade
A herb or spice	repollo
A herb or spice	reseda
A herb or spice	ribgrass
A herb or spice	ribwort
A herb or spice	romaza
A herb or spice	romero
A herb or spice	roqueta
A herb or spice	roridula
A herb or spice	rosilla
A herb or spice	ruca
A herb or spice	rucula
A herb or spice	ruda
A herb or spice	ruibarbo
A herb or spice	ruta
A herb or spice	rutabaga
A herb or spice	saborea
A herb or spice	sacarina
A herb or spice	sal
A herb or spice	salpiglossis
A herb or spice	salsa
A herb or spice	salsifi
A herb or spice	salvia
A herb or spice	sandbur
A herb or spice	sandspur
A herb or spice	sanguinaria
A herb or spice	sasafras
A herb or spice	satinpod
A herb or spice	sawwort
A herb or spice	saxifraga
A herb or spice	sazonador
A herb or spice	scoke
A herb or spice	sedum
A herb or spice	serpol
A herb or spice	sesamo
A herb or spice	sesbania
A herb or spice	shamrock
A herb or spice	silkgrass
A herb or spice	simple
A herb or spice	sinfito
A herb or spice	sirope
A herb or spice	smitane
A herb or spice	soja
A herb or spice	solenostemon
A herb or spice	sorghum
A herb or spice	sorgo
A herb or spice	soubise
A herb or spice	souchong
A herb or spice	soya
A herb or spice	spiderwort
A herb or spice	stapelia
A herb or spice	stevia
A herb or spice	storksbill
A herb or spice	sundrops
A herb or spice	symphytum
A herb or spice	tabaco
A herb or spice	tabasco
A herb or spice	tahina
A herb or spice	tahini
A herb or spice	tailwort
A herb or spice	tapenade
A herb or spice	teasle
A herb or spice	teazel
A herb or spice	teff
A herb or spice	thymus
A herb or spice	tiarella
A herb or spice	tirabeque
A herb or spice	tisana
A herb or spice	toitoi
A herb or spice	tomate
A herb or spice	tomatera
A herb or spice	tomillo
A herb or spice	torito
A herb or spice	toronjil
A herb or spice	tragopogon
A herb or spice	trebol
A herb or spice	trifolium
A herb or spice	trigo
A herb or spice	tritoma
A herb or spice	tusilago
A herb or spice	uchuva
A herb or spice	uda
A herb or spice	umbelifera
A herb or spice	vainilla
A herb or spice	vanilla
A herb or spice	vegetal
A herb or spice	veloute
A herb or spice	verbascum
A herb or spice	verdolaga
A herb or spice	verdolagas
A herb or spice	verdura
A herb or spice	vernonia
A herb or spice	veza
A herb or spice	vinagre
A herb or spice	vinagreta
A herb or spice	viola
A herb or spice	violeta
A herb or spice	wasabi
A herb or spice	waterleaf
A herb or spice	woodruff
A herb or spice	worcestershire
A herb or spice	yardgrass
A herb or spice	yaro
A herb or spice	yautia
A herb or spice	yerba
A herb or spice	yerbas
A herb or spice	zanahoria
A herb or spice	zara
A herb or spice	zoysia
A type of fabric	acetato
A type of fabric	acolchado
A type of fabric	acrilico
A type of fabric	agujeta
A type of fabric	alambrada
A type of fabric	albanega
A type of fabric	algodon
A type of fabric	aligator
A type of fabric	alpaca
A type of fabric	andrajo
A type of fabric	angora
A type of fabric	ankara
A type of fabric	ante
A type of fabric	arpillera
A type of fabric	babero
A type of fabric	badana
A type of fabric	balbriggan
A type of fabric	bambula
A type of fabric	batik
A type of fabric	batista
A type of fabric	bayeta
A type of fabric	becerrillo
A type of fabric	bluyin
A type of fabric	botarga
A type of fabric	boucle
A type of fabric	brocado
A type of fabric	bucaran
A type of fabric	buna
A type of fabric	cabritilla
A type of fabric	cachemir
A type of fabric	cachemira
A type of fabric	calico
A type of fabric	cambray
A type of fabric	camo
A type of fabric	camuflage
A type of fabric	canamazo
A type of fabric	canamo
A type of fabric	canesu
A type of fabric	cangreja
A type of fabric	caqui
A type of fabric	cebadera
A type of fabric	charol
A type of fabric	chinchilla
A type of fabric	chintz
A type of fabric	cincha
A type of fabric	contrafuerte
A type of fabric	cordoban
A type of fabric	cordon
A type of fabric	correal
A type of fabric	crepe
A type of fabric	crespon
A type of fabric	cretona
A type of fabric	cuarto
A type of fabric	cuero
A type of fabric	cuti
A type of fabric	dacron
A type of fabric	damasco
A type of fabric	denim
A type of fabric	diaper
A type of fabric	dril
A type of fabric	dungaree
A type of fabric	elastano
A type of fabric	elastico
A type of fabric	empella
A type of fabric	encaje
A type of fabric	encendedor
A type of fabric	encerado
A type of fabric	escay
A type of fabric	escudete
A type of fabric	espinapez
A type of fabric	espinaquer
A type of fabric	estambre
A type of fabric	estamena
A type of fabric	estampado
A type of fabric	estopa
A type of fabric	estopilla
A type of fabric	estraza
A type of fabric	estropajo
A type of fabric	etamin
A type of fabric	etamine
A type of fabric	faldon
A type of fabric	felpa
A type of fabric	fibra
A type of fabric	fieltro
A type of fabric	foque
A type of fabric	forro
A type of fabric	fosforo
A type of fabric	foulard
A type of fabric	franela
A type of fabric	fregador
A type of fabric	friso
A type of fabric	fular
A type of fabric	gabardina
A type of fabric	gamuza
A type of fabric	gasa
A type of fabric	gavia
A type of fabric	genero
A type of fabric	goma
A type of fabric	gossypium
A type of fabric	gro
A type of fabric	grogram
A type of fabric	grosgrain
A type of fabric	guarache
A type of fabric	guardapolvo
A type of fabric	guinga
A type of fabric	guingan
A type of fabric	hankey
A type of fabric	harapo
A type of fabric	harpillera
A type of fabric	hule
A type of fabric	imprimir
A type of fabric	jean
A type of fabric	jeans
A type of fabric	jersey
A type of fabric	jiron
A type of fabric	juanete
A type of fabric	khaddar
A type of fabric	khadi
A type of fabric	lana
A type of fabric	latex
A type of fabric	lazo
A type of fabric	levis
A type of fabric	lienzo
A type of fabric	lino
A type of fabric	lona
A type of fabric	loneta
A type of fabric	longyi
A type of fabric	lugsail
A type of fabric	lungi
A type of fabric	lungyi
A type of fabric	macrame
A type of fabric	madras
A type of fabric	malla
A type of fabric	marroqui
A type of fabric	material
A type of fabric	mesana
A type of fabric	mezclilla
A type of fabric	mirinaque
A type of fabric	mohair
A type of fabric	molesquin
A type of fabric	moquero
A type of fabric	moqueta
A type of fabric	muare
A type of fabric	muleton
A type of fabric	muselina
A type of fabric	nailon
A type of fabric	neopreno
A type of fabric	nilon
A type of fabric	ninon
A type of fabric	nylon
A type of fabric	organdi
A type of fabric	organza
A type of fabric	orlon
A type of fabric	paisley
A type of fabric	pala
A type of fabric	paliacate
A type of fabric	pana
A type of fabric	panel
A type of fabric	pano
A type of fabric	panuelo
A type of fabric	parche
A type of fabric	pasador
A type of fabric	peluche
A type of fabric	pelusa
A type of fabric	percal
A type of fabric	piel
A type of fabric	pique
A type of fabric	plastilina
A type of fabric	poliester
A type of fabric	polipiel
A type of fabric	popelin
A type of fabric	popelina
A type of fabric	punta
A type of fabric	raso
A type of fabric	rayon
A type of fabric	red
A type of fabric	redecilla
A type of fabric	refuerzo
A type of fabric	rejilla
A type of fabric	remiendo
A type of fabric	reps
A type of fabric	resto
A type of fabric	retal
A type of fabric	retazo
A type of fabric	sabanilla
A type of fabric	sarcenet
A type of fabric	sarga
A type of fabric	sarrio
A type of fabric	sarsenet
A type of fabric	saten
A type of fabric	satin
A type of fabric	scrim
A type of fabric	seda
A type of fabric	sirsaca
A type of fabric	skysail
A type of fabric	spandex
A type of fabric	sparker
A type of fabric	spinnaker
A type of fabric	tacon
A type of fabric	tafeta
A type of fabric	tafetan
A type of fabric	tafilete
A type of fabric	talega
A type of fabric	tapa
A type of fabric	tapiceria
A type of fabric	tapis
A type of fabric	tapizado
A type of fabric	tartan
A type of fabric	tejanos
A type of fabric	tejido
A type of fabric	tela
A type of fabric	terciopelo
A type of fabric	terliz
A type of fabric	terylene
A type of fabric	textil
A type of fabric	tino
A type of fabric	toalla
A type of fabric	toison
A type of fabric	toldo
A type of fabric	tralla
A type of fabric	trapo
A type of fabric	trenza
A type of fabric	tricot
A type of fabric	trimestre
A type of fabric	trinquete
A type of fabric	tripe
A type of fabric	tul
A type of fabric	ultrasuede
A type of fabric	vaqueros
A type of fabric	vaqueta
A type of fabric	vela
A type of fabric	velacho
A type of fabric	velarte
A type of fabric	velcro
A type of fabric	vellon
A type of fabric	velludo
A type of fabric	velo
A type of fabric	velours
A type of fabric	vicuna
A type of fabric	vinilo
A type of fabric	viscosa
A type of fabric	viyella
A type of fabric	voile
A type of fabric	wincey
A type of fabric	wirework
A type of fabric	yute
A type of fabric	zapa
A type of fabric	zaraza
A word meaning big	abultado
A word meaning big	amplio
A word meaning big	ancho
A word meaning big	aparatosa
A word meaning big	aparatoso
A word meaning big	astronomica
A word meaning big	astronomico
A word meaning big	bombastico
A word meaning big	colosal
A word meaning big	cosmico
A word meaning big	crepado
A word meaning big	declamatorio
A word meaning big	descomunal
A word meaning big	desmedido
A word meaning big	elefantino
A word meaning big	enfatico
A word meaning big	enorme
A word meaning big	epico
A word meaning big	espacioso
A word meaning big	extensisimo
A word meaning big	extenso
A word meaning big	extragrande
A word meaning big	extralargo
A word meaning big	extraordinario
A word meaning big	fuerte
A word meaning big	galactico
A word meaning big	gigante
A word meaning big	gigantesco
A word meaning big	gran
A word meaning big	grande
A word meaning big	grandioso
A word meaning big	grandote
A word meaning big	grueso
A word meaning big	heroico
A word meaning big	hinchado
A word meaning big	importante
A word meaning big	inmenso
A word meaning big	intenso
A word meaning big	macro
A word meaning big	macroscopico
A word meaning big	masivo
A word meaning big	mastodontico
A word meaning big	mayor
A word meaning big	monolitico
A word meaning big	monstruoso
A word meaning big	montanoso
A word meaning big	monumental
A word meaning big	oceanico
A word meaning big	pesado
A word meaning big	prodigioso
A word meaning big	retorico
A word meaning big	significante
A word meaning big	significativo
A word meaning big	super
A word meaning big	terrible
A word meaning big	titanico
A word meaning big	tremenda
A word meaning big	tremendo
A word meaning big	vasto
A word meaning big	voluminoso
A word meaning small	atento
A word meaning small	baladi
A word meaning small	canijo
A word meaning small	chica
A word meaning small	chico
A word meaning small	chiquitin
A word meaning small	chiquito
A word meaning small	corto
A word meaning small	cuidadosa
A word meaning small	cuidadoso
A word meaning small	diminutivo
A word meaning small	diminuto
A word meaning small	enano
A word meaning small	enclenque
A word meaning small	endeble
A word meaning small	escaso
A word meaning small	futil
A word meaning small	imperceptible
A word meaning small	infinitesimal
A word meaning small	insignificante
A word meaning small	insustancial
A word meaning small	intrascendente
A word meaning small	joven
A word meaning small	liliputiense
A word meaning small	limitado
A word meaning small	menor
A word meaning small	menudo
A word meaning small	micro
A word meaning small	microscopico
A word meaning small	minucioso
A word meaning small	minusculo
A word meaning small	modesto
A word meaning small	nimio
A word meaning small	pequena
A word meaning small	pequenito
A word meaning small	pequeno
A word meaning small	poco
A word meaning small	prudente
A word meaning small	reducido
A word meaning small	subatomico
A word meaning small	trivial
A word meaning angry	agravado
A word meaning angry	airada
A word meaning angry	airado
A word meaning angry	borrascoso
A word meaning angry	brava
A word meaning angry	bravo
A word meaning angry	brutal
A word meaning angry	cabreado
A word meaning angry	chiflado
A word meaning angry	claro
A word meaning angry	colerico
A word meaning angry	delirante
A word meaning angry	demente
A word meaning angry	desequilibrado
A word meaning angry	desquiciado
A word meaning angry	embravecido
A word meaning angry	enfadada
A word meaning angry	enfadado
A word meaning angry	enfermizo
A word meaning angry	enfurecido
A word meaning angry	enojado
A word meaning angry	excitado
A word meaning angry	feroz
A word meaning angry	fiero
A word meaning angry	frenetico
A word meaning angry	furibundo
A word meaning angry	furioso
A word meaning angry	incoloro
A word meaning angry	incontrolado
A word meaning angry	indignado
A word meaning angry	indignante
A word meaning angry	insano
A word meaning angry	iracundo
A word meaning angry	irascible
A word meaning angry	irritado
A word meaning angry	livido
A word meaning angry	loco
A word meaning angry	luminoso
A word meaning angry	mosqueado
A word meaning angry	palido
A word meaning angry	provocado
A word meaning angry	rabioso
A word meaning angry	salvaje
A word meaning angry	tempestuoso
A word meaning angry	tormentoso
A word meaning angry	violento
A word meaning cold	algido
A word meaning cold	antipatico
A word meaning cold	arisco
A word meaning cold	artica
A word meaning cold	artico
A word meaning cold	congelado
A word meaning cold	crudo
A word meaning cold	descarinado
A word meaning cold	distante
A word meaning cold	enfriado
A word meaning cold	escalofriante
A word meaning cold	estremecido
A word meaning cold	fresco
A word meaning cold	fria
A word meaning cold	frigido
A word meaning cold	frigorifico
A word meaning cold	frio
A word meaning cold	gelido
A word meaning cold	glacial
A word meaning cold	helada
A word meaning cold	helado
A word meaning cold	hielo
A word meaning cold	impasible
A word meaning cold	invernal
A word meaning cold	pasado
A word meaning cold	polar
A word meaning cold	rancio
A word meaning cold	refrigerante
A word meaning cold	revenido
A word meaning cold	viciado
