Something you find in a kitchen	aigua
Something you find in a kitchen	aiguocao
Something you find in a kitchen	aisaiebiyajiao
Something you find in a kitchen	akaimuguo
Something you find in a kitchen	alabohuixiang
Something you find in a kitchen	anboluoguo
Something you find in a kitchen	anluoguo
Something you find in a kitchen	anxihuixiang
Something you find in a kitchen	anzhuo
Something you find in a kitchen	aonao
Something you find in a kitchen	aoxingqimin
Something you find in a kitchen	asibate
Something you find in a kitchen	asibatiantang
Something you find in a kitchen	awei
Something you find in a kitchen	aweijiao
Something you find in a kitchen	axiluola
Something you find in a kitchen	ayuehunzishu
Something you find in a kitchen	baba
Something you find in a kitchen	bagufeng
Something you find in a kitchen	baicao
Something you find in a kitchen	baichen
Something you find in a kitchen	baigansun
Something you find in a kitchen	baihuamabohe
Something you find in a kitchen	bailixiang
Something you find in a kitchen	baiqucai
Something you find in a kitchen	baixian
Something you find in a kitchen	baizhi
Something you find in a kitchen	bajiao
Something you find in a kitchen	bajiaodahui
Something you find in a kitchen	bajiaohuixiang
Something you find in a kitchen	bajiaoxiang
Something you find in a kitchen	bajiaozhu
Something you find in a kitchen	bandianhua
Something you find in a kitchen	bangchuicao
Something you find in a kitchen	bangtouzhu
Something you find in a kitchen	bangzhutouhua
Something you find in a kitchen	banzhijiu
Something you find in a kitchen	baodanggui
Something you find in a kitchen	baogaicao
Something you find in a kitchen	baohexiangzhi
Something you find in a kitchen	baozi
Something you find in a kitchen	batai
Something you find in a kitchen	bawangbian
Something you find in a kitchen	baxili
Something you find in a kitchen	bayuezhu
Something you find in a kitchen	bazhongmu
Something you find in a kitchen	bei
Something you find in a kitchen	beidahuang
Something you find in a kitchen	beihua
Something you find in a kitchen	beikaoqianpan
Something you find in a kitchen	beikedie
Something you find in a kitchen	beikehua
Something you find in a kitchen	beimeichanbohe
Something you find in a kitchen	beimeicheqian
Something you find in a kitchen	beipan
Something you find in a kitchen	beizi
Something you find in a kitchen	benlei
Something you find in a kitchen	biancao
Something you find in a kitchen	biandaxiuqiu
Something you find in a kitchen	biandou
Something you find in a kitchen	bianpingcanju
Something you find in a kitchen	biantao
Something you find in a kitchen	biao
Something you find in a kitchen	biaoge
Something you find in a kitchen	biaozi
Something you find in a kitchen	bichu
Something you find in a kitchen	bidou
Something you find in a kitchen	bilukuzhi
Something you find in a kitchen	bingfen
Something you find in a kitchen	binggan
Something you find in a kitchen	bingganguan
Something you find in a kitchen	bingganyamo
Something you find in a kitchen	binggao
Something you find in a kitchen	bingku
Something you find in a kitchen	bingqilin
Something you find in a kitchen	bingxiang
Something you find in a kitchen	bocai
Something you find in a kitchen	bohe
Something you find in a kitchen	boheshuzhiwu
Something you find in a kitchen	bohuixiang
Something you find in a kitchen	boli
Something you find in a kitchen	bolibei
Something you find in a kitchen	boliqimin
Something you find in a kitchen	bolizhipin
Something you find in a kitchen	boluo
Something you find in a kitchen	boyedahuang
Something you find in a kitchen	buchongjin
Something you find in a kitchen	budiaohua
Something you find in a kitchen	buding
Something you find in a kitchen	buxuecao
Something you find in a kitchen	buyingcao
Something you find in a kitchen	cacaiban
Something you find in a kitchen	cachuang
Something you find in a kitchen	cai
Something you find in a kitchen	caibaoxiangcao
Something you find in a kitchen	caidou
Something you find in a kitchen	caijiao
Something you find in a kitchen	cainiu
Something you find in a kitchen	caiyecao
Something you find in a kitchen	caizhi
Something you find in a kitchen	candao
Something you find in a kitchen	candou
Something you find in a kitchen	cangenglengzhi
Something you find in a kitchen	canhoutiandian
Something you find in a kitchen	canju
Something you find in a kitchen	cao
Something you find in a kitchen	caodishuweicao
Something you find in a kitchen	caomei
Something you find in a kitchen	caoteng
Something you find in a kitchen	caoxiangwandou
Something you find in a kitchen	caoyuanmabohe
Something you find in a kitchen	cazi
Something you find in a kitchen	cha
Something you find in a kitchen	chageng
Something you find in a kitchen	chaji
Something you find in a kitchen	changshengguo
Something you find in a kitchen	chaocai
Something you find in a kitchen	chaodou
Something you find in a kitchen	chaofan
Something you find in a kitchen	chaoxianji
Something you find in a kitchen	chazi
Something you find in a kitchen	chen
Something you find in a kitchen	cheng
Something you find in a kitchen	chengzi
Something you find in a kitchen	cheqiancao
Something you find in a kitchen	chezhen
Something you find in a kitchen	chibajiang
Something you find in a kitchen	chixiaodou
Something you find in a kitchen	chiyanlaomucao
Something you find in a kitchen	chizi
Something you find in a kitchen	chongwei
Something you find in a kitchen	choucai
Something you find in a kitchen	chouhui
Something you find in a kitchen	chouti
Something you find in a kitchen	chouxiazhicao
Something you find in a kitchen	chuanbaizhi
Something you find in a kitchen	chuandou
Something you find in a kitchen	chuanjianghuo
Something you find in a kitchen	chuanxingdie
Something you find in a kitchen	chuanxuduan
Something you find in a kitchen	chufangdaoju
Something you find in a kitchen	chufangyongju
Something you find in a kitchen	chugui
Something you find in a kitchen	chuhan
Something you find in a kitchen	chuiju
Something you find in a kitchen	chun
Something you find in a kitchen	chunjian
Something you find in a kitchen	chuzao
Something you find in a kitchen	cicao
Something you find in a kitchen	cierli
Something you find in a kitchen	ciguomuxu
Something you find in a kitchen	cihulu
Something you find in a kitchen	ciqiner
Something you find in a kitchen	ciqinshuzhiwu
Something you find in a kitchen	citiandong
Something you find in a kitchen	cizhidecanju
Something you find in a kitchen	cujiangcao
Something you find in a kitchen	culi
Something you find in a kitchen	dabei
Something you find in a kitchen	dacangjiaodian
Something you find in a kitchen	dachaocai
Something you find in a kitchen	dacheqian
Something you find in a kitchen	dacheqiancao
Something you find in a kitchen	dadanqi
Something you find in a kitchen	dadou
Something you find in a kitchen	dafandou
Something you find in a kitchen	dafeigen
Something you find in a kitchen	daguo
Something you find in a kitchen	daguotianjing
Something you find in a kitchen	daheitoucao
Something you find in a kitchen	dahuang
Something you find in a kitchen	dahuangyao
Something you find in a kitchen	dahuixiang
Something you find in a kitchen	dahuixiangzi
Something you find in a kitchen	daidou
Something you find in a kitchen	dajiuping
Something you find in a kitchen	daliao
Something you find in a kitchen	damahayu
Something you find in a kitchen	damaoye
Something you find in a kitchen	dami
Something you find in a kitchen	dan
Something you find in a kitchen	danbei
Something you find in a kitchen	dangao
Something you find in a kitchen	danggui
Something you find in a kitchen	dangyao
Something you find in a kitchen	danlei
Something you find in a kitchen	dao
Something you find in a kitchen	daodou
Something you find in a kitchen	daodoujiao
Something you find in a kitchen	daomi
Something you find in a kitchen	daosuiqi
Something you find in a kitchen	daotihu
Something you find in a kitchen	daozi
Something you find in a kitchen	daqiansheng
Something you find in a kitchen	daqiguo
Something you find in a kitchen	dashuitianqi
Something you find in a kitchen	dasuan
Something you find in a kitchen	datouhua
Something you find in a kitchen	daxingjiuping
Something you find in a kitchen	daxingqin
Something you find in a kitchen	dayacao
Something you find in a kitchen	dayebohe
Something you find in a kitchen	dayecheqian
Something you find in a kitchen	dayeqin
Something you find in a kitchen	dazha
Something you find in a kitchen	dazicao
Something you find in a kitchen	denglongcao
Something you find in a kitchen	denglongguo
Something you find in a kitchen	denglongjiao
Something you find in a kitchen	denglongtou
Something you find in a kitchen	dengzi
Something you find in a kitchen	dewashaoping
Something you find in a kitchen	dianbingxiang
Something you find in a kitchen	dianjia
Something you find in a kitchen	dianjianguo
Something you find in a kitchen	diankaopan
Something you find in a kitchen	dianxin
Something you find in a kitchen	dianxinyongshi
Something you find in a kitchen	dianzao
Something you find in a kitchen	diaocaizi
Something you find in a kitchen	diaohuaboli
Something you find in a kitchen	diaozhonghua
Something you find in a kitchen	didou
Something you find in a kitchen	die
Something you find in a kitchen	diedie
Something you find in a kitchen	diezi
Something you find in a kitchen	diguaermiao
Something you find in a kitchen	dihuajiao
Something you find in a kitchen	dijiao
Something you find in a kitchen	diluoai
Something you find in a kitchen	dimei
Something you find in a kitchen	dimucao
Something you find in a kitchen	disunzhiwu
Something you find in a kitchen	ditansaiyama
Something you find in a kitchen	dixue
Something you find in a kitchen	diyu
Something you find in a kitchen	dizao
Something you find in a kitchen	dongshaozi
Something you find in a kitchen	dou
Something you find in a kitchen	doubancai
Something you find in a kitchen	doubanlucao
Something you find in a kitchen	doufu
Something you find in a kitchen	doujiao
Something you find in a kitchen	duanguohuiqin
Something you find in a kitchen	ducanjia
Something you find in a kitchen	dui
Something you find in a kitchen	dujincanju
Something you find in a kitchen	dunyesuanmo
Something you find in a kitchen	duohuacaidou
Something you find in a kitchen	duoxiangguofen
Something you find in a kitchen	duoxiangguoshu
Something you find in a kitchen	dupingguo
Something you find in a kitchen	duyaocao
Something you find in a kitchen	duyucao
Something you find in a kitchen	duzhishoutao
Something you find in a kitchen	duzhuo
Something you find in a kitchen	ecan
Something you find in a kitchen	edou
Something you find in a kitchen	emei
Something you find in a kitchen	ercaoshu
Something you find in a kitchen	erduohong
Something you find in a kitchen	erruizisu
Something you find in a kitchen	eryesuonacao
Something you find in a kitchen	fan
Something you find in a kitchen	fanbaizhi
Something you find in a kitchen	fandou
Something you find in a kitchen	fangcao
Something you find in a kitchen	fangencao
Something you find in a kitchen	fangxiang
Something you find in a kitchen	fanjiao
Something you find in a kitchen	fannao
Something you find in a kitchen	fanqie
Something you find in a kitchen	fanyansui
Something you find in a kitchen	feiwu
Something you find in a kitchen	feizao
Something you find in a kitchen	fengcao
Something you find in a kitchen	fengli
Something you find in a kitchen	fengluncai
Something you find in a kitchen	fengma
Something you find in a kitchen	fengmi
Something you find in a kitchen	fengweiyujiang
Something you find in a kitchen	fengxiangzhi
Something you find in a kitchen	fenhe
Something you find in a kitchen	fenshu
Something you find in a kitchen	fudan
Something you find in a kitchen	fudou
Something you find in a kitchen	fukuanchu
Something you find in a kitchen	fulehua
Something you find in a kitchen	fuli
Something you find in a kitchen	fuluhua
Something you find in a kitchen	fulukao
Something you find in a kitchen	fupen
Something you find in a kitchen	fupenmei
Something you find in a kitchen	fupenzi
Something you find in a kitchen	fuyi
Something you find in a kitchen	fuzhangguitai
Something you find in a kitchen	fuzhoucaomei
Something you find in a kitchen	fuzuo
Something you find in a kitchen	fuzuocao
Something you find in a kitchen	gaizi
Something you find in a kitchen	ganju
Something you find in a kitchen	ganjushu
Something you find in a kitchen	ganlao
Something you find in a kitchen	gaojiaobei
Something you find in a kitchen	gaomalijin
Something you find in a kitchen	gaoqiubei
Something you find in a kitchen	gejia
Something you find in a kitchen	geluzi
Something you find in a kitchen	genshao
Something you find in a kitchen	geshanqiao
Something you find in a kitchen	geyujin
Something you find in a kitchen	gongzhuo
Something you find in a kitchen	gongzuoqun
Something you find in a kitchen	gongzuotai
Something you find in a kitchen	goushihua
Something you find in a kitchen	goushilanhua
Something you find in a kitchen	goushiluobo
Something you find in a kitchen	gouyingcao
Something you find in a kitchen	guaerdou
Something you find in a kitchen	guajindeng
Something you find in a kitchen	guan
Something you find in a kitchen	guanggucao
Something you find in a kitchen	guangkouping
Something you find in a kitchen	guangkourongqi
Something you find in a kitchen	guangsanqi
Something you find in a kitchen	guanjin
Something you find in a kitchen	guanxishi
Something you find in a kitchen	guanzi
Something you find in a kitchen	guapijiaocao
Something you find in a kitchen	gui
Something you find in a kitchen	guitai
Something you find in a kitchen	guiyu
Something you find in a kitchen	guiyujian
Something you find in a kitchen	guizi
Something you find in a kitchen	guleishipin
Something you find in a kitchen	guniang
Something you find in a kitchen	guniao
Something you find in a kitchen	guniucao
Something you find in a kitchen	guo
Something you find in a kitchen	guoadou
Something you find in a kitchen	guodou
Something you find in a kitchen	guojiang
Something you find in a kitchen	guojiangping
Something you find in a kitchen	guoluqi
Something you find in a kitchen	guoshi
Something you find in a kitchen	guozhi
Something you find in a kitchen	guozi
Something you find in a kitchen	guwu
Something you find in a kitchen	guwuwan
Something you find in a kitchen	haiercao
Something you find in a kitchen	haijiao
Something you find in a kitchen	haimian
Something you find in a kitchen	haimianbao
Something you find in a kitchen	haisuocao
Something you find in a kitchen	haiwan
Something you find in a kitchen	haiyangzhilu
Something you find in a kitchen	haiyu
Something you find in a kitchen	haiyuzhiwu
Something you find in a kitchen	haizao
Something you find in a kitchen	hanbaoouqin
Something you find in a kitchen	handou
Something you find in a kitchen	hangbaizhi
Something you find in a kitchen	hanjinlian
Something you find in a kitchen	hao
Something you find in a kitchen	haozao
Something you find in a kitchen	hebaodou
Something you find in a kitchen	hebenkezhiwu
Something you find in a kitchen	heguo
Something you find in a kitchen	heihujiao
Something you find in a kitchen	heilangdang
Something you find in a kitchen	heixianmu
Something you find in a kitchen	hejiashicao
Something you find in a kitchen	helanbiaoniuer
Something you find in a kitchen	helanbohe
Something you find in a kitchen	helandou
Something you find in a kitchen	helandunguo
Something you find in a kitchen	helanhongxiang
Something you find in a kitchen	helanqin
Something you find in a kitchen	heliandou
Something you find in a kitchen	hezi
Something you find in a kitchen	hongcha
Something you find in a kitchen	honggencao
Something you find in a kitchen	hongguniang
Something you find in a kitchen	honghuaai
Something you find in a kitchen	honghuacaidou
Something you find in a kitchen	honghuafangen
Something you find in a kitchen	honghuayimucao
Something you find in a kitchen	honghuomaocao
Something you find in a kitchen	hongkaoyongju
Something you find in a kitchen	hongluobo
Something you find in a kitchen	hongmei
Something you find in a kitchen	hongshigen
Something you find in a kitchen	hongtiaozicao
Something you find in a kitchen	hongxiang
Something you find in a kitchen	hongzicao
Something you find in a kitchen	huacong
Something you find in a kitchen	hualijingtian
Something you find in a kitchen	huami
Something you find in a kitchen	huamuxu
Something you find in a kitchen	huan
Something you find in a kitchen	huangdaodou
Something you find in a kitchen	huangdidou
Something you find in a kitchen	huangdou
Something you find in a kitchen	huanggua
Something you find in a kitchen	huanghuacai
Something you find in a kitchen	huanghuamuxu
Something you find in a kitchen	huanghuayancao
Something you find in a kitchen	huangli
Something you find in a kitchen	huangmuxu
Something you find in a kitchen	huangniudan
Something you find in a kitchen	huangpingzicao
Something you find in a kitchen	huangrangshu
Something you find in a kitchen	huangxiangcao
Something you find in a kitchen	huangyao
Something you find in a kitchen	huangyou
Something you find in a kitchen	huangyoudao
Something you find in a kitchen	huangyoudie
Something you find in a kitchen	huangyoupan
Something you find in a kitchen	huanzhuangwu
Something you find in a kitchen	huarenshuzhiwu
Something you find in a kitchen	huasheng
Something you find in a kitchen	huayancao
Something you find in a kitchen	huayecai
Something you find in a kitchen	huazhuangtai
Something you find in a kitchen	hubangzi
Something you find in a kitchen	hucai
Something you find in a kitchen	hudou
Something you find in a kitchen	huercao
Something you find in a kitchen	huigudou
Something you find in a kitchen	huihuoxiang
Something you find in a kitchen	huituzhuo
Something you find in a kitchen	huixiang
Something you find in a kitchen	huixiangjiu
Something you find in a kitchen	huixiangquqi
Something you find in a kitchen	huiyizhuo
Something you find in a kitchen	hujiao
Something you find in a kitchen	hujiaobohe
Something you find in a kitchen	hulu
Something you find in a kitchen	huluba
Something you find in a kitchen	huluhu
Something you find in a kitchen	huluobo
Something you find in a kitchen	huluoboqi
Something you find in a kitchen	huma
Something you find in a kitchen	hunheqi
Something you find in a kitchen	hunpinqi
Something you find in a kitchen	huobalian
Something you find in a kitchen	huochui
Something you find in a kitchen	huoguo
Something you find in a kitchen	huoji
Something you find in a kitchen	huojuhua
Something you find in a kitchen	huomacao
Something you find in a kitchen	huotui
Something you find in a kitchen	huotuirou
Something you find in a kitchen	huoxiangji
Something you find in a kitchen	huoxuecao
Something you find in a kitchen	huweibian
Something you find in a kitchen	huweihua
Something you find in a kitchen	jia
Something you find in a kitchen	jiadou
Something you find in a kitchen	jialongtouhua
Something you find in a kitchen	jiamaodihuang
Something you find in a kitchen	jian
Something you find in a kitchen	jiang
Something you find in a kitchen	jiangdou
Something you find in a kitchen	jiangguo
Something you find in a kitchen	jianguo
Something you find in a kitchen	jiangzhi
Something you find in a kitchen	jianqing
Something you find in a kitchen	jianyelan
Something you find in a kitchen	jianyuguochan
Something you find in a kitchen	jiaobanqi
Something you find in a kitchen	jiaobohe
Something you find in a kitchen	jiaodanqi
Something you find in a kitchen	jiaodou
Something you find in a kitchen	jiaohuma
Something you find in a kitchen	jiaoji
Something you find in a kitchen	jiaoma
Something you find in a kitchen	jiaomei
Something you find in a kitchen	jiaorouji
Something you find in a kitchen	jiaosuiji
Something you find in a kitchen	jiaosuiqi
Something you find in a kitchen	jiaotan
Something you find in a kitchen	jiaozi
Something you find in a kitchen	jiasuanjiang
Something you find in a kitchen	jiazi
Something you find in a kitchen	jicai
Something you find in a kitchen	jidan
Something you find in a kitchen	jidou
Something you find in a kitchen	jiegucao
Something you find in a kitchen	jiejiehan
Something you find in a kitchen	jilikesitaobei
Something you find in a kitchen	jindeng
Something you find in a kitchen	jindenglong
Something you find in a kitchen	jindou
Something you find in a kitchen	jingchangcao
Something you find in a kitchen	jingjie
Something you find in a kitchen	jingtailanciqi
Something you find in a kitchen	jingtian
Something you find in a kitchen	jinjiadou
Something you find in a kitchen	jinju
Something you find in a kitchen	jinpingguo
Something you find in a kitchen	jinqian
Something you find in a kitchen	jinquehua
Something you find in a kitchen	jinshantianqi
Something you find in a kitchen	jinshubaopian
Something you find in a kitchen	jinsiheye
Something you find in a kitchen	jinzao
Something you find in a kitchen	jinzhong
Something you find in a kitchen	jinzisu
Something you find in a kitchen	jirou
Something you find in a kitchen	jiu
Something you find in a kitchen	jiuba
Something you find in a kitchen	jiujingyinliao
Something you find in a kitchen	jiulongtuzhu
Something you find in a kitchen	jiunang
Something you find in a kitchen	jizhaocan
Something you find in a kitchen	juechuang
Something you find in a kitchen	juhecao
Something you find in a kitchen	jujucao
Something you find in a kitchen	juruoshu
Something you find in a kitchen	juweibohe
Something you find in a kitchen	juzi
Something you find in a kitchen	kafei
Something you find in a kitchen	kafeibei
Something you find in a kitchen	kafeihu
Something you find in a kitchen	kafeiji
Something you find in a kitchen	kafeizhuo
Something you find in a kitchen	kaipingqi
Something you find in a kitchen	kaiwei
Something you find in a kitchen	kaiweicai
Something you find in a kitchen	kaiweijiu
Something you find in a kitchen	kaiweishipin
Something you find in a kitchen	kaixinguo
Something you find in a kitchen	kangfuli
Something you find in a kitchen	kaojia
Something you find in a kitchen	kaolu
Something you find in a kitchen	kaomianbao
Something you find in a kitchen	kaopan
Something you find in a kitchen	kaorouguan
Something you find in a kitchen	kedou
Something you find in a kitchen	keluokedianguo
Something you find in a kitchen	kepositaoping
Something you find in a kitchen	kuaier
Something you find in a kitchen	kuaijiu
Something you find in a kitchen	kuaijun
Something you find in a kitchen	kuaizhuangwu
Something you find in a kitchen	kuaizi
Something you find in a kitchen	kuandong
Something you find in a kitchen	kuanyecaidou
Something you find in a kitchen	kucao
Something you find in a kitchen	kudicao
Something you find in a kitchen	kudou
Something you find in a kitchen	kue
Something you find in a kitchen	kuiyedahuang
Something you find in a kitchen	kuncao
Something you find in a kitchen	kuoyecheqian
Something you find in a kitchen	kuyebaizhi
Something you find in a kitchen	lachang
Something you find in a kitchen	laji
Something you find in a kitchen	lajiao
Something you find in a kitchen	lajichuliqi
Something you find in a kitchen	lamuteng
Something you find in a kitchen	lanbuqun
Something you find in a kitchen	langdang
Something you find in a kitchen	langdangshi
Something you find in a kitchen	langdangzi
Something you find in a kitchen	lanhuacan
Something you find in a kitchen	lanhuayan
Something you find in a kitchen	lanji
Something you find in a kitchen	lanluhu
Something you find in a kitchen	lanshuweicao
Something you find in a kitchen	lanxiang
Something you find in a kitchen	lanxiangzi
Something you find in a kitchen	laodou
Something you find in a kitchen	laoguancao
Something you find in a kitchen	laoguanjin
Something you find in a kitchen	laoguanzui
Something you find in a kitchen	laohucao
Something you find in a kitchen	laohuxu
Something you find in a kitchen	laoniujin
Something you find in a kitchen	laoyazui
Something you find in a kitchen	lazhuqiancao
Something you find in a kitchen	lazi
Something you find in a kitchen	lengcangxiang
Something you find in a kitchen	lengdongshi
Something you find in a kitchen	lengpan
Something you find in a kitchen	lianpen
Something you find in a kitchen	lianzhishoutao
Something you find in a kitchen	liaopingcao
Something you find in a kitchen	liguo
Something you find in a kitchen	likoujiubei
Something you find in a kitchen	limadou
Something you find in a kitchen	lindishuisu
Something you find in a kitchen	lingquanhua
Something you find in a kitchen	lingxiangcao
Something you find in a kitchen	lishu
Something you find in a kitchen	liudanpao
Something you find in a kitchen	liujiaoying
Something you find in a kitchen	liulanxiang
Something you find in a kitchen	liuliju
Something you find in a kitchen	liuyuegan
Something you find in a kitchen	lixingfanqie
Something you find in a kitchen	lizaoshuzhiwu
Something you find in a kitchen	lizhuyangyang
Something you find in a kitchen	longchuangcao
Something you find in a kitchen	longchuanpao
Something you find in a kitchen	longniuermiao
Something you find in a kitchen	longtou
Something you find in a kitchen	longxucai
Something you find in a kitchen	longyacao
Something you find in a kitchen	longzhaodou
Something you find in a kitchen	loudouzhuangwu
Something you find in a kitchen	louguo
Something you find in a kitchen	loutaixiang
Something you find in a kitchen	luan
Something you find in a kitchen	ludou
Something you find in a kitchen	luhuaxin
Something you find in a kitchen	luhuaye
Something you find in a kitchen	lunyemalijin
Something you find in a kitchen	lunyewangsun
Something you find in a kitchen	luochuicao
Something you find in a kitchen	luohandou
Something you find in a kitchen	luohuasheng
Something you find in a kitchen	luole
Something you find in a kitchen	luolezi
Something you find in a kitchen	luosheng
Something you find in a kitchen	luosu
Something you find in a kitchen	luoxuanbasaiqi
Something you find in a kitchen	luoxuanlizao
Something you find in a kitchen	luqi
Something you find in a kitchen	lushidou
Something you find in a kitchen	lusun
Something you find in a kitchen	luyemaozhantai
Something you find in a kitchen	luzheng
Something you find in a kitchen	madoucao
Something you find in a kitchen	mai
Something you find in a kitchen	maidou
Something you find in a kitchen	mairoudeguitai
Something you find in a kitchen	maisuihuang
Something you find in a kitchen	maiwandou
Something you find in a kitchen	maixiaku
Something you find in a kitchen	maiyapijiu
Something you find in a kitchen	malei
Something you find in a kitchen	malijin
Something you find in a kitchen	mandelacao
Something you find in a kitchen	mangguo
Something you find in a kitchen	mangguoshu
Something you find in a kitchen	manilama
Something you find in a kitchen	mantou
Something you find in a kitchen	mantoubo
Something you find in a kitchen	maobohe
Something you find in a kitchen	maocheqian
Something you find in a kitchen	maodihuang
Something you find in a kitchen	maodou
Something you find in a kitchen	maogaocai
Something you find in a kitchen	maojin
Something you find in a kitchen	maoruihua
Something you find in a kitchen	maosuanjiang
Something you find in a kitchen	maoyeshaozi
Something you find in a kitchen	maoyewandou
Something you find in a kitchen	maozelan
Something you find in a kitchen	maqinzi
Something you find in a kitchen	mayucao
Something you find in a kitchen	mayuelancao
Something you find in a kitchen	mayulan
Something you find in a kitchen	mayulancao
Something you find in a kitchen	mazhangna
Something you find in a kitchen	mei
Something you find in a kitchen	meilimalijin
Something you find in a kitchen	meiqilu
Something you find in a kitchen	meiqizao
Something you find in a kitchen	meirenjiao
Something you find in a kitchen	meishengping
Something you find in a kitchen	meizhougancao
Something you find in a kitchen	mengguo
Something you find in a kitchen	mengguoshezai
Something you find in a kitchen	menguo
Something you find in a kitchen	menshixilincao
Something you find in a kitchen	mianbao
Something you find in a kitchen	mianbaojuan
Something you find in a kitchen	miandou
Something you find in a kitchen	mianfen
Something you find in a kitchen	mianguo
Something you find in a kitchen	mianlinghua
Something you find in a kitchen	miantiao
Something you find in a kitchen	miantuan
Something you find in a kitchen	miao
Something you find in a kitchen	midiexiang
Something you find in a kitchen	midou
Something you find in a kitchen	mifan
Something you find in a kitchen	mifenghua
Something you find in a kitchen	miguanzi
Something you find in a kitchen	mindanggui
Something you find in a kitchen	mingliezi
Something you find in a kitchen	miwang
Something you find in a kitchen	mojiaolan
Something you find in a kitchen	moshuiping
Something you find in a kitchen	mosuiji
Something you find in a kitchen	moyushu
Something you find in a kitchen	mubenmuxu
Something you find in a kitchen	mucao
Something you find in a kitchen	mudishanlidou
Something you find in a kitchen	muli
Something you find in a kitchen	mumei
Something you find in a kitchen	mushu
Something you find in a kitchen	mushudianfen
Something you find in a kitchen	mushufen
Something you find in a kitchen	muwa
Something you find in a kitchen	muxu
Something you find in a kitchen	muxucao
Something you find in a kitchen	muxushuzhiwu
Something you find in a kitchen	nai
Something you find in a kitchen	naidong
Something you find in a kitchen	nailao
Something you find in a kitchen	naiyou
Something you find in a kitchen	nangehua
Something you find in a kitchen	nangua
Something you find in a kitchen	nanguaguoshi
Something you find in a kitchen	nantianqi
Something you find in a kitchen	neibucanting
Something you find in a kitchen	nianlaoguancao
Something you find in a kitchen	nidou
Something you find in a kitchen	niladou
Something you find in a kitchen	nimeiguobohe
Something you find in a kitchen	ninanjie
Something you find in a kitchen	ninanjiecai
Something you find in a kitchen	ningmeng
Something you find in a kitchen	ningmengbohe
Something you find in a kitchen	niudetungurou
Something you find in a kitchen	niuercao
Something you find in a kitchen	niugucao
Something you find in a kitchen	niunai
Something you find in a kitchen	niunaipao
Something you find in a kitchen	niupai
Something you find in a kitchen	niurou
Something you find in a kitchen	niushecao
Something you find in a kitchen	niuwatou
Something you find in a kitchen	niuyou
Something you find in a kitchen	niuzhicao
Something you find in a kitchen	nixifei
Something you find in a kitchen	nongchanpin
Something you find in a kitchen	nuohuti
Something you find in a kitchen	oudanggui
Something you find in a kitchen	oudisun
Something you find in a kitchen	ouduhuo
Something you find in a kitchen	oufangfeng
Something you find in a kitchen	oulangdang
Something you find in a kitchen	ouqin
Something you find in a kitchen	ouxiazhicao
Something you find in a kitchen	ouxixin
Something you find in a kitchen	ouyagancao
Something you find in a kitchen	ouzhoucaomei
Something you find in a kitchen	ouzhouluobo
Something you find in a kitchen	ouzhoumoyaocao
Something you find in a kitchen	pai
Something you find in a kitchen	paijipao
Something you find in a kitchen	paixiangcao
Something you find in a kitchen	pan
Something you find in a kitchen	pangxie
Something you find in a kitchen	panzi
Something you find in a kitchen	paoerci
Something you find in a kitchen	paopaocao
Something you find in a kitchen	peigen
Something you find in a kitchen	pengpengxiang
Something you find in a kitchen	pengrenguo
Something you find in a kitchen	pengrenyongju
Something you find in a kitchen	pengtiaoyongju
Something you find in a kitchen	pengtiaoyonglu
Something you find in a kitchen	pengzicai
Something you find in a kitchen	piao
Something you find in a kitchen	pijiu
Something you find in a kitchen	pijiubolibei
Something you find in a kitchen	pijiuping
Something you find in a kitchen	ping
Something you find in a kitchen	pingdiguo
Something you find in a kitchen	pingguo
Something you find in a kitchen	pingguobing
Something you find in a kitchen	pingguobohe
Something you find in a kitchen	pingguodong
Something you find in a kitchen	pingguojiang
Something you find in a kitchen	pingguoni
Something you find in a kitchen	pingguopai
Something you find in a kitchen	pingsaiqizi
Something you find in a kitchen	pingzi
Something you find in a kitchen	pingzicao
Something you find in a kitchen	pingzicaolei
Something you find in a kitchen	pudibailixiang
Something you find in a kitchen	pulunielamaoge
Something you find in a kitchen	puqinluobo
Something you find in a kitchen	putaojiu
Something you find in a kitchen	putaoyou
Something you find in a kitchen	qianbi
Something you find in a kitchen	qiancai
Something you find in a kitchen	qianzu
Something you find in a kitchen	qiaokeli
Something you find in a kitchen	qiaomai
Something you find in a kitchen	qiaomaishipin
Something you find in a kitchen	qiegeqi
Something you find in a kitchen	qieroucancha
Something you find in a kitchen	qierulaoqi
Something you find in a kitchen	qiezi
Something you find in a kitchen	qincailuobo
Something you find in a kitchen	qingcai
Something you find in a kitchen	qingcao
Something you find in a kitchen	qingcuiwandou
Something you find in a kitchen	qingdou
Something you find in a kitchen	qinggua
Something you find in a kitchen	qinglan
Something you find in a kitchen	qingui
Something you find in a kitchen	qingxiaodou
Something you find in a kitchen	qinjiao
Something you find in a kitchen	qirongcao
Something you find in a kitchen	qishu
Something you find in a kitchen	qishui
Something you find in a kitchen	qitifenyeguan
Something you find in a kitchen	qiuhuaganlan
Something you find in a kitchen	qixingjian
Something you find in a kitchen	qiyizi
Something you find in a kitchen	quan
Something you find in a kitchen	quanda
Something you find in a kitchen	quanjishoutao
Something you find in a kitchen	qushepao
Something you find in a kitchen	quwencao
Something you find in a kitchen	riqi
Something you find in a kitchen	rizi
Something you find in a kitchen	rongqi
Something you find in a kitchen	rou
Something you find in a kitchen	rouniu
Something you find in a kitchen	roupai
Something you find in a kitchen	roushi
Something you find in a kitchen	rucaoshuzhiwu
Something you find in a kitchen	rulao
Something you find in a kitchen	ruzhi
Something you find in a kitchen	saiyama
Something you find in a kitchen	sansuocao
Something you find in a kitchen	sanwenyu
Something you find in a kitchen	sanyuepao
Something you find in a kitchen	sela
Something you find in a kitchen	shaguo
Something you find in a kitchen	shai
Something you find in a kitchen	shaizi
Something you find in a kitchen	shala
Something you find in a kitchen	shanbohe
Something you find in a kitchen	shandahuang
Something you find in a kitchen	shangtianti
Something you find in a kitchen	shanhuanglian
Something you find in a kitchen	shanhujiao
Something you find in a kitchen	shanhuzhong
Something you find in a kitchen	shanjiao
Something you find in a kitchen	shanjinchehua
Something you find in a kitchen	shanmaihu
Something you find in a kitchen	shanmei
Something you find in a kitchen	shanpaozi
Something you find in a kitchen	shanqin
Something you find in a kitchen	shanqincai
Something you find in a kitchen	shansuanmo
Something you find in a kitchen	shansuzi
Something you find in a kitchen	shanwutong
Something you find in a kitchen	shanyan
Something you find in a kitchen	shanyangdou
Something you find in a kitchen	shanyangti
Something you find in a kitchen	shanzicao
Something you find in a kitchen	shao
Something you find in a kitchen	shaojiu
Something you find in a kitchen	shaoping
Something you find in a kitchen	shaozhimutanlu
Something you find in a kitchen	shaozi
Something you find in a kitchen	shasi
Something you find in a kitchen	shengcanbei
Something you find in a kitchen	shengcantai
Something you find in a kitchen	shengmiantuan
Something you find in a kitchen	shengnuguo
Something you find in a kitchen	shenxiangcao
Something you find in a kitchen	shexiangcao
Something you find in a kitchen	shi
Something you find in a kitchen	shicaoshu
Something you find in a kitchen	shichongzhiwu
Something you find in a kitchen	shidiaobai
Something you find in a kitchen	shiercao
Something you find in a kitchen	shiheye
Something you find in a kitchen	shijingtian
Something you find in a kitchen	shiluo
Something you find in a kitchen	shipin
Something you find in a kitchen	shirouzhiwu
Something you find in a kitchen	shishu
Something you find in a kitchen	shiwu
Something you find in a kitchen	shiyan
Something you find in a kitchen	shiyantai
Something you find in a kitchen	shiyongbuguzhi
Something you find in a kitchen	shizishu
Something you find in a kitchen	shiziweiba
Something you find in a kitchen	shou
Something you find in a kitchen	shouyintai
Something you find in a kitchen	shu
Something you find in a kitchen	shuangbingbei
Something you find in a kitchen	shuangerping
Something you find in a kitchen	shucai
Something you find in a kitchen	shui
Something you find in a kitchen	shuibohe
Something you find in a kitchen	shuicao
Something you find in a kitchen	shuigouzai
Something you find in a kitchen	shuiguo
Something you find in a kitchen	shuihu
Something you find in a kitchen	shuijing
Something you find in a kitchen	shuijingboli
Something you find in a kitchen	shuitianqi
Something you find in a kitchen	shuiye
Something you find in a kitchen	shuiyeshuzhiwu
Something you find in a kitchen	shuku
Something you find in a kitchen	shumei
Something you find in a kitchen	shuweicao
Something you find in a kitchen	shuweicaozhiwu
Something you find in a kitchen	shuweihuang
Something you find in a kitchen	shuzhifanwei
Something you find in a kitchen	shuzhuo
Something you find in a kitchen	sijidou
Something you find in a kitchen	silengcao
Something you find in a kitchen	silengdou
Something you find in a kitchen	siyuepao
Something you find in a kitchen	songlu
Something you find in a kitchen	songyecao
Something you find in a kitchen	suanjiang
Something you find in a kitchen	suanmo
Something you find in a kitchen	suanmu
Something you find in a kitchen	suantou
Something you find in a kitchen	suanyingtao
Something you find in a kitchen	suda
Something you find in a kitchen	suihuabohe
Something you find in a kitchen	suirouqi
Something you find in a kitchen	suiyicao
Something you find in a kitchen	suonacao
Something you find in a kitchen	tan
Something you find in a kitchen	tang
Something you find in a kitchen	tangchi
Something you find in a kitchen	tangcichuiju
Something you find in a kitchen	tangciqi
Something you find in a kitchen	tangciqimin
Something you find in a kitchen	tangjiawandou
Something you find in a kitchen	tangyuan
Something you find in a kitchen	tansuanyinliao
Something you find in a kitchen	taodou
Something you find in a kitchen	taoshu
Something you find in a kitchen	tiandian
Something you find in a kitchen	tiandianpan
Something you find in a kitchen	tiandianxinshi
Something you find in a kitchen	tianhuixiang
Something you find in a kitchen	tianjiao
Something you find in a kitchen	tianjing
Something you find in a kitchen	tianlajiao
Something you find in a kitchen	tianlanmuxu
Something you find in a kitchen	tianmojiaolan
Something you find in a kitchen	tianpinshi
Something you find in a kitchen	tianqi
Something you find in a kitchen	tianshi
Something you find in a kitchen	tianshidangao
Something you find in a kitchen	tianwandou
Something you find in a kitchen	tianxianzi
Something you find in a kitchen	tianzhimake
Something you find in a kitchen	tianzhukui
Something you find in a kitchen	tiaogeng
Something you find in a kitchen	tiaoweiliao
Something you find in a kitchen	tiaoweiping
Something you find in a kitchen	tiechicao
Something you find in a kitchen	tiegusan
Something you find in a kitchen	tiemagan
Something you find in a kitchen	tiesecao
Something you find in a kitchen	tingjishuzhiwu
Something you find in a kitchen	tiyujiang
Something you find in a kitchen	tubaizhi
Something you find in a kitchen	tudanggui
Something you find in a kitchen	tuhuanglian
Something you find in a kitchen	tuhuoxiang
Something you find in a kitchen	tui
Something you find in a kitchen	tuirou
Something you find in a kitchen	tuoluoai
Something you find in a kitchen	tuopan
Something you find in a kitchen	tuozicao
Something you find in a kitchen	tupingcao
Something you find in a kitchen	tusi
Something you find in a kitchen	tutianqi
Something you find in a kitchen	tuzhihan
Something you find in a kitchen	tuzhijiuhu
Something you find in a kitchen	waguan
Something you find in a kitchen	wan
Something you find in a kitchen	wandou
Something you find in a kitchen	wangguo
Something you find in a kitchen	wangsun
Something you find in a kitchen	wangui
Something you find in a kitchen	weibokaoxiang
Something you find in a kitchen	weibolu
Something you find in a kitchen	weilong
Something you find in a kitchen	weiqun
Something you find in a kitchen	weishiji
Something you find in a kitchen	weishijijiu
Something you find in a kitchen	wenpo
Something you find in a kitchen	wenzhu
Something you find in a kitchen	wodou
Something you find in a kitchen	wubeizishu
Something you find in a kitchen	wubiaozi
Something you find in a kitchen	wuhuaguo
Something you find in a kitchen	wuliangtengguo
Something you find in a kitchen	wumingzi
Something you find in a kitchen	wusecao
Something you find in a kitchen	wusemei
Something you find in a kitchen	wuwangcao
Something you find in a kitchen	wuwangwo
Something you find in a kitchen	wuwuniansuiqi
Something you find in a kitchen	wuxiangbajiao
Something you find in a kitchen	xiajixiangbohe
Something you find in a kitchen	xiakucao
Something you find in a kitchen	xiakutou
Something you find in a kitchen	xiamohua
Something you find in a kitchen	xianbing
Something you find in a kitchen	xiangbang
Something you find in a kitchen	xiangbinjiu
Something you find in a kitchen	xiangbohe
Something you find in a kitchen	xiangcai
Something you find in a kitchen	xiangcao
Something you find in a kitchen	xiangchang
Something you find in a kitchen	xiangcheyecao
Something you find in a kitchen	xiangdou
Something you find in a kitchen	xianger
Something you find in a kitchen	xiangfengcao
Something you find in a kitchen	xiangfenghua
Something you find in a kitchen	xianghuabohe
Something you find in a kitchen	xiangjiao
Something you find in a kitchen	xiangliao
Something you find in a kitchen	xianglongdou
Something you find in a kitchen	xiangshuizhiwu
Something you find in a kitchen	xiangyanghua
Something you find in a kitchen	xiangzi
Something you find in a kitchen	xianhecao
Something you find in a kitchen	xiannu
Something you find in a kitchen	xianrou
Something you find in a kitchen	xianshuzhiwu
Something you find in a kitchen	xianzi
Something you find in a kitchen	xiaobiandou
Something you find in a kitchen	xiaodianqiezi
Something you find in a kitchen	xiaodianxin
Something you find in a kitchen	xiaoguan
Something you find in a kitchen	xiaoheguo
Something you find in a kitchen	xiaohu
Something you find in a kitchen	xiaohuayan
Something you find in a kitchen	xiaohuazicao
Something you find in a kitchen	xiaohuixiang
Something you find in a kitchen	xiaojianguo
Something you find in a kitchen	xiaojiuping
Something you find in a kitchen	xiaomai
Something you find in a kitchen	xiaomianbao
Something you find in a kitchen	xiaopingzicao
Something you find in a kitchen	xiaoqingcao
Something you find in a kitchen	xiaoshucao
Something you find in a kitchen	xiaoshuzhuo
Something you find in a kitchen	xiaosuanmo
Something you find in a kitchen	xiaotiandian
Something you find in a kitchen	xiaoxihongshi
Something you find in a kitchen	xiaoyuanzhuo
Something you find in a kitchen	xiayicong
Something you find in a kitchen	xicanyongdapan
Something you find in a kitchen	xichangjiubei
Something you find in a kitchen	xidanggui
Something you find in a kitchen	xidian
Something you find in a kitchen	xidieji
Something you find in a kitchen	xidijian
Something you find in a kitchen	xie
Something you find in a kitchen	xiezicao
Something you find in a kitchen	xiezitai
Something you find in a kitchen	xifeilizhiguo
Something you find in a kitchen	xihongshi
Something you find in a kitchen	xijiao
Something you find in a kitchen	xijingdatan
Something you find in a kitchen	xijingping
Something you find in a kitchen	xiju
Something you find in a kitchen	xilanhua
Something you find in a kitchen	xilianpen
Something you find in a kitchen	xing
Something you find in a kitchen	xinganbaizhi
Something you find in a kitchen	xingren
Something you find in a kitchen	xingrenbing
Something you find in a kitchen	xingrenlu
Something you find in a kitchen	xingshu
Something you find in a kitchen	xingzibang
Something you find in a kitchen	xingzijiang
Something you find in a kitchen	xinxianshucai
Something you find in a kitchen	xinya
Something you find in a kitchen	xinzangcao
Something you find in a kitchen	xinzhi
Something you find in a kitchen	xishouwan
Something you find in a kitchen	xiwanji
Something you find in a kitchen	xixiangcong
Something you find in a kitchen	xiyangjiegumu
Something you find in a kitchen	xiyangxicong
Something you find in a kitchen	xuanfengcao
Something you find in a kitchen	xuangouzi
Something you find in a kitchen	xuedou
Something you find in a kitchen	xuegao
Something you find in a kitchen	xunrou
Something you find in a kitchen	xunxianrou
Something you find in a kitchen	xunyazi
Something you find in a kitchen	xunyicao
Something you find in a kitchen	yalijiu
Something you find in a kitchen	yalishanda
Something you find in a kitchen	yalishandacao
Something you find in a kitchen	yama
Something you find in a kitchen	yamazicheqian
Something you find in a kitchen	yan
Something you find in a kitchen	yancao
Something you find in a kitchen	yancaoye
Something you find in a kitchen	yanfumu
Something you find in a kitchen	yangcong
Something you find in a kitchen	yangcongtou
Something you find in a kitchen	yangdihuang
Something you find in a kitchen	yanggancao
Something you find in a kitchen	yanggao
Something you find in a kitchen	yangji
Something you find in a kitchen	yangjiaoqin
Something you find in a kitchen	yangjingucao
Something you find in a kitchen	yangmei
Something you find in a kitchen	yangshizi
Something you find in a kitchen	yangsucao
Something you find in a kitchen	yangxiangcai
Something you find in a kitchen	yangxiuqiu
Something you find in a kitchen	yangyansui
Something you find in a kitchen	yangzisu
Something you find in a kitchen	yanjian
Something you find in a kitchen	yanmian
Something you find in a kitchen	yanpi
Something you find in a kitchen	yansui
Something you find in a kitchen	yansuigenjing
Something you find in a kitchen	yaoguoshu
Something you find in a kitchen	yatongzi
Something you find in a kitchen	yaxiancao
Something you find in a kitchen	yebocai
Something you find in a kitchen	yecai
Something you find in a kitchen	yecaidou
Something you find in a kitchen	yecaomei
Something you find in a kitchen	yefangfengcao
Something you find in a kitchen	yehuoxiang
Something you find in a kitchen	yeju
Something you find in a kitchen	yelan
Something you find in a kitchen	yelaoguancao
Something you find in a kitchen	yeludou
Something you find in a kitchen	yemadeng
Something you find in a kitchen	yemawan
Something you find in a kitchen	yemei
Something you find in a kitchen	yemuxu
Something you find in a kitchen	yesuzi
Something you find in a kitchen	yetianma
Something you find in a kitchen	yewandou
Something you find in a kitchen	yewannianqing
Something you find in a kitchen	yeyouma
Something you find in a kitchen	yezhima
Something you find in a kitchen	yezicao
Something you find in a kitchen	yibazhua
Something you find in a kitchen	yibeideliang
Something you find in a kitchen	yidaliqin
Something you find in a kitchen	yidaocai
Something you find in a kitchen	yidou
Something you find in a kitchen	yiming
Something you find in a kitchen	yimu
Something you find in a kitchen	yimuai
Something you find in a kitchen	yimucao
Something you find in a kitchen	yimuhao
Something you find in a kitchen	yingcao
Something you find in a kitchen	yingpidou
Something you find in a kitchen	yingtao
Something you find in a kitchen	yingtaofanqie
Something you find in a kitchen	yingtaomu
Something you find in a kitchen	yingyangwu
Something you find in a kitchen	yingzuidou
Something you find in a kitchen	yinliao
Something you find in a kitchen	yinliaoping
Something you find in a kitchen	yinqimin
Something you find in a kitchen	yipinxiang
Something you find in a kitchen	yiquanzhongji
Something you find in a kitchen	yizhongzhiwu
Something you find in a kitchen	yizhuxiang
Something you find in a kitchen	yizi
Something you find in a kitchen	you
Something you find in a kitchen	youbacai
Something you find in a kitchen	youcao
Something you find in a kitchen	youdipan
Something you find in a kitchen	youlu
Something you find in a kitchen	youtao
Something you find in a kitchen	youxingwu
Something you find in a kitchen	youya
Something you find in a kitchen	youyicao
Something you find in a kitchen	youzhaguo
Something you find in a kitchen	youzhituncao
Something you find in a kitchen	youzhuangwu
Something you find in a kitchen	yuandanggui
Something you find in a kitchen	yuankaopan
Something you find in a kitchen	yuansui
Something you find in a kitchen	yuanyouhui
Something you find in a kitchen	yuchoucao
Something you find in a kitchen	yuchoumiao
Something you find in a kitchen	yudao
Something you find in a kitchen	yuejingcao
Something you find in a kitchen	yuemucao
Something you find in a kitchen	yujiang
Something you find in a kitchen	yulei
Something you find in a kitchen	yumi
Something you find in a kitchen	yundou
Something you find in a kitchen	yungui
Something you find in a kitchen	yunpiansong
Something you find in a kitchen	yunxiang
Something you find in a kitchen	yunzhu
Something you find in a kitchen	yupai
Something you find in a kitchen	yurou
Something you find in a kitchen	yuxingcao
Something you find in a kitchen	yuzanhua
Something you find in a kitchen	zaocanzhuo
Something you find in a kitchen	zaoer
Something you find in a kitchen	zefen
Something you find in a kitchen	zhangbingshao
Something you find in a kitchen	zhangjiangdou
Something you find in a kitchen	zhangyebohe
Something you find in a kitchen	zhangyedahuang
Something you find in a kitchen	zhaozerucao
Something you find in a kitchen	zhapingguobing
Something you find in a kitchen	zhatudoupian
Something you find in a kitchen	zhengcancanju
Something you find in a kitchen	zhenwei
Something you find in a kitchen	zhi
Something you find in a kitchen	zhibei
Something you find in a kitchen	zhibingji
Something you find in a kitchen	zhidinghua
Something you find in a kitchen	zhidou
Something you find in a kitchen	zhijia
Something you find in a kitchen	zhilicaomei
Something you find in a kitchen	zhilijingucao
Something you find in a kitchen	zhililabahua
Something you find in a kitchen	zhima
Something you find in a kitchen	zhimahua
Something you find in a kitchen	zhishi
Something you find in a kitchen	zhiyanggu
Something you find in a kitchen	zhizhubaodan
Something you find in a kitchen	zhongxiangshu
Something you find in a kitchen	zhouyehongzisu
Something you find in a kitchen	zhouzhi
Something you find in a kitchen	zhu
Something you find in a kitchen	zhugongjun
Something you find in a kitchen	zhuguli
Something you find in a kitchen	zhujiubei
Something you find in a kitchen	zhulongcao
Something you find in a kitchen	zhuma
Something you find in a kitchen	zhumosa
Something you find in a kitchen	zhuozi
Something you find in a kitchen	zhurou
Something you find in a kitchen	zhushidou
Something you find in a kitchen	zhuyangyang
Something you find in a kitchen	ziao
Something you find in a kitchen	zicao
Something you find in a kitchen	zicaogen
Something you find in a kitchen	zicaogenzi
Something you find in a kitchen	zicaokezhiwu
Something you find in a kitchen	zicaorong
Something you find in a kitchen	zidan
Something you find in a kitchen	zigen
Something you find in a kitchen	zihuamalijin
Something you find in a kitchen	zihuamuxu
Something you find in a kitchen	zihuawandou
Something you find in a kitchen	zijingtian
Something you find in a kitchen	zilucao
Something you find in a kitchen	zimaoruihua
Something you find in a kitchen	zimuxu
Something you find in a kitchen	ziquehua
Something you find in a kitchen	ziran
Something you find in a kitchen	zisehuercao
Something you find in a kitchen	ziyangwu
Something you find in a kitchen	ziyazhicao
Something you find in a kitchen	ziyecao
Something you find in a kitchen	ziyuzhiwu
Something you find in a kitchen	zuimacao
An animal that lives in water	ankang
An animal that lives in water	baigui
An animal that lives in water	baiguyu
An animal that lives in water	baijing
An animal that lives in water	baixun
An animal that lives in water	bajiaoyu
An animal that lives in water	bang
An animal that lives in water	banglei
An animal that lives in water	banjiyu
An animal that lives in water	bansai
An animal that lives in water	bansaidongwu
An animal that lives in water	bao
An animal that lives in water	baobei
An animal that lives in water	baochanyu
An animal that lives in water	baoyu
An animal that lives in water	bazhaoyu
An animal that lives in water	bazuleidongwu
An animal that lives in water	beijilujijing
An animal that lives in water	beike
An animal that lives in water	beilukajing
An animal that lives in water	beimeigouyu
An animal that lives in water	beisuoyu
An animal that lives in water	bianfuyu
An animal that lives in water	bianjiao
An animal that lives in water	biantounianyu
An animal that lives in water	bimuyu
An animal that lives in water	bitichong
An animal that lives in water	biyu
An animal that lives in water	biyuke
An animal that lives in water	buyu
An animal that lives in water	chanchu
An animal that lives in water	chang
An animal that lives in water	changcanyu
An animal that lives in water	changshen
An animal that lives in water	changyu
An animal that lives in water	chanluanyu
An animal that lives in water	chanyu
An animal that lives in water	chaochong
An animal that lives in water	chuandie
An animal that lives in water	chuanqu
An animal that lives in water	chuanshao
An animal that lives in water	ciba
An animal that lives in water	cidiao
An animal that lives in water	cidieyu
An animal that lives in water	cigaitaiyangyu
An animal that lives in water	ciweiyu
An animal that lives in water	cuqiyu
An animal that lives in water	daaoxia
An animal that lives in water	dabao
An animal that lives in water	dabimuyu
An animal that lives in water	dahailian
An animal that lives in water	dahailu
An animal that lives in water	daiyu
An animal that lives in water	dakouheilu
An animal that lives in water	dalindamahayu
An animal that lives in water	dalingping
An animal that lives in water	damahayu
An animal that lives in water	danqixue
An animal that lives in water	danqiyu
An animal that lives in water	dantuyu
An animal that lives in water	dashibanyu
An animal that lives in water	datouyu
An animal that lives in water	datouyulei
An animal that lives in water	dawenge
An animal that lives in water	daxia
An animal that lives in water	daxiyangmajiao
An animal that lives in water	dayandiao
An animal that lives in water	dayanshilu
An animal that lives in water	dayingqingyu
An animal that lives in water	diao
An animal that lives in water	dicengyu
An animal that lives in water	didiao
An animal that lives in water	didiaoyu
An animal that lives in water	diqiyu
An animal that lives in water	duanwene
An animal that lives in water	duanweneeyupi
An animal that lives in water	duanwenepige
An animal that lives in water	duanzumudongwu
An animal that lives in water	dufuyu
An animal that lives in water	duixia
An animal that lives in water	dujiaojing
An animal that lives in water	duobangang
An animal that lives in water	duobanmu
An animal that lives in water	eluo
An animal that lives in water	eluoshudongwu
An animal that lives in water	faluo
An animal that lives in water	fanchetun
An animal that lives in water	fancheyu
An animal that lives in water	fangfu
An animal that lives in water	fangqiyu
An animal that lives in water	fangtouyu
An animal that lives in water	fangyu
An animal that lives in water	fanxiyu
An animal that lives in water	fei
An animal that lives in water	feikeyu
An animal that lives in water	feinijian
An animal that lives in water	feiyu
An animal that lives in water	feiyulei
An animal that lives in water	fengweiyu
An animal that lives in water	fujiping
An animal that lives in water	fuzudongwu
An animal that lives in water	fuzuleidongwu
An animal that lives in water	ganbei
An animal that lives in water	gancan
An animal that lives in water	gaoqididiao
An animal that lives in water	gaosugonglu
An animal that lives in water	geli
An animal that lives in water	gongqiyu
An animal that lives in water	gongtoujing
An animal that lives in water	gouxue
An animal that lives in water	gouyu
An animal that lives in water	guangshu
An animal that lives in water	guangxian
An animal that lives in water	gui
An animal that lives in water	guiyamudiyu
An animal that lives in water	guiyu
An animal that lives in water	guizunyu
An animal that lives in water	gushichangshen
An animal that lives in water	guyanyu
An animal that lives in water	haibaihelei
An animal that lives in water	haibao
An animal that lives in water	haibei
An animal that lives in water	haihayu
An animal that lives in water	haiji
An animal that lives in water	haikui
An animal that lives in water	haikuimu
An animal that lives in water	hailian
An animal that lives in water	hailimaopi
An animal that lives in water	hailuo
An animal that lives in water	hailuoke
An animal that lives in water	haiman
An animal that lives in water	haimanzhilei
An animal that lives in water	haimian
An animal that lives in water	hainiu
An animal that lives in water	hainiulei
An animal that lives in water	haishan
An animal that lives in water	haishanbei
An animal that lives in water	haishanlei
An animal that lives in water	haishen
An animal that lives in water	haishi
An animal that lives in water	haisun
An animal that lives in water	haitun
An animal that lives in water	haixiang
An animal that lives in water	haixing
An animal that lives in water	haixue
An animal that lives in water	han
An animal that lives in water	hao
An animal that lives in water	hebang
An animal that lives in water	heihui
An animal that lives in water	heijing
An animal that lives in water	heijutoujing
An animal that lives in water	heixianxue
An animal that lives in water	helu
An animal that lives in water	hetun
An animal that lives in water	hongchong
An animal that lives in water	hongdamahayu
An animal that lives in water	hongdiangui
An animal that lives in water	huangdaiyu
An animal that lives in water	huangweishi
An animal that lives in water	hubaigui
An animal that lives in water	huguayu
An animal that lives in water	huigui
An animal that lives in water	huihaitun
An animal that lives in water	huijing
An animal that lives in water	huiyu
An animal that lives in water	hujian
An animal that lives in water	hujing
An animal that lives in water	jian
An animal that lives in water	jianeyu
An animal that lives in water	jiangxue
An animal that lives in water	jianmenchidiao
An animal that lives in water	jianwei
An animal that lives in water	jianyu
An animal that lives in water	jiaoxiangtun
An animal that lives in water	jiaqiaodongwu
An animal that lives in water	jiayu
An animal that lives in water	jiechong
An animal that lives in water	jiehama
An animal that lives in water	jilieyu
An animal that lives in water	jilintun
An animal that lives in water	jing
An animal that lives in water	jingmudongwu
An animal that lives in water	jingyu
An animal that lives in water	jinqiangyu
An animal that lives in water	jinshukuai
An animal that lives in water	jinshuxiaokuai
An animal that lives in water	jinwei
An animal that lives in water	jinyuchong
An animal that lives in water	jipidongwu
An animal that lives in water	jugaiyu
An animal that lives in water	juncaoyu
An animal that lives in water	juren
An animal that lives in water	jutoujing
An animal that lives in water	juzhili
An animal that lives in water	kangjiman
An animal that lives in water	kawalamajiao
An animal that lives in water	kedou
An animal that lives in water	kouyuyu
An animal that lives in water	kouzumudongwu
An animal that lives in water	kuaisudaolu
An animal that lives in water	kuaisugonglu
An animal that lives in water	kuanwenhaitun
An animal that lives in water	kuoyu
An animal that lives in water	lagu
An animal that lives in water	laihama
An animal that lives in water	laiyu
An animal that lives in water	landianmuli
An animal that lives in water	langyu
An animal that lives in water	lanhao
An animal that lives in water	lanluyu
An animal that lives in water	lantoujinyu
An animal that lives in water	lanyu
An animal that lives in water	lengweiluo
An animal that lives in water	lianha
An animal that lives in water	linghangjing
An animal that lives in water	lingping
An animal that lives in water	lintun
An animal that lives in water	linxia
An animal that lives in water	liuhuadeyu
An animal that lives in water	liuxianyu
An animal that lives in water	liyukeyu
An animal that lives in water	longaoxia
An animal that lives in water	longtouyu
An animal that lives in water	longxia
An animal that lives in water	longyu
An animal that lives in water	lubilu
An animal that lives in water	luha
An animal that lives in water	lukezhiyu
An animal that lives in water	luxingyamuyu
An animal that lives in water	luxue
An animal that lives in water	luyou
An animal that lives in water	luyu
An animal that lives in water	mabakeyu
An animal that lives in water	mahuang
An animal that lives in water	majiaoyu
An animal that lives in water	malinyu
An animal that lives in water	manaobei
An animal that lives in water	mandeyoumiao
An animal that lives in water	manyu
An animal that lives in water	maobei
An animal that lives in water	maolingyukeyu
An animal that lives in water	maoweiyu
An animal that lives in water	meizhouhui
An animal that lives in water	meizhounianyu
An animal that lives in water	meizhouxifei
An animal that lives in water	menchidiao
An animal that lives in water	mianwei
An animal that lives in water	moxiangjing
An animal that lives in water	moyu
An animal that lives in water	muli
An animal that lives in water	nanjishishouyu
An animal that lives in water	nian
An animal that lives in water	nianxingmu
An animal that lives in water	nianyu
An animal that lives in water	niaoha
An animal that lives in water	nijijing
An animal that lives in water	nixifei
An animal that lives in water	oudie
An animal that lives in water	pangxie
An animal that lives in water	penshuidejing
An animal that lives in water	pingyou
An animal that lives in water	qiangjiyu
An animal that lives in water	qiangwuzei
An animal that lives in water	qiangyu
An animal that lives in water	qianxianluoke
An animal that lives in water	qie
An animal that lives in water	qiechong
An animal that lives in water	qing
An animal that lives in water	qinglu
An animal that lives in water	qingwa
An animal that lives in water	qingxue
An animal that lives in water	qingyamuyu
An animal that lives in water	qiqiu
An animal that lives in water	qiumudan
An animal that lives in water	qiyu
An animal that lives in water	qizuleidongwu
An animal that lives in water	quediao
An animal that lives in water	ruankeha
An animal that lives in water	ruantidongwu
An animal that lives in water	rugen
An animal that lives in water	saizudongwu
An animal that lives in water	sanweiyu
An animal that lives in water	sanwenyu
An animal that lives in water	shadingyu
An animal that lives in water	shahailang
An animal that lives in water	shanaoyu
An animal that lives in water	shanbei
An animal that lives in water	shanhuchong
An animal that lives in water	shayu
An animal that lives in water	shen
An animal that lives in water	sheshuiyu
An animal that lives in water	shexian
An animal that lives in water	shi
An animal that lives in water	shibanyu
An animal that lives in water	shibie
An animal that lives in water	shiju
An animal that lives in water	shijueming
An animal that lives in water	shilu
An animal that lives in water	shirenyu
An animal that lives in water	shishouyu
An animal that lives in water	shiwanmudongwu
An animal that lives in water	shiwenxun
An animal that lives in water	shixi
An animal that lives in water	shiyongluo
An animal that lives in water	shiyu
An animal that lives in water	shizudongwu
An animal that lives in water	shizulei
An animal that lives in water	shizumudongwu
An animal that lives in water	shuangkebei
An animal that lives in water	shufu
An animal that lives in water	shuhaitun
An animal that lives in water	shuihuyu
An animal that lives in water	shuita
An animal that lives in water	shuitamaopi
An animal that lives in water	shuiyushu
An animal that lives in water	shuizao
An animal that lives in water	shuizhenyu
An animal that lives in water	shuizhi
An animal that lives in water	siniu
An animal that lives in water	siqiqiyu
An animal that lives in water	suo
An animal that lives in water	suoyu
An animal that lives in water	suoyulei
An animal that lives in water	suoziyu
An animal that lives in water	taiyangyu
An animal that lives in water	taiyu
An animal that lives in water	tange
An animal that lives in water	tanglangxia
An animal that lives in water	tenghu
An animal that lives in water	tiaowenshiyi
An animal that lives in water	tiaoyu
An animal that lives in water	tidaojing
An animal that lives in water	tihu
An animal that lives in water	tihuniao
An animal that lives in water	tingqu
An animal that lives in water	tiyu
An animal that lives in water	touzuleidongwu
An animal that lives in water	tun
An animal that lives in water	tunyu
An animal that lives in water	tuyadiao
An animal that lives in water	walei
An animal that lives in water	wangchao
An animal that lives in water	wapianyu
An animal that lives in water	wayangui
An animal that lives in water	weiyu
An animal that lives in water	woniu
An animal that lives in water	wuyu
An animal that lives in water	wuzei
An animal that lives in water	xia
An animal that lives in water	xiagu
An animal that lives in water	xiahuyu
An animal that lives in water	xiangtun
An animal that lives in water	xiangyu
An animal that lives in water	xiaofeiyu
An animal that lives in water	xiaogeli
An animal that lives in water	xiaohuijing
An animal that lives in water	xiaojingyoubei
An animal that lives in water	xiaokouheilu
An animal that lives in water	xiaolianha
An animal that lives in water	xiaolongxia
An animal that lives in water	xiaoqixue
An animal that lives in water	xiaoxia
An animal that lives in water	xiaoyu
An animal that lives in water	xiaoyuanha
An animal that lives in water	xie
An animal that lives in water	xilinhuguayu
An animal that lives in water	xionggui
An animal that lives in water	xiweidaiyu
An animal that lives in water	xixuedongwu
An animal that lives in water	xixuegui
An animal that lives in water	xuankewuzei
An animal that lives in water	xue
An animal that lives in water	xuekedeyu
An animal that lives in water	xueyu
An animal that lives in water	xueyudeyouyu
An animal that lives in water	xueyulei
An animal that lives in water	xunyu
An animal that lives in water	yangdiao
An animal that lives in water	yangyu
An animal that lives in water	yanwei
An animal that lives in water	yanyu
An animal that lives in water	yanzhiyu
An animal that lives in water	yaxue
An animal that lives in water	yazi
An animal that lives in water	yezudongwu
An animal that lives in water	yibei
An animal that lives in water	yijiaojing
An animal that lives in water	yijiaolei
An animal that lives in water	yilinsheqing
An animal that lives in water	yindamahayu
An animal that lives in water	yingguyu
An animal that lives in water	yingkehashu
An animal that lives in water	yinglinyu
An animal that lives in water	yingshishouyu
An animal that lives in water	yingwuluo
An animal that lives in water	yinhankeyu
An animal that lives in water	yinhanyulei
An animal that lives in water	yinheyu
An animal that lives in water	yinlu
An animal that lives in water	yinwuxuxue
An animal that lives in water	yinyu
An animal that lives in water	yiyu
An animal that lives in water	yizhongjingyu
An animal that lives in water	yizhongredaiyu
An animal that lives in water	yongdie
An animal that lives in water	yongyu
An animal that lives in water	youfei
An animal that lives in water	yougui
An animal that lives in water	youkeyu
An animal that lives in water	youman
An animal that lives in water	youxue
An animal that lives in water	youyu
An animal that lives in water	yuanchi
An animal that lives in water	yuanchizhuang
An animal that lives in water	yuanha
An animal that lives in water	yuanhalei
An animal that lives in water	yuanjuchi
An animal that lives in water	yuanqiyu
An animal that lives in water	yuantoujing
An animal that lives in water	yueshen
An animal that lives in water	yueyu
An animal that lives in water	yujinyu
An animal that lives in water	yulei
An animal that lives in water	yumiao
An animal that lives in water	yuzhenkeyu
An animal that lives in water	zaochuanchong
An animal that lives in water	zhangchiyu
An animal that lives in water	zhangeyu
An animal that lives in water	zhangshechiyu
An animal that lives in water	zhangweixue
An animal that lives in water	zhangxujing
An animal that lives in water	zhangyu
An animal that lives in water	zhangzuiyu
An animal that lives in water	zhanshengyu
An animal that lives in water	zhendiao
An animal that lives in water	zhengqing
An animal that lives in water	zheshuizao
An animal that lives in water	zhili
An animal that lives in water	zhongxia
An animal that lives in water	zhubang
An animal that lives in water	zhuchuanchong
An animal that lives in water	zhudaoyu
An animal that lives in water	zhujiayu
An animal that lives in water	zhuyu
An animal that lives in water	ziyu
An animal that lives in water	zongqiyu
An animal that lives in water	zun
An animal that lives in water	zuoshao
An animal that lives in water	zuotoujing
Something you wear	alabochangpao
Something you wear	baichangpao
Something you wear	baimabusengyi
Something you wear	baizhaopao
Something you wear	baleiwuduanqun
Something you wear	baleiwuqun
Something you wear	banamacaomao
Something you wear	banbaidejiafa
Something you wear	bangqiumao
Something you wear	bangqiushoutao
Something you wear	bangtui
Something you wear	bantongxie
Something you wear	bao
Something you wear	baoshi
Something you wear	beibao
Something you wear	beileimao
Something you wear	beinang
Something you wear	bianfu
Something you wear	bianmao
Something you wear	biezhen
Something you wear	bijini
Something you wear	boluolingdai
Something you wear	chandaixue
Something you wear	changpao
Something you wear	changtongxue
Something you wear	chanyaobu
Something you wear	chanyaodai
Something you wear	chaoduanqun
Something you wear	chenku
Something you wear	chenqun
Something you wear	chenshan
Something you wear	chenyi
Something you wear	chuan
Something you wear	chuansongdai
Something you wear	chuanyi
Something you wear	chuanzhe
Something you wear	daban
Something you wear	dai
Something you wear	daizi
Something you wear	dalimao
Something you wear	dashoupa
Something you wear	daxijizhuang
Something you wear	dayi
Something you wear	denglongku
Something you wear	diaokudai
Something you wear	diaopidayi
Something you wear	diexinglingjie
Something you wear	doumao
Something you wear	doumou
Something you wear	doupeng
Something you wear	duanchang
Something you wear	duandoupeng
Something you wear	duanjiakeshan
Something you wear	duanku
Something you wear	duanneiku
Something you wear	duanqun
Something you wear	duanshangyi
Something you wear	duanwa
Something you wear	duanwaitao
Something you wear	duijinmaoyi
Something you wear	duzhishoutao
Something you wear	erhuan
Something you wear	ershi
Something you wear	faguan
Something you wear	famujiake
Something you wear	fanbubeibao
Something you wear	fangdumianju
Something you wear	fanghefuchenyi
Something you wear	fanghumao
Something you wear	fangleixue
Something you wear	fangpijin
Something you wear	fangtoujin
Something you wear	feicui
Something you wear	fengjing
Something you wear	fengmao
Something you wear	fujin
Something you wear	funukuanchenyi
Something you wear	fushi
Something you wear	fushipin
Something you wear	fuzhuang
Something you wear	gangkui
Something you wear	gaodixie
Something you wear	gaomao
Something you wear	gaomaozi
Something you wear	gongzhuangku
Something you wear	gongzuofu
Something you wear	gongzuojiake
Something you wear	gongzuoqun
Something you wear	haibinfuzhuang
Something you wear	haijiabu
Something you wear	haili
Something you wear	hailipidalimao
Something you wear	haitanzhuang
Something you wear	hanshan
Something you wear	hefu
Something you wear	heisenxue
Something you wear	heizhanmao
Something you wear	hongbaoshi
Something you wear	houwaitao
Something you wear	huadani
Something you wear	huaibiao
Something you wear	huaihuan
Something you wear	huaishi
Something you wear	hualidefushi
Something you wear	hudang
Something you wear	huiseyifu
Something you wear	huishigaibu
Something you wear	humianju
Something you wear	humujing
Something you wear	huojiewushexie
Something you wear	hutui
Something you wear	jiaban
Something you wear	jiafa
Something you wear	jiake
Something you wear	jiamianju
Something you wear	jiandai
Something you wear	jiaopu
Something you wear	jiaoxie
Something you wear	jiaozhuo
Something you wear	jiezhi
Something you wear	jiguanmao
Something you wear	jingshi
Something you wear	jinshenda
Something you wear	jinshendiyi
Something you wear	jinshenku
Something you wear	jinshenneiyi
Something you wear	jinshenyi
Something you wear	juzhuang
Something you wear	kaijinmaoyi
Something you wear	keteernanwaiyi
Something you wear	kouzhao
Something you wear	kuandachangpao
Something you wear	kuansongnufu
Something you wear	kucha
Something you wear	kuguan
Something you wear	kui
Something you wear	kuijiapijian
Something you wear	kuizhao
Something you wear	kuizi
Something you wear	kutui
Something you wear	kuzi
Something you wear	lanbaoshi
Something you wear	lansedeyifu
Something you wear	liangxie
Something you wear	liankou
Something you wear	lianshenyi
Something you wear	lianyiqun
Something you wear	lianzhishoutao
Something you wear	lielumao
Something you wear	lieyongbiao
Something you wear	lifu
Something you wear	liguan
Something you wear	limao
Something you wear	lingdai
Something you wear	lingsheng
Something you wear	lingzhen
Something you wear	lubaoshi
Something you wear	lugangyu
Something you wear	lupiku
Something you wear	lupimaku
Something you wear	lupixie
Something you wear	maku
Something you wear	mao
Something you wear	maokui
Something you wear	maopiyifu
Something you wear	maoyi
Something you wear	maozi
Something you wear	maxue
Something you wear	meiyu
Something you wear	mengtoudoupeng
Something you wear	mianju
Something you wear	miansha
Something you wear	mianzhao
Something you wear	mimianbiao
Something you wear	miniduanqun
Something you wear	miniqun
Something you wear	muji
Something you wear	muxie
Something you wear	naizhao
Something you wear	nanshiyelifu
Something you wear	neiku
Something you wear	niaobu
Something you wear	niuzaiku
Something you wear	nubeixin
Something you wear	nuchenshan
Something you wear	nufu
Something you wear	numao
Something you wear	nuneiyi
Something you wear	nuqizhuang
Something you wear	nuqun
Something you wear	nuqunfu
Something you wear	nuqunshan
Something you wear	nushilifu
Something you wear	nushineiyi
Something you wear	nushuiyi
Something you wear	nuwaitao
Something you wear	nuyelifu
Something you wear	nuyongqunku
Something you wear	nuzhangfu
Something you wear	peishi
Something you wear	pibao
Something you wear	pidai
Something you wear	piduanku
Something you wear	pifeng
Something you wear	pijian
Something you wear	pingdiliangxie
Something you wear	pingdingmao
Something you wear	pinggenxie
Something you wear	pingjiaoku
Something you wear	pixue
Something you wear	qianbao
Something you wear	qiuxie
Something you wear	qixingduanku
Something you wear	qizhuangwu
Something you wear	quanhuanqun
Something you wear	quanjishoutao
Something you wear	qun
Something you wear	qunzi
Something you wear	renzaopu
Something you wear	ruanbangxie
Something you wear	ruanpixie
Something you wear	ruantuoxie
Something you wear	ruda
Something you wear	ruzhao
Something you wear	sangfu
Something you wear	sanjiaoku
Something you wear	shangyi
Something you wear	shengzhuang
Something you wear	shidai
Something you wear	shiwu
Something you wear	shizhao
Something you wear	shizhen
Something you wear	shizida
Something you wear	shoubiao
Something you wear	shoushi
Something you wear	shoushufu
Something you wear	shoutao
Something you wear	shoutibao
Something you wear	shouzhuo
Something you wear	shuanggaibiao
Something you wear	shuangjiaomao
Something you wear	shudai
Something you wear	shuishoushan
Something you wear	shuita
Something you wear	sijiaoku
Something you wear	sijiaomao
Something you wear	sugelanduanqun
Something you wear	tabushenmao
Something you wear	taiyangmao
Something you wear	tangguodeyifu
Something you wear	taoxie
Something you wear	taozhuang
Something you wear	tedingchanghe
Something you wear	telibimao
Something you wear	ticaoxie
Something you wear	tixushan
Something you wear	tongmao
Something you wear	toudai
Something you wear	toujin
Something you wear	toukui
Something you wear	toushi
Something you wear	tuerqimao
Something you wear	tuerqitanmao
Something you wear	tuomaoniyi
Something you wear	turendeyaobu
Something you wear	waitao
Something you wear	waiyi
Something you wear	walei
Something you wear	wandai
Something you wear	wangguan
Something you wear	wanhuan
Something you wear	wanyanfu
Something you wear	wazi
Something you wear	weijin
Something you wear	weiqun
Something you wear	weizhuang
Something you wear	weizhuangwu
Something you wear	weizhuangyi
Something you wear	wenxiong
Something you wear	wuweilifu
Something you wear	wuxiulianyiqun
Something you wear	xiaodoupeng
Something you wear	xiaohe
Something you wear	xiaohuan
Something you wear	xiaolifu
Something you wear	xiaolun
Something you wear	xiaowangguan
Something you wear	xideyifu
Something you wear	xie
Something you wear	xiehougen
Something you wear	xielei
Something you wear	xiewa
Something you wear	xiezi
Something you wear	xinzhuang
Something you wear	xiongzhao
Something you wear	xiongzhen
Something you wear	xiubugongzuo
Something you wear	xiujian
Something you wear	xiukouliankou
Something you wear	xiunubaotoujin
Something you wear	xiuxianfu
Something you wear	xizhuang
Something you wear	xue
Something you wear	xueshimao
Something you wear	xuezi
Something you wear	yajiaoban
Something you wear	yangmaoshan
Something you wear	yangmaoyi
Something you wear	yanjing
Something you wear	yanweifu
Something you wear	yaobu
Something you wear	yaodai
Something you wear	yaoxideyifu
Something you wear	yaoxideyiwu
Something you wear	yashemao
Something you wear	yifu
Something you wear	yinduyaodai
Something you wear	yingcaomao
Something you wear	yinhuadashoupa
Something you wear	yinhuasijin
Something you wear	yishang
Something you wear	yizhuo
Something you wear	yundongjiake
Something you wear	yundongshan
Something you wear	yushi
Something you wear	yuyi
Something you wear	zaseyi
Something you wear	zhangdayi
Something you wear	zhangshoutao
Something you wear	zhangxue
Something you wear	zhanxue
Something you wear	zhegaiwu
Something you wear	zhenzhipin
Something you wear	zhenzhitaoshan
Something you wear	zhenzhiwu
Something you wear	zhenzhu
Something you wear	zhexiubu
Something you wear	zhifu
Something you wear	zhong
Something you wear	zhongxingnumao
Something you wear	zhuangban
Something you wear	zhuangshi
Something you wear	zhuangshijiafa
Something you wear	zhuangshu
Something you wear	zhubao
Something you wear	zhujiaofaguan
Something you wear	zhuozi
Something you wear	zhuzi
Something you wear	zuanshi
Something you wear	zumulu
A part of the body	aoxing
A part of the body	axilisigenjian
A part of the body	baimo
A part of the body	bandian
A part of the body	banqiu
A part of the body	baoyi
A part of the body	beigu
A part of the body	beiqi
A part of the body	beixingqi
A part of the body	beixingqiju
A part of the body	bianzi
A part of the body	biaopineitu
A part of the body	bibang
A part of the body	bikoubu
A part of the body	bizi
A part of the body	bozi
A part of the body	budai
A part of the body	buxingzu
A part of the body	cexianqiguan
A part of the body	cezu
A part of the body	chang
A part of the body	changguan
A part of the body	chi
A part of the body	chibang
A part of the body	chimai
A part of the body	chujiao
A part of the body	chujiaomang
A part of the body	chujiaoxian
A part of the body	chushou
A part of the body	chutui
A part of the body	chuxu
A part of the body	ciji
A part of the body	cizhen
A part of the body	damuzhi
A part of the body	danao
A part of the body	danaobanqiu
A part of the body	daocimao
A part of the body	datui
A part of the body	dimian
A part of the body	disiwei
A part of the body	diyijingchui
A part of the body	dizi
A part of the body	dongwutui
A part of the body	douhen
A part of the body	duanwei
A part of the body	duanweiba
A part of the body	duzi
A part of the body	erduo
A part of the body	etou
A part of the body	exin
A part of the body	faxing
A part of the body	fei
A part of the body	feipao
A part of the body	feizang
A part of the body	fengwowei
A part of the body	fenmen
A part of the body	fenzhiti
A part of the body	fubu
A part of the body	fubude
A part of the body	fuji
A part of the body	fulu
A part of the body	fuqi
A part of the body	fuqiang
A part of the body	fuzhi
A part of the body	gaizi
A part of the body	gan
A part of the body	gangmen
A part of the body	ganzang
A part of the body	gebei
A part of the body	gebo
A part of the body	genjian
A part of the body	goumao
A part of the body	guangu
A part of the body	guanjie
A part of the body	guanjiewo
A part of the body	guanzu
A part of the body	guci
A part of the body	gugan
A part of the body	guge
A part of the body	gugexitong
A part of the body	gujia
A part of the body	gutou
A part of the body	han
A part of the body	hemao
A part of the body	houbu
A part of the body	hougen
A part of the body	houlianpi
A part of the body	houlong
A part of the body	houpi
A part of the body	houtui
A part of the body	houzhi
A part of the body	houzu
A part of the body	huai
A part of the body	huaiguanjie
A part of the body	hui
A part of the body	huxu
A part of the body	huzi
A part of the body	jia
A part of the body	jian
A part of the body	jianbang
A part of the body	jianmo
A part of the body	jiao
A part of the body	jiaobu
A part of the body	jiaogen
A part of the body	jiaogong
A part of the body	jiaohougen
A part of the body	jiaohuai
A part of the body	jiaojian
A part of the body	jiaotang
A part of the body	jiaowanzi
A part of the body	jiaozhao
A part of the body	jiaozhi
A part of the body	jiaozhijia
A part of the body	jiazhiwo
A part of the body	jie
A part of the body	jiechang
A part of the body	jieduandeweiba
A part of the body	jigu
A part of the body	jijiao
A part of the body	jing
A part of the body	jingbu
A part of the body	jingji
A part of the body	jingmai
A part of the body	jingweiyetu
A part of the body	jingxiang
A part of the body	jinmo
A part of the body	jinrou
A part of the body	jirou
A part of the body	jirouzuzhi
A part of the body	jizhu
A part of the body	jizhui
A part of the body	juanfa
A part of the body	kongkou
A part of the body	kou
A part of the body	koubibu
A part of the body	koubu
A part of the body	kouqiang
A part of the body	kouwen
A part of the body	kouyuan
A part of the body	kuan
A part of the body	kuanbu
A part of the body	kuanjiu
A part of the body	lanwei
A part of the body	leigu
A part of the body	lian
A part of the body	liandan
A part of the body	liandanzi
A part of the body	liangjia
A part of the body	lianjia
A part of the body	lianpi
A part of the body	linbaxianzhong
A part of the body	lingguan
A part of the body	liu
A part of the body	liuwei
A part of the body	lugu
A part of the body	lujiao
A part of the body	lunkuo
A part of the body	lurong
A part of the body	luxian
A part of the body	majianlong
A part of the body	mang
A part of the body	mangci
A part of the body	maofa
A part of the body	mati
A part of the body	meimao
A part of the body	mian
A part of the body	mianbulunkuo
A part of the body	mianbutezheng
A part of the body	mianjia
A part of the body	mianmaotezheng
A part of the body	miaoyu
A part of the body	mimi
A part of the body	mingguan
A part of the body	muzhi
A part of the body	nao
A part of the body	naodai
A part of the body	naoke
A part of the body	neixin
A part of the body	niaomo
A part of the body	niaoyi
A part of the body	niaozhao
A part of the body	niaozui
A part of the body	nieru
A part of the body	niubaiye
A part of the body	niudu
A part of the body	niuwei
A part of the body	nongpao
A part of the body	outi
A part of the body	paixiexian
A part of the body	paogu
A part of the body	peibu
A part of the body	pianzhiti
A part of the body	pici
A part of the body	pifu
A part of the body	pigu
A part of the body	pinghengbang
A part of the body	piyan
A part of the body	putaohe
A part of the body	puzu
A part of the body	qian
A part of the body	qianbu
A part of the body	qiane
A part of the body	qianjiao
A part of the body	qianjuji
A part of the body	qianti
A part of the body	qianxin
A part of the body	qianxiong
A part of the body	qianyi
A part of the body	qianzhao
A part of the body	qianzhi
A part of the body	qianzu
A part of the body	qiao
A part of the body	qiaochi
A part of the body	qiguan
A part of the body	qinang
A part of the body	qiujie
A part of the body	qizu
A part of the body	quan
A part of the body	quantou
A part of the body	queban
A part of the body	qugan
A part of the body	raozhi
A part of the body	renleidelian
A part of the body	rongmao
A part of the body	rouyazuzhi
A part of the body	rufang
A part of the body	ruyun
A part of the body	sai
A part of the body	saibangzi
A part of the body	saigong
A part of the body	sailie
A part of the body	sangzi
A part of the body	shanang
A part of the body	shangzhi
A part of the body	shangzhigu
A part of the body	she
A part of the body	shen
A part of the body	shengjiechang
A part of the body	shenjing
A part of the body	shenzang
A part of the body	shetou
A part of the body	shi
A part of the body	shibei
A part of the body	shici
A part of the body	shimao
A part of the body	shizhi
A part of the body	shou
A part of the body	shoubi
A part of the body	shouwan
A part of the body	shouzhi
A part of the body	shouzhijia
A part of the body	shugan
A part of the body	shuimaixi
A part of the body	shuipao
A part of the body	shujie
A part of the body	shuliu
A part of the body	shuotuo
A part of the body	simiao
A part of the body	sixian
A part of the body	sizhiguge
A part of the body	sunang
A part of the body	suzi
A part of the body	taiyangxue
A part of the body	tiguan
A part of the body	tongdao
A part of the body	tou
A part of the body	toufa
A part of the body	tougaigu
A part of the body	tougu
A part of the body	tounao
A part of the body	tuci
A part of the body	tuiwanzi
A part of the body	tun
A part of the body	tunbu
A part of the body	waipi
A part of the body	waisai
A part of the body	waiweiqi
A part of the body	wan
A part of the body	wanguanjie
A part of the body	wanzi
A part of the body	wei
A part of the body	weiba
A part of the body	weibu
A part of the body	weibufuzhi
A part of the body	weici
A part of the body	weikoubu
A part of the body	weimo
A part of the body	weiqi
A part of the body	weitun
A part of the body	weizhixian
A part of the body	wentu
A part of the body	xiaba
A part of the body	xiabake
A part of the body	xiace
A part of the body	xiae
A part of the body	xiamian
A part of the body	xiangbizi
A part of the body	xiangmao
A part of the body	xianpao
A part of the body	xiaochi
A part of the body	xiaohuadao
A part of the body	xiaokong
A part of the body	xiaoliu
A part of the body	xiaoniu
A part of the body	xiaonongchuang
A part of the body	xiaoya
A part of the body	xiaozhanggu
A part of the body	xiazhi
A part of the body	xibu
A part of the body	xichi
A part of the body	xiefu
A part of the body	xiehougen
A part of the body	xigai
A part of the body	xiguanjie
A part of the body	xin
A part of the body	xinzang
A part of the body	xiong
A part of the body	xiongbu
A part of the body	xiongjie
A part of the body	xiongqi
A part of the body	xiongqiang
A part of the body	xiongtang
A part of the body	xipan
A part of the body	xizui
A part of the body	xue
A part of the body	xueguan
A part of the body	xuepao
A part of the body	xuesheng
A part of the body	xueye
A part of the body	yachi
A part of the body	yan
A part of the body	yangjiao
A part of the body	yangmo
A part of the body	yangti
A part of the body	yanhou
A part of the body	yanjian
A part of the body	yanjing
A part of the body	yanmei
A part of the body	yanpi
A part of the body	yantou
A part of the body	yao
A part of the body	yaobu
A part of the body	yaotui
A part of the body	yaowei
A part of the body	yaozi
A part of the body	yemaiwangxi
A part of the body	yewo
A part of the body	yexia
A part of the body	yibao
A part of the body	youpudejiao
A part of the body	youshuizu
A part of the body	youzu
A part of the body	yuanchang
A part of the body	yubiao
A part of the body	yugu
A part of the body	yutengtonglei
A part of the body	zhangzui
A part of the body	zhanlian
A part of the body	zhao
A part of the body	zhen
A part of the body	zhengweiqi
A part of the body	zhenwei
A part of the body	zhi
A part of the body	zhichi
A part of the body	zhijia
A part of the body	zhirou
A part of the body	zhisai
A part of the body	zhitou
A part of the body	zhong
A part of the body	zhongbanwei
A part of the body	zhou
A part of the body	zhoubu
A part of the body	zhouguanjie
A part of the body	zhouwei
A part of the body	zhuazi
A part of the body	zhuigu
A part of the body	zhujiao
A part of the body	zhun
A part of the body	zhuti
A part of the body	zoulang
A part of the body	zugong
A part of the body	zui
A part of the body	zuichun
A part of the body	zuzhi
Something that flies	adeliqie
Something that flies	aijishenglu
Something that flies	aijiyanheng
Something that flies	aisijimobiaoyu
Something that flies	anqier
Something that flies	anqinlei
Something that flies	anqinleiniao
Something that flies	aozhoubanjiu
Something that flies	aozuiguan
Something that flies	baiehu
Something that flies	baiguan
Something that flies	baiguding
Something that flies	baihudie
Something that flies	baijiadie
Something that flies	baijianiaolei
Something that flies	bailu
Something that flies	baiou
Something that flies	baitihu
Something that flies	baiwenjiadie
Something that flies	baiwenyiwen
Something that flies	baiyaobiaoyu
Something that flies	bandie
Something that flies	banji
Something that flies	banpubaichiyu
Something that flies	banpuyu
Something that flies	banxiongbinyu
Something that flies	banxiongjiyu
Something that flies	banxiongtianji
Something that flies	banyu
Something that flies	banzhangjiaoyu
Something that flies	banzuijupiti
Something that flies	bao
Something that flies	baofenghu
Something that flies	baowendie
Something that flies	beifangbanpuyu
Something that flies	beijihaiying
Something that flies	beimeixuanheng
Something that flies	beimeiya
Something that flies	beimeiyeya
Something that flies	bianfu
Something that flies	biaoqiang
Something that flies	biaoyu
Something that flies	bifeng
Something that flies	bilu
Something that flies	binhaiyu
Something that flies	binlangyu
Something that flies	binniao
Something that flies	binyu
Something that flies	boleixiaoniao
Something that flies	caicaiying
Something that flies	caidie
Something that flies	caifendie
Something that flies	cane
Something that flies	canglu
Something that flies	cangying
Something that flies	caodiming
Something that flies	caoditanyee
Something that flies	chen
Something that flies	chenai
Something that flies	chengweiquying
Something that flies	chengyu
Something that flies	chentu
Something that flies	chifanshiyu
Something that flies	chihuoe
Something that flies	chijiadie
Something that flies	chijingpiti
Something that flies	chuanwen
Something that flies	chuanyan
Something that flies	chuanzuilu
Something that flies	chucane
Something that flies	dabailu
Something that flies	dabao
Something that flies	dacaifendie
Something that flies	dacane
Something that flies	daerfu
Something that flies	dahainiao
Something that flies	dahaiya
Something that flies	daheibeiou
Something that flies	dahuangfeng
Something that flies	dahuangjiaoyu
Something that flies	dalaming
Something that flies	dalanlu
Something that flies	dandaodaodan
Something that flies	dandaofeidan
Something that flies	danyiji
Something that flies	daozuihaique
Something that flies	daqie
Something that flies	daxunquanfu
Something that flies	dazeiou
Something that flies	dazongfu
Something that flies	denge
Something that flies	dengluche
Something that flies	dengyuecang
Something that flies	die
Something that flies	diheng
Something that flies	ditan
Something that flies	dongfangfuyi
Something that flies	dongshuerfu
Something that flies	duanchishuiji
Something that flies	duanhuibanpuyu
Something that flies	duanweizeiou
Something that flies	duanzuibanpuyu
Something that flies	duchong
Something that flies	due
Something that flies	duoyindacane
Something that flies	faguofeiyu
Something that flies	fanniao
Something that flies	fanqietiane
Something that flies	fanshiyu
Something that flies	fanzuiyu
Something that flies	feibiao
Something that flies	feichuan
Something that flies	feiji
Something that flies	feiniao
Something that flies	feipan
Something that flies	feiqulaiqi
Something that flies	feiting
Something that flies	feixingting
Something that flies	feixingyuan
Something that flies	feiyudaodan
Something that flies	feizhoufeng
Something that flies	feizhoutuguan
Something that flies	fenchie
Something that flies	fendie
Something that flies	feng
Something that flies	fengmeng
Something that flies	fengtoumaiji
Something that flies	fengtoupiti
Something that flies	fengzheng
Something that flies	fengzhengqiqiu
Something that flies	fenhongpilu
Something that flies	fuchonghongzha
Something that flies	futongfeiji
Something that flies	fuwangjiadie
Something that flies	fuyi
Something that flies	fuying
Something that flies	gangguokongque
Something that flies	ganguobanming
Something that flies	gaojiaohe
Something that flies	gaoyuanyu
Something that flies	gezi
Something that flies	guan
Something that flies	guanbiguofu
Something that flies	guanniao
Something that flies	gudingji
Something that flies	gue
Something that flies	guekekunchong
Something that flies	guiliantiane
Something that flies	guniao
Something that flies	guofu
Something that flies	guowangqie
Something that flies	haige
Something that flies	haijiu
Something that flies	haijiuzhilei
Something that flies	hainiao
Something that flies	haiou
Something that flies	haique
Something that flies	haiquelei
Something that flies	haiya
Something that flies	haiyan
Something that flies	haiyanlei
Something that flies	haiying
Something that flies	hangkongqi
Something that flies	hangtianyuan
Something that flies	hanjianniao
Something that flies	heifanshiyu
Something that flies	heifubinyu
Something that flies	heiguan
Something that flies	heihaige
Something that flies	heihouhufu
Something that flies	heijiaoqie
Something that flies	heijingguan
Something that flies	heijingpiti
Something that flies	heilianpilu
Something that flies	heishuiji
Something that flies	heitouya
Something that flies	heiweiyu
Something that flies	heiya
Something that flies	hengkeniao
Something that flies	hengniao
Something that flies	hexingniao
Something that flies	hongfubinyu
Something that flies	honghe
Something that flies	hongjiadie
Something that flies	hongjiaoyu
Something that flies	hongqieyefeng
Something that flies	hongweiniao
Something that flies	hongzhaji
Something that flies	hongzuiou
Something that flies	houxunshouyee
Something that flies	houzuihaiya
Something that flies	huadie
Something that flies	huakuiniao
Something that flies	huan
Something that flies	huangbanfeng
Something that flies	huangchong
Something that flies	huangdue
Something that flies	huange
Something that flies	huanggoujiadie
Something that flies	huangguanyelu
Something that flies	huangqie
Something that flies	huangzuyao
Something that flies	huanzhuangling
Something that flies	huaweifu
Something that flies	huaxiangji
Something that flies	hudie
Something that flies	hufeng
Something that flies	hufu
Something that flies	hui
Something that flies	huichen
Something that flies	huichilabaniao
Something that flies	huidie
Something that flies	huifeibang
Something that flies	huifeibiao
Something that flies	huijin
Something that flies	huimo
Something that flies	huishu
Something that flies	huixuanbiao
Something that flies	huohe
Something that flies	huoji
Something that flies	huojian
Something that flies	huolieniao
Something that flies	huolong
Something that flies	jiacan
Something that flies	jiachong
Something that flies	jiadie
Something that flies	jianfeng
Something that flies	jianniao
Something that flies	jiantoufuhao
Something that flies	jianzuiou
Something that flies	jiaohaiying
Something that flies	jiaohe
Something that flies	jiaoying
Something that flies	jiaozuihaique
Something that flies	jiashiyuan
Something that flies	jiaxixuefu
Something that flies	jiaying
Something that flies	jiejiji
Something that flies	jiejueying
Something that flies	jinbanheng
Something that flies	jingtouguan
Something that flies	jintifu
Something that flies	jiuke
Something that flies	jiweilu
Something that flies	jiyao
Something that flies	jiyaozhilei
Something that flies	jiying
Something that flies	jiyu
Something that flies	juanyee
Something that flies	judaijuane
Something that flies	juhu
Something that flies	junjianniao
Something that flies	jutoufu
Something that flies	kalakalaying
Something that flies	kangduowujiu
Something that flies	kanielafeng
Something that flies	keji
Something that flies	kongdidaodan
Something that flies	kongkongdaodan
Something that flies	kongquejiadie
Something that flies	kongzhongbashi
Something that flies	kuangying
Something that flies	kulongniao
Something that flies	kuwen
Something that flies	kuyee
Something that flies	kuyeezhilei
Something that flies	labaniao
Something that flies	landie
Something that flies	lanjieji
Something that flies	lanliying
Something that flies	laoying
Something that flies	lidie
Something that flies	lieniao
Something that flies	lieqin
Something that flies	lingchun
Something that flies	linguan
Something that flies	lingyanheng
Something that flies	lingyee
Something that flies	linsanzhichun
Something that flies	linyu
Something that flies	lishu
Something that flies	liusuyu
Something that flies	liying
Something that flies	liyu
Something that flies	long
Something that flies	luci
Something that flies	luojingguan
Something that flies	lusi
Something that flies	lutoucangying
Something that flies	maie
Something that flies	maiji
Something that flies	maohou
Something that flies	maolingge
Something that flies	maotouying
Something that flies	maotuixixuefu
Something that flies	maowenfu
Something that flies	maozhanyie
Something that flies	maweiying
Something that flies	maya
Something that flies	maying
Something that flies	mayu
Something that flies	meiguobaie
Something that flies	meiguoheniao
Something that flies	meizhouguan
Something that flies	meizhouhe
Something that flies	meizhoumalu
Something that flies	meizhouqiuyu
Something that flies	meizhouxique
Something that flies	meizhouyebifu
Something that flies	meng
Something that flies	mifeng
Something that flies	minge
Something that flies	minghe
Something that flies	mingqin
Something that flies	mufeng
Something that flies	muji
Something that flies	nanbao
Something that flies	nanjibaofenghu
Something that flies	nanyangniao
Something that flies	niao
Something that flies	niaolei
Something that flies	niaoleiyumao
Something that flies	niaoyu
Something that flies	niubeilu
Something that flies	niumeng
Something that flies	nuewen
Something that flies	nuwu
Something that flies	ouzhoumaya
Something that flies	ouzhouxiaopiti
Something that flies	pao
Something that flies	paomo
Something that flies	penqiji
Something that flies	penqikeji
Something that flies	penqishifeiji
Something that flies	piaochong
Something that flies	piaoyu
Something that flies	piliuying
Something that flies	pilu
Something that flies	pingguochue
Something that flies	piti
Something that flies	putongbianfu
Something that flies	putonghu
Something that flies	qiangdan
Something that flies	qiangjiji
Something that flies	qianniao
Something that flies	qianniaolei
Something that flies	qianzuiguan
Something that flies	qie
Something that flies	qiemuhainiao
Something that flies	qieyefeng
Something that flies	qin
Something that flies	qingjiaoyu
Something that flies	qingting
Something that flies	qingzuyu
Something that flies	qipao
Something that flies	qiqiu
Something that flies	qiu
Something that flies	qiuxingchihuo
Something that flies	qiuyu
Something that flies	quanfu
Something that flies	que
Something that flies	redainiao
Something that flies	redaodaodan
Something that flies	renzaoweixing
Something that flies	reqiqiu
Something that flies	rouying
Something that flies	rui
Something that flies	sanjianchun
Something that flies	sanzhibinyu
Something that flies	sanzhichun
Something that flies	sanzhiou
Something that flies	sanzhiyu
Something that flies	saoba
Something that flies	saozhou
Something that flies	saozhoubing
Something that flies	shanweishazhui
Something that flies	shanweiyu
Something that flies	shanyu
Something that flies	shaqin
Something that flies	shendeshizhe
Something that flies	shenfengtujiji
Something that flies	sheqin
Something that flies	sheqinlei
Something that flies	sheshuiniao
Something that flies	sheti
Something that flies	shetikeniao
Something that flies	shetiniao
Something that flies	sheying
Something that flies	shifeng
Something that flies	shifengweng
Something that flies	shiheng
Something that flies	shiyee
Something that flies	shizuniao
Something that flies	shuanglingheng
Something that flies	shuangyifeiji
Something that flies	shuerfu
Something that flies	shuiji
Something that flies	shuiniao
Something that flies	shuiqin
Something that flies	shuishangfeiji
Something that flies	songshu
Something that flies	sucaneyouchong
Something that flies	taikongren
Something that flies	taiyangniao
Something that flies	tan
Something that flies	tange
Something that flies	tanzi
Something that flies	tiancaiyee
Something that flies	tiancane
Something that flies	tianekezhie
Something that flies	tianfu
Something that flies	tianji
Something that flies	tianmumaochong
Something that flies	tianshi
Something that flies	tiaoyanqie
Something that flies	tifu
Something that flies	tihu
Something that flies	tihuniao
Something that flies	tiyan
Something that flies	tongsehuidie
Something that flies	tuguan
Something that flies	wangqie
Something that flies	wanzuibinyu
Something that flies	weixing
Something that flies	weiying
Something that flies	wen
Something that flies	wenbaidie
Something that flies	wenzi
Something that flies	wudue
Something that flies	wupo
Something that flies	wurenfeiji
Something that flies	xiannu
Something that flies	xianzi
Something that flies	xiao
Something that flies	xiaobailu
Something that flies	xiaobianfu
Something that flies	xiaocanglu
Something that flies	xiaohainiao
Something that flies	xiaohaique
Something that flies	xiaohongjiadie
Something that flies	xiaohuanhudie
Something that flies	xiaohuidie
Something that flies	xiaoji
Something that flies	xiaokongniao
Something that flies	xiaoniao
Something that flies	xiaoniaoqiu
Something that flies	xiaoyu
Something that flies	xiaozuiheng
Something that flies	xibigutiancan
Something that flies	xie
Something that flies	xifangdaerfu
Something that flies	xifangfuyi
Something that flies	xintianweng
Something that flies	xiongfeng
Something that flies	xixuebianfu
Something that flies	xixuefu
Something that flies	xuanyifeiji
Something that flies	xuanyiji
Something that flies	xuefu
Something that flies	xuelu
Something that flies	xuezuiguan
Something that flies	xunhangdaodan
Something that flies	yamaxunhe
Something that flies	yamaxunyingwu
Something that flies	yan
Something that flies	yanbanzhi
Something that flies	yancaofenming
Something that flies	yancaotiane
Something that flies	yanghe
Something that flies	yangji
Something that flies	yangjilei
Something that flies	yangjizhilei
Something that flies	yangkuangying
Something that flies	yangshangyee
Something that flies	yanou
Something that flies	yanwu
Something that flies	yanxingmuniao
Something that flies	yanyun
Something that flies	yao
Something that flies	yaolei
Something that flies	yaoyan
Something that flies	yazi
Something that flies	yebifu
Something that flies	yecansi
Something that flies	yee
Something that flies	yelu
Something that flies	yezi
Something that flies	yidalifeng
Something that flies	yie
Something that flies	ying
Something that flies	yinghuochong
Something that flies	yinglei
Something that flies	yiniao
Something that flies	yinou
Something that flies	yiwen
Something that flies	yizhongniao
Something that flies	youheng
Something that flies	youliweifu
Something that flies	yuhangyuan
Something that flies	yukeniao
Something that flies	yumao
Something that flies	yumitiancane
Something that flies	yunzaihuojian
Something that flies	yuyan
Something that flies	yuying
Something that flies	zeiou
Something that flies	zhangai
Something that flies	zhangjiaoyu
Something that flies	zhaozeji
Something that flies	zhaozeniao
Something that flies	zhidaodaodan
Something that flies	zhifakuwen
Something that flies	zhishengfeiji
Something that flies	zhishengji
Something that flies	zhongque
Something that flies	zhou
Something that flies	zhulu
Something that flies	zhuolucang
Something that flies	zhuoluqi
Something that flies	zhushae
Something that flies	zidan
Something that flies	ziqingshuiji
Something that flies	zishanjiadie
Something that flies	zishuiji
Something that flies	zongchengyu
Something that flies	zongfu
Something that flies	zongseshuerfu
Something that flies	zongweidue
Something that flies	zulanqiqiu
Something that flies	zuocan
Something that flies	zuocansi
A type of food	akaimuguo
A type of food	anboluoguo
A type of food	anluoguo
A type of food	aonao
A type of food	asibate
A type of food	asibatiantang
A type of food	axiluola
A type of food	ayuehunzishu
A type of food	baozi
A type of food	biantao
A type of food	binggan
A type of food	binggao
A type of food	bingqilin
A type of food	bocai
A type of food	boluo
A type of food	buding
A type of food	cai
A type of food	cainiu
A type of food	caizhi
A type of food	candou
A type of food	cangenglengzhi
A type of food	canhoutiandian
A type of food	caomei
A type of food	chaofan
A type of food	chaoxianji
A type of food	cheng
A type of food	chengzi
A type of food	cheqiancao
A type of food	chuhan
A type of food	cihulu
A type of food	dahuixiang
A type of food	dahuixiangzi
A type of food	damahayu
A type of food	dami
A type of food	dan
A type of food	dangao
A type of food	danggui
A type of food	danlei
A type of food	daomi
A type of food	dasuan
A type of food	dianxin
A type of food	dou
A type of food	doufu
A type of food	duoxiangguofen
A type of food	fan
A type of food	fangcao
A type of food	fannao
A type of food	fanqie
A type of food	fengli
A type of food	fengmi
A type of food	fenhe
A type of food	fupen
A type of food	fupenmei
A type of food	fupenzi
A type of food	fuyi
A type of food	ganju
A type of food	ganlao
A type of food	gui
A type of food	guiyu
A type of food	guleishipin
A type of food	guojiang
A type of food	guozhi
A type of food	guwu
A type of food	haizao
A type of food	hao
A type of food	heihujiao
A type of food	hezi
A type of food	hongluobo
A type of food	huan
A type of food	huanggua
A type of food	huangli
A type of food	huangyou
A type of food	huanzhuangwu
A type of food	huasheng
A type of food	huayecai
A type of food	hubangzi
A type of food	huigudou
A type of food	hujiao
A type of food	huluobo
A type of food	huoguo
A type of food	huoji
A type of food	huotui
A type of food	huotuirou
A type of food	jiang
A type of food	jiangguo
A type of food	jianguo
A type of food	jiangzhi
A type of food	jiaoji
A type of food	jiaozi
A type of food	jidan
A type of food	jidou
A type of food	jinqian
A type of food	jinzao
A type of food	jirou
A type of food	juzi
A type of food	kaiwei
A type of food	kaiweicai
A type of food	kaiweishipin
A type of food	kaixinguo
A type of food	kaomianbao
A type of food	kuaizhuangwu
A type of food	lachang
A type of food	lengpan
A type of food	lishu
A type of food	longchuanpao
A type of food	luan
A type of food	luohuasheng
A type of food	lusun
A type of food	mangguo
A type of food	mangguoshu
A type of food	mantou
A type of food	mantoubo
A type of food	mei
A type of food	mengguo
A type of food	mengguoshezai
A type of food	menguo
A type of food	mianbao
A type of food	mianbaojuan
A type of food	mianfen
A type of food	mianguo
A type of food	miantiao
A type of food	miantuan
A type of food	mifan
A type of food	miwang
A type of food	muli
A type of food	mumei
A type of food	mushu
A type of food	mushudianfen
A type of food	mushufen
A type of food	nai
A type of food	nailao
A type of food	naiyou
A type of food	nangua
A type of food	nanguaguoshi
A type of food	ningmeng
A type of food	niudetungurou
A type of food	niunai
A type of food	niunaipao
A type of food	niupai
A type of food	niurou
A type of food	niuyou
A type of food	nixifei
A type of food	nongchanpin
A type of food	nuohuti
A type of food	pai
A type of food	pangxie
A type of food	paoerci
A type of food	peigen
A type of food	pingguo
A type of food	pingguojiang
A type of food	pingguoni
A type of food	putaoyou
A type of food	qianbi
A type of food	qiancai
A type of food	qiaokeli
A type of food	qiaomaishipin
A type of food	qingcai
A type of food	qinggua
A type of food	qiuhuaganlan
A type of food	riqi
A type of food	rizi
A type of food	rou
A type of food	rouniu
A type of food	roupai
A type of food	roushi
A type of food	rulao
A type of food	ruzhi
A type of food	sanwenyu
A type of food	sanyuepao
A type of food	sela
A type of food	shala
A type of food	shanmei
A type of food	shanpaozi
A type of food	shasi
A type of food	shengmiantuan
A type of food	shiyan
A type of food	shucai
A type of food	shumei
A type of food	siyuepao
A type of food	suantou
A type of food	suanyingtao
A type of food	tang
A type of food	tangyuan
A type of food	taodou
A type of food	taoshu
A type of food	tiandian
A type of food	tianshi
A type of food	tiaoweiliao
A type of food	tuirou
A type of food	tusi
A type of food	wangguo
A type of food	wubiaozi
A type of food	wuhuaguo
A type of food	wumingzi
A type of food	xianbing
A type of food	xiangcao
A type of food	xiangchang
A type of food	xiangjiao
A type of food	xianrou
A type of food	xiaodianxin
A type of food	xiaojianguo
A type of food	xiaomianbao
A type of food	xiaotiandian
A type of food	xidian
A type of food	xie
A type of food	xifeilizhiguo
A type of food	xihongshi
A type of food	xilanhua
A type of food	xing
A type of food	xingren
A type of food	xingshu
A type of food	xinxianshucai
A type of food	xuangouzi
A type of food	xuegao
A type of food	xunrou
A type of food	xunxianrou
A type of food	yan
A type of food	yangcong
A type of food	yangcongtou
A type of food	yanggao
A type of food	yangji
A type of food	yaoguoshu
A type of food	yecai
A type of food	yemei
A type of food	yidaocai
A type of food	yingtao
A type of food	yingtaomu
A type of food	yingzuidou
A type of food	youlu
A type of food	yulei
A type of food	yumi
A type of food	yupai
A type of food	yurou
A type of food	zaoer
A type of food	zhatudoupian
A type of food	zhi
A type of food	zhishi
A type of food	zhouzhi
A type of food	zhuguli
A type of food	zhurou
A word meaning happy	gaoxing
A word meaning happy	huanle
A word meaning happy	huanxi
A word meaning happy	kaixin
A word meaning happy	kuaile
A word meaning happy	manyi
A word meaning happy	xingfen
A word meaning happy	xingfu
A word meaning happy	xiyue
A word meaning happy	yukuai
A tool of some kind	anpeiji
A tool of some kind	bang
A tool of some kind	bangou
A tool of some kind	bangqiubang
A tool of some kind	banji
A tool of some kind	banqiubang
A tool of some kind	baoguangbiao
A tool of some kind	baoguangji
A tool of some kind	baopiduanbang
A tool of some kind	baotiecuzhang
A tool of some kind	baxuedai
A tool of some kind	beiju
A tool of some kind	benzi
A tool of some kind	bianfu
A tool of some kind	bianshao
A tool of some kind	biao
A tool of some kind	biaozi
A tool of some kind	bilibang
A tool of some kind	binggao
A tool of some kind	bishou
A tool of some kind	bizhongji
A tool of some kind	cacaiban
A tool of some kind	cachuang
A tool of some kind	caidao
A tool of some kind	caisebiaojibi
A tool of some kind	caiyou
A tool of some kind	caozonggan
A tool of some kind	cazi
A tool of some kind	cechengqi
A tool of some kind	cefushereyi
A tool of some kind	cegaoji
A tool of some kind	cegaoyi
A tool of some kind	cejinggui
A tool of some kind	cejingqi
A tool of some kind	celiangbang
A tool of some kind	celianggan
A tool of some kind	celiangyiqi
A tool of some kind	cemianyi
A tool of some kind	cengci
A tool of some kind	ceqiguan
A tool of some kind	ceshenchi
A tool of some kind	ceweiji
A tool of some kind	cheng
A tool of some kind	chengdu
A tool of some kind	chezhou
A tool of some kind	chi
A tool of some kind	chixing
A tool of some kind	chizi
A tool of some kind	chu
A tool of some kind	chuandongzhou
A tool of some kind	chuansuozhen
A tool of some kind	chuanwei
A tool of some kind	chufangyongju
A tool of some kind	chui
A tool of some kind	chuiju
A tool of some kind	chuizi
A tool of some kind	chutou
A tool of some kind	chuzao
A tool of some kind	cidao
A tool of some kind	ciliji
A tool of some kind	ciqi
A tool of some kind	ciqiangji
A tool of some kind	ciqingyi
A tool of some kind	citanceqi
A tool of some kind	cuo
A tool of some kind	cuodao
A tool of some kind	cuzhen
A tool of some kind	dachui
A tool of some kind	dadanqi
A tool of some kind	dadigongju
A tool of some kind	dafu
A tool of some kind	daguo
A tool of some kind	daizi
A tool of some kind	dajiandao
A tool of some kind	dakandao
A tool of some kind	dao
A tool of some kind	daopian
A tool of some kind	daosuiqi
A tool of some kind	daozi
A tool of some kind	daqiguo
A tool of some kind	datoubang
A tool of some kind	datouchui
A tool of some kind	dayanding
A tool of some kind	dayucha
A tool of some kind	dengji
A tool of some kind	dengshanzhang
A tool of some kind	dianbiao
A tool of some kind	dianceliji
A tool of some kind	diandiqi
A tool of some kind	diangongluji
A tool of some kind	dianju
A tool of some kind	dianlianju
A tool of some kind	dianlicegongji
A tool of some kind	dianliuji
A tool of some kind	dianweiji
A tool of some kind	diaogan
A tool of some kind	diaokedao
A tool of some kind	diaokegongju
A tool of some kind	diaotong
A tool of some kind	diciyi
A tool of some kind	dierxiewei
A tool of some kind	diguan
A tool of some kind	ditanqingjieji
A tool of some kind	diwencedingqi
A tool of some kind	duanbang
A tool of some kind	duanbingfu
A tool of some kind	duandao
A tool of some kind	duanjian
A tool of some kind	duanju
A tool of some kind	dulunche
A tool of some kind	dushu
A tool of some kind	fangan
A tool of some kind	fangdajing
A tool of some kind	fangdaqi
A tool of some kind	fangshagan
A tool of some kind	fanheng
A tool of some kind	fashua
A tool of some kind	feidiancegaoji
A tool of some kind	feiji
A tool of some kind	fenbi
A tool of some kind	fengliji
A tool of some kind	fengsubiao
A tool of some kind	fengsucedingyi
A tool of some kind	fengsuji
A tool of some kind	fengsujiluyi
A tool of some kind	futou
A tool of some kind	fuzi
A tool of some kind	gan
A tool of some kind	gancaocha
A tool of some kind	gangbi
A tool of some kind	ganggan
A tool of some kind	gangju
A tool of some kind	gansheji
A tool of some kind	gansheyi
A tool of some kind	ganzi
A tool of some kind	gaochengji
A tool of some kind	gaoduji
A tool of some kind	gecaoji
A tool of some kind	gongju
A tool of some kind	gongluji
A tool of some kind	gou
A tool of some kind	gouzi
A tool of some kind	guaizhang
A tool of some kind	guchui
A tool of some kind	gun
A tool of some kind	gunbang
A tool of some kind	gunruidao
A tool of some kind	guo
A tool of some kind	hezuichu
A tool of some kind	hongcaitao
A tool of some kind	houwei
A tool of some kind	huaibiao
A tool of some kind	huinimandao
A tool of some kind	huituijian
A tool of some kind	hunheqi
A tool of some kind	hunpinqi
A tool of some kind	huoba
A tool of some kind	huochai
A tool of some kind	huochaigan
A tool of some kind	huoju
A tool of some kind	huoshenggan
A tool of some kind	huoyin
A tool of some kind	jia
A tool of some kind	jian
A tool of some kind	jianguo
A tool of some kind	jianliuji
A tool of some kind	jianzhui
A tool of some kind	jianzuan
A tool of some kind	jiaobanqi
A tool of some kind	jiaodai
A tool of some kind	jiaodanqi
A tool of some kind	jiaorouji
A tool of some kind	jiaosuiqi
A tool of some kind	jiaozhijia
A tool of some kind	jiasuji
A tool of some kind	jichengyi
A tool of some kind	jielibang
A tool of some kind	jiesuozhen
A tool of some kind	jieti
A tool of some kind	jifenyuan
A tool of some kind	jiguangleida
A tool of some kind	jiliangji
A tool of some kind	jiliangqi
A tool of some kind	jiliangyi
A tool of some kind	jingdianji
A tool of some kind	jinggun
A tool of some kind	jingmishiji
A tool of some kind	jingtailanciqi
A tool of some kind	jingweiyi
A tool of some kind	jinliangchi
A tool of some kind	jinqian
A tool of some kind	jishiji
A tool of some kind	jishimabiao
A tool of some kind	jishiqi
A tool of some kind	jishiyi
A tool of some kind	jitie
A tool of some kind	jizhou
A tool of some kind	juanchi
A tool of some kind	kafeihu
A tool of some kind	kaipingqi
A tool of some kind	kanroudao
A tool of some kind	kaojia
A tool of some kind	kongheqiyabiao
A tool of some kind	kongqichui
A tool of some kind	kongzhigan
A tool of some kind	kuanrendao
A tool of some kind	kuokong
A tool of some kind	kuozao
A tool of some kind	labi
A tool of some kind	laguadao
A tool of some kind	langtou
A tool of some kind	laotie
A tool of some kind	latiqindegong
A tool of some kind	leidian
A tool of some kind	liangbei
A tool of some kind	liangdianbiao
A tool of some kind	lianggan
A tool of some kind	liangguan
A tool of some kind	liangreji
A tool of some kind	liangtong
A tool of some kind	liangyouchi
A tool of some kind	liangyouji
A tool of some kind	lianjia
A tool of some kind	lianju
A tool of some kind	licedianliuji
A tool of some kind	lieyongbiao
A tool of some kind	liheqitaban
A tool of some kind	liqi
A tool of some kind	liuyedao
A tool of some kind	longtou
A tool of some kind	loudou
A tool of some kind	loudouzhuangwu
A tool of some kind	luguangji
A tool of some kind	lunzhou
A tool of some kind	luoshuan
A tool of some kind	luoxuanbasaiqi
A tool of some kind	lushiqi
A tool of some kind	maitoukong
A tool of some kind	majiangsheng
A tool of some kind	malueerkataoqi
A tool of some kind	maogou
A tool of some kind	maotoumo
A tool of some kind	mashu
A tool of some kind	meiqibiao
A tool of some kind	menshuan
A tool of some kind	michi
A tool of some kind	miduji
A tool of some kind	mimianbiao
A tool of some kind	moguangji
A tool of some kind	moguangqi
A tool of some kind	moheqiyaji
A tool of some kind	moshi
A tool of some kind	mosuiji
A tool of some kind	mozi
A tool of some kind	muchu
A tool of some kind	muchui
A tool of some kind	muju
A tool of some kind	mutiao
A tool of some kind	muting
A tool of some kind	muyangzhang
A tool of some kind	naozhong
A tool of some kind	niukougou
A tool of some kind	niuqu
A tool of some kind	niushang
A tool of some kind	paigou
A tool of some kind	pazi
A tool of some kind	pengrenguo
A tool of some kind	pengrenyongju
A tool of some kind	pengtiaoyongju
A tool of some kind	piao
A tool of some kind	pili
A tool of some kind	pingbeiju
A tool of some kind	pingdiguo
A tool of some kind	pingsaiqizi
A tool of some kind	pobingfu
A tool of some kind	qian
A tool of some kind	qianandoudai
A tool of some kind	qianbi
A tool of some kind	qianfenchi
A tool of some kind	qianfenkachi
A tool of some kind	qianjinding
A tool of some kind	qiansuo
A tool of some kind	qianwei
A tool of some kind	qianzi
A tool of some kind	qiaogun
A tool of some kind	qichui
A tool of some kind	qidongchui
A tool of some kind	qiegegongju
A tool of some kind	qiegeqi
A tool of some kind	qieroudadao
A tool of some kind	qieroudao
A tool of some kind	qigan
A tool of some kind	qihuaji
A tool of some kind	qiju
A tool of some kind	qingyubiao
A tool of some kind	qiubang
A tool of some kind	qiugan
A tool of some kind	qiugun
A tool of some kind	qiupai
A tool of some kind	qiyabiao
A tool of some kind	qiyaji
A tool of some kind	qizhongdiaogou
A tool of some kind	qizhongji
A tool of some kind	qubing
A tool of some kind	qubingzhou
A tool of some kind	qudongzhou
A tool of some kind	quzhou
A tool of some kind	reliangji
A tool of some kind	ruanliao
A tool of some kind	saoba
A tool of some kind	saozhou
A tool of some kind	seduji
A tool of some kind	sha
A tool of some kind	shalou
A tool of some kind	shaxian
A tool of some kind	shiduji
A tool of some kind	shiji
A tool of some kind	shikedao
A tool of some kind	shilou
A tool of some kind	shishiqi
A tool of some kind	shizhong
A tool of some kind	shouba
A tool of some kind	shoubiao
A tool of some kind	shouchigongju
A tool of some kind	shoufu
A tool of some kind	shougan
A tool of some kind	shouju
A tool of some kind	shoutuiche
A tool of some kind	shouxiefanheng
A tool of some kind	shouzhang
A tool of some kind	shouzhijia
A tool of some kind	shouzhui
A tool of some kind	shouzuan
A tool of some kind	shua
A tool of some kind	shuan
A tool of some kind	shuanggaibiao
A tool of some kind	shuangrendao
A tool of some kind	shuansuodai
A tool of some kind	shuazi
A tool of some kind	shuihu
A tool of some kind	shuiping
A tool of some kind	shuipingyi
A tool of some kind	shuitong
A tool of some kind	shuizhunyi
A tool of some kind	shuju
A tool of some kind	suirouqi
A tool of some kind	suohuang
A tool of some kind	taifutetaoqi
A tool of some kind	tanbi
A tool of some kind	tangcichuiju
A tool of some kind	tangciqi
A tool of some kind	tangciqimin
A tool of some kind	tangkong
A tool of some kind	tanhuabi
A tool of some kind	tankuangzhang
A tool of some kind	tanshuizhang
A tool of some kind	taoqi
A tool of some kind	tengzhang
A tool of some kind	tiancheng
A tool of some kind	tianping
A tool of some kind	tiechui
A tool of some kind	tieqiao
A tool of some kind	tiexin
A tool of some kind	tiezhen
A tool of some kind	tingduji
A tool of some kind	tingliji
A tool of some kind	tixuedai
A tool of some kind	tizi
A tool of some kind	tong
A tool of some kind	toubang
A tool of some kind	tuigan
A tool of some kind	tulunzhou
A tool of some kind	wadongqi
A tool of some kind	waiyuanjiao
A tool of some kind	wandao
A tool of some kind	wanjiaoqi
A tool of some kind	wanmu
A tool of some kind	waqi
A tool of some kind	waxueqi
A tool of some kind	wei
A tool of some kind	weigan
A tool of some kind	wenjian
A tool of some kind	wuyeqingyubiao
A tool of some kind	wuyeqiyaji
A tool of some kind	xian
A tool of some kind	xiangpi
A tool of some kind	xiangpica
A tool of some kind	xiangpicazi
A tool of some kind	xianju
A tool of some kind	xiaofanwei
A tool of some kind	xiaogou
A tool of some kind	xiaoyinchui
A tool of some kind	xiaozhui
A tool of some kind	xiejiaogui
A tool of some kind	xingpan
A tool of some kind	xinhuo
A tool of some kind	xipingshua
A tool of some kind	xiubianqi
A tool of some kind	xizhuqi
A tool of some kind	xuanzhuanmoshi
A tool of some kind	xueliubirongji
A tool of some kind	xuepan
A tool of some kind	xunlei
A tool of some kind	yadao
A tool of some kind	yaliji
A tool of some kind	yandianqi
A tool of some kind	yangjiaochui
A tool of some kind	yepian
A tool of some kind	yibiao
A tool of some kind	yingguangbi
A tool of some kind	yiniu
A tool of some kind	yinliceliangji
A tool of some kind	yiqi
A tool of some kind	yongju
A tool of some kind	youmentaban
A tool of some kind	youshanzhang
A tool of some kind	youzhaguo
A tool of some kind	yuankaopan
A tool of some kind	yuanshiqi
A tool of some kind	yuanshishiqi
A tool of some kind	yuantoubang
A tool of some kind	yuanyangmo
A tool of some kind	yuanyigongju
A tool of some kind	yuanzao
A tool of some kind	yuanzhubi
A tool of some kind	yuanzibi
A tool of some kind	yubiao
A tool of some kind	yucha
A tool of some kind	yue
A tool of some kind	yugou
A tool of some kind	zaozi
A tool of some kind	zhanbuzhang
A tool of some kind	zhangbingshao
A tool of some kind	zhanggan
A tool of some kind	zhedao
A tool of some kind	zhen
A tool of some kind	zhengfaji
A tool of some kind	zhenzuo
A tool of some kind	zhichi
A tool of some kind	zhihuibang
A tool of some kind	zhijia
A tool of some kind	zhinanzhen
A tool of some kind	zhong
A tool of some kind	zhongliyi
A tool of some kind	zhou
A tool of some kind	zhoujing
A tool of some kind	zhuagou
A tool of some kind	zhuizi
A tool of some kind	zhuizuan
A tool of some kind	zhuwei
A tool of some kind	zhuzhang
A tool of some kind	zuan
A tool of some kind	zuankonggongju
A tool of some kind	zuantou
A tool of some kind	zuanzi
Something found in space	aboluo
Something found in space	bang
Something found in space	bucunzai
Something found in space	chen
Something found in space	chenai
Something found in space	chentu
Something found in space	chuan
Something found in space	cong
Something found in space	dengluche
Something found in space	dengyuecang
Something found in space	diaocha
Something found in space	diqiu
Something found in space	diqiuyinli
Something found in space	fuxiao
Something found in space	gong
Something found in space	guidao
Something found in space	hangtianyuan
Something found in space	heian
Something found in space	hengxing
Something found in space	hengxingxi
Something found in space	hui
Something found in space	huichen
Something found in space	huixing
Something found in space	huojian
Something found in space	huoxing
Something found in space	jinxing
Something found in space	kaiduan
Something found in space	laowai
Something found in space	liming
Something found in space	lingsheng
Something found in space	poxiao
Something found in space	qiti
Something found in space	qitizhuangtai
Something found in space	quefa
Something found in space	qun
Something found in space	qunxing
Something found in space	renzaoweixing
Something found in space	shijie
Something found in space	shu
Something found in space	shuiyin
Something found in space	suipian
Something found in space	suishi
Something found in space	taibaixing
Something found in space	taikong
Something found in space	taikongren
Something found in space	taiyang
Something found in space	tianliang
Something found in space	tiantiguidao
Something found in space	waidiren
Something found in space	waiguoren
Something found in space	wairen
Something found in space	wali
Something found in space	wanwu
Something found in space	weixing
Something found in space	xiannuxingxi
Something found in space	xiaoxingxing
Something found in space	xingqun
Something found in space	xingxi
Something found in space	xingxing
Something found in space	xingzuo
Something found in space	yese
Something found in space	yichuan
Something found in space	yicong
Something found in space	yinan
Something found in space	yinli
Something found in space	yiqun
Something found in space	yueliang
Something found in space	yueqiu
Something found in space	yuhangyuan
Something found in space	yunshi
Something found in space	yuzhou
Something found in space	zaochen
Something found in space	zhongli
Something found in space	zhuijiu
Something found in space	zhuolucang
Something found in space	zhuoluqi
A job or profession	bangshou
A job or profession	bangzhuzhe
A job or profession	banyungong
A job or profession	banzouzhe
A job or profession	baomu
A job or profession	beirenmingren
A job or profession	beiweipairen
A job or profession	beizhidingren
A job or profession	benjin
A job or profession	biaoyantejizhe
A job or profession	biaoyanzhe
A job or profession	bing
A job or profession	bizhe
A job or profession	caipanguan
A job or profession	chengwuyuan
A job or profession	chouxiangzhe
A job or profession	chuanzhang
A job or profession	chushi
A job or profession	dafu
A job or profession	daibiren
A job or profession	dailiren
A job or profession	daishuxuezhe
A job or profession	dajiaozhu
A job or profession	dangjiaren
A job or profession	daoyan
A job or profession	dashi
A job or profession	dazhuji
A job or profession	dazhujiao
A job or profession	dengshanjia
A job or profession	diannong
A job or profession	dianyuan
A job or profession	diaoyuzhe
A job or profession	dongshi
A job or profession	dongyin
A job or profession	faguan
A job or profession	faluguwen
A job or profession	feixingyuan
A job or profession	fenxijia
A job or profession	fenxishi
A job or profession	fenxiyuan
A job or profession	fenxizhe
A job or profession	fudao
A job or profession	fuguan
A job or profession	fuwuyuan
A job or profession	gaikuozhe
A job or profession	gaojijiaoshi
A job or profession	gaokongzajishi
A job or profession	gaoseng
A job or profession	gechangjia
A job or profession	genban
A job or profession	geshou
A job or profession	gongan
A job or profession	gongchengshi
A job or profession	gongfan
A job or profession	gongjiang
A job or profession	gongren
A job or profession	gongwuyuan
A job or profession	gongyirenyuan
A job or profession	gongyixuejia
A job or profession	gongzei
A job or profession	gongzuozhe
A job or profession	guan
A job or profession	guanyuan
A job or profession	guwen
A job or profession	guyuan
A job or profession	guzi
A job or profession	haiyuan
A job or profession	hangtianyuan
A job or profession	heshang
A job or profession	huajia
A job or profession	huazhuangpin
A job or profession	hucong
A job or profession	huilizong
A job or profession	hushi
A job or profession	jiandie
A job or profession	jianduisiling
A job or profession	jiangjun
A job or profession	jiangren
A job or profession	jianzhushi
A job or profession	jiaolian
A job or profession	jiaolianyuan
A job or profession	jiaoqumushi
A job or profession	jiaoshi
A job or profession	jiaoshou
A job or profession	jiaozhu
A job or profession	jiashiyuan
A job or profession	jigong
A job or profession	jing
A job or profession	jingcha
A job or profession	jingfang
A job or profession	jingguan
A job or profession	jingjiren
A job or profession	jingjixuejia
A job or profession	jingli
A job or profession	jishi
A job or profession	jiyijia
A job or profession	jizhe
A job or profession	junren
A job or profession	kaicheren
A job or profession	kanhu
A job or profession	kanhuzhe
A job or profession	kanshou
A job or profession	kaoguxuejia
A job or profession	kexuejia
A job or profession	kongcheng
A job or profession	kuaiji
A job or profession	kuaijishi
A job or profession	kuangfu
A job or profession	kuanggong
A job or profession	laobing
A job or profession	laodongzhe
A job or profession	laogong
A job or profession	laoshi
A job or profession	laozhanshi
A job or profession	lianbangdaili
A job or profession	lieren
A job or profession	lingdui
A job or profession	lishi
A job or profession	lishijia
A job or profession	lishixuejia
A job or profession	lushi
A job or profession	maifang
A job or profession	maizhu
A job or profession	maxiyanyuan
A job or profession	mazuishi
A job or profession	mazuixuezhe
A job or profession	meishujia
A job or profession	menfang
A job or profession	menjiang
A job or profession	mishu
A job or profession	mote
A job or profession	moteer
A job or profession	moxing
A job or profession	mushi
A job or profession	nengshou
A job or profession	nigu
A job or profession	nongchangzhu
A job or profession	nongfu
A job or profession	nongmin
A job or profession	nongyejia
A job or profession	nudashi
A job or profession	nupu
A job or profession	nuyanyuan
A job or profession	nuyong
A job or profession	paobing
A job or profession	paoshou
A job or profession	pinglunjia
A job or profession	pipingjia
A job or profession	puren
A job or profession	qingjieji
A job or profession	qingjieqi
A job or profession	quwuji
A job or profession	renleixuejia
A job or profession	rentimote
A job or profession	saipaozhe
A job or profession	seng
A job or profession	senglu
A job or profession	shangren
A job or profession	shejishi
A job or profession	shejizhe
A job or profession	shengxuejia
A job or profession	shengzhang
A job or profession	sheyingshi
A job or profession	shibing
A job or profession	shinu
A job or profession	shiseng
A job or profession	shixuejia
A job or profession	shizhang
A job or profession	shizhe
A job or profession	shizhenrenyuan
A job or profession	shoufengqinshi
A job or profession	shouhuoyuan
A job or profession	shoumenyuan
A job or profession	shoupiaoyuan
A job or profession	shuishou
A job or profession	shuji
A job or profession	shujiyuan
A job or profession	siji
A job or profession	siyi
A job or profession	suanshujia
A job or profession	suicong
A job or profession	suoxiezhe
A job or profession	taikongren
A job or profession	tianwenxuejia
A job or profession	tiaozi
A job or profession	tiyeyan
A job or profession	tongmou
A job or profession	tuishi
A job or profession	waijiaoguan
A job or profession	waijiaojia
A job or profession	waikeyisheng
A job or profession	weibing
A job or profession	xiaochou
A job or profession	xiaofan
A job or profession	xiaofangyouxi
A job or profession	xiaofangyuan
A job or profession	xiaonong
A job or profession	xiaoshoushang
A job or profession	xingjing
A job or profession	xinlifenxishi
A job or profession	xinlixuejia
A job or profession	xinlixuezhe
A job or profession	xiudaoshi
A job or profession	xiunu
A job or profession	xiushi
A job or profession	xuehuihuiyuan
A job or profession	xunshoushi
A job or profession	yakeyisheng
A job or profession	yanjiuyuan
A job or profession	yanjiuzhe
A job or profession	yanyuan
A job or profession	yanzouzhe
A job or profession	yayi
A job or profession	yeyuaihaojia
A job or profession	yiliaozhe
A job or profession	yingyeyuan
A job or profession	yinyuejia
A job or profession	yiren
A job or profession	yisheng
A job or profession	yishi
A job or profession	yishujia
A job or profession	yongfu
A job or profession	youchai
A job or profession	youdiyuan
A job or profession	yufu
A job or profession	yuhangyuan
A job or profession	yumin
A job or profession	yundongyuan
A job or profession	zajiyanyuan
A job or profession	zhanshi
A job or profession	zhaoxiangshi
A job or profession	zhentan
A job or profession	zhidao
A job or profession	zhidaojiaoshou
A job or profession	zhidaoyuan
A job or profession	zhihui
A job or profession	zhihuizhe
A job or profession	zhiliaoxuejia
A job or profession	zhiyuan
A job or profession	zhizuozhe
A job or profession	zhongyingeshou
A job or profession	zhouzhang
A job or profession	zhuangaozhe
A job or profession	zhuanghuangzhe
A job or profession	zhuangshijia
A job or profession	zhuanyerenyuan
A job or profession	zhuchi
A job or profession	zhuguan
A job or profession	zhujiao
A job or profession	zhuli
A job or profession	zhumushi
A job or profession	zhuren
A job or profession	zhushou
A job or profession	zhuzhe
A job or profession	ziyuanzhe
A job or profession	zuojia
A job or profession	zuoqujia
A job or profession	zuoyongwu
A job or profession	zuozhe
Something you read	atelasishen
Something you read	banbenxingshi
Something you read	bao
Something you read	baogao
Something you read	baozhang
Something you read	baozhi
Something you read	beiwanglu
Something you read	bianjian
Something you read	biaoti
Something you read	caidan
Something you read	caiyao
Something you read	cankaoziliao
Something you read	celiangyiqi
Something you read	chepiao
Something you read	chuandan
Something you read	chuanshuo
Something you read	chuanzhen
Something you read	chuanzhenji
Something you read	chubanwu
Something you read	cidian
Something you read	danci
Something you read	dangan
Something you read	danganji
Something you read	daolun
Something you read	ditu
Something you read	dituce
Something you read	dituji
Something you read	duan
Something you read	duanluo
Something you read	duanxin
Something you read	fancai
Something you read	fangjian
Something you read	gangwei
Something you read	gongbao
Something you read	gonggao
Something you read	gongzuojishibu
Something you read	guanggao
Something you read	guanggaopai
Something you read	gulanjing
Something you read	gushi
Something you read	haitu
Something you read	hanghaitu
Something you read	hangkongtu
Something you read	hetong
Something you read	heyue
Something you read	jiaokeshu
Something you read	jipiao
Something you read	juan
Something you read	jueduanli
Something you read	juexin
Something you read	juzi
Something you read	kanban
Something you read	kapian
Something you read	keben
Something you read	kelanjing
Something you read	kewen
Something you read	laiyuan
Something you read	lianhuanmanhua
Something you read	lianzai
Something you read	luntan
Something you read	lunwen
Something you read	mian
Something you read	minglu
Something you read	mingxinpian
Something you read	mulu
Something you read	naodai
Something you read	naohai
Something you read	nianjian
Something you read	niankan
Something you read	nianli
Something you read	piao
Something you read	qikan
Something you read	quan
Something you read	riji
Something you read	rizhi
Something you read	sha
Something you read	shaxian
Something you read	shengjing
Something you read	shenhua
Something you read	shi
Something you read	shige
Something you read	shiji
Something you read	shizhong
Something you read	shouce
Something you read	shu
Something you read	shuji
Something you read	shuxin
Something you read	shuzhifanwei
Something you read	suibi
Something you read	tongxunlu
Something you read	tou
Something you read	tounao
Something you read	tubiao
Something you read	wangzhan
Something you read	wenzhang
Something you read	wuxiandianbao
Something you read	wuzi
Something you read	xian
Something you read	xiaocezi
Something you read	xiaoshuo
Something you read	xin
Something you read	xingzhan
Something you read	xinjian
Something you read	xinwenjianbao
Something you read	xinxi
Something you read	xuanji
Something you read	xuekeniankan
Something you read	xugou
Something you read	xulie
Something you read	xunxi
Something you read	xushu
Something you read	xuyan
Something you read	yaoqing
Something you read	yaoqinghan
Something you read	yinxin
Something you read	yinyan
Something you read	yizhi
Something you read	yizhili
Something you read	yuanwen
Something you read	yunwen
Something you read	yuyan
Something you read	yuyuebu
Something you read	zawen
Something you read	zhang
Something you read	zhanxing
Something you read	zhanxingshu
Something you read	zhaotie
Something you read	zhengzhao
Something you read	zhi
Something you read	zhibiao
Something you read	zhinan
Something you read	zhinanzhen
Something you read	zhipai
Something you read	zhishu
Something you read	zhong
Something you read	zhuanji
Something you read	zici
Something you read	zidian
Something you read	zuichun
Something you read	zuobiaotu
Something you read	zuotanhui
Something you read	zuwu
Something electronic	anpei
Something electronic	anquantixi
Something electronic	anquanxitong
Something electronic	baohusuo
Something electronic	baowenqi
Something electronic	baoxiansi
Something electronic	beipinqi
Something electronic	beiyaqi
Something electronic	beizengqi
Something electronic	bihedianlu
Something electronic	bijiben
Something electronic	bijibendiannao
Something electronic	bingku
Something electronic	bingxiang
Something electronic	bujian
Something electronic	caozonggan
Something electronic	caozuokuai
Something electronic	changbi
Something electronic	changxianquan
Something electronic	chazuo
Something electronic	chuanganqi
Something electronic	chuchanqi
Something electronic	chufangyongju
Something electronic	chufaqi
Something electronic	chuzao
Something electronic	cidianguan
Something electronic	cikongguan
Something electronic	cunchuti
Something electronic	dageda
Something electronic	daluji
Something electronic	daxingji
Something electronic	daxingjisuanji
Something electronic	dayinji
Something electronic	deng
Something electronic	dianbingxiang
Something electronic	dianchi
Something electronic	diandengdianlu
Something electronic	diandiaokeqi
Something electronic	dianfengshan
Something electronic	dianhua
Something electronic	dianhuadaluji
Something electronic	dianhuafenji
Something electronic	dianhuaji
Something electronic	dianjiedianchi
Something electronic	diankaopan
Something electronic	diankeqi
Something electronic	dianlishebei
Something electronic	dianlu
Something electronic	dianluban
Something electronic	dianlutu
Something electronic	diannao
Something electronic	dianrongqi
Something electronic	dianshi
Something electronic	dianshiji
Something electronic	dianshu
Something electronic	dianshua
Something electronic	dianzaiti
Something electronic	dianzao
Something electronic	dianzierjiguan
Something electronic	dianzijisuanji
Something electronic	dianziqijian
Something electronic	dianzishebei
Something electronic	dianzitoujing
Something electronic	dipinfangdaqi
Something electronic	duankou
Something electronic	duanlukaiguan
Something electronic	duanluqi
Something electronic	duanpian
Something electronic	duihuakuang
Something electronic	eliuxianquan
Something electronic	erji
Something electronic	fahuoxianquan
Something electronic	fangdaqi
Something electronic	fangshengren
Something electronic	fangweicuoshi
Something electronic	fankuidianlu
Something electronic	fashidianhua
Something electronic	fengmingqi
Something electronic	fengshan
Something electronic	fenji
Something electronic	fuwuyuan
Something electronic	gandianchi
Something electronic	ganraofasheji
Something electronic	ganraoji
Something electronic	ganshidayinji
Something electronic	ganyiji
Something electronic	ganyingqi
Something electronic	ganzaoji
Something electronic	getie
Something electronic	gongdianchi
Something electronic	gushidayinji
Something electronic	haozi
Something electronic	helanhongxiang
Something electronic	hongkaoyongju
Something electronic	hongxiang
Something electronic	huaibiao
Something electronic	huashu
Something electronic	huatong
Something electronic	huiguangguan
Something electronic	hujiaoqi
Something electronic	hunheqi
Something electronic	hunpinqi
Something electronic	huoba
Something electronic	huoju
Something electronic	jiafaji
Something electronic	jiafajisuanqi
Something electronic	jiafaqi
Something electronic	jianboqi
Something electronic	jianceqi
Something electronic	jiangyanzhe
Something electronic	jiankongqi
Something electronic	jianpan
Something electronic	jianshiqi
Something electronic	jianyaqi
Something electronic	jiaobanqi
Something electronic	jiaosuiji
Something electronic	jiareqi
Something electronic	jiashu
Something electronic	jiashuqi
Something electronic	jiayongdiannao
Something electronic	jiayongdianqi
Something electronic	jichengdianlu
Something electronic	jidashidayinji
Something electronic	jiekoudianlu
Something electronic	jieshouji
Something electronic	jietiaoqi
Something electronic	jiguangchangji
Something electronic	jiguangdayinji
Something electronic	jilianbianyaqi
Something electronic	jingtijianboqi
Something electronic	jingtishiyinqi
Something electronic	jiqiren
Something electronic	jishuqi
Something electronic	jisuanji
Something electronic	jisuanjidianlu
Something electronic	jisuanqi
Something electronic	jixieren
Something electronic	juanfaqian
Something electronic	junhengqi
Something electronic	junma
Something electronic	kadaibofangji
Something electronic	kafeihu
Something electronic	kafeiji
Something electronic	kanjiadianhua
Something electronic	kaolu
Something electronic	kashichangji
Something electronic	kelakedianchi
Something electronic	kongbu
Something electronic	kongzhidianlu
Something electronic	kongzhigan
Something electronic	kuaiji
Something electronic	kuaijingzhiwu
Something electronic	kuaijishi
Something electronic	kuoyinji
Something electronic	kuoyinqi
Something electronic	laba
Something electronic	laidengping
Something electronic	laidianxianshi
Something electronic	lajichuliqi
Something electronic	laoshu
Something electronic	lengcangxiang
Something electronic	lengdongshi
Something electronic	lianshidayinji
Something electronic	luguangqi
Something electronic	luojiyuanjian
Something electronic	luyindianhua
Something electronic	luyinzuo
Something electronic	maikefeng
Something electronic	meiqilu
Something electronic	meiqizao
Something electronic	mendianlu
Something electronic	menling
Something electronic	moduan
Something electronic	mojian
Something electronic	mokuai
Something electronic	monijisuanji
Something electronic	monuozhupaiji
Something electronic	oujitianxian
Something electronic	peidianpan
Something electronic	pengtiaoyonglu
Something electronic	penmodayinji
Something electronic	qiandeng
Something electronic	qiandianchi
Something electronic	qiantai
Something electronic	qiaojiedianlu
Something electronic	qicheyibiao
Something electronic	qidianpan
Something electronic	qietingqi
Something electronic	quefa
Something electronic	qunuanqi
Something electronic	quxianchanqi
Something electronic	ranliaodianchi
Something electronic	renzaoweixing
Something electronic	rongsiguan
Something electronic	shaozhimutanlu
Something electronic	shexiangji
Something electronic	shizhe
Something electronic	shizhong
Something electronic	shoubiao
Something electronic	shoudiantong
Something electronic	shouhuaqi
Something electronic	shouji
Something electronic	shoutidianhua
Something electronic	shoutidiannao
Something electronic	shoutijisuanji
Something electronic	shouyinji
Something electronic	shu
Something electronic	shuaijianqi
Something electronic	shubiao
Something electronic	shuihu
Something electronic	shuiyindianchi
Something electronic	shujulianlu
Something electronic	shumaxiangji
Something electronic	shumaxianshiqi
Something electronic	shuohuaderen
Something electronic	shuzijisuanji
Something electronic	suanpan
Something electronic	sudiaoguan
Something electronic	suipian
Something electronic	taierjianceqi
Something electronic	taishidianhua
Something electronic	taishidiannao
Something electronic	tanceqi
Something electronic	tianxian
Something electronic	tiaoguangqi
Something electronic	tie
Something electronic	touyingpingmu
Something electronic	wangzhan
Something electronic	weibojisheqi
Something electronic	weibokaoxiang
Something electronic	weibolu
Something electronic	weifenfenxiqi
Something electronic	weipian
Something electronic	weixing
Something electronic	weixingdianlu
Something electronic	weixinpian
Something electronic	wenjianfuwuqi
Something electronic	wenliudianzuqi
Something electronic	wuwuniansuiqi
Something electronic	wuxiandian
Something electronic	xianfuqi
Something electronic	xiangji
Something electronic	xianquan
Something electronic	xianshiban
Something electronic	xianshiqi
Something electronic	xianxiangguan
Something electronic	xiaoshu
Something electronic	xichenqi
Something electronic	xidieji
Something electronic	xingshidayinji
Something electronic	xinhuo
Something electronic	xinpian
Something electronic	xiongfeng
Something electronic	xiuzhendiannao
Something electronic	xiwanji
Something electronic	xudianchi
Something electronic	yabuji
Something electronic	yanchixian
Something electronic	yangshengqi
Something electronic	yaokongjixie
Something electronic	yibiaoban
Something electronic	yibiaopan
Something electronic	yidongdianhua
Something electronic	yifuerji
Something electronic	yingdaji
Something electronic	yingxiangguan
Something electronic	yinmu
Something electronic	yinpinxitong
Something electronic	yinxiangxitong
Something electronic	yumen
Something electronic	yundou
Something electronic	zhaoxiangji
Something electronic	zhenliuqi
Something electronic	zhibingji
Something electronic	zhishiqi
Something electronic	zhong
Something electronic	zhongduan
Something electronic	zhongduanji
Something electronic	zhongjizhan
Something electronic	zhuji
Something electronic	zhuomian
Something electronic	zhutingqi
Something electronic	zidongdianhua
Something electronic	zidongji
Something electronic	zidongjiqi
Something electronic	zujian
A word meaning fast	feikuai
A word meaning fast	gankuai
A word meaning fast	gaosu
A word meaning fast	jisu
A word meaning fast	kuaisu
A word meaning fast	kuaisude
A word meaning fast	weisude
A word meaning fast	xunsu
A type of building	banfang
A type of building	bangongshi
A type of building	baolei
A type of building	bieshu
A type of building	binggongchang
A type of building	bingku
A type of building	bingshi
A type of building	binguan
A type of building	bodao
A type of building	bowuguan
A type of building	bubangonglou
A type of building	bujiku
A type of building	canchefandian
A type of building	cang
A type of building	cangfang
A type of building	cangku
A type of building	cangshi
A type of building	cangshulou
A type of building	canguan
A type of building	canting
A type of building	chang
A type of building	changdi
A type of building	changjia
A type of building	chaojishichang
A type of building	chaoshi
A type of building	chefang
A type of building	chejian
A type of building	cheku
A type of building	chengbao
A type of building	chenshisuo
A type of building	chepeng
A type of building	chuancang
A type of building	cunshe
A type of building	dachenguandi
A type of building	dachenguanshu
A type of building	dajianzhuwu
A type of building	dajiaotang
A type of building	dajuchang
A type of building	damuchang
A type of building	daniaolong
A type of building	danongchang
A type of building	daqia
A type of building	dasha
A type of building	dashiguan
A type of building	datiyuguan
A type of building	daxingniaoshe
A type of building	daxueshisheng
A type of building	dazhuangyuan
A type of building	dazongdichan
A type of building	dengta
A type of building	dian
A type of building	dianpu
A type of building	dianyingyuan
A type of building	diaobao
A type of building	diliandeluguan
A type of building	dongwuyuan
A type of building	douniuchang
A type of building	duchang
A type of building	dujiajiudian
A type of building	fandian
A type of building	fanguan
A type of building	fangwu
A type of building	fangzi
A type of building	fanwei
A type of building	fating
A type of building	fayuan
A type of building	fayuandalou
A type of building	feijichang
A type of building	feijiku
A type of building	feijipeng
A type of building	feixu
A type of building	feiyudi
A type of building	fengfang
A type of building	fengrenyuan
A type of building	fushifangzi
A type of building	ganxidian
A type of building	gaojigongyu
A type of building	gengyishi
A type of building	gong
A type of building	gongchang
A type of building	gongdian
A type of building	gongguan
A type of building	gongting
A type of building	gongyu
A type of building	gongyudalou
A type of building	gongyufangjian
A type of building	gongyulou
A type of building	gongzuoshi
A type of building	goufang
A type of building	goushe
A type of building	gouwo
A type of building	gouwu
A type of building	guangta
A type of building	guanjingfang
A type of building	guanjinglou
A type of building	guanjingting
A type of building	gueryuan
A type of building	haiguan
A type of building	hebian
A type of building	heshashifangwu
A type of building	huabingchang
A type of building	huadian
A type of building	huanyuanji
A type of building	huashi
A type of building	huimie
A type of building	huisuo
A type of building	huitang
A type of building	huocang
A type of building	huotan
A type of building	huozangchang
A type of building	jia
A type of building	jiadi
A type of building	jiangtang
A type of building	jianjin
A type of building	jianlao
A type of building	jianlouxiaowu
A type of building	jianshenfang
A type of building	jianta
A type of building	jianyu
A type of building	jianzhu
A type of building	jianzhuwu
A type of building	jiaobailou
A type of building	jiaohui
A type of building	jiaotang
A type of building	jiaoxuedalou
A type of building	jiaozhui
A type of building	jiaozhuiti
A type of building	jiaozhuixing
A type of building	jiating
A type of building	jiazhai
A type of building	jichang
A type of building	jiku
A type of building	jingjichang
A type of building	jingweishi
A type of building	jishe
A type of building	jisuchu
A type of building	jisugongyu
A type of building	jisushe
A type of building	jitiqinshi
A type of building	jiu
A type of building	jiuba
A type of building	jiubajian
A type of building	jiudian
A type of building	jiuguan
A type of building	julebuhuisuo
A type of building	juliusuo
A type of building	jumuchang
A type of building	jumuji
A type of building	junhuoku
A type of building	junxiechang
A type of building	junxieku
A type of building	junying
A type of building	kafeidian
A type of building	kafeiguan
A type of building	kafeiting
A type of building	kafeiwu
A type of building	kaorouguan
A type of building	kaxinuo
A type of building	kecang
A type of building	kefang
A type of building	keyandasha
A type of building	keyanshi
A type of building	kezhan
A type of building	kufang
A type of building	lamamiao
A type of building	lamasi
A type of building	lamasimiao
A type of building	lamasiyuan
A type of building	lengzhui
A type of building	lengzhuiti
A type of building	liangting
A type of building	lianshifangwu
A type of building	liao
A type of building	liaowangtai
A type of building	libaisi
A type of building	libaitang
A type of building	lifadian
A type of building	lingshiguan
A type of building	lingyu
A type of building	linshiyingfang
A type of building	litang
A type of building	liubingchang
A type of building	louge
A type of building	loutai
A type of building	ludian
A type of building	luguan
A type of building	lushe
A type of building	mafengbingyuan
A type of building	maiyajiudian
A type of building	majiu
A type of building	maowu
A type of building	mapeng
A type of building	meirongdian
A type of building	meirongyuan
A type of building	menfang
A type of building	menzhensuo
A type of building	mianbaochang
A type of building	mianbaodian
A type of building	mianbaofang
A type of building	miaoyu
A type of building	muchang
A type of building	mushizhuzhai
A type of building	nanxiudaoyuan
A type of building	niaoshe
A type of building	nigaimuwu
A type of building	niufang
A type of building	niushe
A type of building	nongshe
A type of building	numaodian
A type of building	nuxiudaohui
A type of building	nuxiudaoyuan
A type of building	paomachang
A type of building	pengwu
A type of building	pengzi
A type of building	pijiudian
A type of building	pindao
A type of building	pojiudeluguan
A type of building	qicheluguan
A type of building	qingzhensi
A type of building	qiuchang
A type of building	quanshe
A type of building	sailuluo
A type of building	saimachang
A type of building	sengyuan
A type of building	shalong
A type of building	shangdian
A type of building	shangduiluguan
A type of building	shengkoupeng
A type of building	shiguan
A type of building	shimiaopu
A type of building	shineitiyuguan
A type of building	shitang
A type of building	shiwusuo
A type of building	shiyanshi
A type of building	shizhuangdian
A type of building	shouhuochu
A type of building	shubaotan
A type of building	shudian
A type of building	shushidian
A type of building	simiao
A type of building	siyuchang
A type of building	sugelanjiaohui
A type of building	sushe
A type of building	taipingjian
A type of building	talou
A type of building	tangguodian
A type of building	tanzi
A type of building	taojian
A type of building	tiandi
A type of building	tianshidian
A type of building	tiaoyuanting
A type of building	tiaozaowo
A type of building	ting
A type of building	tingshifang
A type of building	tingshishi
A type of building	tiyuchang
A type of building	tiyuguan
A type of building	tongyegonghui
A type of building	tushuguan
A type of building	tuzaichang
A type of building	wanggong
A type of building	wangjinglou
A type of building	wenshi
A type of building	wujindian
A type of building	wujinshangdian
A type of building	wuqiangcheku
A type of building	xiaocanguan
A type of building	xiaofanguan
A type of building	xiaofangwu
A type of building	xiaofangzhan
A type of building	xiaofangzi
A type of building	xiaogejian
A type of building	xiaojiaotang
A type of building	xiaojiudian
A type of building	xiaojiuguan
A type of building	xiaokafeiguan
A type of building	xiaokezhan
A type of building	xiaomaibu
A type of building	xiaomuwu
A type of building	xiaoshangdian
A type of building	xiaoshi
A type of building	xiaowoshi
A type of building	xiaowu
A type of building	xiaozahuodian
A type of building	xiaozahuopu
A type of building	xingzuo
A type of building	xiudaoyuan
A type of building	xuanlita
A type of building	xueshengsushe
A type of building	xuexiao
A type of building	yangfengchang
A type of building	yangyugang
A type of building	yanjiushi
A type of building	yaodian
A type of building	yaofang
A type of building	yaosai
A type of building	yedian
A type of building	yezonghui
A type of building	yingjuyuan
A type of building	yingyuan
A type of building	yinjuchu
A type of building	yinyuexuexiao
A type of building	yishuxuexiao
A type of building	yiwushi
A type of building	yiyuan
A type of building	yizhi
A type of building	yuchang
A type of building	yugang
A type of building	yulechang
A type of building	zahuoshangdian
A type of building	zaotang
A type of building	zhaidi
A type of building	zhangpeng
A type of building	zhaodaisuo
A type of building	zhensuo
A type of building	zhizaochang
A type of building	zhonglou
A type of building	zhongta
A type of building	zhongxin
A type of building	zhongxindian
A type of building	zhuangyuan
A type of building	zhuchu
A type of building	zhusuo
A type of building	zhuzaochang
A type of building	zhuzhai
A type of building	zizhucanting
A type of building	zongjiaotang
A type of building	zongligongshu
A thing with wheels	bangongshi
A thing with wheels	banyunqi
A thing with wheels	bashi
A thing with wheels	binche
A thing with wheels	canche
A thing with wheels	chache
A thing with wheels	chanche
A thing with wheels	changpengche
A thing with wheels	changpengkeche
A thing with wheels	changpengqiche
A thing with wheels	changtuqiche
A thing with wheels	che
A thing with wheels	chuzuche
A thing with wheels	chuzumache
A thing with wheels	chuzuqiche
A thing with wheels	daitiche
A thing with wheels	dakeche
A thing with wheels	danche
A thing with wheels	daxingkeche
A thing with wheels	dianche
A thing with wheels	diandongche
A thing with wheels	dishi
A thing with wheels	dongyangche
A thing with wheels	dulunche
A thing with wheels	erlunzhanche
A thing with wheels	feiji
A thing with wheels	gongche
A thing with wheels	gonggongqiche
A thing with wheels	gouladexiaoche
A thing with wheels	guidaomache
A thing with wheels	haohuajiaoche
A thing with wheels	huadongtaijia
A thing with wheels	huangbaoche
A thing with wheels	huoche
A thing with wheels	huochetou
A thing with wheels	jiaotache
A thing with wheels	jicaixiaojiche
A thing with wheels	jiche
A thing with wheels	jichengche
A thing with wheels	jichetou
A thing with wheels	jidongche
A thing with wheels	jingche
A thing with wheels	jipu
A thing with wheels	jipuche
A thing with wheels	jiqijiaotache
A thing with wheels	jiuche
A thing with wheels	jiuhuche
A thing with wheels	jiushengche
A thing with wheels	kache
A thing with wheels	keluoqimache
A thing with wheels	lajiche
A thing with wheels	laoyeqiche
A thing with wheels	lieche
A thing with wheels	lingche
A thing with wheels	luxingbao
A thing with wheels	luxingqiche
A thing with wheels	mache
A thing with wheels	mianbaoche
A thing with wheels	motuoche
A thing with wheels	motuozixingche
A thing with wheels	pengche
A thing with wheels	penqiji
A thing with wheels	penqishifeiji
A thing with wheels	pingche
A thing with wheels	pingguoche
A thing with wheels	qianche
A thing with wheels	qiche
A thing with wheels	qichetushuguan
A thing with wheels	qingbianjiche
A thing with wheels	qingbianmache
A thing with wheels	renliche
A thing with wheels	shiwusuo
A thing with wheels	shoubengche
A thing with wheels	shoulache
A thing with wheels	shoutixiang
A thing with wheels	shoutuiche
A thing with wheels	shouyaoche
A thing with wheels	shuiguoche
A thing with wheels	sichengjia
A thing with wheels	silunliche
A thing with wheels	silunmache
A thing with wheels	tanke
A thing with wheels	tankeche
A thing with wheels	tongche
A thing with wheels	tuituji
A thing with wheels	wanju
A thing with wheels	weixingjiaoche
A thing with wheels	wugaihuoche
A thing with wheels	xianfeng
A thing with wheels	xianfengpai
A thing with wheels	xianglong
A thing with wheels	xiaojiaoche
A thing with wheels	xiaokache
A thing with wheels	xiaoxinghuoche
A thing with wheels	xiaoxingjiche
A thing with wheels	xiaoxingqiche
A thing with wheels	xielizixingche
A thing with wheels	xinganxian
A thing with wheels	xingli
A thing with wheels	yaolanche
A thing with wheels	yeyingguache
A thing with wheels	yingdingqiche
A thing with wheels	yingerche
A thing with wheels	yixiang
A thing with wheels	yizi
A thing with wheels	yougaihuoche
A thing with wheels	youguiche
A thing with wheels	youguidianche
A thing with wheels	yueduihuache
A thing with wheels	yunhuolieche
A thing with wheels	yunhuomache
A thing with wheels	zaihuomache
A thing with wheels	zhepengqiche
A thing with wheels	zhudongche
A thing with wheels	zhuliche
A thing with wheels	zidanhuoche
A thing with wheels	zidongdaoche
A thing with wheels	ziqinghuoche
A thing with wheels	zixingche
Something metal	babitehejin
Something metal	baijin
Something metal	baila
Something metal	baitong
Something metal	bashihejin
Something metal	bei
Something metal	buxiugang
Something metal	cha
Something metal	chazi
Something metal	chizi
Something metal	chun
Something metal	chunji
Something metal	chuntian
Something metal	citi
Something metal	dao
Something metal	daozi
Something metal	diu
Something metal	fan
Something metal	fang
Something metal	fanghumao
Something metal	fangshexingtu
Something metal	fangweiwu
Something metal	fanli
Something metal	fei
Something metal	gai
Something metal	gang
Something metal	gangkui
Something metal	gangtie
Something metal	gao
Something metal	gong
Something metal	gonggao
Something metal	gonghejin
Something metal	gongqi
Something metal	guantou
Something metal	guo
Something metal	hangederanliao
Something metal	hanliao
Something metal	hejin
Something metal	huangtong
Something metal	huo
Something metal	hupojin
Something metal	jia
Something metal	jian
Something metal	jiangzhang
Something metal	jiaolian
Something metal	jiaozhijia
Something metal	jin
Something metal	jinbi
Something metal	jingtie
Something metal	jinianzhang
Something metal	jinsehejin
Something metal	jinsetong
Something metal	jinshu
Something metal	jinshubaopian
Something metal	jinshuyuansu
Something metal	jinyinhejin
Something metal	jinzi
Something metal	jitie
Something metal	kai
Something metal	kang
Something metal	kangtong
Something metal	kui
Something metal	kuijia
Something metal	lai
Something metal	lan
Something metal	lao
Something metal	lei
Something metal	leidian
Something metal	liang
Something metal	liao
Something metal	liba
Something metal	lingsheng
Something metal	lingxian
Something metal	liu
Something metal	makoutieqi
Something metal	maokui
Something metal	mei
Something metal	meng
Something metal	mingfan
Something metal	nie
Something metal	niuqu
Something metal	niushang
Something metal	pan
Something metal	panzi
Something metal	paohejin
Something metal	paotong
Something metal	pei
Something metal	pengrenguo
Something metal	pili
Something metal	pingdiguo
Something metal	qian
Something metal	qiangguan
Something metal	qiegeqi
Something metal	qingtong
Something metal	rouxingjietou
Something metal	shan
Something metal	shao
Something metal	shaozi
Something metal	shetu
Something metal	shi
Something metal	shouzhijia
Something metal	shuihu
Something metal	shuiyin
Something metal	suo
Something metal	suogui
Something metal	tai
Something metal	tan
Something metal	tangchi
Something metal	tiaogeng
Something metal	tie
Something metal	tiesi
Something metal	tiezhen
Something metal	tingtou
Something metal	tong
Something metal	tongniehejin
Something metal	tongxinhejin
Something metal	tuopan
Something metal	weiqiang
Something metal	wumengtiekuang
Something metal	xin
Something metal	xiqianhejin
Something metal	xunlei
Something metal	yanghuabei
Something metal	yaoshi
Something metal	yin
Something metal	yingbi
Something metal	yiniu
Something metal	yinjinkuang
Something metal	you
Something metal	zhalan
Something metal	zhamen
Something metal	zhenzuo
Something metal	zhijia
Something metal	zhong
Something metal	zhuangjia
Something metal	zhuangjiabudui
Something metal	zhucangxiang
A type of plant	aigua
A type of plant	aiguanmu
A type of plant	aiguocao
A type of plant	aijiegucao
A type of plant	aili
A type of plant	aiqianniu
A type of plant	aishanzhuyu
A type of plant	akaimu
A type of plant	alabohuixiang
A type of plant	alaboxiangjiao
A type of plant	anboluoguo
A type of plant	anlulongshelan
A type of plant	anluoguo
A type of plant	anshencai
A type of plant	anxihuixiang
A type of plant	ayuehunzishu
A type of plant	bai
A type of plant	baicao
A type of plant	baichan
A type of plant	baichangpu
A type of plant	baichen
A type of plant	baigansun
A type of plant	baihe
A type of plant	baihehua
A type of plant	baihuahuaqiu
A type of plant	bailashu
A type of plant	bailixiang
A type of plant	baiqiankezhiwu
A type of plant	bairihong
A type of plant	baitouweng
A type of plant	baixian
A type of plant	baixinghai
A type of plant	baiyang
A type of plant	baizhi
A type of plant	bajiao
A type of plant	bajiaodahui
A type of plant	bajiaohuixiang
A type of plant	bajiaoxiang
A type of plant	bajiaozhu
A type of plant	balaguichashu
A type of plant	balatashujiao
A type of plant	banduqin
A type of plant	bangchuicao
A type of plant	bangtouzhu
A type of plant	banguanmu
A type of plant	bangzhutouhua
A type of plant	baodanggui
A type of plant	baogaicao
A type of plant	baohexiangzhi
A type of plant	baqia
A type of plant	bawangbian
A type of plant	baxihongmu
A type of plant	baxili
A type of plant	baxilu
A type of plant	baxisumu
A type of plant	baxizonglu
A type of plant	baxizonglula
A type of plant	bayuezhu
A type of plant	bazhongmu
A type of plant	beijihua
A type of plant	beijilinnaicao
A type of plant	beikehua
A type of plant	beimeichanbohe
A type of plant	beimeiyejiu
A type of plant	beimudeyizhong
A type of plant	beizizhiwu
A type of plant	biancao
A type of plant	biandou
A type of plant	biantao
A type of plant	bianyemu
A type of plant	bianyezhoumu
A type of plant	bichengjia
A type of plant	bidou
A type of plant	bijia
A type of plant	bimei
A type of plant	binglang
A type of plant	binglangzi
A type of plant	binmen
A type of plant	biyuhua
A type of plant	bohe
A type of plant	boheshudezhiwu
A type of plant	boheshuzhiwu
A type of plant	bohuixiang
A type of plant	boluo
A type of plant	bomu
A type of plant	bosenmei
A type of plant	bucaishu
A type of plant	buchongjin
A type of plant	caibaoxiangcao
A type of plant	caidou
A type of plant	caijiao
A type of plant	caimu
A type of plant	caiyecao
A type of plant	cangchangpu
A type of plant	canzhuang
A type of plant	cao
A type of plant	caomei
A type of plant	caoshexiang
A type of plant	caoxiangwandou
A type of plant	caoxieban
A type of plant	caoyehuajiao
A type of plant	cebai
A type of plant	cha
A type of plant	chahua
A type of plant	changebenyue
A type of plant	changluzhiwu
A type of plant	changpu
A type of plant	changshengguo
A type of plant	chanlongzi
A type of plant	chanyang
A type of plant	chaocai
A type of plant	chaodou
A type of plant	chashu
A type of plant	cheluntang
A type of plant	chen
A type of plant	chengjia
A type of plant	chengshu
A type of plant	cheqiancao
A type of plant	chesangzi
A type of plant	cheyecao
A type of plant	chilian
A type of plant	chiteng
A type of plant	chiyangzi
A type of plant	chiyanlaomucao
A type of plant	chongtianyang
A type of plant	chouchangpu
A type of plant	chouchun
A type of plant	choulizi
A type of plant	chouwutong
A type of plant	chu
A type of plant	chuanbaizhi
A type of plant	chuanxinpeilan
A type of plant	chuanxuduan
A type of plant	chuiyangliu
A type of plant	chuli
A type of plant	cicao
A type of plant	cichouli
A type of plant	cierli
A type of plant	ciguosumu
A type of plant	cihulu
A type of plant	ciqiner
A type of plant	cizao
A type of plant	cuiju
A type of plant	cujiangcao
A type of plant	culi
A type of plant	dachiyang
A type of plant	dadou
A type of plant	dafuzi
A type of plant	dahuang
A type of plant	dahuixiang
A type of plant	daidou
A type of plant	dajishuzhiwu
A type of plant	daliao
A type of plant	damaoye
A type of plant	dami
A type of plant	danggui
A type of plant	dangyao
A type of plant	daomi
A type of plant	dashuitianqi
A type of plant	datouhua
A type of plant	datuoyeyunshi
A type of plant	dayacao
A type of plant	dayantong
A type of plant	dayebohe
A type of plant	dayeyang
A type of plant	dayeyemoli
A type of plant	dayezao
A type of plant	dazicao
A type of plant	denglongcao
A type of plant	denglongguo
A type of plant	denglongjiao
A type of plant	denglongtou
A type of plant	dianjia
A type of plant	diaocaizi
A type of plant	dibaicao
A type of plant	didou
A type of plant	diguzi
A type of plant	dihuajiao
A type of plant	dijiao
A type of plant	dimei
A type of plant	dingshengzhiwu
A type of plant	dixiayazhiwu
A type of plant	dixue
A type of plant	diyu
A type of plant	dongqing
A type of plant	dongqingshu
A type of plant	doubanlucao
A type of plant	douloupoxiang
A type of plant	dourong
A type of plant	douxuzi
A type of plant	douying
A type of plant	duan
A type of plant	duanmu
A type of plant	ducan
A type of plant	ducanjia
A type of plant	dui
A type of plant	duohuaqiangwei
A type of plant	duoxiangguo
A type of plant	duoxiangguoshu
A type of plant	dupingguo
A type of plant	durenshen
A type of plant	duxiang
A type of plant	duyucao
A type of plant	emei
A type of plant	erruizisu
A type of plant	fan
A type of plant	fanbaicao
A type of plant	fanbaizhi
A type of plant	fandou
A type of plant	fangencao
A type of plant	fangxiang
A type of plant	fanjiao
A type of plant	fanma
A type of plant	fanqie
A type of plant	fanyansui
A type of plant	feizaoguoshu
A type of plant	feizhoubailian
A type of plant	fengcao
A type of plant	fengguncao
A type of plant	fenghuangmu
A type of plant	fenghuangshu
A type of plant	fengjiahua
A type of plant	fengli
A type of plant	fengluncai
A type of plant	fengma
A type of plant	fengshu
A type of plant	fengweijue
A type of plant	fengxiangzhi
A type of plant	fengxinzi
A type of plant	fenshu
A type of plant	fenzhuziqi
A type of plant	foshougan
A type of plant	fucao
A type of plant	fulehua
A type of plant	fuli
A type of plant	fuluhua
A type of plant	fulukao
A type of plant	fupen
A type of plant	fupenmei
A type of plant	fupenzi
A type of plant	fushengzhiwu
A type of plant	fushiying
A type of plant	fuyi
A type of plant	fuzhuozhiwu
A type of plant	fuzuo
A type of plant	fuzuocao
A type of plant	ganju
A type of plant	ganjushu
A type of plant	ganjushuguoshu
A type of plant	ganlanzi
A type of plant	gedou
A type of plant	geluciye
A type of plant	geluzi
A type of plant	genipa
A type of plant	genshao
A type of plant	geyujin
A type of plant	gongrencao
A type of plant	goudiyazi
A type of plant	gouhetao
A type of plant	goujiajia
A type of plant	gounaizi
A type of plant	gouqi
A type of plant	gouqidou
A type of plant	gouqiguo
A type of plant	gouqihongshi
A type of plant	gouqizi
A type of plant	gousheteng
A type of plant	goutizi
A type of plant	guaerdou
A type of plant	guangbuxian
A type of plant	guanggucao
A type of plant	guanghuoxiang
A type of plant	guanglang
A type of plant	guangtong
A type of plant	guanjin
A type of plant	guanmu
A type of plant	guanmuhuzhizi
A type of plant	guanyezelan
A type of plant	guazihuangyang
A type of plant	guicang
A type of plant	guipi
A type of plant	guitouhua
A type of plant	guiyuan
A type of plant	guiyujian
A type of plant	guke
A type of plant	guncao
A type of plant	guniucao
A type of plant	guodou
A type of plant	haibinyangcong
A type of plant	haicao
A type of plant	haidai
A type of plant	haidaicao
A type of plant	haiercao
A type of plant	haihutao
A type of plant	haijiao
A type of plant	haimalin
A type of plant	haimianbao
A type of plant	haishou
A type of plant	haisuocao
A type of plant	haixianhua
A type of plant	haiyangzhilu
A type of plant	haiyuzhiwu
A type of plant	haizao
A type of plant	hamacao
A type of plant	handou
A type of plant	hangbaizhi
A type of plant	hao
A type of plant	haoshuzhiwu
A type of plant	hebenkezhiwu
A type of plant	hebishu
A type of plant	hehuanshu
A type of plant	heican
A type of plant	heicili
A type of plant	heihujiao
A type of plant	heimei
A type of plant	heitongyoushu
A type of plant	heiyingtao
A type of plant	helanbiaoniuer
A type of plant	helanbohe
A type of plant	helanqin
A type of plant	helianzi
A type of plant	heqiu
A type of plant	hewanglan
A type of plant	hongcha
A type of plant	hongerzhui
A type of plant	hongguo
A type of plant	hongguozi
A type of plant	honghuafangen
A type of plant	honghuaying
A type of plant	honghuayingshu
A type of plant	honghuomaocao
A type of plant	hongluo
A type of plant	hongmaodan
A type of plant	hongmei
A type of plant	hongmu
A type of plant	hongqingjiao
A type of plant	hongshigen
A type of plant	hongshuangshi
A type of plant	hongteng
A type of plant	hongtiaozicao
A type of plant	hongtongcao
A type of plant	hongzicao
A type of plant	houbanli
A type of plant	hua
A type of plant	huacong
A type of plant	huailan
A type of plant	hualijingtian
A type of plant	huangdou
A type of plant	huangguaxiang
A type of plant	huanghuacai
A type of plant	huanghuan
A type of plant	huanghuaqiu
A type of plant	huangji
A type of plant	huangli
A type of plant	huangluozi
A type of plant	huangmuzi
A type of plant	huangniudan
A type of plant	huangpi
A type of plant	huangpingzicao
A type of plant	huangquehua
A type of plant	huangsizi
A type of plant	huangtan
A type of plant	huangtengzi
A type of plant	huangwangzi
A type of plant	huangxiangcao
A type of plant	huangyang
A type of plant	huangyangmu
A type of plant	huangzhizi
A type of plant	huaqiu
A type of plant	huarenshuzhiwu
A type of plant	huasheng
A type of plant	huashengguo
A type of plant	huatanzhiwu
A type of plant	hubangzi
A type of plant	hucai
A type of plant	hudiebaihe
A type of plant	huguamu
A type of plant	huigudou
A type of plant	huixiang
A type of plant	hujiao
A type of plant	hujiaobohe
A type of plant	huluba
A type of plant	hulushu
A type of plant	huma
A type of plant	huobaguo
A type of plant	huobalian
A type of plant	huoji
A type of plant	huojuhua
A type of plant	huomacao
A type of plant	huoshu
A type of plant	huoxiang
A type of plant	huoxuecao
A type of plant	huweibian
A type of plant	huweilanma
A type of plant	huzitong
A type of plant	jiaguojue
A type of plant	jianadazaojia
A type of plant	jiangbanzi
A type of plant	jiangdou
A type of plant	jianguo
A type of plant	jianguoyingtao
A type of plant	jianiugan
A type of plant	jiannaocai
A type of plant	jiaobohe
A type of plant	jiaochi
A type of plant	jiaochongshu
A type of plant	jiaodou
A type of plant	jiaodoushu
A type of plant	jiaoma
A type of plant	jiashuzhiwu
A type of plant	jiasijialici
A type of plant	jidou
A type of plant	jiegucao
A type of plant	jiejiehan
A type of plant	jietoushu
A type of plant	jili
A type of plant	jinazitan
A type of plant	jindaihua
A type of plant	jinfeng
A type of plant	jingchangcao
A type of plant	jingdou
A type of plant	jingjie
A type of plant	jinglancao
A type of plant	jingouqi
A type of plant	jingtian
A type of plant	jinjier
A type of plant	jinjinashu
A type of plant	jinju
A type of plant	jinpingguo
A type of plant	jinquehua
A type of plant	jinwan
A type of plant	jinxueqiu
A type of plant	jinyinhua
A type of plant	jinyucao
A type of plant	jinzhencai
A type of plant	jinzhongbai
A type of plant	jinzisu
A type of plant	jiubingliang
A type of plant	jiulixiang
A type of plant	jiumingliang
A type of plant	jizu
A type of plant	jucao
A type of plant	juechuang
A type of plant	juema
A type of plant	juhecao
A type of plant	jujucao
A type of plant	junlei
A type of plant	juruoshu
A type of plant	juyou
A type of plant	juyuanshu
A type of plant	kafei
A type of plant	kafeishu
A type of plant	kaihuazhiwu
A type of plant	kaixinguo
A type of plant	kangfuli
A type of plant	kaohuzong
A type of plant	katelan
A type of plant	kubamu
A type of plant	kucao
A type of plant	kuchengshu
A type of plant	kudou
A type of plant	kuhuanshu
A type of plant	kujutailei
A type of plant	kulian
A type of plant	kumaicao
A type of plant	kumu
A type of plant	kuyebaizhi
A type of plant	laimengguo
A type of plant	lajiao
A type of plant	landian
A type of plant	langdang
A type of plant	langdangshi
A type of plant	langdangzi
A type of plant	lanji
A type of plant	lankezhiwu
A type of plant	lanxiang
A type of plant	lanxiangzi
A type of plant	laoguancao
A type of plant	laoguanjin
A type of plant	laoguanzui
A type of plant	laohuxu
A type of plant	laolaijiao
A type of plant	laoniujin
A type of plant	laoyazui
A type of plant	lazhuqiancao
A type of plant	lazi
A type of plant	lian
A type of plant	lianhuacai
A type of plant	lianlicao
A type of plant	liaopingcao
A type of plant	lingxiangcao
A type of plant	linjingzhiwu
A type of plant	linnaihua
A type of plant	linnaimu
A type of plant	lishu
A type of plant	liu
A type of plant	liuchuanyu
A type of plant	liudaomu
A type of plant	liudou
A type of plant	liujiaoying
A type of plant	liulanxiang
A type of plant	liuliju
A type of plant	liushu
A type of plant	liutiaomu
A type of plant	liuxueni
A type of plant	liuyeshinan
A type of plant	liuyuegan
A type of plant	liuzhiyizhong
A type of plant	lizaoshuzhiwu
A type of plant	lizhi
A type of plant	lizhiguo
A type of plant	lizhinu
A type of plant	lizhishu
A type of plant	longchuangcao
A type of plant	longchuanpao
A type of plant	longkouhua
A type of plant	longniuermiao
A type of plant	longshelan
A type of plant	longshelanshu
A type of plant	longshezhang
A type of plant	longtouhua
A type of plant	longxucai
A type of plant	longxueshu
A type of plant	longxuzi
A type of plant	longyacao
A type of plant	longyan
A type of plant	loutaixiang
A type of plant	luchang
A type of plant	lucong
A type of plant	luconghua
A type of plant	luju
A type of plant	lulilu
A type of plant	lumu
A type of plant	lunfengju
A type of plant	luochuicao
A type of plant	luodijiaogong
A type of plant	luoganmei
A type of plant	luoguo
A type of plant	luohuangzi
A type of plant	luohuasheng
A type of plant	luojuezhiwu
A type of plant	luole
A type of plant	luolezi
A type of plant	luosheng
A type of plant	luosizi
A type of plant	luosu
A type of plant	luowangzi
A type of plant	luoxueni
A type of plant	luoyeteng
A type of plant	lushidou
A type of plant	lusun
A type of plant	luzheng
A type of plant	luzhi
A type of plant	luzhumei
A type of plant	luzi
A type of plant	mai
A type of plant	maidou
A type of plant	maisuihuang
A type of plant	maiwandou
A type of plant	maixiaku
A type of plant	majiamu
A type of plant	malei
A type of plant	malijin
A type of plant	malingshu
A type of plant	maliujie
A type of plant	maluozheshu
A type of plant	manda
A type of plant	mandelacao
A type of plant	mangguo
A type of plant	mangguoshu
A type of plant	mangxi
A type of plant	manhuci
A type of plant	manilama
A type of plant	manshengzhiwu
A type of plant	mantoubo
A type of plant	mantuluo
A type of plant	mantuoluo
A type of plant	mantuoluoshu
A type of plant	manzha
A type of plant	maobiansilan
A type of plant	maobohe
A type of plant	maodou
A type of plant	maogaocai
A type of plant	maolizhi
A type of plant	maolongyan
A type of plant	maoruihua
A type of plant	maoweibaxiang
A type of plant	maoyuteng
A type of plant	maozelan
A type of plant	maqinzi
A type of plant	mayingdanshu
A type of plant	mayulan
A type of plant	mayulancao
A type of plant	mazuimu
A type of plant	meigui
A type of plant	meiguochouli
A type of plant	meiguozijing
A type of plant	meimei
A type of plant	meirenjiao
A type of plant	meiyuanzhi
A type of plant	meizhouweimao
A type of plant	mengcao
A type of plant	mengguo
A type of plant	mengguoshezai
A type of plant	menguo
A type of plant	mianbaiyang
A type of plant	mianguo
A type of plant	mianhuazuowu
A type of plant	miao
A type of plant	midiexiang
A type of plant	mifenghua
A type of plant	miguanzi
A type of plant	mindanggui
A type of plant	mingliezi
A type of plant	miwang
A type of plant	mojiaolan
A type of plant	mojingzhiwu
A type of plant	moshuishu
A type of plant	moxigeqianniu
A type of plant	mucao
A type of plant	mudou
A type of plant	mudoushu
A type of plant	mufanshu
A type of plant	muhuanzi
A type of plant	mujiaodou
A type of plant	mulan
A type of plant	mumei
A type of plant	mushu
A type of plant	muxu
A type of plant	muxushuzhiwu
A type of plant	muzeishuzhiwu
A type of plant	naidong
A type of plant	nanyangshan
A type of plant	nanyangshili
A type of plant	naoyanghua
A type of plant	nichangpu
A type of plant	nidou
A type of plant	ningmeng
A type of plant	ningmengbohe
A type of plant	niuercao
A type of plant	niugucao
A type of plant	niujinzi
A type of plant	niuli
A type of plant	niunaipao
A type of plant	niuqiaozi
A type of plant	niushecao
A type of plant	niushehuang
A type of plant	niuwatou
A type of plant	niuxueshu
A type of plant	niuzaozi
A type of plant	niuzhicao
A type of plant	nuercha
A type of plant	nuohuti
A type of plant	oubaiying
A type of plant	oudanggui
A type of plant	ouduhuo
A type of plant	oufangfeng
A type of plant	ougan
A type of plant	ouqin
A type of plant	ouxiecao
A type of plant	ouyagancao
A type of plant	ouyaqi
A type of plant	ouzha
A type of plant	ouzhouhuaqiu
A type of plant	ouzhoujue
A type of plant	ouzhoujuelin
A type of plant	ouzhouluobo
A type of plant	ouzhoumumei
A type of plant	paixiangcao
A type of plant	panyuanzhiwu
A type of plant	paodanguo
A type of plant	paoerci
A type of plant	payanban
A type of plant	penjing
A type of plant	penjingzhiwu
A type of plant	penzai
A type of plant	pilingqiezi
A type of plant	pingguo
A type of plant	pipa
A type of plant	pipashu
A type of plant	poliu
A type of plant	poponashuzhiwu
A type of plant	pufuzhiwu
A type of plant	puqinluobo
A type of plant	putaoshuzhiwu
A type of plant	putaoteng
A type of plant	putaoyou
A type of plant	qiangwei
A type of plant	qiangweimu
A type of plant	qiannianai
A type of plant	qiaomai
A type of plant	qiaomaishu
A type of plant	qiaomu
A type of plant	qibanlian
A type of plant	qiezi
A type of plant	qiliu
A type of plant	qincailuobo
A type of plant	qingcao
A type of plant	qingdou
A type of plant	qinggangliu
A type of plant	qinglan
A type of plant	qinglongmu
A type of plant	qingmingliu
A type of plant	qingui
A type of plant	qingzai
A type of plant	qinjiao
A type of plant	qishengzhiwu
A type of plant	qishu
A type of plant	qishucai
A type of plant	qiu
A type of plant	qiuguozhiwu
A type of plant	qiulan
A type of plant	qiumudan
A type of plant	qiuxinhuashi
A type of plant	qiyeshu
A type of plant	qiyizi
A type of plant	quanchichilian
A type of plant	ranliaomu
A type of plant	ranseqiancao
A type of plant	rendong
A type of plant	renlang
A type of plant	renpin
A type of plant	renshenguo
A type of plant	renxinguoshu
A type of plant	ribenhaitang
A type of plant	ribenmugua
A type of plant	ribenshancha
A type of plant	rougui
A type of plant	roumu
A type of plant	rouzao
A type of plant	rouzhizhiwu
A type of plant	ruanyesilan
A type of plant	rucaoshuzhiwu
A type of plant	sajinrong
A type of plant	samomiganju
A type of plant	samomiju
A type of plant	sangandinglu
A type of plant	sanjiaoyeyang
A type of plant	sanniantong
A type of plant	sanyuepao
A type of plant	shamu
A type of plant	shanbiandou
A type of plant	shanbohe
A type of plant	shancha
A type of plant	shanchun
A type of plant	shancigushu
A type of plant	shandahuang
A type of plant	shandanggui
A type of plant	shanhuangyang
A type of plant	shanhuixiang
A type of plant	shanhujiao
A type of plant	shanhuzhong
A type of plant	shanjiao
A type of plant	shanjijiao
A type of plant	shanjinchehua
A type of plant	shanliguo
A type of plant	shanlihong
A type of plant	shanlihongguo
A type of plant	shanlizi
A type of plant	shanluobo
A type of plant	shanmei
A type of plant	shanmeihua
A type of plant	shanpaozi
A type of plant	shanyangti
A type of plant	shanyezi
A type of plant	shanyurou
A type of plant	shanzha
A type of plant	shanzhi
A type of plant	shanzhima
A type of plant	shanzhuyu
A type of plant	shanzicao
A type of plant	shaozi
A type of plant	shatangyezi
A type of plant	shazicao
A type of plant	shebanhua
A type of plant	shegucao
A type of plant	shengdanhong
A type of plant	shengdanhua
A type of plant	shengteng
A type of plant	shenxiangcao
A type of plant	shexiangcao
A type of plant	sheyao
A type of plant	shibimei
A type of plant	shicanshuzhiwu
A type of plant	shicaoshu
A type of plant	shidiaobai
A type of plant	shilishu
A type of plant	shiluo
A type of plant	shineizhiwu
A type of plant	shishengzhiwu
A type of plant	shishu
A type of plant	shisong
A type of plant	shiyangjin
A type of plant	shizao
A type of plant	shizaoer
A type of plant	shizihua
A type of plant	shizishu
A type of plant	shiziweiba
A type of plant	shu
A type of plant	shudou
A type of plant	shufanqieshu
A type of plant	shuhuangdou
A type of plant	shuianban
A type of plant	shuicai
A type of plant	shuichangpu
A type of plant	shuigouzai
A type of plant	shuiliu
A type of plant	shuiluobo
A type of plant	shuimaye
A type of plant	shuishangpiao
A type of plant	shuishengzhiwu
A type of plant	shuitong
A type of plant	shuitongqiu
A type of plant	shuiye
A type of plant	shuiyeshuzhiwu
A type of plant	shuiyuncao
A type of plant	shuizao
A type of plant	shuizaojiao
A type of plant	shuku
A type of plant	shukui
A type of plant	shuli
A type of plant	shulishuzhiwu
A type of plant	shumei
A type of plant	shumiao
A type of plant	shushu
A type of plant	shusuanzao
A type of plant	shuweicao
A type of plant	shuweicaozhiwu
A type of plant	shuweihuang
A type of plant	shuzao
A type of plant	shuzi
A type of plant	sijidou
A type of plant	silan
A type of plant	siyuepao
A type of plant	souchun
A type of plant	soushushuzhiwu
A type of plant	suancheng
A type of plant	suandou
A type of plant	suanjiao
A type of plant	suanlihong
A type of plant	suanmo
A type of plant	suanmu
A type of plant	suanyingtao
A type of plant	suanzao
A type of plant	suanzhimu
A type of plant	suanzhimushu
A type of plant	sufangmu
A type of plant	suihuabohe
A type of plant	suiyeyuanzhi
A type of plant	sumo
A type of plant	suoluoshu
A type of plant	suoluozi
A type of plant	suonacao
A type of plant	tadisha
A type of plant	tangdi
A type of plant	tangshu
A type of plant	tangzong
A type of plant	tanshu
A type of plant	taodou
A type of plant	taohuaxinmu
A type of plant	taoshu
A type of plant	teng
A type of plant	tengbenzhiwu
A type of plant	tengluo
A type of plant	tengwanzhiwu
A type of plant	tiancaizi
A type of plant	tianhaidonggen
A type of plant	tianjiaer
A type of plant	tianjiao
A type of plant	tianlajiao
A type of plant	tianmukan
A type of plant	tianmuzi
A type of plant	tianqingdibai
A type of plant	tianshili
A type of plant	tiantangniao
A type of plant	tianxianzi
A type of plant	tianzhubohe
A type of plant	tianzhukui
A type of plant	tiejiabei
A type of plant	tiejiaojue
A type of plant	tiesecao
A type of plant	tietong
A type of plant	tingjishuzhiwu
A type of plant	tongxuetu
A type of plant	tongyoushu
A type of plant	tongzishu
A type of plant	tudou
A type of plant	tuhuangdou
A type of plant	tuhuoxiang
A type of plant	tusishi
A type of plant	tusizi
A type of plant	wandou
A type of plant	wangguo
A type of plant	wangmu
A type of plant	wangyoucao
A type of plant	wannianqing
A type of plant	wanshancha
A type of plant	wantaohua
A type of plant	wei
A type of plant	weilingcai
A type of plant	wendan
A type of plant	wenpo
A type of plant	wohaitang
A type of plant	wubaqiang
A type of plant	wubeizishu
A type of plant	wubiaozi
A type of plant	wuchaozi
A type of plant	wuchazi
A type of plant	wugangzi
A type of plant	wuhuanzi
A type of plant	wujingzili
A type of plant	wulianzi
A type of plant	wumingzi
A type of plant	wumushu
A type of plant	wusecao
A type of plant	wusemei
A type of plant	wuseshuixian
A type of plant	wutou
A type of plant	wuxiangbajiao
A type of plant	wuyedijin
A type of plant	wuyepashanhu
A type of plant	xiakucao
A type of plant	xiakutou
A type of plant	xialahuangtan
A type of plant	xian
A type of plant	xiangbang
A type of plant	xiangbohe
A type of plant	xiangcai
A type of plant	xiangcao
A type of plant	xiangcheyecao
A type of plant	xiangfengcao
A type of plant	xianggenying
A type of plant	xianggui
A type of plant	xianghuabohe
A type of plant	xiangmei
A type of plant	xiangmu
A type of plant	xiangningmeng
A type of plant	xiangshu
A type of plant	xiangshuizhiwu
A type of plant	xiangyahong
A type of plant	xiangyang
A type of plant	xiangyanghua
A type of plant	xiangyuanshu
A type of plant	xianhecao
A type of plant	xianshuzhiwu
A type of plant	xianzhangdan
A type of plant	xiaobiandou
A type of plant	xiaodianqiezi
A type of plant	xiaoguanmu
A type of plant	xiaohuangyang
A type of plant	xiaohuaxueguo
A type of plant	xiaohuazicao
A type of plant	xiaomai
A type of plant	xiaoqing
A type of plant	xiaoqingcao
A type of plant	xiaoshumiao
A type of plant	xiaozonglu
A type of plant	xiatongcao
A type of plant	xiayezeqin
A type of plant	xiayicong
A type of plant	xidanggui
A type of plant	xiecao
A type of plant	xiezicao
A type of plant	xiganmu
A type of plant	xigouqi
A type of plant	xihongshi
A type of plant	xijiao
A type of plant	xiju
A type of plant	ximishu
A type of plant	xinganbaizhi
A type of plant	xingshu
A type of plant	xingxingmu
A type of plant	xishouguo
A type of plant	xiuqiushuzhiwu
A type of plant	xixiangcong
A type of plant	xiyan
A type of plant	xiyangjiegumu
A type of plant	xiyangshuixian
A type of plant	xiyangxicong
A type of plant	xiyinhua
A type of plant	xizhangdan
A type of plant	xuancan
A type of plant	xuancao
A type of plant	xuancaohua
A type of plant	xuane
A type of plant	xuangouzi
A type of plant	xuanhuazhiwu
A type of plant	xuanlingmu
A type of plant	xuantai
A type of plant	xuedou
A type of plant	xuegouzi
A type of plant	xueguo
A type of plant	xuemei
A type of plant	xueqizi
A type of plant	xunyazi
A type of plant	xunyicao
A type of plant	xunzishuzhiwu
A type of plant	yalizhi
A type of plant	yama
A type of plant	yamazicheqian
A type of plant	yanbiaozhiwu
A type of plant	yancao
A type of plant	yancaoye
A type of plant	yanfumu
A type of plant	yangaolan
A type of plant	yangcaique
A type of plant	yangcha
A type of plant	yanggancao
A type of plant	yanghehua
A type of plant	yangji
A type of plant	yangjianxiao
A type of plant	yangjinhua
A type of plant	yangmei
A type of plant	yangmeishu
A type of plant	yangquehua
A type of plant	yangshizi
A type of plant	yangshuixian
A type of plant	yangsucao
A type of plant	yangsumu
A type of plant	yangtao
A type of plant	yangxiangcai
A type of plant	yangxiuqiu
A type of plant	yangyansui
A type of plant	yangyingtao
A type of plant	yangzisu
A type of plant	yanjue
A type of plant	yanluan
A type of plant	yanmian
A type of plant	yanshanjiang
A type of plant	yansui
A type of plant	yansuigenjing
A type of plant	yanzicai
A type of plant	yaoguoshu
A type of plant	yaoshuli
A type of plant	yaoxuanhua
A type of plant	yaozao
A type of plant	yatongzi
A type of plant	yaxiancao
A type of plant	yazibazhangcai
A type of plant	yazicao
A type of plant	yebocai
A type of plant	yecao
A type of plant	yedou
A type of plant	yege
A type of plant	yehuaishu
A type of plant	yehujiao
A type of plant	yelan
A type of plant	yemadeng
A type of plant	yemei
A type of plant	yeqiangwei
A type of plant	yeqin
A type of plant	yetongcao
A type of plant	yewandou
A type of plant	yewannianqing
A type of plant	yezhima
A type of plant	yezi
A type of plant	yezicao
A type of plant	yilezao
A type of plant	yinbaiyang
A type of plant	yindijue
A type of plant	yindujinashu
A type of plant	yindulian
A type of plant	yinduzitan
A type of plant	yingcao
A type of plant	yingguoshanzha
A type of plant	yingshu
A type of plant	yingtaoli
A type of plant	yingtaoshu
A type of plant	yingzitong
A type of plant	yingzuidou
A type of plant	yinweilingcai
A type of plant	yinyehuashu
A type of plant	yipinhong
A type of plant	yizhongzhiwu
A type of plant	yizhuxiang
A type of plant	you
A type of plant	youcao
A type of plant	youguo
A type of plant	youhuanzi
A type of plant	youluoshu
A type of plant	youshu
A type of plant	youtao
A type of plant	youtong
A type of plant	youtongshu
A type of plant	youyicao
A type of plant	youzhituncao
A type of plant	youzi
A type of plant	yuancan
A type of plant	yuandanggui
A type of plant	yuansui
A type of plant	yuanyeputao
A type of plant	yuanyouhui
A type of plant	yuanzhi
A type of plant	yudiemei
A type of plant	yueguanghua
A type of plant	yueji
A type of plant	yueshen
A type of plant	yuguzhe
A type of plant	yujinxiang
A type of plant	yulinghua
A type of plant	yungui
A type of plant	yunmei
A type of plant	yunxiang
A type of plant	yurou
A type of plant	yushandou
A type of plant	yutengshuzhiwu
A type of plant	yuweicao
A type of plant	yuxiang
A type of plant	yuyedou
A type of plant	yuzanhua
A type of plant	zacao
A type of plant	zaipeipinxi
A type of plant	zaolei
A type of plant	zaoli
A type of plant	zaopi
A type of plant	zaoshu
A type of plant	zefen
A type of plant	zeqin
A type of plant	zhangyebohe
A type of plant	zhanna
A type of plant	zhanzhanwa
A type of plant	zhaodouteng
A type of plant	zhaoli
A type of plant	zhaoteng
A type of plant	zhengma
A type of plant	zhenjun
A type of plant	zhenyeshu
A type of plant	zhenzi
A type of plant	zheshengzhiwu
A type of plant	zhi
A type of plant	zhidinghua
A type of plant	zhima
A type of plant	zhiwu
A type of plant	zhiwuqun
A type of plant	zhiyanggu
A type of plant	zhizhubaodan
A type of plant	zhizi
A type of plant	zhongtai
A type of plant	zhongxiangshu
A type of plant	zhuguoshu
A type of plant	zhuma
A type of plant	zhuteng
A type of plant	zhuyangyang
A type of plant	ziao
A type of plant	zicao
A type of plant	zicaogen
A type of plant	zicaogenzi
A type of plant	zicaokezhiwu
A type of plant	zicaorong
A type of plant	zidan
A type of plant	zigen
A type of plant	zihuamuxu
A type of plant	zijingtian
A type of plant	zijue
A type of plant	zilucao
A type of plant	zimao
A type of plant	zimuxu
A type of plant	ziqi
A type of plant	ziqiguanzhong
A type of plant	ziran
A type of plant	zishu
A type of plant	zitan
A type of plant	ziteng
A type of plant	ziwan
A type of plant	ziyangzhiwu
A type of plant	ziyazhicao
A type of plant	ziyecao
A type of plant	zongbaorendong
A type of plant	zonglu
A type of plant	zonglukezhiwu
A type of plant	zonglula
A type of plant	zoumaqin
A type of plant	zuimacao
A type of plant	zuixinhua
A type of plant	zuiyucao
A word meaning difficult	fuza
A word meaning difficult	jianku
A word meaning difficult	jiannan
A word meaning difficult	jianyingde
A word meaning difficult	jianzhuangde
A word meaning difficult	kunnan
A word meaning difficult	mafan
A word meaning difficult	naijuede
A word meaning difficult	nan
A word meaning difficult	nanti
A word meaning difficult	nanyi
A word meaning difficult	qiang
A word meaning difficult	qiangjiande
A word meaning difficult	youyaojinde
A type of dance	balei
A type of dance	baleiwu
A type of dance	duzi
A type of dance	fubu
A type of dance	huaerzi
A type of dance	jiewu
A type of dance	jiqiren
A type of dance	jixieren
A type of dance	mianxian
A type of dance	minzuwu
A type of dance	niuyangge
A type of dance	pianju
A type of dance	qizha
A type of dance	shejiaowuhui
A type of dance	sixian
A type of dance	tange
A type of dance	tonglingren
A type of dance	wei
A type of dance	wuju
A type of dance	xingpian
A type of dance	yanmo
A type of dance	yaokongjixie
A type of dance	yiwang
A type of dance	zhapian
A type of dance	zhengfangxing
A type of dance	zidongji
A type of dance	zidongjiqi
Something you can drink	baba
Something you can drink	banzhijiu
Something you can drink	caizhi
Something you can drink	cha
Something you can drink	chezhen
Something you can drink	chun
Something you can drink	chunjian
Something you can drink	die
Something you can drink	diedie
Something you can drink	guozhi
Something you can drink	hongcha
Something you can drink	huami
Something you can drink	huixiangjiu
Something you can drink	jiaomei
Something you can drink	jiaotan
Something you can drink	jiu
Something you can drink	jiujingyinliao
Something you can drink	kafei
Something you can drink	kaiweijiu
Something you can drink	kuaijiu
Something you can drink	maiyapijiu
Something you can drink	muwa
Something you can drink	nai
Something you can drink	niunai
Something you can drink	pijiu
Something you can drink	putaojiu
Something you can drink	qishui
Something you can drink	quan
Something you can drink	quanda
Something you can drink	shaojiu
Something you can drink	shui
Something you can drink	suda
Something you can drink	tang
Something you can drink	tansuanyinliao
Something you can drink	weishiji
Something you can drink	weishijijiu
Something you can drink	xiangbinjiu
Something you can drink	xiannu
Something you can drink	xianzi
Something you can drink	xidijian
Something you can drink	yalijiu
Something you can drink	yinliao
Something you can drink	yiquanzhongji
Something you can drink	zhi
A thing in a toolbox	ansun
A thing in a toolbox	bangqiushoutao
A thing in a toolbox	beiju
A thing in a toolbox	bianpingfajia
A thing in a toolbox	biaoji
A thing in a toolbox	biaozhi
A thing in a toolbox	biliangjia
A thing in a toolbox	bing
A thing in a toolbox	cengci
A thing in a toolbox	chai
A thing in a toolbox	changfajia
A thing in a toolbox	chengdu
A thing in a toolbox	chuansuozhen
A thing in a toolbox	chui
A thing in a toolbox	chuizi
A thing in a toolbox	cuo
A thing in a toolbox	cuodao
A thing in a toolbox	cuzhen
A thing in a toolbox	dachui
A thing in a toolbox	dagou
A thing in a toolbox	daizi
A thing in a toolbox	dakou
A thing in a toolbox	damaoding
A thing in a toolbox	danjia
A thing in a toolbox	dantaojie
A thing in a toolbox	dao
A thing in a toolbox	daozi
A thing in a toolbox	datouchui
A thing in a toolbox	datouding
A thing in a toolbox	dayanding
A thing in a toolbox	dengji
A thing in a toolbox	diaokegongju
A thing in a toolbox	dingzi
A thing in a toolbox	duanju
A thing in a toolbox	dushu
A thing in a toolbox	fajia
A thing in a toolbox	fangsongluomu
A thing in a toolbox	fanjiaosuo
A thing in a toolbox	fanpingjie
A thing in a toolbox	faqia
A thing in a toolbox	fazan
A thing in a toolbox	fengjing
A thing in a toolbox	fudai
A thing in a toolbox	gangju
A thing in a toolbox	gouhuan
A thing in a toolbox	gouzi
A thing in a toolbox	guagou
A thing in a toolbox	hudiejie
A thing in a toolbox	huinimandao
A thing in a toolbox	humenmaoding
A thing in a toolbox	humujing
A thing in a toolbox	huoba
A thing in a toolbox	huoju
A thing in a toolbox	jia
A thing in a toolbox	jiafazhen
A thing in a toolbox	jianguo
A thing in a toolbox	jianzhui
A thing in a toolbox	jianzuan
A thing in a toolbox	jiao
A thing in a toolbox	jiaodai
A thing in a toolbox	jiaoding
A thing in a toolbox	jiaojiang
A thing in a toolbox	jiaolian
A thing in a toolbox	jiaoshui
A thing in a toolbox	jiaozhijia
A thing in a toolbox	jiazi
A thing in a toolbox	jiazideyizhong
A thing in a toolbox	jie
A thing in a toolbox	jiesuozhen
A thing in a toolbox	jingujian
A thing in a toolbox	jinshuquan
A thing in a toolbox	jitie
A thing in a toolbox	kaipingqi
A thing in a toolbox	kougou
A thing in a toolbox	kouhuan
A thing in a toolbox	kouzi
A thing in a toolbox	langtou
A thing in a toolbox	leidian
A thing in a toolbox	lianhe
A thing in a toolbox	lianhuan
A thing in a toolbox	lianjie
A thing in a toolbox	lianjiewu
A thing in a toolbox	ling
A thing in a toolbox	lunxia
A thing in a toolbox	luoding
A thing in a toolbox	luoshuan
A thing in a toolbox	luosiding
A thing in a toolbox	luoxuanbasaiqi
A thing in a toolbox	mao
A thing in a toolbox	maobosuoju
A thing in a toolbox	maobozhuangzhi
A thing in a toolbox	maogou
A thing in a toolbox	maozhen
A thing in a toolbox	mending
A thing in a toolbox	menkou
A thing in a toolbox	menshuan
A thing in a toolbox	mifengdian
A thing in a toolbox	muchu
A thing in a toolbox	muchui
A thing in a toolbox	nianheji
A thing in a toolbox	nianjiao
A thing in a toolbox	nianye
A thing in a toolbox	niu
A thing in a toolbox	niuqu
A thing in a toolbox	niushang
A thing in a toolbox	nizi
A thing in a toolbox	pili
A thing in a toolbox	pingbeiju
A thing in a toolbox	pingsaiqizi
A thing in a toolbox	pingtouding
A thing in a toolbox	qian
A thing in a toolbox	qianbi
A thing in a toolbox	qianzi
A thing in a toolbox	qiaowanbufen
A thing in a toolbox	qiugun
A thing in a toolbox	qubing
A thing in a toolbox	qutouding
A thing in a toolbox	richangbixupin
A thing in a toolbox	rouxingjietou
A thing in a toolbox	shaiyijia
A thing in a toolbox	shaoliang
A thing in a toolbox	shazhi
A thing in a toolbox	sheng
A thing in a toolbox	shengsuo
A thing in a toolbox	shenmeyemeiyou
A thing in a toolbox	shouchigongju
A thing in a toolbox	shoudiantong
A thing in a toolbox	shouju
A thing in a toolbox	shoutao
A thing in a toolbox	shouzhijia
A thing in a toolbox	shuan
A thing in a toolbox	shuansuodai
A thing in a toolbox	shuiping
A thing in a toolbox	shuipingyi
A thing in a toolbox	shuizhunyi
A thing in a toolbox	suo
A thing in a toolbox	suoju
A thing in a toolbox	suoxiao
A thing in a toolbox	tanhuangsuo
A thing in a toolbox	tieqiao
A thing in a toolbox	tiesi
A thing in a toolbox	tiesuo
A thing in a toolbox	wadongqi
A thing in a toolbox	waiyuanjiao
A thing in a toolbox	waxueqi
A thing in a toolbox	wenjian
A thing in a toolbox	wutouding
A thing in a toolbox	xiaozhui
A thing in a toolbox	xieding
A thing in a toolbox	xiejiaogui
A thing in a toolbox	xinhuo
A thing in a toolbox	xisuoer
A thing in a toolbox	xunlei
A thing in a toolbox	xuwu
A thing in a toolbox	yangjiao
A thing in a toolbox	yangjiaochui
A thing in a toolbox	yidian
A thing in a toolbox	yijia
A thing in a toolbox	yiniu
A thing in a toolbox	youhui
A thing in a toolbox	zan
A thing in a toolbox	zaozi
A thing in a toolbox	zhanjiaoji
A thing in a toolbox	zhanxingzhiwu
A thing in a toolbox	zhengfangxing
A thing in a toolbox	zhijia
A thing in a toolbox	zhilunxie
A thing in a toolbox	zhixiao
A thing in a toolbox	zhongxinxiao
A thing in a toolbox	zhuizi
A thing in a toolbox	zhuizuan
A thing in a toolbox	zuan
A thing in a toolbox	zuantou
A thing in a toolbox	zuanzi
A type of insect	bailing
A type of insect	baiyi
A type of insect	banmao
A type of insect	baosiqiedu
A type of insect	baowendie
A type of insect	bishi
A type of insect	caicaiying
A type of insect	caidie
A type of insect	cane
A type of insect	cangying
A type of insect	caoling
A type of insect	chan
A type of insect	chankekunchong
A type of insect	chihuoe
A type of insect	chong
A type of insect	chongzi
A type of insect	chouchong
A type of insect	chuanfenzhe
A type of insect	chuanpiqianzao
A type of insect	chuimochong
A type of insect	cirenshi
A type of insect	dahuangfeng
A type of insect	didan
A type of insect	douniang
A type of insect	douniangting
A type of insect	duchong
A type of insect	fangzhiniang
A type of insect	fenchie
A type of insect	feng
A type of insect	fenjie
A type of insect	fenjinguizi
A type of insect	fenshi
A type of insect	fuwangjiadie
A type of insect	fuying
A type of insect	fuyou
A type of insect	gongyi
A type of insect	guekekunchong
A type of insect	guogongchong
A type of insect	guoying
A type of insect	heidouya
A type of insect	heiying
A type of insect	houxunshouyee
A type of insect	huadie
A type of insect	huangchong
A type of insect	huangfeng
A type of insect	huanggoujiadie
A type of insect	hudie
A type of insect	hufeng
A type of insect	jiachong
A type of insect	jiadie
A type of insect	jiaochan
A type of insect	jiashushi
A type of insect	jiaying
A type of insect	jiayiyu
A type of insect	jiejueying
A type of insect	jima
A type of insect	jinguizi
A type of insect	jinhuachong
A type of insect	jinyanying
A type of insect	jishengchong
A type of insect	jizao
A type of insect	juanyee
A type of insect	judaijuane
A type of insect	jufeng
A type of insect	juying
A type of insect	kongquejiadie
A type of insect	koutouchong
A type of insect	kuangying
A type of insect	kunchong
A type of insect	kuyee
A type of insect	kuyeezhilei
A type of insect	landie
A type of insect	lanliying
A type of insect	lidie
A type of insect	linchilei
A type of insect	linchileide
A type of insect	liying
A type of insect	lutoucangying
A type of insect	maochimu
A type of insect	maochong
A type of insect	maomaochong
A type of insect	mayi
A type of insect	maying
A type of insect	mazha
A type of insect	meng
A type of insect	mifeng
A type of insect	minge
A type of insect	mochan
A type of insect	motianniu
A type of insect	mushi
A type of insect	nibuxingchong
A type of insect	niling
A type of insect	niumeng
A type of insect	nuewen
A type of insect	piaochong
A type of insect	qingting
A type of insect	qusou
A type of insect	rui
A type of insect	saijiaojingui
A type of insect	shaoliang
A type of insect	shaoxu
A type of insect	shengjiachong
A type of insect	sheqingting
A type of insect	sheying
A type of insect	shi
A type of insect	shie
A type of insect	shiyedongwu
A type of insect	shiying
A type of insect	shizi
A type of insect	shoufenzhe
A type of insect	shudu
A type of insect	shuie
A type of insect	shuilachong
A type of insect	shushi
A type of insect	shuzhong
A type of insect	shuzhuchong
A type of insect	sucaneyouchong
A type of insect	tanglang
A type of insect	tiancane
A type of insect	tianekezhie
A type of insect	tiaochong
A type of insect	tiaomangchun
A type of insect	tiaozao
A type of insect	tishi
A type of insect	tongsehuidie
A type of insect	weiying
A type of insect	wen
A type of insect	wenzi
A type of insect	wubeizichong
A type of insect	xiangbichong
A type of insect	xianhetianniu
A type of insect	xiaochong
A type of insect	xiaofeng
A type of insect	xiaohuanhudie
A type of insect	xiaohuidie
A type of insect	xiongfeng
A type of insect	xishuai
A type of insect	xiyangyiyu
A type of insect	yachong
A type of insect	yecansi
A type of insect	yechan
A type of insect	yee
A type of insect	yefeng
A type of insect	yejia
A type of insect	yie
A type of insect	yiling
A type of insect	ying
A type of insect	yingfeng
A type of insect	yinghuochong
A type of insect	yingwen
A type of insect	yingying
A type of insect	yinshi
A type of insect	yiyu
A type of insect	yong
A type of insect	youchong
A type of insect	yuling
A type of insect	zao
A type of insect	zhameng
A type of insect	zhanchong
A type of insect	zhanglang
A type of insect	zhizhu
A type of insect	zhuibichong
A type of insect	zhujiechong
A type of insect	zhushae
A type of insect	zuocan
A type of insect	zuocansi
A type of weather event	anhui
A type of weather event	anjingdetianqi
A type of weather event	anningdetianqi
A type of weather event	baofeng
A type of weather event	baofengyu
A type of weather event	benmang
A type of weather event	botaogungun
A type of weather event	bowu
A type of weather event	caihong
A type of weather event	daliang
A type of weather event	daqi
A type of weather event	daqiceng
A type of weather event	daqiqingkuang
A type of weather event	daqixianxiang
A type of weather event	diqiya
A type of weather event	eliedeqihou
A type of weather event	fadashui
A type of weather event	fanlan
A type of weather event	fanqixuan
A type of weather event	fanxinfeng
A type of weather event	fanxuanfeng
A type of weather event	feng
A type of weather event	fengbao
A type of weather event	fengbaodu
A type of weather event	fengmian
A type of weather event	fuxiao
A type of weather event	ganhan
A type of weather event	gaocengyun
A type of weather event	gaojiyun
A type of weather event	gaoqiya
A type of weather event	gaoyaqituan
A type of weather event	hanzai
A type of weather event	haotianqi
A type of weather event	hefeng
A type of weather event	hong
A type of weather event	hongshui
A type of weather event	hongzai
A type of weather event	huaitianqi
A type of weather event	jiangxue
A type of weather event	jiangyu
A type of weather event	jiebing
A type of weather event	jiedong
A type of weather event	jiguang
A type of weather event	jilie
A type of weather event	jufeng
A type of weather event	julie
A type of weather event	kaiduan
A type of weather event	kuangbao
A type of weather event	kuanglie
A type of weather event	leidian
A type of weather event	liming
A type of weather event	linyuqi
A type of weather event	luozhao
A type of weather event	lushui
A type of weather event	mangluan
A type of weather event	menzhuokongqi
A type of weather event	ninggu
A type of weather event	pili
A type of weather event	poxiao
A type of weather event	qijing
A type of weather event	qiliu
A type of weather event	qingtian
A type of weather event	quefa
A type of weather event	ronghua
A type of weather event	shiyijifeng
A type of weather event	shuizai
A type of weather event	taiyangguang
A type of weather event	tianliang
A type of weather event	tianqi
A type of weather event	tianqitiaojian
A type of weather event	tuanliu
A type of weather event	wanxia
A type of weather event	weifeng
A type of weather event	wennuan
A type of weather event	wuqi
A type of weather event	xiaoyu
A type of weather event	xiaxue
A type of weather event	xizhao
A type of weather event	xue
A type of weather event	xunlei
A type of weather event	yangguang
A type of weather event	yanwu
A type of weather event	yanwuwuran
A type of weather event	yidapi
A type of weather event	yidapian
A type of weather event	yinan
A type of weather event	yinchen
A type of weather event	youan
A type of weather event	yuhui
A type of weather event	yun
A type of weather event	zaochen
A type of weather event	zhenyu
A type of shoe	bantongxie
A type of shoe	beng
A type of shoe	chandaixue
A type of shoe	changtongxue
A type of shoe	fangleixue
A type of shoe	gaodixie
A type of shoe	heisenxue
A type of shoe	huojiewushexie
A type of shoe	jiaban
A type of shoe	jiaolianyuan
A type of shoe	jiaopu
A type of shoe	jiaoxie
A type of shoe	jitong
A type of shoe	liangxie
A type of shoe	lufuxie
A type of shoe	luo
A type of shoe	lupixie
A type of shoe	maluo
A type of shoe	maxue
A type of shoe	muji
A type of shoe	muxie
A type of shoe	naimoding
A type of shoe	pingdiliangxie
A type of shoe	pinggenxie
A type of shoe	pingtai
A type of shoe	pixue
A type of shoe	qiuxie
A type of shoe	qizhuangwu
A type of shoe	renzaopu
A type of shoe	ruanbangxie
A type of shoe	ruanpixie
A type of shoe	ruantuoxie
A type of shoe	sheqin
A type of shoe	sheqinlei
A type of shoe	sheshuiniao
A type of shoe	taoxie
A type of shoe	ticaoxie
A type of shoe	xie
A type of shoe	xiehougen
A type of shoe	xiezi
A type of shoe	xue
A type of shoe	xuezi
A type of shoe	xunshoushi
A type of shoe	yajiaoban
A type of shoe	yuetai
A type of shoe	zhangxue
A type of shoe	zhantai
A type of shoe	zhanxue
A type of shoe	zhong
A type of bird	anqinlei
A type of bird	anqinleiniao
A type of bird	aozhoubanjiu
A type of bird	aozuiguan
A type of bird	baiguding
A type of bird	baijianiaolei
A type of bird	bailu
A type of bird	baiyaobiaoyu
A type of bird	banpubaichiyu
A type of bird	banpuyu
A type of bird	banzhangjiaoyu
A type of bird	bao
A type of bird	baofenghu
A type of bird	beijihaiying
A type of bird	beimeixuanheng
A type of bird	beimeiyeya
A type of bird	biaoyu
A type of bird	bilu
A type of bird	binhaiyu
A type of bird	binlangyu
A type of bird	binniao
A type of bird	binyu
A type of bird	boleixiaoniao
A type of bird	canglu
A type of bird	chengweiquying
A type of bird	chengyu
A type of bird	chuanzuilu
A type of bird	daheibeiou
A type of bird	daozuihaique
A type of bird	diancidanwei
A type of bird	duanchishuiji
A type of bird	duanhuibanpuyu
A type of bird	duanzuibanpuyu
A type of bird	fanniao
A type of bird	fanshiyu
A type of bird	fanzuiyu
A type of bird	feiniao
A type of bird	feizhoutuguan
A type of bird	fengtoumaiji
A type of bird	gaojiaohe
A type of bird	gezi
A type of bird	guan
A type of bird	guanniao
A type of bird	gudingji
A type of bird	haige
A type of bird	haijiuzhilei
A type of bird	hainiao
A type of bird	haiou
A type of bird	haique
A type of bird	haiquelei
A type of bird	haiya
A type of bird	haiyan
A type of bird	haiyanlei
A type of bird	haiying
A type of bird	hanjianniao
A type of bird	heifubinyu
A type of bird	heijingguan
A type of bird	heishuiji
A type of bird	heitouya
A type of bird	heiweiyu
A type of bird	heiya
A type of bird	hengkeniao
A type of bird	hengniao
A type of bird	hexingniao
A type of bird	hongfubinyu
A type of bird	honghe
A type of bird	hongjiaoyu
A type of bird	hongweiniao
A type of bird	hongzuiou
A type of bird	huan
A type of bird	huangzuyao
A type of bird	huanzhuangling
A type of bird	huohe
A type of bird	huoji
A type of bird	huolieniao
A type of bird	jianniao
A type of bird	jianzuiou
A type of bird	jiaohe
A type of bird	jiaozuihaique
A type of bird	jingtouguan
A type of bird	jiyao
A type of bird	jiyaozhilei
A type of bird	jiyu
A type of bird	kongquejiadie
A type of bird	kulongniao
A type of bird	labaniao
A type of bird	laoying
A type of bird	lieniao
A type of bird	lingyanheng
A type of bird	linyu
A type of bird	liusuyu
A type of bird	liyu
A type of bird	luci
A type of bird	luojingguan
A type of bird	lusi
A type of bird	maiji
A type of bird	maolingge
A type of bird	maotouying
A type of bird	maya
A type of bird	mayu
A type of bird	meizhouhe
A type of bird	minghe
A type of bird	mingqin
A type of bird	muji
A type of bird	nanjibaofenghu
A type of bird	nanyangniao
A type of bird	niao
A type of bird	niaolei
A type of bird	niaoyu
A type of bird	ouzhouxiaopiti
A type of bird	pilu
A type of bird	piti
A type of bird	qianniao
A type of bird	qianniaolei
A type of bird	qie
A type of bird	qin
A type of bird	qingjiaoyu
A type of bird	qingzuyu
A type of bird	qiuyu
A type of bird	que
A type of bird	sanzhibinyu
A type of bird	sanzhiou
A type of bird	sanzhiyu
A type of bird	shanyu
A type of bird	shaqin
A type of bird	sheqin
A type of bird	sheqinlei
A type of bird	sheshuiniao
A type of bird	shetikeniao
A type of bird	shetiniao
A type of bird	shizuniao
A type of bird	shuanglingheng
A type of bird	shuiji
A type of bird	taiyangniao
A type of bird	tange
A type of bird	tianfu
A type of bird	tihu
A type of bird	tihuniao
A type of bird	tuguan
A type of bird	xiao
A type of bird	xiaohainiao
A type of bird	xiaohaique
A type of bird	xiaoji
A type of bird	xiaozuiheng
A type of bird	xintianweng
A type of bird	xuezuiguan
A type of bird	yamaxunhe
A type of bird	yamaxunyingwu
A type of bird	yanbanzhi
A type of bird	yanghe
A type of bird	yangji
A type of bird	yangjilei
A type of bird	yangjizhilei
A type of bird	yanou
A type of bird	yao
A type of bird	yaolei
A type of bird	yazi
A type of bird	ying
A type of bird	yinglei
A type of bird	yizhongniao
A type of bird	youheng
A type of bird	yukeniao
A type of bird	yuying
A type of bird	zeiou
A type of bird	zhangai
A type of bird	zhangjiaoyu
A type of bird	zhulu
A type of bird	zongchengyu
A type of rock or mineral	anshanshi
A type of rock or mineral	anshanyan
A type of rock or mineral	aochangshi
A type of rock or mineral	baie
A type of rock or mineral	baijin
A type of rock or mineral	bainiantu
A type of rock or mineral	baiqiankuang
A type of rock or mineral	baiwukuang
A type of rock or mineral	baiyou
A type of rock or mineral	baiyunmu
A type of rock or mineral	baiyunshi
A type of rock or mineral	baiyunyan
A type of rock or mineral	banhuagangyan
A type of rock or mineral	bantongkuang
A type of rock or mineral	banyan
A type of rock or mineral	baoshi
A type of rock or mineral	bei
A type of rock or mineral	bianshi
A type of rock or mineral	bianzhiyan
A type of rock or mineral	bing
A type of rock or mineral	bingjingshi
A type of rock or mineral	bingkuai
A type of rock or mineral	budingyan
A type of rock or mineral	chajing
A type of rock or mineral	changshi
A type of rock or mineral	chenjiyan
A type of rock or mineral	chensha
A type of rock or mineral	chitongkuang
A type of rock or mineral	chixianchun
A type of rock or mineral	cihuang
A type of rock or mineral	citu
A type of rock or mineral	cudila
A type of rock or mineral	cuiliushi
A type of rock or mineral	cuilulihunshi
A type of rock or mineral	cushashi
A type of rock or mineral	cushi
A type of rock or mineral	dahuoshi
A type of rock or mineral	daizheshi
A type of rock or mineral	dalishi
A type of rock or mineral	daliyan
A type of rock or mineral	daluanshi
A type of rock or mineral	danbaishi
A type of rock or mineral	dansha
A type of rock or mineral	daocha
A type of rock or mineral	daozha
A type of rock or mineral	diewagouzao
A type of rock or mineral	dila
A type of rock or mineral	diu
A type of rock or mineral	dujushi
A type of rock or mineral	duokongniantu
A type of rock or mineral	dusha
A type of rock or mineral	eluanshi
A type of rock or mineral	fan
A type of rock or mineral	fang
A type of rock or mineral	fangmeishi
A type of rock or mineral	fangnashi
A type of rock or mineral	fangqiankuang
A type of rock or mineral	fangshexingtu
A type of rock or mineral	fanjiayoukuang
A type of rock or mineral	fantu
A type of rock or mineral	fei
A type of rock or mineral	feicui
A type of rock or mineral	feicuishi
A type of rock or mineral	feixianjingyan
A type of rock or mineral	fenshayan
A type of rock or mineral	fulinte
A type of rock or mineral	fushi
A type of rock or mineral	fuyan
A type of rock or mineral	gai
A type of rock or mineral	gaichangshi
A type of rock or mineral	gaitieliushi
A type of rock or mineral	gangyu
A type of rock or mineral	gangyufen
A type of rock or mineral	ganlanshi
A type of rock or mineral	ganyanhuniantu
A type of rock or mineral	gao
A type of rock or mineral	gaolingshi
A type of rock or mineral	gaolingtu
A type of rock or mineral	getiekuang
A type of rock or mineral	gong
A type of rock or mineral	guanglushi
A type of rock or mineral	guangyusui
A type of rock or mineral	guiganlanshi
A type of rock or mineral	guiliushi
A type of rock or mineral	guiluceng
A type of rock or mineral	guiludai
A type of rock or mineral	guimeiceng
A type of rock or mineral	guimeidai
A type of rock or mineral	guimeiniekuang
A type of rock or mineral	guipiyikuang
A type of rock or mineral	hailanbaoshi
A type of rock or mineral	hailushi
A type of rock or mineral	hailushisha
A type of rock or mineral	haipaoshi
A type of rock or mineral	hangederanliao
A type of rock or mineral	heidianqishi
A type of rock or mineral	heijingangshi
A type of rock or mineral	heiqian
A type of rock or mineral	heiyaoyan
A type of rock or mineral	heiyunmu
A type of rock or mineral	heshashi
A type of rock or mineral	heshi
A type of rock or mineral	hongbaoshi
A type of rock or mineral	hongbaoshise
A type of rock or mineral	hongliushi
A type of rock or mineral	hongmanao
A type of rock or mineral	hongyusui
A type of rock or mineral	hongzheshi
A type of rock or mineral	huagangshi
A type of rock or mineral	huagangyan
A type of rock or mineral	huangshuijing
A type of rock or mineral	huangtiekuang
A type of rock or mineral	huangtong
A type of rock or mineral	huangtongkuang
A type of rock or mineral	huangxikuang
A type of rock or mineral	huashi
A type of rock or mineral	huigukuang
A type of rock or mineral	huimukuang
A type of rock or mineral	huishengukuang
A type of rock or mineral	huishi
A type of rock or mineral	huitikuang
A type of rock or mineral	huitongkuang
A type of rock or mineral	huiyinkuang
A type of rock or mineral	huizhiniantu
A type of rock or mineral	huo
A type of rock or mineral	huodanbaishi
A type of rock or mineral	huoni
A type of rock or mineral	jia
A type of rock or mineral	jianjingshi
A type of rock or mineral	jiaoliyan
A type of rock or mineral	jiaoshanshi
A type of rock or mineral	jiaoshanyan
A type of rock or mineral	jiaoyan
A type of rock or mineral	jiaoyeyan
A type of rock or mineral	jiashiyan
A type of rock or mineral	jiayan
A type of rock or mineral	jiayanmeifan
A type of rock or mineral	jiejing
A type of rock or mineral	jiguanshi
A type of rock or mineral	jin
A type of rock or mineral	jinbi
A type of rock or mineral	jingangsha
A type of rock or mineral	jingangshi
A type of rock or mineral	jingshi
A type of rock or mineral	jingti
A type of rock or mineral	jingtie
A type of rock or mineral	jingzhiboli
A type of rock or mineral	jinhongshi
A type of rock or mineral	jinlubaoshi
A type of rock or mineral	jinluyu
A type of rock or mineral	jinqingshi
A type of rock or mineral	jinshu
A type of rock or mineral	jinshuyuansu
A type of rock or mineral	jinyunmu
A type of rock or mineral	jinzi
A type of rock or mineral	jixieshi
A type of rock or mineral	jizhi
A type of rock or mineral	juheti
A type of rock or mineral	kai
A type of rock or mineral	kang
A type of rock or mineral	kongqueshi
A type of rock or mineral	kuaiyunmu
A type of rock or mineral	kuangjinshi
A type of rock or mineral	kuangshi
A type of rock or mineral	kuangwu
A type of rock or mineral	kuangzhi
A type of rock or mineral	lai
A type of rock or mineral	laiyinshi
A type of rock or mineral	lan
A type of rock or mineral	lanbaoshi
A type of rock or mineral	lanjing
A type of rock or mineral	lanjingshi
A type of rock or mineral	lanshayan
A type of rock or mineral	lao
A type of rock or mineral	lei
A type of rock or mineral	liao
A type of rock or mineral	lihuishi
A type of rock or mineral	lilinlushi
A type of rock or mineral	lingmeikuang
A type of rock or mineral	lingmengkuang
A type of rock or mineral	lingsikuang
A type of rock or mineral	lingtiekuang
A type of rock or mineral	lingxian
A type of rock or mineral	linhuishi
A type of rock or mineral	linlulishi
A type of rock or mineral	linluqiankuang
A type of rock or mineral	liqing
A type of rock or mineral	lishi
A type of rock or mineral	liu
A type of rock or mineral	liugekuang
A type of rock or mineral	liuhuang
A type of rock or mineral	liumeifan
A type of rock or mineral	liuzishi
A type of rock or mineral	liyan
A type of rock or mineral	liyunmu
A type of rock or mineral	lubaoshi
A type of rock or mineral	lunishi
A type of rock or mineral	lusha
A type of rock or mineral	lutukuang
A type of rock or mineral	luyu
A type of rock or mineral	luyusui
A type of rock or mineral	manao
A type of rock or mineral	maoshi
A type of rock or mineral	mei
A type of rock or mineral	meiluliushi
A type of rock or mineral	meilushi
A type of rock or mineral	meitan
A type of rock or mineral	meiyu
A type of rock or mineral	meng
A type of rock or mineral	mingfan
A type of rock or mineral	moyouxikuang
A type of rock or mineral	nachangshi
A type of rock or mineral	naihuotu
A type of rock or mineral	niantu
A type of rock or mineral	nibanyan
A type of rock or mineral	nie
A type of rock or mineral	nihuiyan
A type of rock or mineral	nitiekuang
A type of rock or mineral	niyikuang
A type of rock or mineral	pei
A type of rock or mineral	pengruntu
A type of rock or mineral	pengsha
A type of rock or mineral	pianmayan
A type of rock or mineral	pianyan
A type of rock or mineral	putonghuishi
A type of rock or mineral	qian
A type of rock or mineral	qiangweihuishi
A type of rock or mineral	qingshi
A type of rock or mineral	qingtong
A type of rock or mineral	rouhongyusui
A type of rock or mineral	ruanliqing
A type of rock or mineral	ruanmengkuang
A type of rock or mineral	ruanyu
A type of rock or mineral	sanshi
A type of rock or mineral	sanshuilukuang
A type of rock or mineral	sha
A type of rock or mineral	shali
A type of rock or mineral	shan
A type of rock or mineral	shanhu
A type of rock or mineral	shaniyan
A type of rock or mineral	shanshi
A type of rock or mineral	shao
A type of rock or mineral	shayan
A type of rock or mineral	shazi
A type of rock or mineral	shengukuang
A type of rock or mineral	shengxiao
A type of rock or mineral	shenhongse
A type of rock or mineral	shenluyusui
A type of rock or mineral	shetu
A type of rock or mineral	shi
A type of rock or mineral	shigao
A type of rock or mineral	shiji
A type of rock or mineral	shila
A type of rock or mineral	shiliushi
A type of rock or mineral	shimian
A type of rock or mineral	shimo
A type of rock or mineral	shitou
A type of rock or mineral	shiyan
A type of rock or mineral	shiying
A type of rock or mineral	shiyingjingti
A type of rock or mineral	shiyingyan
A type of rock or mineral	shuangbaotai
A type of rock or mineral	shuangshengzi
A type of rock or mineral	shuijing
A type of rock or mineral	shuijingshipin
A type of rock or mineral	shuilanbaoshi
A type of rock or mineral	shuimeifan
A type of rock or mineral	shuimengkuang
A type of rock or mineral	shuiyin
A type of rock or mineral	sishuipengsha
A type of rock or mineral	suishi
A type of rock or mineral	tai
A type of rock or mineral	taitiekuang
A type of rock or mineral	tan
A type of rock or mineral	tantiekuang
A type of rock or mineral	taoshitu
A type of rock or mineral	taotu
A type of rock or mineral	tianqingshi
A type of rock or mineral	tiaowendaliyan
A type of rock or mineral	tie
A type of rock or mineral	tiefantu
A type of rock or mineral	tieluliushi
A type of rock or mineral	tieluyangshi
A type of rock or mineral	tieluyingtu
A type of rock or mineral	tiemeiluliushi
A type of rock or mineral	tiesuiyan
A type of rock or mineral	tong
A type of rock or mineral	toushanshi
A type of rock or mineral	tuliao
A type of rock or mineral	tuliqing
A type of rock or mineral	wenshi
A type of rock or mineral	wenshimian
A type of rock or mineral	wumengtiekuang
A type of rock or mineral	xianshi
A type of rock or mineral	xiaoshi
A type of rock or mineral	xiaosuanna
A type of rock or mineral	xiashi
A type of rock or mineral	xiashiyan
A type of rock or mineral	xiayan
A type of rock or mineral	xiechangshi
A type of rock or mineral	xiehuishi
A type of rock or mineral	xiezhangyan
A type of rock or mineral	xijingyan
A type of rock or mineral	xin
A type of rock or mineral	xionghuang
A type of rock or mineral	xishi
A type of rock or mineral	xizhiniantuyan
A type of rock or mineral	xuanwuyan
A type of rock or mineral	xuehuashigao
A type of rock or mineral	yan
A type of rock or mineral	yanghuabei
A type of rock or mineral	yanghualu
A type of rock or mineral	yanghuamei
A type of rock or mineral	yangqishi
A type of rock or mineral	yanshuijing
A type of rock or mineral	yanyan
A type of rock or mineral	yelashi
A type of rock or mineral	yeyan
A type of rock or mineral	yiehejin
A type of rock or mineral	yiekuang
A type of rock or mineral	yijikuang
A type of rock or mineral	yin
A type of rock or mineral	yingshi
A type of rock or mineral	yingyu
A type of rock or mineral	yinjingyan
A type of rock or mineral	yong
A type of rock or mineral	you
A type of rock or mineral	youxikuang
A type of rock or mineral	yunmu
A type of rock or mineral	yunyingyan
A type of rock or mineral	yushi
A type of rock or mineral	yusui
A type of rock or mineral	zaoshi
A type of rock or mineral	zhanbanyan
A type of rock or mineral	zhengchangshi
A type of rock or mineral	zhenniekuang
A type of rock or mineral	zhentiekuang
A type of rock or mineral	zhenzhu
A type of rock or mineral	zhese
A type of rock or mineral	zheshi
A type of rock or mineral	zheshiyanliao
A type of rock or mineral	zhishanshi
A type of rock or mineral	zhongchangshi
A type of rock or mineral	zhongjingshi
A type of rock or mineral	zhongniantu
A type of rock or mineral	zhusha
A type of rock or mineral	zicuiyu
A type of rock or mineral	zilansebaoshi
A type of rock or mineral	zishuijing
A type of rock or mineral	zuanshi
A type of rock or mineral	zumulu
A fruit	akaimuguo
A fruit	anboluoguo
A fruit	anluoguo
A fruit	axiluola
A fruit	boluo
A fruit	caomei
A fruit	cheng
A fruit	chengzi
A fruit	cheqiancao
A fruit	cierli
A fruit	cihulu
A fruit	culi
A fruit	denglongguo
A fruit	emei
A fruit	fanqie
A fruit	fengli
A fruit	fupen
A fruit	fupenmei
A fruit	fupenzi
A fruit	fuyi
A fruit	ganju
A fruit	ganjushu
A fruit	haizao
A fruit	heguo
A fruit	huangli
A fruit	jiangguo
A fruit	jinju
A fruit	jinpingguo
A fruit	jinzao
A fruit	juzi
A fruit	liguo
A fruit	lishu
A fruit	longchuanpao
A fruit	mangguo
A fruit	mangguoshu
A fruit	mantoubo
A fruit	mei
A fruit	mengguo
A fruit	mengguoshezai
A fruit	menguo
A fruit	mianguo
A fruit	miwang
A fruit	mumei
A fruit	ningmeng
A fruit	niunaipao
A fruit	paoerci
A fruit	pingguo
A fruit	putaoyou
A fruit	riqi
A fruit	rizi
A fruit	sanyuepao
A fruit	shanmei
A fruit	shanpaozi
A fruit	shishu
A fruit	shizishu
A fruit	shumei
A fruit	siyuepao
A fruit	suanyingtao
A fruit	taoshu
A fruit	wangguo
A fruit	wenpo
A fruit	wubiaozi
A fruit	wuhuaguo
A fruit	xiangjiao
A fruit	xiaoheguo
A fruit	xifeilizhiguo
A fruit	xihongshi
A fruit	xing
A fruit	xingren
A fruit	xingshu
A fruit	xiyangjiegumu
A fruit	xuangouzi
A fruit	yemei
A fruit	yingtao
A fruit	yingtaomu
A fruit	youtao
A fruit	zaoer
A vegetable	bajiaohuixiang
A vegetable	bocai
A vegetable	candou
A vegetable	chaoxianji
A vegetable	cheqiancao
A vegetable	dahuixiang
A vegetable	dou
A vegetable	fanjiao
A vegetable	fanqie
A vegetable	fuyi
A vegetable	haijiao
A vegetable	heihujiao
A vegetable	hongluobo
A vegetable	huanggua
A vegetable	huayecai
A vegetable	huigudou
A vegetable	huixiang
A vegetable	hujiao
A vegetable	hulu
A vegetable	huluhu
A vegetable	huluobo
A vegetable	jidou
A vegetable	jinqian
A vegetable	lajiao
A vegetable	lazi
A vegetable	longxucai
A vegetable	lusun
A vegetable	mushu
A vegetable	mushudianfen
A vegetable	mushufen
A vegetable	nangua
A vegetable	nanguaguoshi
A vegetable	nuohuti
A vegetable	qianbi
A vegetable	qiancai
A vegetable	qingcai
A vegetable	qinggua
A vegetable	qinjiao
A vegetable	qiuhuaganlan
A vegetable	shidiaobai
A vegetable	shucai
A vegetable	taodou
A vegetable	xiayicong
A vegetable	xihongshi
A vegetable	xilanhua
A vegetable	xinya
A vegetable	xinzhi
A vegetable	xixiangcong
A vegetable	xiyangxicong
A vegetable	yangcong
A vegetable	yangcongtou
A vegetable	yangji
A vegetable	yecai
A vegetable	yingzuidou
A vegetable	youya
An animal	aihu
An animal	aijimeng
An animal	aisijimogou
An animal	aisijimoquan
An animal	aizhongma
An animal	ankang
An animal	annakangda
An animal	anqinlei
An animal	anqinleiniao
An animal	aodaliyayequan
An animal	aoquan
An animal	aozhoubanjiu
An animal	aozhouyegou
An animal	aozhouyema
An animal	aozhouyequan
An animal	aozuiguan
An animal	baergou
An animal	baiguding
An animal	baigui
An animal	baiguyu
An animal	baijianiaolei
An animal	baijing
An animal	baijingquan
An animal	bailing
An animal	bailu
An animal	baimeihou
An animal	baitunyeniu
An animal	baixun
An animal	baiyaobiaoyu
An animal	baiyi
An animal	baiyou
An animal	bajiaoyu
An animal	balagou
An animal	bang
An animal	banglei
An animal	banjiyu
An animal	banlu
An animal	banma
An animal	banmao
An animal	banpubaichiyu
An animal	banpuyu
An animal	bansai
An animal	bansaidongwu
An animal	banyema
An animal	banzhangjiaoyu
An animal	bao
An animal	baobei
An animal	baochanyu
An animal	baofenghu
An animal	baomao
An animal	baopi
An animal	baosiqiedu
An animal	baowendie
An animal	baoyu
An animal	baozi
An animal	bashenjigou
An animal	baxinjigou
An animal	bazhaoyu
An animal	bazuleidongwu
An animal	beijigou
An animal	beijihaiying
An animal	beijilujijing
An animal	beijiquan
An animal	beike
An animal	beilukajing
An animal	beimeigouyu
An animal	beimeituboshu
An animal	beimeixuanheng
An animal	beimeiyema
An animal	beimeiyeniu
An animal	beimeiyetu
An animal	beimeiyeya
An animal	beisailiegou
An animal	beisuoyu
An animal	bianfu
An animal	bianfuyu
An animal	bianjiao
An animal	biansexi
An animal	biansexiyi
An animal	biantounianyu
An animal	biaoyu
An animal	biergeliequan
An animal	bigeliegou
An animal	bilu
An animal	bimuyu
An animal	binhaiyu
An animal	binlangyu
An animal	binniao
An animal	binyu
An animal	bishi
An animal	bitichong
An animal	biweimeng
An animal	biyu
An animal	biyuke
An animal	boleixiaoniao
An animal	bozuogou
An animal	buchongma
An animal	buerdeliya
An animal	bulimuyanggou
An animal	bushizhe
An animal	bushugengquan
An animal	buyu
An animal	caicaiying
An animal	caidie
An animal	cainiu
An animal	can
An animal	canbaobao
An animal	cane
An animal	canglu
An animal	cangshu
An animal	cangying
An animal	caochong
An animal	caoling
An animal	caoyuanlang
An animal	chailang
An animal	chajiaoling
An animal	chan
An animal	chanchu
An animal	chang
An animal	changbiyuan
An animal	changcanyu
An animal	changjinglu
An animal	changmaoxiang
An animal	changshen
An animal	changyu
An animal	chankekunchong
An animal	chanluanyu
An animal	chanyu
An animal	chaochong
An animal	chaoyou
An animal	chengchong
An animal	chengnianmulu
An animal	chengweiquying
An animal	chengyu
An animal	chihuo
An animal	chihuoe
An animal	chilu
An animal	chong
An animal	chongwu
An animal	chongzi
An animal	chouchong
An animal	chouyou
An animal	chuandie
An animal	chuanfenzhe
An animal	chuanpiqianzao
An animal	chuanqu
An animal	chuanshanjia
An animal	chuanshao
An animal	chuanzuilu
An animal	chuimochong
An animal	chulong
An animal	chuma
An animal	chun
An animal	chusheng
An animal	chuzudema
An animal	ciba
An animal	cibao
An animal	cidiao
An animal	cidieyu
An animal	cigaitaiyangyu
An animal	cihu
An animal	cilu
An animal	cimao
An animal	cirenshi
An animal	cishi
An animal	citunshu
An animal	ciweiyu
An animal	cixingchilu
An animal	conghou
An animal	conglinlang
An animal	cuqiyu
An animal	cuweiyuan
An animal	daaoxia
An animal	dabao
An animal	dabimuyu
An animal	daeniu
An animal	daermatiyagou
An animal	daermaxiyagou
An animal	dahailian
An animal	dahailu
An animal	daheibeiou
An animal	dahuangfeng
An animal	dahuhou
An animal	daichandeniu
An animal	daiyu
An animal	dajiaobanling
An animal	dajiaoyang
An animal	dajingquan
An animal	dakesiliegou
An animal	dakouheilu
An animal	daliequan
An animal	dalindamahayu
An animal	dalingping
An animal	dalingyang
An animal	dalu
An animal	damahayu
An animal	damao
An animal	damaoxiong
An animal	danfengluotuo
An animal	danfengtuo
An animal	danqixue
An animal	danqiyu
An animal	dantuyu
An animal	daobinma
An animal	daozuihaique
An animal	dashanmao
An animal	dashibanyu
An animal	dashuimang
An animal	datouyu
An animal	datouyulei
An animal	dawenge
An animal	daxia
An animal	daxiang
An animal	daxingxing
An animal	daxiongmao
An animal	daxiyangmajiao
An animal	daxunquan
An animal	dayandiao
An animal	dayanshilu
An animal	dayingqingyu
An animal	dengling
An animal	diao
An animal	diaoxiong
An animal	dicengyu
An animal	didan
An animal	didiao
An animal	didiaoyu
An animal	diequan
An animal	dinggequan
An animal	diqiyu
An animal	disongshu
An animal	dongwu
An animal	dongwuqun
An animal	douniang
An animal	douniangting
An animal	douniuquan
An animal	duanchishuiji
An animal	duanhuibanpuyu
An animal	duanjiaoniu
An animal	duantuima
An animal	duanweimao
An animal	duanweiyuan
An animal	duanwene
An animal	duanweneeyupi
An animal	duanwenepige
An animal	duanzuibanpuyu
An animal	duanzumudongwu
An animal	dubinquan
An animal	duchong
An animal	dufuyu
An animal	duixia
An animal	dujiaojing
An animal	duobangang
An animal	duobanmu
An animal	duomaogang
An animal	eguolanggou
An animal	eguolangquan
An animal	eluo
An animal	eluoshudongwu
An animal	ersuidexionglu
An animal	ersuiyang
An animal	erzhishulan
An animal	erzudongwu
An animal	faluo
An animal	fanchetun
An animal	fancheyu
An animal	fanchudongwu
An animal	fangfu
An animal	fangqiyu
An animal	fangtouyu
An animal	fangyu
An animal	fangzhiniang
An animal	fanniao
An animal	fanshiyu
An animal	fanxiyu
An animal	fanzuiyu
An animal	fei
An animal	feifei
An animal	feikeyu
An animal	feilongkexiyi
An animal	feiniao
An animal	feinijian
An animal	feiyu
An animal	feiyulei
An animal	feizhoutuguan
An animal	fenchie
An animal	feng
An animal	fengtoumaiji
An animal	fengwang
An animal	fengweiyu
An animal	fenjie
An animal	fenjinguizi
An animal	fenshi
An animal	fuhou
An animal	fujiniyalu
An animal	fujiping
An animal	fuwangjiadie
An animal	fuying
An animal	fuyou
An animal	fuzudongwu
An animal	fuzuleidongwu
An animal	gailiangdeniu
An animal	ganbei
An animal	gancan
An animal	gaobilingyang
An animal	gaojiaohe
An animal	gaoqididiao
An animal	geli
An animal	gezi
An animal	gongfeng
An animal	gonglu
An animal	gongmao
An animal	gongniu
An animal	gongqiyu
An animal	gongtoujing
An animal	gongyang
An animal	gongyi
An animal	gongzhu
An animal	gou
An animal	gouchong
An animal	gouxue
An animal	gouyu
An animal	guamaogang
An animal	guan
An animal	guanbiguofu
An animal	guanniao
An animal	gudingji
An animal	guekekunchong
An animal	gui
An animal	guibingou
An animal	guifei
An animal	guiyamudiyu
An animal	guiyu
An animal	guizunyu
An animal	guogongchong
An animal	guoying
An animal	gushichangshen
An animal	guyanyu
An animal	habagou
An animal	haibaihelei
An animal	haibao
An animal	haibei
An animal	haige
An animal	haihayu
An animal	haiji
An animal	haijiuzhilei
An animal	haikui
An animal	haikuimu
An animal	haili
An animal	hailian
An animal	hailimaopi
An animal	hailishu
An animal	hailuo
An animal	hailuoke
An animal	haiman
An animal	haimanzhilei
An animal	hainiao
An animal	hainiu
An animal	hainiulei
An animal	haiou
An animal	haiqiaolei
An animal	haiqiuyin
An animal	haique
An animal	haiquelei
An animal	haishan
An animal	haishanbei
An animal	haishanlei
An animal	haishen
An animal	haisun
An animal	haitun
An animal	haixiang
An animal	haixing
An animal	haixue
An animal	haiya
An animal	haiyan
An animal	haiyanlei
An animal	haiying
An animal	han
An animal	hanjianniao
An animal	hanta
An animal	hao
An animal	haoluan
An animal	haozhu
An animal	haozi
An animal	hebang
An animal	heibanling
An animal	heibao
An animal	heidiao
An animal	heidouya
An animal	heifubinyu
An animal	heihui
An animal	heijing
An animal	heijingguan
An animal	heijutoujing
An animal	heilu
An animal	heiniu
An animal	heishuiji
An animal	heitouya
An animal	heiweilu
An animal	heiweiyu
An animal	heixianxue
An animal	heixingxing
An animal	heiya
An animal	heiying
An animal	heiyingshe
An animal	heizhangweihou
An animal	heizuyou
An animal	helanmaoshigou
An animal	helanshimaogou
An animal	heli
An animal	helu
An animal	hema
An animal	henghehou
An animal	hengkeniao
An animal	hengniao
An animal	hetun
An animal	hexingniao
An animal	hezhihou
An animal	hongchong
An animal	hongdamahayu
An animal	hongdiangui
An animal	hongfubinyu
An animal	honghe
An animal	hongjiaoyu
An animal	honglingchong
An animal	hongmao
An animal	hongqiuyin
An animal	hongweiniao
An animal	hongxiongmao
An animal	hongzongma
An animal	hongzongsedema
An animal	hongzuiou
An animal	houhou
An animal	houmianquan
An animal	houpileidongwu
An animal	houxunshouyee
An animal	houzi
An animal	huabaihanta
An animal	huabanjiamao
An animal	huabanxiyezhu
An animal	huadie
An animal	hualishu
An animal	huama
An animal	huan
An animal	huang
An animal	huangchong
An animal	huangdaiyu
An animal	huangfeng
An animal	huanggoujiadie
An animal	huanghuisedema
An animal	huangshulang
An animal	huangweishi
An animal	huangzuyao
An animal	huanjiedongwu
An animal	huanxiong
An animal	huanxiongpimao
An animal	huanzhuangling
An animal	huashu
An animal	hubaigui
An animal	hubanmao
An animal	hudie
An animal	hufeng
An animal	huguayu
An animal	huhou
An animal	huigou
An animal	huigui
An animal	huihaitun
An animal	huijing
An animal	huisema
An animal	huishu
An animal	huituhesema
An animal	huixiong
An animal	huiyu
An animal	hujian
An animal	hujing
An animal	hulang
An animal	huli
An animal	humao
An animal	humeng
An animal	huohe
An animal	huoji
An animal	huojiapi
An animal	huolieniao
An animal	hushi
An animal	husun
An animal	jiacan
An animal	jiachong
An animal	jiachu
An animal	jiadie
An animal	jialongyamu
An animal	jian
An animal	jianeyu
An animal	jiangxue
An animal	jianmenchidiao
An animal	jianniao
An animal	jianwei
An animal	jianyu
An animal	jianzuiou
An animal	jiaochan
An animal	jiaohe
An animal	jiaokui
An animal	jiaolang
An animal	jiaoma
An animal	jiaoxiangtun
An animal	jiaozuihaique
An animal	jiapengzhiwu
An animal	jiaqiaodongwu
An animal	jiashu
An animal	jiashushi
An animal	jiaying
An animal	jiayiyu
An animal	jiayu
An animal	jidiao
An animal	jiechong
An animal	jiehama
An animal	jiejue
An animal	jiejueying
An animal	jiewangchong
An animal	jiezhidongwu
An animal	jilieyu
An animal	jilintun
An animal	jima
An animal	jing
An animal	jingmudongwu
An animal	jingquan
An animal	jingtouguan
An animal	jinguizi
An animal	jingyu
An animal	jinhuachong
An animal	jinqiangyu
An animal	jinshukuai
An animal	jinshuxiaokuai
An animal	jinwei
An animal	jinyanying
An animal	jinyuchong
An animal	jipidongwu
An animal	jishengchong
An animal	jitouchong
An animal	jitouchonggang
An animal	jiuchidongwu
An animal	jiuxingma
An animal	jiyao
An animal	jiyaozhilei
An animal	jiyu
An animal	jizao
An animal	jizhuidongwu
An animal	juanling
An animal	juanmaohou
An animal	juanweihou
An animal	juanyecaichong
An animal	juanyee
An animal	judaijuane
An animal	jufeng
An animal	jugaiyu
An animal	jumang
An animal	jun
An animal	juncaoyu
An animal	junma
An animal	juren
An animal	jutoujing
An animal	juying
An animal	juzhili
An animal	juzi
An animal	kaisigou
An animal	kangjiman
An animal	kanjiagou
An animal	kanmengou
An animal	kawalamajiao
An animal	kedou
An animal	keligou
An animal	kema
An animal	keyigou
An animal	kongquejiadie
An animal	koutouchong
An animal	kouyuyu
An animal	kouzumudongwu
An animal	kuangying
An animal	kuanwenhaitun
An animal	kuishe
An animal	kulongniao
An animal	kunchong
An animal	kuobihou
An animal	kuoyu
An animal	kuyee
An animal	kuyeezhilei
An animal	labagou
An animal	labaniao
An animal	lagu
An animal	laihama
An animal	laiyu
An animal	lanbanliegou
An animal	landianmuli
An animal	landie
An animal	lang
An animal	langhuan
An animal	langyu
An animal	lanhao
An animal	lanliying
An animal	lanluyu
An animal	lansekuaigou
An animal	lantoujinyu
An animal	lanyu
An animal	laohu
An animal	laoma
An animal	laoshu
An animal	laoying
An animal	leilong
An animal	leirendongwu
An animal	leirenyuan
An animal	lengweiluo
An animal	liangqidongwu
An animal	liangzhongma
An animal	liangzudongwu
An animal	lianha
An animal	lidie
An animal	liebao
An animal	liedenggou
An animal	liegou
An animal	liehuang
An animal	liehuquan
An animal	lielangquan
An animal	lieling
An animal	lieluquan
An animal	lieniao
An animal	liequan
An animal	lietugou
An animal	lietuquan
An animal	liewu
An animal	lieyang
An animal	liezudongwu
An animal	linchilei
An animal	linchileide
An animal	linghangjing
An animal	linghou
An animal	lingniu
An animal	lingping
An animal	lingyang
An animal	lingyanheng
An animal	lingzhangmu
An animal	linling
An animal	lintun
An animal	linxia
An animal	linyu
An animal	lisema
An animal	lishu
An animal	liudaiqiuyu
An animal	liuhuadeyu
An animal	liuniu
An animal	liusuyu
An animal	liutidema
An animal	liuxianyu
An animal	liying
An animal	liyu
An animal	liyukeyu
An animal	longaoxia
An animal	longtouyu
An animal	longxia
An animal	longyu
An animal	lubilu
An animal	luci
An animal	lueduozhe
An animal	luha
An animal	lukezhiyu
An animal	luling
An animal	luniuling
An animal	luo
An animal	luojingguan
An animal	luoma
An animal	luotuo
An animal	lushu
An animal	lusi
An animal	lutoucangying
An animal	lutun
An animal	luxingyamuyu
An animal	luxue
An animal	luyou
An animal	luyu
An animal	luzhangweihou
An animal	luzi
An animal	mabakeyu
An animal	madaomeng
An animal	mahuang
An animal	maiji
An animal	majiaoyu
An animal	makedongwu
An animal	malinyu
An animal	maluo
An animal	man
An animal	manaobei
An animal	mandeyoumiao
An animal	mangshe
An animal	manhuichong
An animal	manyu
An animal	mao
An animal	maobei
An animal	maochimu
An animal	maochong
An animal	maohou
An animal	maokededongwu
An animal	maokedongwu
An animal	maolingge
An animal	maolingyukeyu
An animal	maomaochong
An animal	maomaogou
An animal	maomi
An animal	maoniu
An animal	maosishu
An animal	maotouying
An animal	maoweiyu
An animal	maoxiong
An animal	maoyou
An animal	maozai
An animal	maweiyingqu
An animal	maya
An animal	mayi
An animal	maying
An animal	mayingluan
An animal	mayu
An animal	mazha
An animal	meizhoubao
An animal	meizhouchigou
An animal	meizhouchilu
An animal	meizhouhanta
An animal	meizhouhe
An animal	meizhouhui
An animal	meizhounianyu
An animal	meizhounishi
An animal	meizhoushanmao
An animal	meizhoutuo
An animal	meizhouxifei
An animal	meizhouyeniu
An animal	menchidiao
An animal	meng
An animal	mengguyelu
An animal	mengma
An animal	mengquan
An animal	mianlingchong
An animal	mianwei
An animal	mianweitu
An animal	mianyang
An animal	mifeng
An animal	mihou
An animal	mihuan
An animal	milu
An animal	minge
An animal	minghe
An animal	mingqin
An animal	mixiong
An animal	mochan
An animal	motianniu
An animal	moxiangjing
An animal	moyu
An animal	mubao
An animal	mugou
An animal	muhu
An animal	muhuli
An animal	muji
An animal	muli
An animal	muliluan
An animal	mulu
An animal	muma
An animal	muniu
An animal	mushi
An animal	mushizi
An animal	muyang
An animal	muyanggou
An animal	muyangquan
An animal	muzhu
An animal	nainiu
An animal	nanfangguyuan
An animal	nanfeidafei
An animal	nanjibaofenghu
An animal	nanjishishouyu
An animal	nanyangniao
An animal	nanyuanyake
An animal	neigangdongwu
An animal	nian
An animal	nianxingmu
An animal	nianyu
An animal	niao
An animal	niaoha
An animal	niaolei
An animal	niaoyu
An animal	nibuxingchong
An animal	niechidongwu
An animal	niechimudongwu
An animal	nijijing
An animal	niling
An animal	ningmao
An animal	nituizisaima
An animal	niu
An animal	niudu
An animal	niukedongwu
An animal	niuling
An animal	niumeng
An animal	niushudongwu
An animal	niutouquan
An animal	nixifei
An animal	nuewen
An animal	nuoweiliegou
An animal	oudie
An animal	ouhuangshu
An animal	outidongwu
An animal	ouzhoupanyang
An animal	ouzhouxiaopiti
An animal	ouzhouyema
An animal	ouzhouyeniu
An animal	pachong
An animal	pachongdongwu
An animal	pachonglei
An animal	pangxie
An animal	panyang
An animal	paxingdongwu
An animal	peitai
An animal	penshuidejing
An animal	piaochong
An animal	pifulouniu
An animal	pilu
An animal	pingyou
An animal	piti
An animal	qiangdan
An animal	qiangjiyu
An animal	qiangwuzei
An animal	qiangyu
An animal	qianlu
An animal	qianniao
An animal	qianniaolei
An animal	qianxianluoke
An animal	qicao
An animal	qichengma
An animal	qie
An animal	qiechong
An animal	qiegenchong
An animal	qin
An animal	qing
An animal	qingjiaoyu
An animal	qinglu
An animal	qingting
An animal	qingwa
An animal	qingxue
An animal	qingyamuyu
An animal	qingzuyu
An animal	qiqiu
An animal	qitidongwu
An animal	qiuyin
An animal	qiuyu
An animal	qiyu
An animal	qizuleidongwu
An animal	quan
An animal	quankedongwu
An animal	quanshigou
An animal	que
An animal	quediao
An animal	qusou
An animal	rangou
An animal	ranshe
An animal	ren
An animal	renkededongwu
An animal	renkezhidongwu
An animal	renlei
An animal	rong
An animal	ronghou
An animal	rongmaogou
An animal	rongshu
An animal	rouniu
An animal	ruankeha
An animal	ruantidongwu
An animal	ruchixiang
An animal	ruchong
An animal	rugen
An animal	rui
An animal	saijialingyang
An animal	saijiaojingui
An animal	saima
An animal	saizudongwu
An animal	sanweiyu
An animal	sanwenyu
An animal	sanzhibinyu
An animal	sanzhiou
An animal	sanzhiyu
An animal	senlinguyuan
An animal	senran
An animal	shacan
An animal	shadingyu
An animal	shahailang
An animal	shanaoyu
An animal	shanbei
An animal	shanhuchong
An animal	shanmao
An animal	shanxiao
An animal	shanyang
An animal	shanyu
An animal	shaqin
An animal	shashu
An animal	shayu
An animal	shazhu
An animal	she
An animal	sheli
An animal	shemao
An animal	shen
An animal	shengchu
An animal	shengjiachong
An animal	shengwu
An animal	sheqin
An animal	sheqingting
An animal	sheqinlei
An animal	sheshu
An animal	sheshuiniao
An animal	sheshuiyu
An animal	shetikeniao
An animal	shetiniao
An animal	sheying
An animal	shi
An animal	shibanyu
An animal	shibie
An animal	shie
An animal	shihu
An animal	shiju
An animal	shijueming
An animal	shilu
An animal	shirenyu
An animal	shiroudongwu
An animal	shishouyu
An animal	shiwanmudongwu
An animal	shiwenxun
An animal	shixi
An animal	shiyedongwu
An animal	shiying
An animal	shiyishou
An animal	shiyongluo
An animal	shiyongniu
An animal	shiyongzhu
An animal	shiyu
An animal	shizi
An animal	shizigou
An animal	shizudongwu
An animal	shizulei
An animal	shizuma
An animal	shizumudongwu
An animal	shizuniao
An animal	shoufenzhe
An animal	shu
An animal	shuangkebei
An animal	shuanglingheng
An animal	shudu
An animal	shufu
An animal	shuhaitun
An animal	shuichai
An animal	shuidiao
An animal	shuie
An animal	shuihaozi
An animal	shuihuyu
An animal	shuiji
An animal	shuilachong
An animal	shuilaoshu
An animal	shuiling
An animal	shuiniu
An animal	shuishu
An animal	shuita
An animal	shuitamaopi
An animal	shuitun
An animal	shuiyushu
An animal	shuizao
An animal	shuizhenyu
An animal	shuizhi
An animal	shukedongwu
An animal	shulan
An animal	shushi
An animal	shutu
An animal	shuxionghou
An animal	shuzhong
An animal	shuzhuchong
An animal	sichong
An animal	sichongshu
An animal	siniu
An animal	sipicigou
An animal	siqiqiyu
An animal	sishu
An animal	sizhishiyishou
An animal	sizhuangchong
An animal	sizudongwu
An animal	songshiquan
An animal	songshu
An animal	souling
An animal	soumao
An animal	sucaneyouchong
An animal	suo
An animal	suoyu
An animal	suoyulei
An animal	suoziyu
An animal	tai
An animal	taier
An animal	taiti
An animal	taixianchong
An animal	taiyangniao
An animal	taiyangyu
An animal	taiyu
An animal	tamao
An animal	tange
An animal	tanglang
An animal	tanglangxia
An animal	tenghu
An animal	tiancane
An animal	tianekezhie
An animal	tianfu
An animal	tianshu
An animal	tianzhushu
An animal	tiaochong
An animal	tiaoling
An animal	tiaomangchun
An animal	tiaoshu
An animal	tiaowenling
An animal	tiaowenshiyi
An animal	tiaoyu
An animal	tiaozao
An animal	tidaojing
An animal	tiexianchong
An animal	tihu
An animal	tihuniao
An animal	tingqu
An animal	tishi
An animal	titu
An animal	tiyu
An animal	tongsehuidie
An animal	touzuleidongwu
An animal	tuboshu
An animal	tuguan
An animal	tujinwu
An animal	tujinzhe
An animal	tukedongwu
An animal	tulang
An animal	tun
An animal	tunyu
An animal	tunzhu
An animal	tuolu
An animal	tuoma
An animal	tushu
An animal	tutun
An animal	tuxingmudongwu
An animal	tuyadiao
An animal	tuzi
An animal	walei
An animal	wangchao
An animal	wanzudongwu
An animal	wapianyu
An animal	wayangui
An animal	weiying
An animal	weiyu
An animal	weizilaquan
An animal	wen
An animal	wenzi
An animal	woniu
An animal	woshuiniu
An animal	wubeizichong
An animal	wufengtuo
An animal	wuweicitunshu
An animal	wuweiyuan
An animal	wuyu
An animal	wuzei
An animal	xia
An animal	xiabileideyuan
An animal	xiaerma
An animal	xiagu
An animal	xiahuyu
An animal	xianchong
An animal	xianchonglei
An animal	xiang
An animal	xiangbichong
An animal	xiangmao
An animal	xiangtun
An animal	xiangyu
An animal	xianhetianniu
An animal	xiao
An animal	xiaochong
An animal	xiaofeiyu
An animal	xiaofeng
An animal	xiaogeli
An animal	xiaogongniu
An animal	xiaogou
An animal	xiaohainiao
An animal	xiaohaique
An animal	xiaohuanhudie
An animal	xiaohuidie
An animal	xiaohuijing
An animal	xiaoji
An animal	xiaojingyoubei
An animal	xiaojuanhou
An animal	xiaokouheilu
An animal	xiaolianha
An animal	xiaoliegou
An animal	xiaolinggou
An animal	xiaolongxia
An animal	xiaolu
An animal	xiaoma
An animal	xiaomao
An animal	xiaomuma
An animal	xiaomuniu
An animal	xiaoniu
An animal	xiaoniudu
An animal	xiaopaobudema
An animal	xiaoqixue
An animal	xiaoquan
An animal	xiaoshanyang
An animal	xiaoshu
An animal	xiaotu
An animal	xiaotuzi
An animal	xiaoxia
An animal	xiaoxinggou
An animal	xiaoxingma
An animal	xiaoxiongju
An animal	xiaoxiongmao
An animal	xiaoyang
An animal	xiaoyanling
An animal	xiaoyetu
An animal	xiaoyu
An animal	xiaoyuan
An animal	xiaoyuanha
An animal	xiaozhu
An animal	xiaozuiheng
An animal	xibanyaliequan
An animal	xie
An animal	xihuang
An animal	xilingyang
An animal	xilinhuguayu
An animal	xingxing
An animal	xiniu
An animal	xinma
An animal	xintianweng
An animal	xiong
An animal	xiongcanderen
An animal	xiongfeng
An animal	xionggui
An animal	xiongli
An animal	xionglu
An animal	xiongmao
An animal	xiongshanyang
An animal	xiongzhang
An animal	xishuai
An animal	xiweidaiyu
An animal	xixuedongwu
An animal	xixuegui
An animal	xiyangyiyu
An animal	xuanjiaoling
An animal	xuankewuzei
An animal	xuanmaochong
An animal	xue
An animal	xuebao
An animal	xuechong
An animal	xuediao
An animal	xuekedeyu
An animal	xueyu
An animal	xueyudeyouyu
An animal	xueyulei
An animal	xuezuiguan
An animal	xuhuanlong
An animal	xunlu
An animal	xunyu
An animal	yachong
An animal	yamaxunhe
An animal	yamaxunyingwu
An animal	yan
An animal	yanbanzhi
An animal	yang
An animal	yangdiao
An animal	yangedema
An animal	yanggao
An animal	yanghe
An animal	yangji
An animal	yangjilei
An animal	yangjizhilei
An animal	yangmode
An animal	yangmodongwu
An animal	yangongniu
An animal	yangtuo
An animal	yangtuomao
An animal	yangyu
An animal	yanjinghou
An animal	yanlingyang
An animal	yanmao
An animal	yanniu
An animal	yanou
An animal	yanshu
An animal	yanwei
An animal	yanyang
An animal	yanyu
An animal	yanzhiyu
An animal	yao
An animal	yaolei
An animal	yaxue
An animal	yazhouchaiquan
An animal	yazhouhulang
An animal	yazhouyelu
An animal	yazi
An animal	yecansi
An animal	yechan
An animal	yee
An animal	yefeng
An animal	yehou
An animal	yejia
An animal	yema
An animal	yeman
An animal	yemao
An animal	yeniu
An animal	yeshou
An animal	yetu
An animal	yewei
An animal	yeyang
An animal	yezhu
An animal	yezudongwu
An animal	yibei
An animal	yie
An animal	yijiaojing
An animal	yijiaolei
An animal	yiling
An animal	yilinsheqing
An animal	yima
An animal	yinangshu
An animal	yinbeidaxing
An animal	yindamahayu
An animal	yindubao
An animal	yinduyegou
An animal	ying
An animal	yingaoxiongma
An animal	yingfeng
An animal	yingguyu
An animal	yinghuochong
An animal	yingkehashu
An animal	yinglei
An animal	yinglinyu
An animal	yingshishouyu
An animal	yingwen
An animal	yingwuluo
An animal	yingying
An animal	yinhankeyu
An animal	yinhanyulei
An animal	yinheyu
An animal	yinlu
An animal	yinshi
An animal	yinwuxuxue
An animal	yinyu
An animal	yishi
An animal	yisuima
An animal	yisuizai
An animal	yitelong
An animal	yiwang
An animal	yiyu
An animal	yizhongjingyu
An animal	yizhongniao
An animal	yizhongredaiyu
An animal	yong
An animal	yongdie
An animal	yongyu
An animal	you
An animal	youchong
An animal	youfei
An animal	yougui
An animal	youhao
An animal	youheng
An animal	youhou
An animal	youkeyu
An animal	youman
An animal	youmuli
An animal	youtileidongwu
An animal	youxue
An animal	youyu
An animal	youzhichimulu
An animal	youzhu
An animal	yuanha
An animal	yuanhalei
An animal	yuanhuohouzi
An animal	yuankedongwu
An animal	yuanma
An animal	yuanqiyu
An animal	yuantoujing
An animal	yuantuo
An animal	yuanyang
An animal	yudiao
An animal	yueshen
An animal	yueyu
An animal	yujinyu
An animal	yukeniao
An animal	yulei
An animal	yuling
An animal	yumiao
An animal	yunti
An animal	yuying
An animal	yuzhenkeyu
An animal	zao
An animal	zaochuanchong
An animal	zasema
An animal	zashidongwu
An animal	zazhonggou
An animal	zeiou
An animal	zhameng
An animal	zhanchong
An animal	zhangchiyu
An animal	zhangeyu
An animal	zhangjiaoniu
An animal	zhangjiaoyu
An animal	zhangjingling
An animal	zhanglang
An animal	zhangshechiyu
An animal	zhangweihou
An animal	zhangweixue
An animal	zhangweiyehou
An animal	zhangxujing
An animal	zhangyu
An animal	zhangzuiyu
An animal	zhanma
An animal	zhanshengyu
An animal	zhaoli
An animal	zhaowayeniu
An animal	zhendiao
An animal	zhengqing
An animal	zhenshuishu
An animal	zheshuizao
An animal	zhili
An animal	zhizhu
An animal	zhizhulei
An animal	zhongma
An animal	zhongxia
An animal	zhongyayelu
An animal	zhouchong
An animal	zhu
An animal	zhubang
An animal	zhuchuanchong
An animal	zhudaoyu
An animal	zhuibichong
An animal	zhujiayu
An animal	zhujiechong
An animal	zhulu
An animal	zhushae
An animal	zhuxingdongwu
An animal	zhuyu
An animal	zidan
An animal	zidiao
An animal	ziling
An animal	ziyu
An animal	zongchengyu
An animal	zongqiyu
An animal	zongxiong
An animal	zulong
An animal	zun
An animal	zuocan
An animal	zuocansi
An animal	zuoshao
An animal	zuotoujing
A mammal	aihu
A mammal	aijimeng
A mammal	aisijimogou
A mammal	aisijimoquan
A mammal	aizhongma
A mammal	aodaliyayequan
A mammal	aoquan
A mammal	aozhouyegou
A mammal	aozhouyema
A mammal	aozhouyequan
A mammal	baergou
A mammal	baijing
A mammal	baijingquan
A mammal	baimeihou
A mammal	baitunyeniu
A mammal	baiyou
A mammal	balagou
A mammal	banlu
A mammal	banma
A mammal	banmao
A mammal	banyema
A mammal	bao
A mammal	baomao
A mammal	baopi
A mammal	baozi
A mammal	bashenjigou
A mammal	baxinjigou
A mammal	beijigou
A mammal	beijilujijing
A mammal	beijiquan
A mammal	beilukajing
A mammal	beimeituboshu
A mammal	beimeiyema
A mammal	beimeiyeniu
A mammal	beimeiyetu
A mammal	beisailiegou
A mammal	bianfu
A mammal	biergeliequan
A mammal	bigeliegou
A mammal	biweimeng
A mammal	bozuogou
A mammal	buchongma
A mammal	buerdeliya
A mammal	bulimuyanggou
A mammal	bushugengquan
A mammal	cainiu
A mammal	cangshu
A mammal	caoyuanlang
A mammal	chailang
A mammal	chajiaoling
A mammal	changbiyuan
A mammal	changjinglu
A mammal	changmaoxiang
A mammal	chaoyou
A mammal	chengnianmulu
A mammal	chilu
A mammal	chouyou
A mammal	chuanshanjia
A mammal	chuzudema
A mammal	cibao
A mammal	cihu
A mammal	cilu
A mammal	cimao
A mammal	cishi
A mammal	citunshu
A mammal	cixingchilu
A mammal	conghou
A mammal	conglinlang
A mammal	cuweiyuan
A mammal	daeniu
A mammal	daermatiyagou
A mammal	daermaxiyagou
A mammal	dahuhou
A mammal	daichandeniu
A mammal	dajiaobanling
A mammal	dajiaoyang
A mammal	dajingquan
A mammal	dakesiliegou
A mammal	daliequan
A mammal	dalingyang
A mammal	dalu
A mammal	damao
A mammal	damaoxiong
A mammal	danfengluotuo
A mammal	danfengtuo
A mammal	daobinma
A mammal	dashanmao
A mammal	daxiang
A mammal	daxingxing
A mammal	daxiongmao
A mammal	daxunquan
A mammal	dengling
A mammal	diao
A mammal	diaopi
A mammal	diaoxiong
A mammal	diequan
A mammal	dinggequan
A mammal	disongshu
A mammal	douniuquan
A mammal	duanjiaoniu
A mammal	duantuima
A mammal	duanweimao
A mammal	duanweiyuan
A mammal	dubinquan
A mammal	dujiaojing
A mammal	eguolanggou
A mammal	eguolangquan
A mammal	ersuidexionglu
A mammal	erzhishulan
A mammal	fanchudongwu
A mammal	feifei
A mammal	fuhou
A mammal	fujiniyalu
A mammal	gailiangdeniu
A mammal	gaobilingyang
A mammal	gonglu
A mammal	gongmao
A mammal	gongniu
A mammal	gongtoujing
A mammal	gongyang
A mammal	gongzhu
A mammal	gou
A mammal	guanbiguofu
A mammal	guibingou
A mammal	guifei
A mammal	habagou
A mammal	haibao
A mammal	haili
A mammal	hailimaopi
A mammal	hailishu
A mammal	hainiu
A mammal	hainiulei
A mammal	haitun
A mammal	haixiang
A mammal	hanta
A mammal	haozhu
A mammal	haozi
A mammal	heibanling
A mammal	heibao
A mammal	heidiao
A mammal	heijing
A mammal	heijutoujing
A mammal	heilu
A mammal	heiniu
A mammal	heiweilu
A mammal	heixingxing
A mammal	heizhangweihou
A mammal	heizuyou
A mammal	helanmaoshigou
A mammal	helanshimaogou
A mammal	heli
A mammal	hema
A mammal	henghehou
A mammal	hezhihou
A mammal	hongmao
A mammal	hongxiongmao
A mammal	hongzongma
A mammal	hongzongsedema
A mammal	houhou
A mammal	houmianquan
A mammal	houpileidongwu
A mammal	houzi
A mammal	huabaihanta
A mammal	huabanjiamao
A mammal	huabanxiyezhu
A mammal	hualishu
A mammal	huama
A mammal	huan
A mammal	huang
A mammal	huanghuisedema
A mammal	huangshulang
A mammal	huanxiong
A mammal	huanxiongpimao
A mammal	huashu
A mammal	hubanmao
A mammal	huhou
A mammal	huigou
A mammal	huihaitun
A mammal	huijing
A mammal	huisema
A mammal	huishu
A mammal	huituhesema
A mammal	huixiong
A mammal	hujing
A mammal	hulang
A mammal	huli
A mammal	humao
A mammal	humeng
A mammal	huojiapi
A mammal	hushi
A mammal	husun
A mammal	jiachu
A mammal	jiaolang
A mammal	jiaoma
A mammal	jiashu
A mammal	jidiao
A mammal	jing
A mammal	jingmudongwu
A mammal	jingquan
A mammal	jingyu
A mammal	jiuchidongwu
A mammal	jiuxingma
A mammal	juanling
A mammal	juanmaohou
A mammal	juanweihou
A mammal	jun
A mammal	junma
A mammal	juren
A mammal	jutoujing
A mammal	kaisigou
A mammal	kanjiagou
A mammal	kanmengou
A mammal	kefenzi
A mammal	keligou
A mammal	kema
A mammal	keyigou
A mammal	kuanwenhaitun
A mammal	kuobihou
A mammal	labagou
A mammal	lanbanliegou
A mammal	lang
A mammal	langhuan
A mammal	lansekuaigou
A mammal	laohu
A mammal	laoma
A mammal	laoshu
A mammal	leirendongwu
A mammal	leirenyuan
A mammal	liangzhongma
A mammal	liebao
A mammal	liedenggou
A mammal	liegou
A mammal	liehuang
A mammal	liehuquan
A mammal	lielangquan
A mammal	lieling
A mammal	lieluquan
A mammal	liequan
A mammal	lietugou
A mammal	lietuquan
A mammal	lieyang
A mammal	liezudongwu
A mammal	linghangjing
A mammal	linghou
A mammal	lingniu
A mammal	lingyang
A mammal	lingzhangmu
A mammal	linling
A mammal	lisema
A mammal	lishu
A mammal	liudaiqiuyu
A mammal	liuniu
A mammal	liutidema
A mammal	luling
A mammal	luniuling
A mammal	luo
A mammal	luoma
A mammal	luotuo
A mammal	lushu
A mammal	lutun
A mammal	luzhangweihou
A mammal	luzi
A mammal	madaomeng
A mammal	makedongwu
A mammal	maluo
A mammal	mao
A mammal	maohou
A mammal	maokededongwu
A mammal	maokedongwu
A mammal	maomaogou
A mammal	maoniu
A mammal	maosishu
A mammal	maoxiong
A mammal	maoyou
A mammal	meizhoubao
A mammal	meizhouchigou
A mammal	meizhouchilu
A mammal	meizhouhanta
A mammal	meizhounishi
A mammal	meizhoushanmao
A mammal	meizhoutuo
A mammal	meizhouyeniu
A mammal	meng
A mammal	mengguyelu
A mammal	mengma
A mammal	mengquan
A mammal	mianweitu
A mammal	mianyang
A mammal	mihou
A mammal	mihuan
A mammal	milu
A mammal	mixiong
A mammal	moxiangjing
A mammal	mubao
A mammal	mugou
A mammal	muhu
A mammal	muhuli
A mammal	mulu
A mammal	muma
A mammal	muniu
A mammal	mushi
A mammal	mushizi
A mammal	muyang
A mammal	muyanggou
A mammal	muyangquan
A mammal	muzhu
A mammal	nainiu
A mammal	nanfangguyuan
A mammal	nanfeidafei
A mammal	nanyuanyake
A mammal	niechidongwu
A mammal	niechimudongwu
A mammal	nijijing
A mammal	ningmao
A mammal	nituizisaima
A mammal	niu
A mammal	niukedongwu
A mammal	niuling
A mammal	niushudongwu
A mammal	niutouquan
A mammal	nuoweiliegou
A mammal	ouhuangshu
A mammal	outidongwu
A mammal	ouzhoupanyang
A mammal	ouzhouyema
A mammal	ouzhouyeniu
A mammal	panyang
A mammal	penshuidejing
A mammal	pifulouniu
A mammal	qianlu
A mammal	qichengma
A mammal	qiqiu
A mammal	qitidongwu
A mammal	qiuyu
A mammal	qizuleidongwu
A mammal	quan
A mammal	quankedongwu
A mammal	quanshigou
A mammal	rangou
A mammal	ren
A mammal	renkededongwu
A mammal	renkezhidongwu
A mammal	renlei
A mammal	rong
A mammal	ronghou
A mammal	rongmaogou
A mammal	rongshu
A mammal	rouniu
A mammal	ruchixiang
A mammal	rugen
A mammal	saijialingyang
A mammal	saima
A mammal	senlinguyuan
A mammal	shanmao
A mammal	shanxiao
A mammal	shanyang
A mammal	shashu
A mammal	sheli
A mammal	shemao
A mammal	shengchu
A mammal	sheshu
A mammal	shi
A mammal	shihu
A mammal	shiroudongwu
A mammal	shiyishou
A mammal	shiyongniu
A mammal	shiyongzhu
A mammal	shizi
A mammal	shizigou
A mammal	shizuma
A mammal	shu
A mammal	shuhaitun
A mammal	shuidiao
A mammal	shuihaozi
A mammal	shuilaoshu
A mammal	shuiling
A mammal	shuiniu
A mammal	shuishu
A mammal	shuita
A mammal	shuitamaopi
A mammal	shuitun
A mammal	shukedongwu
A mammal	shulan
A mammal	shutu
A mammal	shuxionghou
A mammal	sipicigou
A mammal	sishu
A mammal	sizhishiyishou
A mammal	songshiquan
A mammal	songshu
A mammal	souling
A mammal	soumao
A mammal	tamao
A mammal	tianshu
A mammal	tianzhushu
A mammal	tiaoling
A mammal	tiaoshu
A mammal	tiaowenling
A mammal	tidaojing
A mammal	titu
A mammal	tuboshu
A mammal	tukedongwu
A mammal	tulang
A mammal	tuolu
A mammal	tuoma
A mammal	tushu
A mammal	tutun
A mammal	tuxingmudongwu
A mammal	tuzi
A mammal	weizilaquan
A mammal	woshuiniu
A mammal	wufengtuo
A mammal	wuweicitunshu
A mammal	wuweiyuan
A mammal	xiabileideyuan
A mammal	xiaerma
A mammal	xiang
A mammal	xiangmao
A mammal	xiaogongniu
A mammal	xiaogou
A mammal	xiaohuijing
A mammal	xiaojuanhou
A mammal	xiaoliegou
A mammal	xiaolinggou
A mammal	xiaolu
A mammal	xiaoma
A mammal	xiaomao
A mammal	xiaomuniu
A mammal	xiaoniudu
A mammal	xiaopaobudema
A mammal	xiaoquan
A mammal	xiaoshanyang
A mammal	xiaoshu
A mammal	xiaotu
A mammal	xiaotuzi
A mammal	xiaoxinggou
A mammal	xiaoxingma
A mammal	xiaoxiongmao
A mammal	xiaoyanling
A mammal	xiaoyetu
A mammal	xiaoyuan
A mammal	xibanyaliequan
A mammal	xihuang
A mammal	xilingyang
A mammal	xingxing
A mammal	xiniu
A mammal	xinma
A mammal	xiong
A mammal	xiongli
A mammal	xionglu
A mammal	xiongmao
A mammal	xiongshanyang
A mammal	xiongzhang
A mammal	xuanjiaoling
A mammal	xuebao
A mammal	xuediao
A mammal	xunlu
A mammal	yan
A mammal	yang
A mammal	yangedema
A mammal	yangongniu
A mammal	yangtuo
A mammal	yanjinghou
A mammal	yanlingyang
A mammal	yanmao
A mammal	yanniu
A mammal	yanshu
A mammal	yanyang
A mammal	yazhouchaiquan
A mammal	yazhouhulang
A mammal	yazhouyelu
A mammal	yehou
A mammal	yema
A mammal	yemao
A mammal	yeniu
A mammal	yetu
A mammal	yeyang
A mammal	yezhu
A mammal	yijiaojing
A mammal	yiling
A mammal	yima
A mammal	yinangshu
A mammal	yinbeidaxing
A mammal	yindubao
A mammal	yinduyegou
A mammal	yisuima
A mammal	yisuizai
A mammal	yizhongjingyu
A mammal	you
A mammal	youhou
A mammal	youtileidongwu
A mammal	youzhichimulu
A mammal	youzhu
A mammal	yuanhuohouzi
A mammal	yuankedongwu
A mammal	yuanma
A mammal	yuantoujing
A mammal	yuantuo
A mammal	yuanyang
A mammal	yudiao
A mammal	zasema
A mammal	zazhonggou
A mammal	zhangjiaoniu
A mammal	zhangjingling
A mammal	zhangweihou
A mammal	zhangweiyehou
A mammal	zhangxujing
A mammal	zhanma
A mammal	zhaoli
A mammal	zhaowayeniu
A mammal	zhenshuishu
A mammal	zhongma
A mammal	zhongyayelu
A mammal	zhu
A mammal	zhulu
A mammal	zidiao
A mammal	ziling
A mammal	zongxiong
A mammal	zuotoujing
A reptile or amphibian	annakangda
A reptile or amphibian	biansexi
A reptile or amphibian	biansexiyi
A reptile or amphibian	chanchu
A reptile or amphibian	chulong
A reptile or amphibian	dashuimang
A reptile or amphibian	duanwene
A reptile or amphibian	duanweneeyupi
A reptile or amphibian	duanwenepige
A reptile or amphibian	feilongkexiyi
A reptile or amphibian	jialongyamu
A reptile or amphibian	jiaokui
A reptile or amphibian	jiehama
A reptile or amphibian	jumang
A reptile or amphibian	kedou
A reptile or amphibian	kuishe
A reptile or amphibian	laihama
A reptile or amphibian	leilong
A reptile or amphibian	liangqidongwu
A reptile or amphibian	mangshe
A reptile or amphibian	pachong
A reptile or amphibian	pachongdongwu
A reptile or amphibian	pachonglei
A reptile or amphibian	paxingdongwu
A reptile or amphibian	qingwa
A reptile or amphibian	ranshe
A reptile or amphibian	senran
A reptile or amphibian	she
A reptile or amphibian	walei
A reptile or amphibian	xuhuanlong
A reptile or amphibian	yitelong
A reptile or amphibian	zulong
A vehicle	aisijimohuazi
A vehicle	banji
A vehicle	banlun
A vehicle	banyunqi
A vehicle	baozukongchuan
A vehicle	bashi
A vehicle	binche
A vehicle	bingchuan
A vehicle	bochuan
A vehicle	buleijian
A vehicle	buleiting
A vehicle	canche
A vehicle	chache
A vehicle	chanche
A vehicle	changpengche
A vehicle	changpengkeche
A vehicle	changpengqiche
A vehicle	changtuqiche
A vehicle	che
A vehicle	cheliang
A vehicle	chuan
A vehicle	chuanbo
A vehicle	chuanwu
A vehicle	chuanzhi
A vehicle	chuzuche
A vehicle	chuzumache
A vehicle	chuzuqiche
A vehicle	dafanchuan
A vehicle	daitiche
A vehicle	dakeche
A vehicle	danche
A vehicle	danweifanchuan
A vehicle	danyaoche
A vehicle	danyiji
A vehicle	dapingdichuan
A vehicle	dating
A vehicle	daxingkeche
A vehicle	daxueqiao
A vehicle	dengchuan
A vehicle	dengluche
A vehicle	dianche
A vehicle	diandongche
A vehicle	dingqilunchuan
A vehicle	dishi
A vehicle	ditie
A vehicle	dixiatiedao
A vehicle	dixiatielu
A vehicle	dongyangche
A vehicle	duchuan
A vehicle	dulunche
A vehicle	dumuzhou
A vehicle	duweiting
A vehicle	erlunzhanche
A vehicle	fanchuan
A vehicle	fangzhou
A vehicle	feichuan
A vehicle	feiji
A vehicle	feiting
A vehicle	feixingting
A vehicle	fengweichuan
A vehicle	futongfeiji
A vehicle	gongche
A vehicle	gongduola
A vehicle	gonggongqiche
A vehicle	gouladexiaoche
A vehicle	guidaomache
A vehicle	haidaochuan
A vehicle	hangkongmujian
A vehicle	hangkongqi
A vehicle	hangmu
A vehicle	haohuajiaoche
A vehicle	hongzhaji
A vehicle	huangbaoche
A vehicle	huating
A vehicle	huaxiangji
A vehicle	huoche
A vehicle	huochetou
A vehicle	huochuan
A vehicle	huoguichuan
A vehicle	huojian
A vehicle	huweijian
A vehicle	jiaotache
A vehicle	jiashishi
A vehicle	jicaixiaojiche
A vehicle	jiche
A vehicle	jichengche
A vehicle	jichetou
A vehicle	jidongche
A vehicle	jiejiji
A vehicle	jingche
A vehicle	jipu
A vehicle	jipuche
A vehicle	jiqijiaotache
A vehicle	jiuche
A vehicle	jiuhuche
A vehicle	jiuhuoting
A vehicle	jiushengche
A vehicle	jiushengchuan
A vehicle	jiushengting
A vehicle	junjian
A vehicle	kache
A vehicle	keji
A vehicle	keluoqimache
A vehicle	kongzhongbashi
A vehicle	kuaisufanchuan
A vehicle	kuaiting
A vehicle	lajiche
A vehicle	lanjieji
A vehicle	laoyeqiche
A vehicle	lianqiao
A vehicle	lieche
A vehicle	lingche
A vehicle	luxingqiche
A vehicle	mache
A vehicle	maijinuozhou
A vehicle	mianbaoche
A vehicle	motuoche
A vehicle	motuozixingche
A vehicle	paoting
A vehicle	pengche
A vehicle	penqiji
A vehicle	penqikeji
A vehicle	penqishifeiji
A vehicle	piaoliuchuan
A vehicle	pingche
A vehicle	pingdichuan
A vehicle	pingdihuochuan
A vehicle	pingguoche
A vehicle	piting
A vehicle	pobingchuan
A vehicle	qianche
A vehicle	qiangjiji
A vehicle	qiche
A vehicle	qichetushuguan
A vehicle	qidianchuan
A vehicle	qijian
A vehicle	qingbianjiche
A vehicle	qingbianmache
A vehicle	qingfanchuan
A vehicle	qingzhou
A vehicle	qiqiu
A vehicle	quzhujian
A vehicle	renliche
A vehicle	saiting
A vehicle	sanweifanchuan
A vehicle	saolei
A vehicle	saoleijian
A vehicle	shangchuan
A vehicle	shenfengtujiji
A vehicle	shoubengche
A vehicle	shoulache
A vehicle	shoutuiche
A vehicle	shouyaoche
A vehicle	shuangtichuan
A vehicle	shuangweichuan
A vehicle	shuangyifeiji
A vehicle	shuiguoche
A vehicle	shuishangfeiji
A vehicle	shuiyichuan
A vehicle	sichengjia
A vehicle	silunliche
A vehicle	silunmache
A vehicle	suibingchuan
A vehicle	tanke
A vehicle	tankeche
A vehicle	tongche
A vehicle	tuituji
A vehicle	wanichuan
A vehicle	weixingjiaoche
A vehicle	wugaihuoche
A vehicle	wurenfeiji
A vehicle	xianfeng
A vehicle	xianfengpai
A vehicle	xiaochuan
A vehicle	xiaofanchuan
A vehicle	xiaofangting
A vehicle	xiaojiaoche
A vehicle	xiaokache
A vehicle	xiaomaiting
A vehicle	xiaopaojian
A vehicle	xiaoxinghuoche
A vehicle	xiaoxingjiche
A vehicle	xiaoxingqiche
A vehicle	xiaozhou
A vehicle	xielizixingche
A vehicle	xinganxian
A vehicle	xuanyifeiji
A vehicle	xuanyiji
A vehicle	xunyangjian
A vehicle	yaolanche
A vehicle	yeyingguache
A vehicle	yingdingqiche
A vehicle	yingerche
A vehicle	yizhonghechuan
A vehicle	youchuan
A vehicle	yougaihuoche
A vehicle	youguiche
A vehicle	youguidianche
A vehicle	youting
A vehicle	yueduihuache
A vehicle	yunhuochuan
A vehicle	yunhuolieche
A vehicle	yunhuomache
A vehicle	yunzaihuojian
A vehicle	zaihuomache
A vehicle	zhangqiao
A vehicle	zhanjian
A vehicle	zhanliejian
A vehicle	zhepengqiche
A vehicle	zhishengfeiji
A vehicle	zhishengji
A vehicle	zhou
A vehicle	zhudongche
A vehicle	zhuliche
A vehicle	zhuolucang
A vehicle	zhuoluqi
A vehicle	zidanhuoche
A vehicle	zidongdaoche
A vehicle	ziqinghuoche
A vehicle	zixingche
A tree	aili
A tree	aishanzhuyu
A tree	akaimu
A tree	alaboxiangjiao
A tree	anboluoguo
A tree	anluoguo
A tree	ayuehunzishu
A tree	baichangpu
A tree	baihuahuaqiu
A tree	bailashu
A tree	baiyang
A tree	baiyangmu
A tree	balaguichashu
A tree	balatashujiao
A tree	baxihongmu
A tree	baxilu
A tree	baxisumu
A tree	baxizonglu
A tree	baxizonglula
A tree	biantao
A tree	binglang
A tree	binmen
A tree	bomu
A tree	caimu
A tree	cangchangpu
A tree	canzhuang
A tree	caoyehuajiao
A tree	cebai
A tree	changpu
A tree	chanyang
A tree	cheng
A tree	chengshu
A tree	chengzi
A tree	chesangzi
A tree	chiteng
A tree	chiyang
A tree	chongtianyang
A tree	chouchangpu
A tree	chouchun
A tree	chouwutong
A tree	chu
A tree	chuiyangliu
A tree	cichouli
A tree	ciguosumu
A tree	dachiyang
A tree	datuoyeyunshi
A tree	dayeyang
A tree	dongqing
A tree	dongqingshu
A tree	douying
A tree	duanmu
A tree	duoxiangguoshu
A tree	duxiang
A tree	feizaoguoshu
A tree	fenghuangmu
A tree	fenghuangshu
A tree	fengshu
A tree	foshougan
A tree	fushiying
A tree	ganju
A tree	ganjushu
A tree	ganjushuguoshu
A tree	geluciye
A tree	genipa
A tree	guanglang
A tree	guangtong
A tree	guipi
A tree	guiyuan
A tree	haihutao
A tree	hehuanshu
A tree	heitongyoushu
A tree	heiyingtao
A tree	heqiu
A tree	honghuaying
A tree	honghuayingshu
A tree	hongluo
A tree	hongmaodan
A tree	hongmu
A tree	hongteng
A tree	houbanli
A tree	huanghuaqiu
A tree	huangmuzi
A tree	huangtan
A tree	huaqiu
A tree	hubangzi
A tree	huguamu
A tree	hui
A tree	huijin
A tree	huimo
A tree	hulushu
A tree	huoshu
A tree	huzitong
A tree	jianadazaojia
A tree	jianguo
A tree	jianguoyingtao
A tree	jiaochongshu
A tree	jiaodoushu
A tree	jietoushu
A tree	jinazitan
A tree	jinfeng
A tree	jinjinashu
A tree	jinju
A tree	jinpingguo
A tree	jinwan
A tree	jinzhongbai
A tree	jizu
A tree	juyou
A tree	juyuanshu
A tree	juzi
A tree	kafeishu
A tree	kaixinguo
A tree	kaohuzong
A tree	katelan
A tree	kuchengshu
A tree	kuhuanshu
A tree	kulian
A tree	kumu
A tree	laimengguo
A tree	lian
A tree	lishu
A tree	liu
A tree	liushu
A tree	liuzhiyizhong
A tree	lizhi
A tree	lizhiguo
A tree	lizhinu
A tree	lizhishu
A tree	longyan
A tree	luju
A tree	luoguo
A tree	luohuangzi
A tree	luowangzi
A tree	luoyeteng
A tree	luzhi
A tree	majiamu
A tree	mangguo
A tree	mangguoshu
A tree	maolizhi
A tree	maolongyan
A tree	meiguochouli
A tree	meiguozijing
A tree	mengguo
A tree	mengguoshezai
A tree	menguo
A tree	mianbaiyang
A tree	mianguo
A tree	miwang
A tree	moshuishu
A tree	muhuanzi
A tree	mujiaodou
A tree	nanyangshan
A tree	nanyangshili
A tree	nichangpu
A tree	ningmeng
A tree	niuxueshu
A tree	ougan
A tree	ouyaqi
A tree	ouzha
A tree	ouzhouhuaqiu
A tree	paodanguo
A tree	penjing
A tree	penjingzhiwu
A tree	penzai
A tree	pingguo
A tree	pipa
A tree	pipashu
A tree	poliu
A tree	putaoyou
A tree	qiangweimu
A tree	qiaomaishu
A tree	qiaomu
A tree	qiliu
A tree	qinggangliu
A tree	qinglongmu
A tree	qingmingliu
A tree	qishu
A tree	qishucai
A tree	qiu
A tree	qiuguozhiwu
A tree	qiyeshu
A tree	renlang
A tree	renpin
A tree	renxinguoshu
A tree	rougui
A tree	rouzao
A tree	samomiganju
A tree	samomiju
A tree	sangandinglu
A tree	sanjiaoyeyang
A tree	sanniantong
A tree	shamu
A tree	shanyezi
A tree	shanyurou
A tree	shanzhuyu
A tree	shaozi
A tree	shatangyezi
A tree	shengteng
A tree	shilishu
A tree	shishu
A tree	shizao
A tree	shizaoer
A tree	shizishu
A tree	shu
A tree	shuichangpu
A tree	shuiliu
A tree	shuitong
A tree	shuitongqiu
A tree	shumiao
A tree	shusuanzao
A tree	shuzao
A tree	suancheng
A tree	suandou
A tree	suanjiao
A tree	suanyingtao
A tree	suanzhimu
A tree	suanzhimushu
A tree	sufangmu
A tree	suoluoshu
A tree	suoluozi
A tree	tangshu
A tree	tangzong
A tree	tanshu
A tree	taohuaxinmu
A tree	taohuaxinmucai
A tree	taoshu
A tree	tianmukan
A tree	tianmuzi
A tree	tianshili
A tree	tietong
A tree	tongxuetu
A tree	tongyoushu
A tree	tongzishu
A tree	wangguo
A tree	wangmu
A tree	wendan
A tree	wenpo
A tree	wuhuanzi
A tree	wujingzili
A tree	wulianzi
A tree	wumingzi
A tree	wumushu
A tree	xialahuangtan
A tree	xianggenying
A tree	xianggui
A tree	xiangmu
A tree	xiangningmeng
A tree	xiangshu
A tree	xiangyang
A tree	xiangyuanshu
A tree	xianzhangdan
A tree	xiaoshumiao
A tree	xiaozonglu
A tree	xingshu
A tree	xishouguo
A tree	xizhangdan
A tree	xuanlingmu
A tree	yalizhi
A tree	yangmu
A tree	yangsumu
A tree	yangtao
A tree	yangyingtao
A tree	yanluan
A tree	yaoguoshu
A tree	yaozao
A tree	yezi
A tree	yinbaiyang
A tree	yindujinashu
A tree	yindulian
A tree	yinduzitan
A tree	yingshu
A tree	yingtaoli
A tree	yingtaomu
A tree	yingtaoshu
A tree	yingzitong
A tree	you
A tree	youguo
A tree	youhuanzi
A tree	youluoshu
A tree	youmu
A tree	youshu
A tree	youtao
A tree	youtong
A tree	youtongshu
A tree	youzi
A tree	yurou
A tree	zaopi
A tree	zhenyeshu
A tree	zhenzi
A tree	zhongxiangshu
A tree	zhuguoshu
A tree	zimao
A tree	zishu
A tree	zitan
A tree	zonglu
A tree	zonglukezhiwu
A tree	zonglula
A flower	aiqianniu
A flower	baichan
A flower	baihe
A flower	baihehua
A flower	caoshexiang
A flower	chahua
A flower	chuanxinpeilan
A flower	cuiju
A flower	guanyezelan
A flower	hua
A flower	huanghuan
A flower	huangxiangcao
A flower	huangzhizi
A flower	huoxiang
A flower	jinyinhua
A flower	jinyucao
A flower	jusanhuaxu
A flower	kaihua
A flower	kaihuazhiwu
A flower	lankezhiwu
A flower	lingxiangcao
A flower	liuchuanyu
A flower	longkouhua
A flower	longtouhua
A flower	lunfengju
A flower	mantuoluoshu
A flower	meigui
A flower	naidong
A flower	ouxiecao
A flower	poponashuzhiwu
A flower	qiangwei
A flower	qiumudan
A flower	rendong
A flower	sanfanghuaxu
A flower	sansuihuaxu
A flower	sanxinghuaxu
A flower	sanzhuanghuaxu
A flower	shancha
A flower	shanchun
A flower	shanluobo
A flower	shanzhi
A flower	shijie
A flower	shizihua
A flower	souchun
A flower	suizhuanghuaxu
A flower	taikong
A flower	tengluo
A flower	tianzhukui
A flower	tuansanhuaxu
A flower	wanshancha
A flower	wanwu
A flower	xiangcao
A flower	xiangshuizhiwu
A flower	xiecao
A flower	xiuqiushuzhiwu
A flower	xunyicao
A flower	yangcaique
A flower	yangcha
A flower	yanghehua
A flower	yangxiuqiu
A flower	yuanzhuihuaxu
A flower	yueji
A flower	yujinxiang
A flower	yushandou
A flower	yuxiang
A flower	yuyedou
A flower	yuzhou
A flower	zhaodouteng
A flower	zhaoteng
A flower	zhidinghua
A flower	zhizi
A flower	zhuteng
A flower	ziteng
A flower	ziwan
A musical instrument	balalaikaqin
A musical instrument	bangbadonghao
A musical instrument	banggegu
A musical instrument	banzhuoqin
A musical instrument	basongguan
A musical instrument	beidiyinguan
A musical instrument	boxianjianqin
A musical instrument	changdi
A musical instrument	cizhongyinhao
A musical instrument	cuguanduanhao
A musical instrument	dagangqin
A musical instrument	daguan
A musical instrument	dahao
A musical instrument	dajianqin
A musical instrument	danhuangguan
A musical instrument	datiqin
A musical instrument	dianziqin
A musical instrument	dingyingu
A musical instrument	diyinbuyinsai
A musical instrument	diyindahao
A musical instrument	diyinguan
A musical instrument	diyintiqin
A musical instrument	diyinyueqi
A musical instrument	eshisanxianqin
A musical instrument	faguohao
A musical instrument	fengdi
A musical instrument	fengni
A musical instrument	fengqin
A musical instrument	gangpianqin
A musical instrument	gangqin
A musical instrument	gongxianyueqi
A musical instrument	guanfengqin
A musical instrument	gugangqin
A musical instrument	guqin
A musical instrument	haojiao
A musical instrument	heiguan
A musical instrument	hengdi
A musical instrument	huangyueqi
A musical instrument	jianpan
A musical instrument	jianyinxiaohao
A musical instrument	jiaodi
A musical instrument	jita
A musical instrument	kazudi
A musical instrument	kouqin
A musical instrument	laba
A musical instrument	leigaode
A musical instrument	lila
A musical instrument	liukongshudi
A musical instrument	liuteqin
A musical instrument	liuxianqin
A musical instrument	luteqin
A musical instrument	malinbaqin
A musical instrument	manduolin
A musical instrument	mantuolin
A musical instrument	momingyueqi
A musical instrument	mozhiyueqi
A musical instrument	muqin
A musical instrument	naobo
A musical instrument	paizhong
A musical instrument	pipa
A musical instrument	qidifengqin
A musical instrument	qiguan
A musical instrument	qixianqin
A musical instrument	quanxingdahao
A musical instrument	sanjiao
A musical instrument	sanjiaogangqin
A musical instrument	sanjiaoxing
A musical instrument	shangdiyinhao
A musical instrument	shiqin
A musical instrument	shoufengqin
A musical instrument	shouling
A musical instrument	shouyaoling
A musical instrument	shuqin
A musical instrument	tonggu
A musical instrument	xianghulu
A musical instrument	xiaofengqin
A musical instrument	xiaogu
A musical instrument	xiaohao
A musical instrument	xiaoshuqin
A musical instrument	xiteqin
A musical instrument	yangpipa
A musical instrument	yangqin
A musical instrument	yiqin
A musical instrument	yuanhao
A musical instrument	yueqi
A musical instrument	yuguanjianqin
A musical instrument	zhong
A musical instrument	zhongqin
A sport	bangqiu
A sport	bangqiubisai
A sport	caodiwangqiu
A sport	dalie
A sport	diaoyu
A sport	fanjindou
A sport	fanli
A sport	feipan
A sport	ganlanqiu
A sport	gaoerfuqiu
A sport	huabing
A sport	huaxue
A sport	huaxueshu
A sport	huaxueyundong
A sport	huwaiyundong
A sport	jianshu
A sport	jingji
A sport	lan
A sport	lanqiu
A sport	lanqiubisai
A sport	lianqiao
A sport	liba
A sport	lutianyundong
A sport	nailidekaoyan
A sport	qiuleiyundong
A sport	saipao
A sport	shejian
A sport	shiwaiyundong
A sport	shoulie
A sport	shouqiu
A sport	teji
A sport	tianjing
A sport	tianjingsai
A sport	tiaoyuedebisai
A sport	tiaoyueyundong
A sport	ticao
A sport	ticaoyundong
A sport	tiyu
A sport	wangqiu
A sport	weiqiang
A sport	xishuai
A sport	yewaiyundong
A sport	yingshizuqiu
A sport	yundong
A sport	yundongbisai
A sport	zaji
A sport	zhalan
A sport	zhangaisai
A sport	zhangqiao
A sport	zhuilie
A sport	zuqiu
A color	cheng
A color	chenghuangse
A color	chengse
A color	chengzi
A color	damahayu
A color	danse
A color	dianlan
A color	dianqing
A color	dui
A color	feicui
A color	ganju
A color	gui
A color	guiyu
A color	haijun
A color	hongbaoshi
A color	hongse
A color	huangxiangcao
A color	huibaise
A color	jinbi
A color	juzi
A color	kaqibu
A color	lanbaoshi
A color	landian
A color	lanse
A color	lingxiangcao
A color	lishu
A color	lubaoshi
A color	luse
A color	mutan
A color	qingse
A color	qingtong
A color	rouhese
A color	sanwenyu
A color	shaiban
A color	shaichenghese
A color	shaihei
A color	shaishang
A color	shaishu
A color	shengxiu
A color	shenlanse
A color	shuku
A color	tankao
A color	taoshu
A color	tong
A color	xiangbinjiu
A color	xiangcao
A color	xiangshuizhiwu
A color	xiangya
A color	xiu
A color	xunyicao
A color	yin
A color	yinhuise
A color	zangqingse
A color	zhese
A color	zheshi
A color	zumulu
An emotion or feeling	aihao
An emotion or feeling	aimu
An emotion or feeling	aiqing
An emotion or feeling	anxin
An emotion or feeling	aohui
An emotion or feeling	baonu
An emotion or feeling	beiai
An emotion or feeling	beishang
An emotion or feeling	beitong
An emotion or feeling	bishi
An emotion or feeling	buan
An emotion or feeling	buchedichanhui
An emotion or feeling	bugaoxing
An emotion or feeling	buhe
An emotion or feeling	buman
An emotion or feeling	buqueding
An emotion or feeling	buxie
An emotion or feeling	buxingfu
An emotion or feeling	canren
An emotion or feeling	chengxu
An emotion or feeling	chenmoguayan
An emotion or feeling	chenni
An emotion or feeling	chongdong
An emotion or feeling	chouyingxinli
An emotion or feeling	chuangshang
An emotion or feeling	ciai
An emotion or feeling	citong
An emotion or feeling	cuozhe
An emotion or feeling	danxin
An emotion or feeling	danyou
An emotion or feeling	dapo
An emotion or feeling	diduixinli
An emotion or feeling	diyi
An emotion or feeling	dongchali
An emotion or feeling	dongdang
An emotion or feeling	duikang
An emotion or feeling	duochoushangan
An emotion or feeling	duoqing
An emotion or feeling	eyi
An emotion or feeling	fadai
An emotion or feeling	fangan
An emotion or feeling	fangqi
An emotion or feeling	fangsong
An emotion or feeling	fangxin
An emotion or feeling	fanluan
An emotion or feeling	fannao
An emotion or feeling	fanu
An emotion or feeling	fanying
An emotion or feeling	fapiqi
An emotion or feeling	fengkuang
An emotion or feeling	fenmen
An emotion or feeling	fennu
An emotion or feeling	fushang
An emotion or feeling	ganga
An emotion or feeling	ganqing
An emotion or feeling	gaoxing
An emotion or feeling	guanian
An emotion or feeling	guanxin
An emotion or feeling	guding
An emotion or feeling	gudu
An emotion or feeling	gupi
An emotion or feeling	haipa
An emotion or feeling	haogan
An emotion or feeling	haose
An emotion or feeling	haoyunqi
An emotion or feeling	heping
An emotion or feeling	hezhun
An emotion or feeling	houhui
An emotion or feeling	huaiyi
An emotion or feeling	huanghu
An emotion or feeling	huanle
An emotion or feeling	huantianxidi
An emotion or feeling	huanxi
An emotion or feeling	huiwei
An emotion or feeling	hunmi
An emotion or feeling	huoqi
An emotion or feeling	jianke
An emotion or feeling	jiaoao
An emotion or feeling	jiaolu
An emotion or feeling	jiaxu
An emotion or feeling	jidong
An emotion or feeling	jieju
An emotion or feeling	jimo
An emotion or feeling	jingqi
An emotion or feeling	jingya
An emotion or feeling	jingyi
An emotion or feeling	jiong
An emotion or feeling	jiongpo
An emotion or feeling	jiqing
An emotion or feeling	juanlian
An emotion or feeling	jucubuan
An emotion or feeling	juewang
An emotion or feeling	kaoda
An emotion or feeling	kaowen
An emotion or feeling	kebo
An emotion or feeling	kechideren
An emotion or feeling	kewang
An emotion or feeling	kongbu
An emotion or feeling	kongju
An emotion or feeling	kuaihuo
An emotion or feeling	kuaile
An emotion or feeling	kuangbao
An emotion or feeling	kuangxi
An emotion or feeling	kunao
An emotion or feeling	kunjiong
An emotion or feeling	kunrao
An emotion or feeling	kutong
An emotion or feeling	lengmo
An emotion or feeling	lequ
An emotion or feeling	lijian
An emotion or feeling	lingmindu
An emotion or feeling	manyi
An emotion or feeling	manzu
An emotion or feeling	mieshi
An emotion or feeling	mobuguanxin
An emotion or feeling	mudengkoudaidi
An emotion or feeling	nankan
An emotion or feeling	naonu
An emotion or feeling	niepan
An emotion or feeling	ningjing
An emotion or feeling	nuhuo
An emotion or feeling	nuqi
An emotion or feeling	peifu
An emotion or feeling	pianai
An emotion or feeling	pianhao
An emotion or feeling	pizhun
An emotion or feeling	qidai
An emotion or feeling	qinggan
An emotion or feeling	qingmie
An emotion or feeling	qingshi
An emotion or feeling	qingxu
An emotion or feeling	qinpei
An emotion or feeling	qinshan
An emotion or feeling	qiwang
An emotion or feeling	qufu
An emotion or feeling	raodong
An emotion or feeling	raoluan
An emotion or feeling	reai
An emotion or feeling	renxing
An emotion or feeling	reqing
An emotion or feeling	rewang
An emotion or feeling	rexin
An emotion or feeling	ruji
An emotion or feeling	sangqin
An emotion or feeling	saodongbuan
An emotion or feeling	shanghai
An emotion or feeling	shangtong
An emotion or feeling	shangxin
An emotion or feeling	shibai
An emotion or feeling	shihao
An emotion or feeling	shiwang
An emotion or feeling	shuyuan
An emotion or feeling	sunhai
An emotion or feeling	sunshang
An emotion or feeling	tengtong
An emotion or feeling	tong
An emotion or feeling	tonggan
An emotion or feeling	tonghen
An emotion or feeling	tongku
An emotion or feeling	tongqing
An emotion or feeling	waiqu
An emotion or feeling	waishang
An emotion or feeling	wuqing
An emotion or feeling	wuxingqu
An emotion or feeling	xiai
An emotion or feeling	xianwu
An emotion or feeling	xiesidili
An emotion or feeling	xinfan
An emotion or feeling	xingdexingfen
An emotion or feeling	xingfu
An emotion or feeling	xinggaocailie
An emotion or feeling	xingwei
An emotion or feeling	xingyun
An emotion or feeling	xinjing
An emotion or feeling	xinqing
An emotion or feeling	xintuo
An emotion or feeling	xintuocaichan
An emotion or feeling	xinxin
An emotion or feeling	xiuke
An emotion or feeling	xiukui
An emotion or feeling	xiuxi
An emotion or feeling	xiwang
An emotion or feeling	xiyue
An emotion or feeling	xurongxin
An emotion or feeling	yanwu
An emotion or feeling	yexinjia
An emotion or feeling	yihan
An emotion or feeling	yilian
An emotion or feeling	yingxiang
An emotion or feeling	youhao
An emotion or feeling	youlu
An emotion or feeling	youzui
An emotion or feeling	yuanhen
An emotion or feeling	yuanli
An emotion or feeling	yuanwang
An emotion or feeling	yukuai
An emotion or feeling	yuwang
An emotion or feeling	yuwei
An emotion or feeling	zancheng
An emotion or feeling	zanshang
An emotion or feeling	zantong
An emotion or feeling	zanxu
An emotion or feeling	zengwu
An emotion or feeling	zhemo
An emotion or feeling	zhiwang
An emotion or feeling	zhongcheng
An emotion or feeling	zhongqing
An emotion or feeling	zidadetaidu
An emotion or feeling	zifu
An emotion or feeling	zihao
An emotion or feeling	ziwo
An emotion or feeling	zixin
An emotion or feeling	zixinxin
An emotion or feeling	zizun
An emotion or feeling	zizunxin
An emotion or feeling	zuijiu
An emotion or feeling	zuixing
An emotion or feeling	zuizhuang
An emotion or feeling	zunyan
An emotion or feeling	zunzhong
A piece of furniture	aideng
A piece of furniture	aimusiyi
A piece of furniture	anleyi
A piece of furniture	anzhuo
A piece of furniture	baoxianxiang
A piece of furniture	baozuo
A piece of furniture	batai
A piece of furniture	biaoge
A piece of furniture	bichu
A piece of furniture	biludeqianshi
A piece of furniture	bilujia
A piece of furniture	bilutai
A piece of furniture	bingchuang
A piece of furniture	boshidunyaoyi
A piece of furniture	butuan
A piece of furniture	canjugui
A piece of furniture	canzhuo
A piece of furniture	caopingjiaju
A piece of furniture	caopingtangyi
A piece of furniture	chaji
A piece of furniture	changshafa
A piece of furniture	changshafayi
A piece of furniture	chanhuideng
A piece of furniture	chenku
A piece of furniture	chouti
A piece of furniture	choutigui
A piece of furniture	chuang
A piece of furniture	chuangdian
A piece of furniture	chuangjia
A piece of furniture	chuangkoudeng
A piece of furniture	chuangtouban
A piece of furniture	chuanzhangyi
A piece of furniture	chugui
A piece of furniture	dangan
A piece of furniture	dangangui
A piece of furniture	danyaoxiang
A piece of furniture	daxingyichu
A piece of furniture	deng
A piece of furniture	dengzi
A piece of furniture	diaochuang
A piece of furniture	diaoyuyi
A piece of furniture	diji
A piece of furniture	ditan
A piece of furniture	duzhuo
A piece of furniture	fangzhiguwan
A piece of furniture	fanshejing
A piece of furniture	fanzhuo
A piece of furniture	fukuanchu
A piece of furniture	fushouyi
A piece of furniture	fushouyizi
A piece of furniture	fuzhangguitai
A piece of furniture	gan
A piece of furniture	gaojiaogui
A piece of furniture	gaojiaoyi
A piece of furniture	gaoyi
A piece of furniture	gejia
A piece of furniture	gejiaoban
A piece of furniture	gongzhuo
A piece of furniture	gongzuotai
A piece of furniture	gui
A piece of furniture	guibinzhuo
A piece of furniture	guitai
A piece of furniture	guizi
A piece of furniture	huazhuangtai
A piece of furniture	huituzhuo
A piece of furniture	huiyizhuo
A piece of furniture	hunchuang
A piece of furniture	jia
A piece of furniture	jiabantangyi
A piece of furniture	jiaju
A piece of furniture	jiaodeng
A piece of furniture	jiaotai
A piece of furniture	jiazhuangxiang
A piece of furniture	jiazi
A piece of furniture	jijia
A piece of furniture	jinaideng
A piece of furniture	jingzi
A piece of furniture	jiuba
A piece of furniture	jiuchu
A piece of furniture	jizuo
A piece of furniture	juyuanbaoxiang
A piece of furniture	kafeizhuo
A piece of furniture	kongqidian
A piece of furniture	kucha
A piece of furniture	liangyongshafa
A piece of furniture	lifayi
A piece of furniture	linzhongchuang
A piece of furniture	long
A piece of furniture	luodideng
A piece of furniture	mairoudeguitai
A piece of furniture	maojia
A piece of furniture	molisianleyi
A piece of furniture	neibucanting
A piece of furniture	paomaochu
A piece of furniture	pingjiaoku
A piece of furniture	pingzhangdeng
A piece of furniture	putuan
A piece of furniture	puwei
A piece of furniture	qidian
A piece of furniture	qingbianzheyi
A piece of furniture	ruanzhangyi
A piece of furniture	shafa
A piece of furniture	shafachuang
A piece of furniture	shafayi
A piece of furniture	shangdideyuzuo
A piece of furniture	shengcantai
A piece of furniture	shichu
A piece of furniture	shienzuo
A piece of furniture	shiyantai
A piece of furniture	shouyintai
A piece of furniture	shuangrenshafa
A piece of furniture	shuchu
A piece of furniture	shugan
A piece of furniture	shujia
A piece of furniture	shuzhuo
A piece of furniture	sicao
A piece of furniture	sijiaoku
A piece of furniture	suogui
A piece of furniture	taishiyi
A piece of furniture	tan
A piece of furniture	tangyi
A piece of furniture	tanzi
A piece of furniture	tiejia
A piece of furniture	tingbodi
A piece of furniture	tishikaobeiyi
A piece of furniture	wanchu
A piece of furniture	wandiegui
A piece of furniture	wangui
A piece of furniture	wangzuo
A piece of furniture	wenjiangui
A piece of furniture	woshijiaju
A piece of furniture	wudouchu
A piece of furniture	wudougui
A piece of furniture	xiang
A piece of furniture	xiangzi
A piece of furniture	xiaobudai
A piece of furniture	xiaojiugui
A piece of furniture	xiaoshuzhuo
A piece of furniture	xiaoyuanzhuo
A piece of furniture	xiapu
A piece of furniture	xiezitai
A piece of furniture	xingjunchuang
A piece of furniture	xiong
A piece of furniture	xiongbu
A piece of furniture	xiongqiang
A piece of furniture	xiongtang
A piece of furniture	xurongxin
A piece of furniture	yaogui
A piece of furniture	yaolan
A piece of furniture	yaoxiang
A piece of furniture	yichu
A piece of furniture	yigui
A piece of furniture	yimaojia
A piece of furniture	yingerchuang
A piece of furniture	yingershuilan
A piece of furniture	yizi
A piece of furniture	yongju
A piece of furniture	yulezhongxin
A piece of furniture	yuyi
A piece of furniture	zaocanzhuo
A piece of furniture	zhangdeng
A piece of furniture	zhangyi
A piece of furniture	zhedeng
A piece of furniture	zhediechuang
A piece of furniture	zhedieyi
A piece of furniture	zhenchatai
A piece of furniture	zheyi
A piece of furniture	zhichengwu
A piece of furniture	zhijia
A piece of furniture	zhucangxiang
A piece of furniture	zhuozi
A piece of furniture	zifu
A piece of furniture	zizun
A piece of furniture	zuoyi
A weapon	bajian
A weapon	bangqiubang
A weapon	banqiubang
A weapon	baoguozhadan
A weapon	baopiduanbang
A weapon	baopotong
A weapon	baotiecuzhang
A weapon	bazuka
A weapon	bian
A weapon	bianzi
A weapon	biaoqiang
A weapon	binggongchang
A weapon	bingqi
A weapon	bishou
A weapon	budan
A weapon	bujingpao
A weapon	buqiang
A weapon	caijue
A weapon	chixing
A weapon	chuifengguan
A weapon	chuiguan
A weapon	chuihuotong
A weapon	chuijiantong
A weapon	chuishiqiang
A weapon	cidao
A weapon	cuileiwasi
A weapon	dagong
A weapon	dahaoqiandan
A weapon	dakandao
A weapon	damudan
A weapon	dandaodaodan
A weapon	dandaofeidan
A weapon	danrenjian
A weapon	dao
A weapon	daodan
A weapon	daozi
A weapon	dapao
A weapon	datoubang
A weapon	delinjiaqiang
A weapon	diancizhadan
A weapon	dianzizhadan
A weapon	diwuranhedan
A weapon	duanbang
A weapon	duandao
A weapon	duanjian
A weapon	duanwandao
A weapon	duntoujian
A weapon	duqi
A weapon	duqipaodan
A weapon	duwasi
A weapon	faguofeiyu
A weapon	fanchan
A weapon	fangkongbingqi
A weapon	feibiao
A weapon	feichuan
A weapon	feidan
A weapon	feiqulaiqi
A weapon	feiyudaodan
A weapon	fenpao
A weapon	futou
A weapon	fuzi
A weapon	ganjinghedan
A weapon	gaobaozhayao
A weapon	gaonengzhayao
A weapon	gaoshepao
A weapon	gong
A weapon	gongjian
A weapon	gongjibuqiang
A weapon	gongzuorenyuan
A weapon	gunbang
A weapon	hezidantou
A weapon	houtangpao
A weapon	houtangqiang
A weapon	huajian
A weapon	huangtong
A weapon	huaxuewuqi
A weapon	huaxuezhadan
A weapon	hudiejie
A weapon	huifeibang
A weapon	huifeibiao
A weapon	huixuanbiao
A weapon	huogongchuan
A weapon	huojian
A weapon	huojianpao
A weapon	huojiantong
A weapon	huolizhuangbei
A weapon	huopao
A weapon	huoqi
A weapon	huoqiang
A weapon	huoshengqiang
A weapon	huoyanpensheqi
A weapon	jian
A weapon	jianongpao
A weapon	jianshi
A weapon	jiantou
A weapon	jiantoufuhao
A weapon	jiguang
A weapon	jiguangqi
A weapon	jiguanqiang
A weapon	jijiandejian
A weapon	jinggun
A weapon	jiqiang
A weapon	jishuzhadan
A weapon	jitie
A weapon	jujiqiang
A weapon	junhuo
A weapon	junxieku
A weapon	juxingzhadan
A weapon	kabinqiang
A weapon	kaikuang
A weapon	kongdidaodan
A weapon	kongkongdaodan
A weapon	kongqiqiang
A weapon	kongtouyulei
A weapon	kuanrendao
A weapon	kuantoujian
A weapon	kuodao
A weapon	laifuqiang
A weapon	leishe
A weapon	liexingzhayao
A weapon	liudanpao
A weapon	liuxiandan
A weapon	lugeshouqiang
A weapon	lujia
A weapon	luyixianben
A weapon	madao
A weapon	makeqinjiqiang
A weapon	maoseqiang
A weapon	mengzhayao
A weapon	minghuoqiang
A weapon	niaoqiang
A weapon	paijipao
A weapon	paodan
A weapon	peijian
A weapon	penhuoqi
A weapon	penshetong
A weapon	putaodan
A weapon	putongzhadan
A weapon	qiang
A weapon	qiangdan
A weapon	qiangliudan
A weapon	qiangpao
A weapon	qichezhadan
A weapon	qingdan
A weapon	qingjiqiang
A weapon	qiqiang
A weapon	qiqiuzhadan
A weapon	qiubang
A weapon	qiupai
A weapon	quantiguyuan
A weapon	qushepao
A weapon	ranshaodan
A weapon	redaodaodan
A weapon	renyuan
A weapon	shashangzhadan
A weapon	shenghuawuqi
A weapon	shengwuwuqi
A weapon	shenshuizhadan
A weapon	shi
A weapon	shougong
A weapon	shouliudan
A weapon	shouqiang
A weapon	shuxinzhadan
A weapon	suifaqiang
A weapon	suoman
A weapon	tabeng
A weapon	tankedapao
A weapon	tielianhua
A weapon	toushiji
A weapon	toushiqi
A weapon	tujibuqiang
A weapon	wandao
A weapon	wanxingdadao
A weapon	wulingjiqiang
A weapon	wuqi
A weapon	wuqizhuangbei
A weapon	wuzhuang
A weapon	xiaoqiqiang
A weapon	xiaozhadan
A weapon	xilahuoyao
A weapon	xunhangdaodan
A weapon	yezhanpao
A weapon	yuangong
A weapon	yuantoubang
A weapon	yuanzidan
A weapon	yubiao
A weapon	yucha
A weapon	yunzaihuojian
A weapon	zhadan
A weapon	zhadanjuwuba
A weapon	zhanggong
A weapon	zhangpao
A weapon	zhaodunzhadan
A weapon	zhayao
A weapon	zhidaodaodan
A weapon	zhihuibang
A weapon	zhijietonghuan
A weapon	zhijietongtao
A weapon	zhongjian
A weapon	zhonglizhadan
A weapon	zhongpao
A weapon	zidan
A weapon	zidongbuqiang
A weapon	zidonghuoqi
A weapon	zidongwuqi
A game	bangqiu
A game	bangqiubisai
A game	bisai
A game	caodiwangqiu
A game	diaoxiang
A game	fayanquan
A game	feipan
A game	fengxian
A game	ganlanqiu
A game	gaoerfuqiu
A game	gongzuoshijian
A game	jieti
A game	juedingquan
A game	lanqiu
A game	lanqiubisai
A game	longduan
A game	maoxian
A game	meishizuqiu
A game	qiao
A game	qiaoliang
A game	qiuleiyundong
A game	she
A game	shoupi
A game	suxiang
A game	taiteli
A game	tizi
A game	wangqiu
A game	weixian
A game	weixianzhiyuan
A game	xishuai
A game	yanmo
A game	yingshizuqiu
A game	yiwang
A game	youxi
A game	yundongbisai
A game	zhanjian
A game	zhanliejian
A game	zimiyouxi
A game	zuqiu
A dessert or sweet treat	binggan
A dessert or sweet treat	binggao
A dessert or sweet treat	bingqilin
A dessert or sweet treat	buding
A dessert or sweet treat	canhoutiandian
A dessert or sweet treat	dangao
A dessert or sweet treat	dianxin
A dessert or sweet treat	fengmi
A dessert or sweet treat	geshanqiao
A dessert or sweet treat	guojiang
A dessert or sweet treat	huan
A dessert or sweet treat	huanzhuangwu
A dessert or sweet treat	huixiangquqi
A dessert or sweet treat	kuaijun
A dessert or sweet treat	kuaizhuangwu
A dessert or sweet treat	ouyagancao
A dessert or sweet treat	pai
A dessert or sweet treat	pingguobing
A dessert or sweet treat	pingguodong
A dessert or sweet treat	pingguojiang
A dessert or sweet treat	pingguopai
A dessert or sweet treat	qiaokeli
A dessert or sweet treat	songlu
A dessert or sweet treat	tiandian
A dessert or sweet treat	tianshi
A dessert or sweet treat	tianshidangao
A dessert or sweet treat	wuliangtengguo
A dessert or sweet treat	xianbing
A dessert or sweet treat	xiaodianxin
A dessert or sweet treat	xiaotiandian
A dessert or sweet treat	xidian
A dessert or sweet treat	xingrenbing
A dessert or sweet treat	xingzibang
A dessert or sweet treat	xuegao
A dessert or sweet treat	yanggancao
A dessert or sweet treat	zhapingguobing
A dessert or sweet treat	zhouzhi
A dessert or sweet treat	zhugongjun
A dessert or sweet treat	zhuguli
A type of fish	ankang
A type of fish	ansegouyu
A type of fish	aozhoufeiyu
A type of fish	baibangouyu
A type of fish	baigui
A type of fish	baiguyu
A type of fish	bailu
A type of fish	baimeilu
A type of fish	baiqiyu
A type of fish	baitouwengyu
A type of fish	baixun
A type of fish	baiziyu
A type of fish	bajiaoyu
A type of fish	bandiancihetun
A type of fish	banheilu
A type of fish	banjiyu
A type of fish	banniyinjiwei
A type of fish	baochanyu
A type of fish	baofangfu
A type of fish	beimeigouyu
A type of fish	beisuoyu
A type of fish	beiwei
A type of fish	beiwenqiangyu
A type of fish	bianfuyu
A type of fish	bianjiao
A type of fish	biantounianyu
A type of fish	bimuyu
A type of fish	biyu
A type of fish	biyuke
A type of fish	buyu
A type of fish	caisedayanyu
A type of fish	chang
A type of fish	changcanyu
A type of fish	changshen
A type of fish	changyu
A type of fish	chanluanyu
A type of fish	chanyu
A type of fish	chidiao
A type of fish	chiyaping
A type of fish	chuandie
A type of fish	ciba
A type of fish	cidiao
A type of fish	cidieyu
A type of fish	cigaitaiyangyu
A type of fish	citun
A type of fish	ciweiyu
A type of fish	cuqiyu
A type of fish	dabimuyu
A type of fish	daeyu
A type of fish	dahailian
A type of fish	dahailu
A type of fish	daiwengouyu
A type of fish	daiyu
A type of fish	dakoufangshilu
A type of fish	dakouheilu
A type of fish	dalindamahayu
A type of fish	dalingping
A type of fish	damahayu
A type of fish	danqibajiaoyu
A type of fish	danqixue
A type of fish	danqiyu
A type of fish	dantuyu
A type of fish	danxufeiyu
A type of fish	dashibanyu
A type of fish	datouxue
A type of fish	datouyu
A type of fish	datouyulei
A type of fish	daxiyangfei
A type of fish	daxiyangfufen
A type of fish	daxiyanggui
A type of fish	daxiyangguiyu
A type of fish	daxiyangmajiao
A type of fish	daxiyangqiyu
A type of fish	daxiyangxue
A type of fish	daxu
A type of fish	dayandiao
A type of fish	dayanlanlu
A type of fish	dayanshilu
A type of fish	dayingqingyu
A type of fish	denglongyu
A type of fish	diannian
A type of fish	diao
A type of fish	dicengyu
A type of fish	didiao
A type of fish	didiaoyu
A type of fish	diqiyu
A type of fish	douniangyu
A type of fish	duanwensishen
A type of fish	dufuyu
A type of fish	dujibaochanyu
A type of fish	duojidanxianyu
A type of fish	duojulu
A type of fish	duoyu
A type of fish	fanchetun
A type of fish	fancheyu
A type of fish	fangchuisi
A type of fish	fangfu
A type of fish	fangfuyu
A type of fish	fangqiyu
A type of fish	fangtouyu
A type of fish	fangweizun
A type of fish	fangyu
A type of fish	fanxiyu
A type of fish	fei
A type of fish	feikeyu
A type of fish	feinijian
A type of fish	feishiyongyu
A type of fish	feiyu
A type of fish	feiyulei
A type of fish	feizaoyu
A type of fish	fengweiyu
A type of fish	fujiping
A type of fish	gaoqididiao
A type of fish	gaoqishishouyu
A type of fish	gaosugonglu
A type of fish	gongbudiaodeyu
A type of fish	gongqiyu
A type of fish	gouxue
A type of fish	gouyu
A type of fish	guandie
A type of fish	guangshu
A type of fish	guangxian
A type of fish	guanmaowei
A type of fish	gui
A type of fish	guiyamudiyu
A type of fish	guiyu
A type of fish	guizunyu
A type of fish	gushichangshen
A type of fish	guyanyu
A type of fish	haiji
A type of fish	haikuiyu
A type of fish	hailian
A type of fish	hailu
A type of fish	haiman
A type of fish	haimanzhilei
A type of fish	hainian
A type of fish	haishan
A type of fish	haixiang
A type of fish	haixue
A type of fish	haizun
A type of fish	heidiao
A type of fish	heihailu
A type of fish	heihui
A type of fish	heikoujianyalu
A type of fish	heilu
A type of fish	heiqiangyu
A type of fish	heixianxue
A type of fish	helu
A type of fish	heman
A type of fish	hetun
A type of fish	hezonghui
A type of fish	hezun
A type of fish	hongdamahayu
A type of fish	hongdiangui
A type of fish	hongliandeng
A type of fish	honglu
A type of fish	hongseshiyu
A type of fish	hongzun
A type of fish	houhetengyu
A type of fish	houpanyu
A type of fish	huangdaiyu
A type of fish	huanglu
A type of fish	huangshen
A type of fish	huangweishi
A type of fish	huating
A type of fish	hubaigui
A type of fish	hudieyu
A type of fish	huguayu
A type of fish	huhongdiangui
A type of fish	huididiao
A type of fish	huifuzhiping
A type of fish	huigui
A type of fish	huiyu
A type of fish	hujian
A type of fish	jian
A type of fish	jianeyu
A type of fish	jiangxue
A type of fish	jianian
A type of fish	jianmenchidiao
A type of fish	jiantouhuaqing
A type of fish	jianwei
A type of fish	jianyu
A type of fish	jiaochiyu
A type of fish	jiaofujiping
A type of fish	jiaoxiangtun
A type of fish	jiayu
A type of fish	jilieyu
A type of fish	jilinsheqing
A type of fish	jilintun
A type of fish	jinlu
A type of fish	jinqiangyu
A type of fish	jinwei
A type of fish	jinyangyu
A type of fish	jinyuanyu
A type of fish	jiqimuyu
A type of fish	jiyu
A type of fish	jugaiyu
A type of fish	juncaoyu
A type of fish	juyou
A type of fish	juzhili
A type of fish	kangjiman
A type of fish	kawalamajiao
A type of fish	kouyuyu
A type of fish	kuaisudaolu
A type of fish	kuaisugonglu
A type of fish	kuiyu
A type of fish	laiyu
A type of fish	langyu
A type of fish	lanluyu
A type of fish	lantoujinyu
A type of fish	lanweihuidiao
A type of fish	lanyu
A type of fish	lieyongyu
A type of fish	lingping
A type of fish	lingyangdiao
A type of fish	linshi
A type of fish	lintun
A type of fish	liuhuadeyu
A type of fish	liuxianyu
A type of fish	liuxunian
A type of fish	liyukeyu
A type of fish	longtouyu
A type of fish	longyu
A type of fish	lubilu
A type of fish	lukezhiyu
A type of fish	luluowei
A type of fish	luobiyu
A type of fish	luofeiyushu
A type of fish	luxingyamuyu
A type of fish	luxue
A type of fish	luyou
A type of fish	luyu
A type of fish	mabakeyu
A type of fish	madingniyangyu
A type of fish	majiaoyu
A type of fish	malinyu
A type of fish	mandeyoumiao
A type of fish	manyu
A type of fish	maolingyukeyu
A type of fish	maoweiyu
A type of fish	mashen
A type of fish	meigaoqi
A type of fish	meizhoubaixun
A type of fish	meizhoudufuyu
A type of fish	meizhouhuguayu
A type of fish	meizhouhui
A type of fish	meizhounianyu
A type of fish	meizhoushi
A type of fish	meizhouweimao
A type of fish	meizhouxifei
A type of fish	menchidiao
A type of fish	mianwei
A type of fish	mobanyaping
A type of fish	nanjishishouyu
A type of fish	nian
A type of fish	nianxingmu
A type of fish	nianyu
A type of fish	niluoluofeiyu
A type of fish	ningmengsheta
A type of fish	nixifei
A type of fish	oubaigui
A type of fish	oudie
A type of fish	ouzhoujiangdie
A type of fish	ouzhoumianwei
A type of fish	ouzhouta
A type of fish	ouzhouti
A type of fish	panlu
A type of fish	pingyou
A type of fish	qiangjiyu
A type of fish	qiangyu
A type of fish	qing
A type of fish	qinglu
A type of fish	qingxue
A type of fish	qingyamuyu
A type of fish	qingyanyu
A type of fish	qiqing
A type of fish	qiqiu
A type of fish	qiqiuke
A type of fish	qixuwei
A type of fish	qiyu
A type of fish	quediao
A type of fish	sanweiyu
A type of fish	sanwenyu
A type of fish	shadingyu
A type of fish	shanaoyu
A type of fish	shaojiaowu
A type of fish	shasundie
A type of fish	shata
A type of fish	shayu
A type of fish	shebeiwei
A type of fish	shen
A type of fish	shenhaiyouyu
A type of fish	sheqing
A type of fish	sheqingyu
A type of fish	sheshuiyu
A type of fish	sheta
A type of fish	shexian
A type of fish	shi
A type of fish	shibanyu
A type of fish	shilu
A type of fish	shilushu
A type of fish	shiluyu
A type of fish	shimeiren
A type of fish	shirenyu
A type of fish	shishouyu
A type of fish	shiwenxun
A type of fish	shiwobiaolu
A type of fish	shiyongyu
A type of fish	shiyongyulei
A type of fish	shiyu
A type of fish	shiziyu
A type of fish	shuangxufeiyu
A type of fish	shuihuyu
A type of fish	shuiyushu
A type of fish	shuizhenyu
A type of fish	siqiqiyu
A type of fish	songdiao
A type of fish	suo
A type of fish	suoyu
A type of fish	suoyulei
A type of fish	suoziyu
A type of fish	taipingyangfei
A type of fish	taiyangyu
A type of fish	taiyu
A type of fish	tianzhudiao
A type of fish	tiaowenshiyi
A type of fish	tiaoyu
A type of fish	tidaoyu
A type of fish	tiyu
A type of fish	tongpingyou
A type of fish	tun
A type of fish	tunyu
A type of fish	tuobanmajiao
A type of fish	tuyadiao
A type of fish	waixieshi
A type of fish	wapianyu
A type of fish	wayangui
A type of fish	weiyu
A type of fish	wuyu
A type of fish	xiahuyu
A type of fish	xiangtun
A type of fish	xiangyu
A type of fish	xianwei
A type of fish	xiaofeiyu
A type of fish	xiaokouheilu
A type of fish	xiaolianyu
A type of fish	xiaoqixue
A type of fish	xiaotouyoudie
A type of fish	xiaoyu
A type of fish	xiaozhou
A type of fish	xibanyajiaoyu
A type of fish	xifei
A type of fish	xihongdiangui
A type of fish	xilinhuguayu
A type of fish	xilinyuanshen
A type of fish	xionggui
A type of fish	xiweidaiyu
A type of fish	xixushishouyu
A type of fish	xiyu
A type of fish	xue
A type of fish	xuekedeyu
A type of fish	xueyu
A type of fish	xueyudeyouyu
A type of fish	xueyulei
A type of fish	xunyu
A type of fish	yangdiao
A type of fish	yangtouludiao
A type of fish	yangyu
A type of fish	yanhailu
A type of fish	yanshibanyu
A type of fish	yanwei
A type of fish	yanyangyu
A type of fish	yanyu
A type of fish	yanzhiyu
A type of fish	yaping
A type of fish	yaxue
A type of fish	yilinsheqing
A type of fish	yinbanyu
A type of fish	yindamahayu
A type of fish	yingguyu
A type of fish	yinglinyu
A type of fish	yingshishouyu
A type of fish	yingzuiyu
A type of fish	yinhankeyu
A type of fish	yinhanyulei
A type of fish	yinheyu
A type of fish	yinlu
A type of fish	yinwuxuxue
A type of fish	yinyu
A type of fish	yiyu
A type of fish	yizhongredaiyu
A type of fish	yongdie
A type of fish	yongyu
A type of fish	youfei
A type of fish	yougui
A type of fish	youkeyu
A type of fish	youman
A type of fish	youwei
A type of fish	youxue
A type of fish	youyu
A type of fish	yuanqiyu
A type of fish	yuanqiyukedeyu
A type of fish	yuanshen
A type of fish	yueshen
A type of fish	yueyu
A type of fish	yuhemu
A type of fish	yujinyu
A type of fish	yulei
A type of fish	yumiao
A type of fish	yurou
A type of fish	yuzhenkeyu
A type of fish	zhangchiyu
A type of fish	zhangeyu
A type of fish	zhangshechiyu
A type of fish	zhangweixue
A type of fish	zhangzuiyu
A type of fish	zhanshengyu
A type of fish	zhendiao
A type of fish	zhengqing
A type of fish	zhenzhuyu
A type of fish	zhili
A type of fish	zhilihujian
A type of fish	zhoushi
A type of fish	zhubaigui
A type of fish	zhudaoyu
A type of fish	zhuichuanyu
A type of fish	zhujiayu
A type of fish	zhusetidaoyu
A type of fish	zhuyu
A type of fish	ziyu
A type of fish	zongqiyu
A type of fish	zun
A container	aibei
A container	anquanqinang
A container	bao
A container	baoguo
A container	baonang
A container	baoxianqidai
A container	baoxianxiang
A container	bei
A container	beibao
A container	beinang
A container	beizi
A container	bianpen
A container	bianpingxiang
A container	biao
A container	biaodai
A container	biaozi
A container	bichu
A container	bingdai
A container	bingganguan
A container	bingku
A container	boli
A container	bolichu
A container	boliyugang
A container	budai
A container	buruping
A container	changhe
A container	chayehe
A container	chouti
A container	chugui
A container	chuliaoqi
A container	congjiashui
A container	cumabudai
A container	cumo
A container	dabantiaoxiang
A container	dabao
A container	dabei
A container	daduhu
A container	daguo
A container	dai
A container	daizi
A container	dajiubei
A container	dajiuping
A container	dajiutong
A container	danyaoxiang
A container	dapen
A container	dapipatong
A container	daqiguo
A container	dashoutibao
A container	datong
A container	daxingjiuping
A container	dengxincaolou
A container	dewashaoping
A container	dianjiecao
A container	diaotong
A container	fanbubeibao
A container	fanhe
A container	feiwuxiang
A container	fenhe
A container	fuguolu
A container	fuzhuguolu
A container	gan
A container	ganguo
A container	gaoerfuqiudai
A container	gaojiaobei
A container	gaoyaguo
A container	gaoyamiejunqi
A container	gaoyaxiaoduguo
A container	gongjuxiang
A container	gongshibao
A container	gongwenbao
A container	gongwenxiang
A container	guan
A container	guancai
A container	guangkouping
A container	guangkourongqi
A container	guantou
A container	guanzi
A container	gui
A container	guizi
A container	guo
A container	guojiangping
A container	guolu
A container	guwuwan
A container	helandunguo
A container	hezi
A container	houdai
A container	houyaobao
A container	huazhuanghe
A container	huijiangtong
A container	huimin
A container	huishadou
A container	hulu
A container	huluhu
A container	huochaihe
A container	jialun
A container	jiaopen
A container	jiaoruqi
A container	jiasuo
A container	jiazhuangxiang
A container	jichendai
A container	jilikesitaobei
A container	jimiwenjiandai
A container	jingshenpen
A container	jiu
A container	jiuhu
A container	jiunang
A container	jizhuangxiang
A container	kafeibei
A container	kafeiguan
A container	kafeihu
A container	kepositaoping
A container	koudai
A container	kuangzi
A container	lajidai
A container	lajitong
A container	lajixiang
A container	lanzi
A container	liutiaolan
A container	lizi
A container	luxingbao
A container	luxingdai
A container	madai
A container	makoutieqi
A container	maohe
A container	meicang
A container	meiku
A container	meiqiguan
A container	meishengping
A container	mianbaolan
A container	mianfenrongqi
A container	mingpianhe
A container	momingyueqi
A container	moshuichi
A container	moshuiping
A container	mozhiyueqi
A container	mutong
A container	muzhixiaotong
A container	naiping
A container	naitong
A container	niaoyuchi
A container	niaozaopen
A container	niunaiguan
A container	pan
A container	panzi
A container	paodan
A container	pen
A container	pengrenguo
A container	piao
A container	piaoxiang
A container	pibao
A container	pijiubei
A container	pijiuguan
A container	pijiuping
A container	pijiutong
A container	ping
A container	pingdiguo
A container	pingzi
A container	qianbao
A container	qiandai
A container	qiangguan
A container	qiangtao
A container	qianmiaochuang
A container	qianxiang
A container	qimin
A container	qinang
A container	qingkuang
A container	qingxipen
A container	qitifenyeguan
A container	rengongshuichi
A container	reyupen
A container	rongguan
A container	rongqi
A container	shaoping
A container	shengcanbei
A container	shengtijia
A container	shengtixia
A container	shiban
A container	shili
A container	shipinhe
A container	shipinzahuodai
A container	shiwudai
A container	shiwulan
A container	shoudai
A container	shoukao
A container	shouliedai
A container	shouqiangpitao
A container	shoushihe
A container	shoutibao
A container	shoutilan
A container	shoutixiang
A container	shoutixingli
A container	shouyinji
A container	shuangbingbei
A container	shuangerping
A container	shubao
A container	shufuwu
A container	shugan
A container	shuicao
A container	shuihu
A container	shuipen
A container	shuitang
A container	shuitong
A container	shuixiang
A container	suogui
A container	tan
A container	tanke
A container	tankeche
A container	tiaoweiping
A container	tingtou
A container	tong
A container	toupiaoxiang
A container	tuopan
A container	tuzhijiuhu
A container	wadou
A container	waguan
A container	waijiaoyoudai
A container	wan
A container	wangui
A container	wanitong
A container	wanzhuangbao
A container	wenshujia
A container	wushuikeng
A container	wushuishenjing
A container	xiandan
A container	xiang
A container	xianglong
A container	xianglu
A container	xiangyanhe
A container	xiangzi
A container	xianjinchunaji
A container	xiaobudai
A container	xiaocezi
A container	xiaoguan
A container	xiaohe
A container	xiaohezi
A container	xiaohu
A container	xiaojiuping
A container	xiaomutong
A container	xiaotong
A container	xijiaopen
A container	xijingdatan
A container	xijingping
A container	xilipen
A container	xilisuo
A container	xiliyongtong
A container	xinfeng
A container	xingli
A container	xinglidai
A container	xingnang
A container	xinxiang
A container	xiong
A container	xiongbu
A container	xiongdai
A container	xiongqiang
A container	xiongtang
A container	xishouwan
A container	xiyanbei
A container	xuejiahe
A container	xushuichi
A container	yanbo
A container	yangyugang
A container	yibeideliang
A container	yingmudajiuwan
A container	yingzhihe
A container	yinliaoping
A container	yinshuiqi
A container	yitongdeliang
A container	yixiang
A container	yixiaotong
A container	youdai
A container	youdidai
A container	youxiang
A container	yuantong
A container	yugang
A container	yunshidai
A container	yupen
A container	zaopen
A container	zengzhishui
A container	zhangbingbei
A container	zhangbingshao
A container	zhengliufu
A container	zhengliuguan
A container	zhengliuqi
A container	zhengqiguolu
A container	zhengzhuqi
A container	zhibei
A container	zhigu
A container	zhihe
A container	zhinengceban
A container	zhuadou
A container	zhuandou
A container	zhuangyilan
A container	zhuannidou
A container	zhubaoxiang
A container	zhucangxiang
A container	zhujieqi
A container	zhujiubei
A container	zhushuiqi
A container	zuoyupan
A container	zuoyutong
A shape	aocao
A shape	aochu
A shape	aoduobianxing
A shape	aoduomianxing
A shape	aohen
A shape	aokou
A shape	aomian
A shape	aoruchu
A shape	aoxian
A shape	aoxing
A shape	aozhuang
A shape	babianxing
A shape	bajiaoxing
A shape	bamianti
A shape	banqiu
A shape	banyuan
A shape	banyuanwu
A shape	banyuanxing
A shape	beizhuang
A shape	beizixing
A shape	benlun
A shape	bolang
A shape	chang
A shape	changdi
A shape	changfangti
A shape	changfangxing
A shape	changyuanxing
A shape	chaohuanmian
A shape	chaohuanmianti
A shape	chidao
A shape	chongkuichu
A shape	dian
A shape	diaochu
A shape	duobianxing
A shape	duojiaoxing
A shape	duomianti
A shape	erciquxian
A shape	ershimianti
A shape	fangkuai
A shape	fangxing
A shape	fangxingwu
A shape	fanwei
A shape	fengxi
A shape	gaiyin
A shape	gou
A shape	huan
A shape	huanmian
A shape	huanmianwu
A shape	huanzhuangwu
A shape	humian
A shape	jiajintiao
A shape	jiajinzhuan
A shape	jianduan
A shape	jianliwu
A shape	jiantou
A shape	jiantoufuhao
A shape	jianzhuangwu
A shape	jiaozhu
A shape	jiaozhui
A shape	jiaozhuiti
A shape	jiaozhuixing
A shape	jiapu
A shape	jie
A shape	jiejie
A shape	jietouti
A shape	jinhuafenzhitu
A shape	jinshuquan
A shape	jiubianxing
A shape	juan
A shape	juxing
A shape	juxingti
A shape	kaisuncao
A shape	kehen
A shape	leidizhuangwu
A shape	leizhuangwu
A shape	lengzhu
A shape	lengzhui
A shape	lengzhuiti
A shape	liefeng
A shape	liekou
A shape	liewen
A shape	liexi
A shape	lifangti
A shape	lingmianti
A shape	lingsheng
A shape	lingxing
A shape	lingxingti
A shape	lingyu
A shape	lingzhuti
A shape	liti
A shape	liu
A shape	liujiaoxing
A shape	liumianti
A shape	liuxianxing
A shape	luanxingwu
A shape	luoxian
A shape	luoxuan
A shape	luoxuanxian
A shape	luoxuanxing
A shape	moguquan
A shape	neixin
A shape	nizhuti
A shape	nongzhongtou
A shape	paowumian
A shape	paowuxian
A shape	pengzhang
A shape	pengzhangbufen
A shape	pingjietouti
A shape	pingmiantuxing
A shape	qibianxing
A shape	qieji
A shape	qiuzhuangti
A shape	quanxian
A shape	quxian
A shape	rouzhui
A shape	sanjiao
A shape	sanjiaoxing
A shape	sanjiaozhu
A shape	sanlingzhu
A shape	sanxingfuhao
A shape	shanxing
A shape	she
A shape	shengmingxian
A shape	shetou
A shape	shibianxing
A shape	shierbianxing
A shape	shierjiaoxing
A shape	shiermianti
A shape	shijiaoxing
A shape	shimianti
A shape	shiyibianxing
A shape	shizijia
A shape	shuangquxian
A shape	shuxingtu
A shape	sibianxing
A shape	sijiaoxing
A shape	sijiaozhu
A shape	simianti
A shape	tezheng
A shape	tiandi
A shape	tiaohen
A shape	tiaowen
A shape	tixing
A shape	touzhuangtuqi
A shape	tuchu
A shape	tuchubufen
A shape	tuduobianxing
A shape	tuduomianxing
A shape	tumian
A shape	tuomian
A shape	tuoqiu
A shape	tuoyuan
A shape	tuoyuanti
A shape	tuoyuanxing
A shape	tuqi
A shape	tuqibufen
A shape	tuqiwu
A shape	tuzhuang
A shape	weiao
A shape	weibu
A shape	weiduan
A shape	wenyang
A shape	wujiaoxing
A shape	wujiaoxingxing
A shape	wumangxingxing
A shape	wumianti
A shape	xiachui
A shape	xiajiang
A shape	xiantiao
A shape	xiaoaoxian
A shape	xiaobandian
A shape	xiaokuai
A shape	xiaopo
A shape	xiaoquan
A shape	xiaozhongkuai
A shape	xiefangxing
A shape	xiesanjiaoxing
A shape	xikou
A shape	xin
A shape	xingbiao
A shape	xingxing
A shape	xingxingwu
A shape	xingzhang
A shape	xinxing
A shape	xinxingwu
A shape	xinyuexing
A shape	xuepo
A shape	yahen
A shape	yanjiaozhouwen
A shape	yinhen
A shape	yinji
A shape	yipi
A shape	you
A shape	yuandian
A shape	yuanding
A shape	yuanpanxing
A shape	yuanpingmian
A shape	yuanzhu
A shape	yuanzhuiquxian
A shape	yuanzhuti
A shape	zaoxing
A shape	zhengbamianti
A shape	zhengduomianti
A shape	zhengfangxing
A shape	zhengsimianti
A shape	zhizixing
A shape	zhongweixian
A shape	zhou
A shape	zhoumei
A shape	zhouwen
A shape	zhouzhe
A shape	zhouzhuang
A shape	zhu
A shape	zhuixingwu
A shape	zhuti
A shape	zuanshi
A herb or spice	aigua
A herb or spice	aiguocao
A herb or spice	aisaiebiyajiao
A herb or spice	alabohuixiang
A herb or spice	anxihuixiang
A herb or spice	asibate
A herb or spice	asibatiantang
A herb or spice	awei
A herb or spice	aweijiao
A herb or spice	bagufeng
A herb or spice	baicao
A herb or spice	baichen
A herb or spice	baigansun
A herb or spice	baihuamabohe
A herb or spice	bailixiang
A herb or spice	baiqucai
A herb or spice	baixian
A herb or spice	baizhi
A herb or spice	bajiao
A herb or spice	bajiaodahui
A herb or spice	bajiaohuixiang
A herb or spice	bajiaoxiang
A herb or spice	bajiaozhu
A herb or spice	bandianhua
A herb or spice	bangchuicao
A herb or spice	bangtouzhu
A herb or spice	bangzhutouhua
A herb or spice	baodanggui
A herb or spice	baogaicao
A herb or spice	baohexiangzhi
A herb or spice	bawangbian
A herb or spice	baxili
A herb or spice	bayuezhu
A herb or spice	bazhongmu
A herb or spice	beidahuang
A herb or spice	beihua
A herb or spice	beikehua
A herb or spice	beimeichanbohe
A herb or spice	beimeicheqian
A herb or spice	biancao
A herb or spice	biandaxiuqiu
A herb or spice	biandou
A herb or spice	bidou
A herb or spice	bilukuzhi
A herb or spice	bingfen
A herb or spice	bohe
A herb or spice	boheshuzhiwu
A herb or spice	bohuixiang
A herb or spice	boluo
A herb or spice	boyedahuang
A herb or spice	buchongjin
A herb or spice	budiaohua
A herb or spice	buxuecao
A herb or spice	buyingcao
A herb or spice	caibaoxiangcao
A herb or spice	caidou
A herb or spice	caijiao
A herb or spice	caiyecao
A herb or spice	candou
A herb or spice	cao
A herb or spice	caodishuweicao
A herb or spice	caomei
A herb or spice	caoteng
A herb or spice	caoxiangwandou
A herb or spice	caoyuanmabohe
A herb or spice	changshengguo
A herb or spice	chaocai
A herb or spice	chaodou
A herb or spice	chen
A herb or spice	cheqiancao
A herb or spice	chibajiang
A herb or spice	chixiaodou
A herb or spice	chiyanlaomucao
A herb or spice	chongwei
A herb or spice	choucai
A herb or spice	chouhui
A herb or spice	chouxiazhicao
A herb or spice	chuanbaizhi
A herb or spice	chuandou
A herb or spice	chuanjianghuo
A herb or spice	chuanxuduan
A herb or spice	cicao
A herb or spice	ciguomuxu
A herb or spice	ciqiner
A herb or spice	ciqinshuzhiwu
A herb or spice	citiandong
A herb or spice	cujiangcao
A herb or spice	dacangjiaodian
A herb or spice	dachaocai
A herb or spice	dacheqian
A herb or spice	dacheqiancao
A herb or spice	dadou
A herb or spice	dafandou
A herb or spice	dafeigen
A herb or spice	daguotianjing
A herb or spice	daheitoucao
A herb or spice	dahuang
A herb or spice	dahuangyao
A herb or spice	dahuixiang
A herb or spice	dahuixiangzi
A herb or spice	daidou
A herb or spice	daliao
A herb or spice	damaoye
A herb or spice	danggui
A herb or spice	dangyao
A herb or spice	daodou
A herb or spice	daodoujiao
A herb or spice	daotihu
A herb or spice	daqiansheng
A herb or spice	dashuitianqi
A herb or spice	dasuan
A herb or spice	datouhua
A herb or spice	daxingqin
A herb or spice	dayacao
A herb or spice	dayebohe
A herb or spice	dayecheqian
A herb or spice	dayeqin
A herb or spice	dazha
A herb or spice	dazicao
A herb or spice	denglongcao
A herb or spice	denglongguo
A herb or spice	denglongjiao
A herb or spice	denglongtou
A herb or spice	dianjia
A herb or spice	diaocaizi
A herb or spice	diaozhonghua
A herb or spice	didou
A herb or spice	diguaermiao
A herb or spice	dihuajiao
A herb or spice	dijiao
A herb or spice	diluoai
A herb or spice	dimei
A herb or spice	dimucao
A herb or spice	disunzhiwu
A herb or spice	ditansaiyama
A herb or spice	dixue
A herb or spice	diyu
A herb or spice	dizao
A herb or spice	dongshaozi
A herb or spice	doubancai
A herb or spice	doubanlucao
A herb or spice	doujiao
A herb or spice	duanguohuiqin
A herb or spice	ducanjia
A herb or spice	dui
A herb or spice	dunyesuanmo
A herb or spice	duohuacaidou
A herb or spice	duoxiangguofen
A herb or spice	duoxiangguoshu
A herb or spice	dupingguo
A herb or spice	duyaocao
A herb or spice	duyucao
A herb or spice	ecan
A herb or spice	edou
A herb or spice	ercaoshu
A herb or spice	erduohong
A herb or spice	erruizisu
A herb or spice	eryesuonacao
A herb or spice	fanbaizhi
A herb or spice	fandou
A herb or spice	fangcao
A herb or spice	fangencao
A herb or spice	fangxiang
A herb or spice	fanjiao
A herb or spice	fanqie
A herb or spice	fanyansui
A herb or spice	fengcao
A herb or spice	fengli
A herb or spice	fengluncai
A herb or spice	fengma
A herb or spice	fengmi
A herb or spice	fengweiyujiang
A herb or spice	fengxiangzhi
A herb or spice	fenshu
A herb or spice	fudan
A herb or spice	fudou
A herb or spice	fulehua
A herb or spice	fuli
A herb or spice	fuluhua
A herb or spice	fulukao
A herb or spice	fuyi
A herb or spice	fuzhoucaomei
A herb or spice	fuzuo
A herb or spice	fuzuocao
A herb or spice	gaomalijin
A herb or spice	geluzi
A herb or spice	genshao
A herb or spice	geyujin
A herb or spice	goushihua
A herb or spice	goushilanhua
A herb or spice	goushiluobo
A herb or spice	gouyingcao
A herb or spice	guaerdou
A herb or spice	guajindeng
A herb or spice	guanggucao
A herb or spice	guangsanqi
A herb or spice	guanjin
A herb or spice	guapijiaocao
A herb or spice	guiyujian
A herb or spice	guniang
A herb or spice	guniao
A herb or spice	guniucao
A herb or spice	guoadou
A herb or spice	guodou
A herb or spice	haiercao
A herb or spice	haijiao
A herb or spice	haimianbao
A herb or spice	haisuocao
A herb or spice	haiwan
A herb or spice	haiyangzhilu
A herb or spice	haiyu
A herb or spice	haiyuzhiwu
A herb or spice	hanbaoouqin
A herb or spice	handou
A herb or spice	hangbaizhi
A herb or spice	hanjinlian
A herb or spice	haozao
A herb or spice	hebaodou
A herb or spice	hebenkezhiwu
A herb or spice	heihujiao
A herb or spice	heilangdang
A herb or spice	heixianmu
A herb or spice	hejiashicao
A herb or spice	helanbiaoniuer
A herb or spice	helanbohe
A herb or spice	helandou
A herb or spice	helanqin
A herb or spice	heliandou
A herb or spice	honggencao
A herb or spice	hongguniang
A herb or spice	honghuaai
A herb or spice	honghuacaidou
A herb or spice	honghuafangen
A herb or spice	honghuayimucao
A herb or spice	honghuomaocao
A herb or spice	hongmei
A herb or spice	hongshigen
A herb or spice	hongtiaozicao
A herb or spice	hongzicao
A herb or spice	huacong
A herb or spice	hualijingtian
A herb or spice	huamuxu
A herb or spice	huan
A herb or spice	huangdaodou
A herb or spice	huangdidou
A herb or spice	huangdou
A herb or spice	huanghuacai
A herb or spice	huanghuamuxu
A herb or spice	huanghuayancao
A herb or spice	huangli
A herb or spice	huangmuxu
A herb or spice	huangniudan
A herb or spice	huangpingzicao
A herb or spice	huangrangshu
A herb or spice	huangxiangcao
A herb or spice	huangyao
A herb or spice	huarenshuzhiwu
A herb or spice	huasheng
A herb or spice	huayancao
A herb or spice	hucai
A herb or spice	hudou
A herb or spice	huercao
A herb or spice	huigudou
A herb or spice	huihuoxiang
A herb or spice	huixiang
A herb or spice	hujiao
A herb or spice	hujiaobohe
A herb or spice	huluba
A herb or spice	huluoboqi
A herb or spice	huma
A herb or spice	huobalian
A herb or spice	huochui
A herb or spice	huojuhua
A herb or spice	huomacao
A herb or spice	huoxiangji
A herb or spice	huoxuecao
A herb or spice	huweibian
A herb or spice	huweihua
A herb or spice	jiadou
A herb or spice	jialongtouhua
A herb or spice	jiamaodihuang
A herb or spice	jiang
A herb or spice	jiangdou
A herb or spice	jiangzhi
A herb or spice	jianqing
A herb or spice	jianyelan
A herb or spice	jiaobohe
A herb or spice	jiaodou
A herb or spice	jiaohuma
A herb or spice	jiaoma
A herb or spice	jiasuanjiang
A herb or spice	jicai
A herb or spice	jidou
A herb or spice	jiegucao
A herb or spice	jiejiehan
A herb or spice	jindeng
A herb or spice	jindenglong
A herb or spice	jindou
A herb or spice	jingchangcao
A herb or spice	jingjie
A herb or spice	jingtian
A herb or spice	jinjiadou
A herb or spice	jinquehua
A herb or spice	jinshantianqi
A herb or spice	jinsiheye
A herb or spice	jinzhong
A herb or spice	jinzisu
A herb or spice	jiulongtuzhu
A herb or spice	jizhaocan
A herb or spice	juechuang
A herb or spice	juhecao
A herb or spice	jujucao
A herb or spice	juruoshu
A herb or spice	juweibohe
A herb or spice	kangfuli
A herb or spice	kedou
A herb or spice	kuandong
A herb or spice	kuanyecaidou
A herb or spice	kucao
A herb or spice	kudicao
A herb or spice	kudou
A herb or spice	kue
A herb or spice	kuiyedahuang
A herb or spice	kuncao
A herb or spice	kuoyecheqian
A herb or spice	kuyebaizhi
A herb or spice	lajiao
A herb or spice	lamuteng
A herb or spice	lanbuqun
A herb or spice	langdang
A herb or spice	langdangshi
A herb or spice	langdangzi
A herb or spice	lanhuacan
A herb or spice	lanhuayan
A herb or spice	lanji
A herb or spice	lanluhu
A herb or spice	lanshuweicao
A herb or spice	lanxiang
A herb or spice	lanxiangzi
A herb or spice	laodou
A herb or spice	laoguancao
A herb or spice	laoguanjin
A herb or spice	laoguanzui
A herb or spice	laohucao
A herb or spice	laohuxu
A herb or spice	laoniujin
A herb or spice	laoyazui
A herb or spice	lazhuqiancao
A herb or spice	lazi
A herb or spice	liaopingcao
A herb or spice	limadou
A herb or spice	lindishuisu
A herb or spice	lingquanhua
A herb or spice	lingxiangcao
A herb or spice	liujiaoying
A herb or spice	liulanxiang
A herb or spice	liuliju
A herb or spice	liuyuegan
A herb or spice	lixingfanqie
A herb or spice	lizaoshuzhiwu
A herb or spice	lizhuyangyang
A herb or spice	longchuangcao
A herb or spice	longniuermiao
A herb or spice	longxucai
A herb or spice	longyacao
A herb or spice	longzhaodou
A herb or spice	loutaixiang
A herb or spice	ludou
A herb or spice	luhuaxin
A herb or spice	luhuaye
A herb or spice	lunyemalijin
A herb or spice	lunyewangsun
A herb or spice	luochuicao
A herb or spice	luohandou
A herb or spice	luohuasheng
A herb or spice	luole
A herb or spice	luolezi
A herb or spice	luosheng
A herb or spice	luosu
A herb or spice	luoxuanlizao
A herb or spice	lushidou
A herb or spice	lusun
A herb or spice	luyemaozhantai
A herb or spice	luzheng
A herb or spice	madoucao
A herb or spice	mai
A herb or spice	maidou
A herb or spice	maisuihuang
A herb or spice	maiwandou
A herb or spice	maixiaku
A herb or spice	malei
A herb or spice	malijin
A herb or spice	mandelacao
A herb or spice	manilama
A herb or spice	maobohe
A herb or spice	maocheqian
A herb or spice	maodihuang
A herb or spice	maodou
A herb or spice	maogaocai
A herb or spice	maoruihua
A herb or spice	maosuanjiang
A herb or spice	maoyeshaozi
A herb or spice	maoyewandou
A herb or spice	maozelan
A herb or spice	maqinzi
A herb or spice	mayucao
A herb or spice	mayuelancao
A herb or spice	mayulan
A herb or spice	mayulancao
A herb or spice	mazhangna
A herb or spice	meilimalijin
A herb or spice	meirenjiao
A herb or spice	meizhougancao
A herb or spice	menshixilincao
A herb or spice	miandou
A herb or spice	mianlinghua
A herb or spice	miao
A herb or spice	midiexiang
A herb or spice	midou
A herb or spice	mifenghua
A herb or spice	miguanzi
A herb or spice	mindanggui
A herb or spice	mingliezi
A herb or spice	mojiaolan
A herb or spice	moyushu
A herb or spice	mubenmuxu
A herb or spice	mucao
A herb or spice	mudishanlidou
A herb or spice	muxu
A herb or spice	muxucao
A herb or spice	muxushuzhiwu
A herb or spice	naidong
A herb or spice	nangehua
A herb or spice	nantianqi
A herb or spice	nianlaoguancao
A herb or spice	nidou
A herb or spice	niladou
A herb or spice	nimeiguobohe
A herb or spice	ninanjie
A herb or spice	ninanjiecai
A herb or spice	ningmengbohe
A herb or spice	niuercao
A herb or spice	niugucao
A herb or spice	niushecao
A herb or spice	niuwatou
A herb or spice	niuzhicao
A herb or spice	nuohuti
A herb or spice	oudanggui
A herb or spice	oudisun
A herb or spice	ouduhuo
A herb or spice	oufangfeng
A herb or spice	oulangdang
A herb or spice	ouqin
A herb or spice	ouxiazhicao
A herb or spice	ouxixin
A herb or spice	ouyagancao
A herb or spice	ouzhoucaomei
A herb or spice	ouzhouluobo
A herb or spice	ouzhoumoyaocao
A herb or spice	paixiangcao
A herb or spice	paopaocao
A herb or spice	pengpengxiang
A herb or spice	pengzicai
A herb or spice	pingguobohe
A herb or spice	pingzicao
A herb or spice	pingzicaolei
A herb or spice	pudibailixiang
A herb or spice	pulunielamaoge
A herb or spice	puqinluobo
A herb or spice	qiaomai
A herb or spice	qiezi
A herb or spice	qincailuobo
A herb or spice	qingcao
A herb or spice	qingcuiwandou
A herb or spice	qingdou
A herb or spice	qinglan
A herb or spice	qingui
A herb or spice	qingxiaodou
A herb or spice	qinjiao
A herb or spice	qirongcao
A herb or spice	qishu
A herb or spice	qixingjian
A herb or spice	qiyizi
A herb or spice	quwencao
A herb or spice	rucaoshuzhiwu
A herb or spice	saiyama
A herb or spice	sansuocao
A herb or spice	shanbohe
A herb or spice	shandahuang
A herb or spice	shangtianti
A herb or spice	shanhuanglian
A herb or spice	shanhujiao
A herb or spice	shanhuzhong
A herb or spice	shanjiao
A herb or spice	shanjinchehua
A herb or spice	shanmaihu
A herb or spice	shanqin
A herb or spice	shanqincai
A herb or spice	shansuanmo
A herb or spice	shansuzi
A herb or spice	shanwutong
A herb or spice	shanyan
A herb or spice	shanyangdou
A herb or spice	shanyangti
A herb or spice	shanzicao
A herb or spice	shasi
A herb or spice	shengnuguo
A herb or spice	shenxiangcao
A herb or spice	shexiangcao
A herb or spice	shicaoshu
A herb or spice	shichongzhiwu
A herb or spice	shidiaobai
A herb or spice	shiercao
A herb or spice	shiheye
A herb or spice	shijingtian
A herb or spice	shiluo
A herb or spice	shirouzhiwu
A herb or spice	shiyan
A herb or spice	shiyongbuguzhi
A herb or spice	shiziweiba
A herb or spice	shu
A herb or spice	shuibohe
A herb or spice	shuigouzai
A herb or spice	shuitianqi
A herb or spice	shuiye
A herb or spice	shuiyeshuzhiwu
A herb or spice	shuku
A herb or spice	shuweicao
A herb or spice	shuweicaozhiwu
A herb or spice	shuweihuang
A herb or spice	sijidou
A herb or spice	silengcao
A herb or spice	silengdou
A herb or spice	songyecao
A herb or spice	suanjiang
A herb or spice	suanmo
A herb or spice	suanmu
A herb or spice	suantou
A herb or spice	suihuabohe
A herb or spice	suiyicao
A herb or spice	suonacao
A herb or spice	tang
A herb or spice	tangjiawandou
A herb or spice	taodou
A herb or spice	tianhuixiang
A herb or spice	tianjiao
A herb or spice	tianjing
A herb or spice	tianlajiao
A herb or spice	tianlanmuxu
A herb or spice	tianmojiaolan
A herb or spice	tianqi
A herb or spice	tianwandou
A herb or spice	tianxianzi
A herb or spice	tianzhimake
A herb or spice	tianzhukui
A herb or spice	tiaoweiliao
A herb or spice	tiechicao
A herb or spice	tiegusan
A herb or spice	tiemagan
A herb or spice	tiesecao
A herb or spice	tingjishuzhiwu
A herb or spice	tiyujiang
A herb or spice	tubaizhi
A herb or spice	tudanggui
A herb or spice	tuhuanglian
A herb or spice	tuhuoxiang
A herb or spice	tui
A herb or spice	tuoluoai
A herb or spice	tuozicao
A herb or spice	tupingcao
A herb or spice	tutianqi
A herb or spice	tuzhihan
A herb or spice	wan
A herb or spice	wandou
A herb or spice	wangsun
A herb or spice	weilong
A herb or spice	wenzhu
A herb or spice	wodou
A herb or spice	wubeizishu
A herb or spice	wusecao
A herb or spice	wusemei
A herb or spice	wuwangcao
A herb or spice	wuwangwo
A herb or spice	wuxiangbajiao
A herb or spice	xiajixiangbohe
A herb or spice	xiakucao
A herb or spice	xiakutou
A herb or spice	xiamohua
A herb or spice	xiangbang
A herb or spice	xiangbohe
A herb or spice	xiangcai
A herb or spice	xiangcao
A herb or spice	xiangcheyecao
A herb or spice	xiangdou
A herb or spice	xianger
A herb or spice	xiangfengcao
A herb or spice	xiangfenghua
A herb or spice	xianghuabohe
A herb or spice	xiangliao
A herb or spice	xianglongdou
A herb or spice	xiangshuizhiwu
A herb or spice	xiangyanghua
A herb or spice	xianhecao
A herb or spice	xianshuzhiwu
A herb or spice	xiaobiandou
A herb or spice	xiaodianqiezi
A herb or spice	xiaohuayan
A herb or spice	xiaohuazicao
A herb or spice	xiaohuixiang
A herb or spice	xiaomai
A herb or spice	xiaopingzicao
A herb or spice	xiaoqingcao
A herb or spice	xiaoshucao
A herb or spice	xiaosuanmo
A herb or spice	xiaoxihongshi
A herb or spice	xiayicong
A herb or spice	xidanggui
A herb or spice	xiezicao
A herb or spice	xihongshi
A herb or spice	xijiao
A herb or spice	xiju
A herb or spice	xinganbaizhi
A herb or spice	xingrenlu
A herb or spice	xingzijiang
A herb or spice	xinzangcao
A herb or spice	xixiangcong
A herb or spice	xiyangxicong
A herb or spice	xuanfengcao
A herb or spice	xuedou
A herb or spice	xunyazi
A herb or spice	xunyicao
A herb or spice	yalishanda
A herb or spice	yalishandacao
A herb or spice	yama
A herb or spice	yamazicheqian
A herb or spice	yan
A herb or spice	yancao
A herb or spice	yancaoye
A herb or spice	yanfumu
A herb or spice	yangdihuang
A herb or spice	yanggancao
A herb or spice	yangji
A herb or spice	yangjiaoqin
A herb or spice	yangjingucao
A herb or spice	yangmei
A herb or spice	yangshizi
A herb or spice	yangsucao
A herb or spice	yangxiangcai
A herb or spice	yangxiuqiu
A herb or spice	yangyansui
A herb or spice	yangzisu
A herb or spice	yanmian
A herb or spice	yansui
A herb or spice	yansuigenjing
A herb or spice	yatongzi
A herb or spice	yaxiancao
A herb or spice	yebocai
A herb or spice	yecaidou
A herb or spice	yecaomei
A herb or spice	yefangfengcao
A herb or spice	yehuoxiang
A herb or spice	yeju
A herb or spice	yelan
A herb or spice	yelaoguancao
A herb or spice	yeludou
A herb or spice	yemadeng
A herb or spice	yemawan
A herb or spice	yemuxu
A herb or spice	yesuzi
A herb or spice	yetianma
A herb or spice	yewandou
A herb or spice	yewannianqing
A herb or spice	yeyouma
A herb or spice	yezhima
A herb or spice	yezicao
A herb or spice	yibazhua
A herb or spice	yidaliqin
A herb or spice	yidou
A herb or spice	yiming
A herb or spice	yimu
A herb or spice	yimuai
A herb or spice	yimucao
A herb or spice	yimuhao
A herb or spice	yingcao
A herb or spice	yingpidou
A herb or spice	yingtaofanqie
A herb or spice	yingzuidou
A herb or spice	yipinxiang
A herb or spice	yizhongzhiwu
A herb or spice	yizhuxiang
A herb or spice	youbacai
A herb or spice	youcao
A herb or spice	youyicao
A herb or spice	youzhituncao
A herb or spice	yuandanggui
A herb or spice	yuansui
A herb or spice	yuanyouhui
A herb or spice	yuchoucao
A herb or spice	yuchoumiao
A herb or spice	yuejingcao
A herb or spice	yuemucao
A herb or spice	yujiang
A herb or spice	yundou
A herb or spice	yungui
A herb or spice	yunpiansong
A herb or spice	yunxiang
A herb or spice	yunzhu
A herb or spice	yuxingcao
A herb or spice	yuzanhua
A herb or spice	zefen
A herb or spice	zhangjiangdou
A herb or spice	zhangyebohe
A herb or spice	zhangyedahuang
A herb or spice	zhaozerucao
A herb or spice	zhenwei
A herb or spice	zhi
A herb or spice	zhidinghua
A herb or spice	zhidou
A herb or spice	zhilicaomei
A herb or spice	zhilijingucao
A herb or spice	zhililabahua
A herb or spice	zhima
A herb or spice	zhimahua
A herb or spice	zhiyanggu
A herb or spice	zhizhubaodan
A herb or spice	zhongxiangshu
A herb or spice	zhouyehongzisu
A herb or spice	zhulongcao
A herb or spice	zhuma
A herb or spice	zhumosa
A herb or spice	zhushidou
A herb or spice	zhuyangyang
A herb or spice	ziao
A herb or spice	zicao
A herb or spice	zicaogen
A herb or spice	zicaogenzi
A herb or spice	zicaokezhiwu
A herb or spice	zicaorong
A herb or spice	zidan
A herb or spice	zigen
A herb or spice	zihuamalijin
A herb or spice	zihuamuxu
A herb or spice	zihuawandou
A herb or spice	zijingtian
A herb or spice	zilucao
A herb or spice	zimaoruihua
A herb or spice	zimuxu
A herb or spice	ziquehua
A herb or spice	ziran
A herb or spice	zisehuercao
A herb or spice	ziyazhicao
A herb or spice	ziyecao
A herb or spice	ziyuzhiwu
A herb or spice	zuimacao
A type of fabric	ankala
A type of fabric	badikeyinhuabu
A type of fabric	baige
A type of fabric	baisebaomianbu
A type of fabric	baochou
A type of fabric	baomianbu
A type of fabric	baoruanchou
A type of fabric	baosha
A type of fabric	baozhidemabu
A type of fabric	bianjiaoliao
A type of fabric	bianzhiwu
A type of fabric	bingxisuande
A type of fabric	bowenchou
A type of fabric	bowensichou
A type of fabric	bowenzhiwu
A type of fabric	buding
A type of fabric	bunaxiangjiao
A type of fabric	canyu
A type of fabric	chajin
A type of fabric	chendian
A type of fabric	chenli
A type of fabric	chenliao
A type of fabric	chuanshoufan
A type of fabric	cumabu
A type of fabric	cuowenge
A type of fabric	cuxiemianbu
A type of fabric	dabaomabu
A type of fabric	dailiao
A type of fabric	daizi
A type of fabric	dashoupa
A type of fabric	dilun
A type of fabric	dingfan
A type of fabric	duanweneeyupi
A type of fabric	duanwenepige
A type of fabric	duanzi
A type of fabric	eluosige
A type of fabric	eluosipige
A type of fabric	falanrong
A type of fabric	fan
A type of fabric	fanbu
A type of fabric	fangchaobu
A type of fabric	fangchenbu
A type of fabric	fangchenzhao
A type of fabric	fanggewang
A type of fabric	fangpingzhiwu
A type of fabric	fanrouge
A type of fabric	fawang
A type of fabric	feierchou
A type of fabric	fengfan
A type of fabric	ganlaobaobu
A type of fabric	ganmabu
A type of fabric	gaopi
A type of fabric	gongzhuangku
A type of fabric	guangling
A type of fabric	guixiangjiao
A type of fabric	hailimeng
A type of fabric	haitanmaojin
A type of fabric	houbang
A type of fabric	houweizongfan
A type of fabric	houyangmaotan
A type of fabric	huabian
A type of fabric	huabu
A type of fabric	huadani
A type of fabric	huaduan
A type of fabric	huishune
A type of fabric	jiaoru
A type of fabric	jiapi
A type of fabric	jidai
A type of fabric	jinduan
A type of fabric	jinyangmao
A type of fabric	jipi
A type of fabric	kadabuliao
A type of fabric	kaisimi
A type of fabric	kaisimizhiwu
A type of fabric	kaoteer
A type of fabric	kaqibu
A type of fabric	keerwaduopige
A type of fabric	kexipige
A type of fabric	kuaitingfan
A type of fabric	kuofuhouheine
A type of fabric	labu
A type of fabric	lafangyinhuabu
A type of fabric	laranhuabu
A type of fabric	leisi
A type of fabric	lierxianzhiwu
A type of fabric	lingyangpi
A type of fabric	lishune
A type of fabric	liusuhuabian
A type of fabric	luoduan
A type of fabric	lupi
A type of fabric	mabu
A type of fabric	mage
A type of fabric	mahaimaosha
A type of fabric	mahaimaozhiwu
A type of fabric	maijinuohoune
A type of fabric	mamaozhiwu
A type of fabric	maobu
A type of fabric	maohaizhiwu
A type of fabric	maojin
A type of fabric	maozhan
A type of fabric	maozhiwu
A type of fabric	masha
A type of fabric	matunpi
A type of fabric	mian
A type of fabric	mianbu
A type of fabric	mianfalanrong
A type of fabric	mianhuazhiwu
A type of fabric	mianhuazuowu
A type of fabric	mianrong
A type of fabric	mianrongbu
A type of fabric	miansha
A type of fabric	mianyangpige
A type of fabric	micaifu
A type of fabric	moluogege
A type of fabric	moluogepi
A type of fabric	niaobu
A type of fabric	niupi
A type of fabric	niuzaiku
A type of fabric	piduwenpi
A type of fabric	pige
A type of fabric	qianbuleichou
A type of fabric	qianweidafan
A type of fabric	qianweidedafan
A type of fabric	qianweifan
A type of fabric	qianzongfan
A type of fabric	qiaoqisha
A type of fabric	qibu
A type of fabric	qimaoge
A type of fabric	qipi
A type of fabric	qiqiufan
A type of fabric	renzaoge
A type of fabric	renzine
A type of fabric	rongbu
A type of fabric	rongmiange
A type of fabric	rongmianne
A type of fabric	rouruandezhiwu
A type of fabric	ruanmaozhiwu
A type of fabric	ruanmianbu
A type of fabric	rujiao
A type of fabric	ruye
A type of fabric	sanduan
A type of fabric	sangai
A type of fabric	sanjiaofan
A type of fabric	sanjiaoxingbu
A type of fabric	sanyi
A type of fabric	shabu
A type of fabric	shaijuan
A type of fabric	shaluo
A type of fabric	shanguang
A type of fabric	shangyibuliao
A type of fabric	shengrongzhiwu
A type of fabric	shidai
A type of fabric	shoujuan
A type of fabric	shoupa
A type of fabric	shoutaoge
A type of fabric	shoutaopi
A type of fabric	shouxiefan
A type of fabric	shuangzhou
A type of fabric	shuawanbu
A type of fabric	sichou
A type of fabric	sirong
A type of fabric	taibu
A type of fabric	tanxingzhipin
A type of fabric	tianerong
A type of fabric	tiaorong
A type of fabric	tiaowenmianbu
A type of fabric	tihuazhiwu
A type of fabric	toujin
A type of fabric	toukongzhipin
A type of fabric	tubu
A type of fabric	tuhuatiaowenbu
A type of fabric	tuomaobuliao
A type of fabric	tuomaoni
A type of fabric	tuosijin
A type of fabric	tuosimian
A type of fabric	tuwentiaoge
A type of fabric	waiyibuliao
A type of fabric	waiyiyiliao
A type of fabric	wangkong
A type of fabric	wangyanzhiwu
A type of fabric	wangzhuangwu
A type of fabric	weiman
A type of fabric	weiqimaozhiwu
A type of fabric	weiqunshangbu
A type of fabric	xianweizhiwu
A type of fabric	xiaoniupi
A type of fabric	xiaoniupige
A type of fabric	xiaoshanyangpi
A type of fabric	xibaobu
A type of fabric	xibaomaozhiwu
A type of fabric	xidiebu
A type of fabric	xiedai
A type of fabric	xiege
A type of fabric	xiehengfan
A type of fabric	xiewenbu
A type of fabric	xifang
A type of fabric	xige
A type of fabric	ximabu
A type of fabric	ximianbu
A type of fabric	xipingbu
A type of fabric	xiwenne
A type of fabric	xuefangchou
A type of fabric	yaguangmianbu
A type of fabric	yaguangpige
A type of fabric	yamamaozhipin
A type of fabric	yamazhiwu
A type of fabric	yangmaozhiwu
A type of fabric	yangrongzhiwu
A type of fabric	yangtuomao
A type of fabric	yaobu
A type of fabric	yiliao
A type of fabric	yindutubu
A type of fabric	yingbu
A type of fabric	yingchenbu
A type of fabric	yingcubu
A type of fabric	yingmabu
A type of fabric	yingpijian
A type of fabric	yinhuabaozhiwu
A type of fabric	yinhuabu
A type of fabric	yinhuadashoupa
A type of fabric	yinhuamianbu
A type of fabric	yinhuasijin
A type of fabric	yizhongcumabu
A type of fabric	yizhongcune
A type of fabric	youtingfan
A type of fabric	yujin
A type of fabric	yundongshan
A type of fabric	yunwenchou
A type of fabric	zasebu
A type of fabric	zasene
A type of fabric	zhan
A type of fabric	zhangbuliao
A type of fabric	zhaodan
A type of fabric	zhijin
A type of fabric	zhiwu
A type of fabric	zhixiepige
A type of fabric	zhongfan
A type of fabric	zhouchou
A type of fabric	zhoujiao
A type of fabric	zhoune
A type of fabric	zhousha
A type of fabric	zhouzhi
A type of fabric	zhufan
A type of fabric	zhupi
A type of fabric	zhupige
A type of fabric	zhuzhongfan
A type of fabric	zongfan
A word meaning big	gaoda
A word meaning big	guangda
A word meaning big	henda
A word meaning big	hongda
A word meaning big	juda
A word meaning big	pangda
A word meaning big	shuoda
A word meaning big	weida
A word meaning small	aixiao
A word meaning small	henxiao
A word meaning small	jiweixiaode
A word meaning small	miaoxiao
A word meaning small	weixiao
A word meaning small	xiaoxiao
A word meaning small	xixiao
A word meaning angry	baonu
A word meaning angry	fahuo
A word meaning angry	fennu
A word meaning angry	guangming
A word meaning angry	naohuo
A word meaning angry	qifen
A word meaning angry	shengqi
A word meaning cold	bingleng
A word meaning cold	bingliang
A word meaning cold	han
A word meaning cold	hanleng
A word meaning cold	leng
A word meaning cold	liangkuai
A word meaning cold	yanhan
