一丁点儿	yidingdianer
一万	yiwan
一万亿	yiwanyi
一万公尺	yiwangongchi
一万米	yiwanmi
一下	yixia
一世	yishi
一丛	yicong
一丝不挂	yisibugua
一个	yige
一个平面	yigepingmian
一个星期	yigexingqi
一串	yichuan
一些	yixie
一代	yidai
一价酸	yijiasuan
一份	yifen
一份利润	yifenlirun
一份食物	yifenshiwu
一伙	yihuo
一会儿	yihuier
一元运算	yiyuanyunsuan
一兆	yizhao
一兜的量	yidoudeliang
一公斤	yigongjin
一公里	yigongli
一再反复的	yizaifanfude
一击	yiji
一刀	yidao
一分	yifen
一分子	yifenzi
一切	yiqie
一刺	yici
一刻钟	yikezhong
一剂	yiji
一剂药	yijiyao
一副扑克牌	yifupukepai
一副耳机	yifuerji
一包毒品	yibaodupin
一匙	yishi
一匹	yipi
一千	yiqian
一千万	yiqianwan
一千年	yiqiannian
一千零一夜	yiqianlingyiye
一半	yiban
一卷钞票	yijuanchaopiao
一双	yishuang
一口	yikou
一口袋	yikoudai
一周	yizhou
一周时间	yizhoushijian
一品红	yipinhong
一品脱	yipintuo
一品香	yipinxiang
一团	yituan
一团糟	yituanzao
一场	yichang
一块地板	yikuaidiban
一坛子	yitanzi
一坦巴拉铸币	yitanbalazhubi
一垒的位置	yileideweizhi
一堂课	yitangke
一堆	yidui
一壶的份量	yihudefenliang
一壶的量	yihudeliang
一大堆	yidadui
一大批	yidapi
一大汤匙	yidatangchi
一大片	yidapian
一大笔钱	yidabiqian
一天	yitian
一夫一妻制	yifuyiqizhi
一夫制	yifuzhi
一夫多妻	yifuduoqi
一夫多妻制	yifuduoqizhi
一套	yitao
一妻制	yiqizhi
一妻多夫	yiqiduofu
一妻多夫制	yiqiduofuzhi
一字螺丝刀	yiziluosidao
一字马	yizima
一定时期的	yidingshiqide
一定量	yidingliang
一对	yidui
一小杯液体	yixiaobeiyeti
一小桶	yixiaotong
一小笔钱	yixiaobiqian
一小部分	yixiaobufen
一局	yiju
一岁崽	yisuizai
一岁马	yisuima
一帮人	yibangren
一帽子	yimaozi
一平方杆	yipingfanggan
一年	yinian
一截	yijie
一手宽	yishoukuan
一扭	yiniu
一把	yiba
一把伞	yibasan
一把抓	yibazhua
一折	yizhe
一抱之量	yibaozhiliang
一抱的量	yibaodeliang
一掌宽	yizhangkuan
一掌长	yizhangzhang
一斗	yidou
一无所知党	yiwusuozhidang
一星期	yixingqi
一昼夜	yizhouye
一月	yiyue
一服	yifu
一期款项	yiqikuanxiang
一朵云	yiduoyun
一杆得分	yigandefen
一杆进洞	yiganjindong
一杯	yibei
一杯之量	yibeizhiliang
一杯的量	yibeideliang
一柱香	yizhuxiang
一样的	yiyangde
一档	yidang
一桶之量	yitongzhiliang
一桶的量	yitongdeliang
一楼	yilou
一次付清	yicifuqing
一次性利润	yicixinglirun
一段	yiduan
一段时间	yiduanshijian
一氧化氮	yiyanghuadan
一氧化碳	yiyanghuatan
一水壶量	yishuihuliang
一流	yiliu
一流的	yiliude
一流的铺位	yiliudepuwei
一满勺	yimanshao
一满斗	yimandou
一满杯	yimanbei
一满铲	yimanchan
一点	yidian
一点也不	yidianyebu
一点儿	yidianer
一点心匙	yidianxinshi
一点点	yidiandian
一烧瓶	yishaoping
一片	yipian
一特拉姆	yitelamu
一畚箕	yibenji
一百	yibai
一百一十	yibaiyishi
一百一十五	yibaiyishiwu
一百七十	yibaiqishi
一百七十五	yibaiqishiwu
一百万	yibaiwan
一百三十	yibaisanshi
一百三十五	yibaisanshiwu
一百九十	yibaijiushi
一百二十	yibaiershi
一百二十五	yibaiershiwu
一百五十五	yibaiwushiwu
一百八十	yibaibashi
一百公升	yibaigongsheng
一百公尺	yibaigongchi
一百六十	yibailiushi
一百六十五	yibailiushiwu
一百四十	yibaisishi
一百四十五	yibaisishiwu
一百四十四	yibaisishisi
一百零一	yibailingyi
一百零五	yibailingwu
一盆之量	yipenzhiliang
一盘子	yipanzi
一盘子的量	yipanzideliang
一盘散沙	yipansansha
一直	yizhi
一看	yikan
一瞥	yipie
一瞬间	yishunjian
一碗东西	yiwandongxi
一碗之量	yiwanzhiliang
一碟量	yidieliang
一种头巾	yizhongtoujin
一种推土机	yizhongtuituji
一种植物	yizhongzhiwu
一种河船	yizhonghechuan
一种热带鱼	yizhongredaiyu
一种粗呢	yizhongcune
一种粗麻布	yizhongcumabu
一种首饰	yizhongshoushi
一种鲸鱼	yizhongjingyu
一种鸟	yizhongniao
一窍不通的	yiqiaobutongde
一笑置之	yixiaozhizhi
一笔钱	yibiqian
一等水兵	yidengshuibing
一筒	yitong
一箱子	yixiangzi
一篮	yilan
一级公路	yijigonglu
一级烧伤	yijishaoshang
一美元	yimeiyuan
一美元银币	yimeiyuanyinbi
一群	yiqun
一群士兵	yiqunshibing
一致	yizhi
一致同意	yizhitongyi
一致性	yizhixing
一致点	yizhidian
一致的	yizhide
一致的意见	yizhideyijian
一致看法	yizhikanfa
一般	yiban
一般年金	yibannianjin
一般的	yibande
一般认为	yibanrenwei
一节	yijie
一节课	yijieke
一英里	yiyingli
一袋子	yidaizi
一角银币	yijiaoyinbi
一角鲸	yijiaojing
一触即发	yichujifa
一贯的	yiguande
一起	yiqi
一起走	yiqizou
一车之量	yichezhiliang
一轮投球数	yiluntouqiushu
一道做	yidaozuo
一道菜	yidaocai
一锅	yiguo
一阵刺痛	yizhencitong
一集	yiji
丁基	dingji
丁格犬	dinggequan
丁烯	dingxi
丁烷	dingwan
丁糖	dingtang
丁酮	dingtong
丁酰肼	dingxianjing
丁酸	dingsuan
丁醇	dingchun
丁香油	dingxiangyou
丁香结	dingxiangjie
七七节	qiqijie
七分之一	qifenzhiyi
七十	qishi
七十一	qishiyi
七十七	qishiqi
七十三	qishisan
七十九	qishijiu
七十二	qishier
七十五	qishiwu
七十八	qishiba
七十六	qishiliu
七十四	qishisi
七叶树	qiyeshu
七叶树属	qiyeshushu
七叶树果实	qiyeshuguoshi
七叶树科	qiyeshuke
七天	qitian
七巧板	qiqiaoban
七弦琴	qixianqin
七指蕨	qizhijue
七指蕨属	qizhijueshu
七日丧期	qirisangqi
七日服丧期	qirifusangqi
七旬斋	qixunzhai
七星箭	qixingjian
七月	qiyue
七瓣莲	qibanlian
七筋菇属	qijingushu
七粒扣	qilikou
七边形	qibianxing
万	wan
万人迷	wanrenmi
万亿	wanyi
万兆字节	wanzhaozijie
万克	wanke
万古	wangu
万圣夜	wanshengye
万圣节	wanshengjie
万寿果	wanshouguo
万寿果属	wanshouguoshu
万年青	wannianqing
万托林	wantuolin
万桃花	wantaohua
万灵日	wanlingri
万灵油	wanlingyou
万灵节	wanlingjie
万物	wanwu
万能推土机	wannengtuituji
万能溶剂	wannengrongji
万能药	wannengyao
万花筒	wanhuatong
丈夫	zhangfu
三	san
三一节	sanyijie
三丁精	sandingjing
三个月	sangeyue
三伏	sanfu
三体性	santixing
三便士	sanbianshi
三倍赔偿	sanbeipeichang
三元酸	sanyuansuan
三冠赛季	sanguansaiji
三出复叶	sanchufuye
三击入穴	sanjiruxue
三分之一	sanfenzhiyi
三分之二	sanfenzhier
三十	sanshi
三十一	sanshiyi
三十七	sanshiqi
三十三	sanshisan
三十九	sanshijiu
三十二	sanshier
三十五	sanshiwu
三十八	sanshiba
三十六	sanshiliu
三十四	sanshisi
三叉鬼笔属	sanchaguibishu
三叶公母草	sanyegongmucao
三叶橡胶	sanyexiangjiao
三叶蝶豆	sanyediedou
三孔滑车	sankonghuache
三尾鱼	sanweiyu
三带犰狳	sandaiqiuyu
三带犰狳属	sandaiqiuyushu
三年桐	sanniantong
三捻树果	sannianshuguo
三文鱼	sanwenyu
三文鱼油	sanwenyuyou
三星符号	sanxingfuhao
三月	sanyue
三月泡	sanyuepao
三期梅毒	sanqimeidu
三根分叉部	sangenfenchabu
三桅帆船	sanweifanchuan
三次幂	sancimi
三氟化硼	sanfuhuapeng
三氟甲烷	sanfujiawan
三氢化磷	sanqinghualin
三氯乙烯	sanluyixi
三氯乙烷	sanluyiwan
三氯化氮	sanluhuadan
三氯化物	sanluhuawu
三氯甲烷	sanlujiawan
三水铝矿	sanshuilukuang
三溴甲烷	sanxiujiawan
三疣梭子蟹	sanyousuozixie
三白草属	sanbaicaoshu
三白草科	sanbaicaoke
三百	sanbai
三眼木盘	sanyanmupan
三硝基酚	sanxiaojifen
三碘季铵酚	sandianjianfen
三碘甲烷	sandianjiawan
三级烧伤	sanjishaoshang
三聚乙醛	sanjuyiquan
三聚氰酸	sanjuqingsuan
三聚磷酸钠	sanjulinsuanna
三色牵牛	sanseqianniu
三苯氧胺	sanbenyangan
三菱柱	sanlingzhu
三裂叶漆树	sanlieyeqishu
三角	sanjiao
三角函数	sanjiaohanshu
三角卜	sanjiaobo
三角叶杨	sanjiaoyeyang
三角启子	sanjiaoqizi
三角帆	sanjiaofan
三角形	sanjiaoxing
三角形布	sanjiaoxingbu
三角柱	sanjiaozhu
三角肌叶	sanjiaojiye
三角裤	sanjiaoku
三角钢琴	sanjiaogangqin
三趾树懒	sanzhishulan
三趾滨鹬	sanzhibinyu
三趾鸥	sanzhiou
三趾鹑	sanzhichun
三趾鹑属	sanzhichunshu
三趾鹑科	sanzhichunke
三趾鹬	sanzhiyu
三趾鹬属	sanzhiyushu
三践鹑	sanjianchun
三连冠	sanlianguan
三重	sanchong
三重氢	sanchongqing
三重结	sanchongjie
三鳍鳎属	sanqitashu
上下文	shangxiawen
上传	shangchuan
上位关系	shangweiguanxi
上低音号	shangdiyinhao
上光剂	shangguangji
上升	shangsheng
上午	shangwu
上半场	shangbanchang
上发条	shangfatiao
上口罩	shangkouzhao
上司	shangsi
上天梯	shangtianti
上学	shangxue
上层土	shangcengtu
上岸	shangan
上帝	shangdi
上帝的御座	shangdideyuzuo
上弦	shangxian
上弦月	shangxianyue
上当	shangdang
上推	shangtui
上映	shangying
上浆	shangjiang
上涨	shangzhang
上溯	shangsu
上演	shangyan
上界	shangjie
上瘾	shangyin
上瘾物	shangyinwu
上瘾的人	shangyinderen
上皮瘤	shangpiliu
上等的	shangdengde
上粪	shangfen
上肢	shangzhi
上肢骨	shangzhigu
上船	shangchuan
上菜	shangcai
上衣	shangyi
上衣布料	shangyibuliao
上诉	shangsu
上诉人	shangsuren
上诉法院	shangsufayuan
上课日	shangkeri
上课时间	shangkeshijian
上课期间	shangkeqijian
上调	shangdiao
上踢	shangti
上载	shangzai
上釉于	shangyouyu
上阵	shangzhen
上限	shangxian
上风	shangfeng
上风面	shangfengmian
上飞机	shangfeiji
上髁炎	shangkeyan
下义关系	xiayiguanxi
下位	xiawei
下侧	xiace
下倾	xiaqing
下倾盆大雨	xiaqingpendayu
下午	xiawu
下半场	xiabanchang
下半夜	xiabanye
下垂	xiachui
下垂症	xiachuizheng
下大雨	xiadayu
下定义	xiadingyi
下小猪	xiaxiaozhu
下巴	xiaba
下巴带	xiabadai
下巴颏	xiabake
下弦月	xiaxianyue
下弯	xiawan
下扑	xiapu
下担子	xiadanzi
下摆	xiabai
下攫	xiajue
下料	xialiao
下来	xialai
下毒	xiadu
下毛毛雨	xiamaomaoyu
下水	xiashui
下水道气体	xiashuidaoqiti
下沉	xiachen
下注	xiazhu
下流地	xialiudi
下流场所	xialiuchangsuo
下流的	xialiude
下滑	xiahua
下潜	xiaqian
下火车	xiahuoche
下狱	xiayu
下班时间	xiabanshijian
下甲板	xiajiaban
下界	xiajie
下疳	xiagan
下稀疏小雨	xiaxishuxiaoyu
下等	xiadeng
下肢	xiazhi
下肢轻瘫	xiazhiqingtan
下落	xialuo
下葬	xiazang
下蒙蒙雨	xiamengmengyu
下蛋	xiadan
下贱人	xiajianren
下贱的	xiajiande
下跌	xiadie
下跪	xiagui
下身麻痹	xiashenmabi
下车	xiache
下载	xiazai
下通草	xiatongcao
下部构造	xiabugouzao
下针	xiazhen
下铺	xiapu
下降	xiajiang
下陷	xiaxian
下雨	xiayu
下雨雪	xiayuxue
下雨雹	xiayubao
下雪	xiaxue
下雹子	xiabaozi
下雾	xiawu
下面	xiamian
下颌面	xiahemian
下颚	xiae
下风	xiafeng
下风处	xiafengchu
下风面	xiafengmian
下飞机	xiafeiji
下马	xiama
不一致	buyizhi
不与人来往	buyurenlaiwang
不予理睬	buyulicai
不交际	bujiaoji
不亲和性	buqinhexing
不付	bufu
不付款	bufukuan
不会接受	buhuijieshou
不依惯例的	buyiguanlide
不便	bubian
不信任	buxinren
不健康	bujiankang
不充分	buchongfen
不兑现纸币	buduixianzhibi
不典型	budianxing
不再存在	buzaicunzai
不再拥有的	buzaiyongyoude
不再流行	buzailiuxing
不冷不热的	bulengburede
不准	buzhun
不准进入	buzhunjinru
不凋花	budiaohua
不分开	bufenkai
不分离	bufenli
不分胜负	bufenshengfu
不切实际的	buqieshijide
不列颠合金	buliedianhejin
不删	bushan
不利	buli
不利因素	buliyinsu
不利情况	buliqingkuang
不利条件	bulitiaojian
不利环境	bulihuanjing
不动	budong
不动产	budongchan
不动产税	budongchanshui
不动情期	budongqingqi
不匀称的	buyunchende
不协和	buxiehe
不协调	buxietiao
不协调地	buxietiaodi
不卫生	buweisheng
不压韵的	buyayunde
不去看	buqukan
不及格	bujige
不及物性	bujiwuxing
不发展	bufazhan
不发生	bufasheng
不发育	bufayu
不发达	bufada
不受惩罚	bushouchengfa
不受束缚	bushoushufu
不受理	bushouli
不受约束的	bushouyueshude
不变化的	bubianhuade
不变成本	bubianchengben
不变的	bubiande
不可估量的	bukeguliangde
不可信赖的	bukexinlaide
不可再生的	bukezaishengde
不可出租的	bukechuzude
不可分的	bukefende
不可医治的	bukeyizhide
不可口地	bukekoudi
不可弥补的	bukemibude
不可思议	bukesiyi
不可恢复的	bukehuifude
不可抗力	bukekangli
不可挽回的	bukewanhuide
不可救药的	bukejiuyaode
不可更新的	bukegengxinde
不可替代的	buketidaide
不可知论	bukezhilun
不可知论者	bukezhilunzhe
不可磨灭地	bukemomiedi
不可租借的	bukezujiede
不可租用的	bukezuyongde
不可能	bukeneng
不可能性	bukenengxing
不可能的	bukenengde
不可触摸者的	bukechumozhede
不可超越的	bukechaoyuede
不可达到	bukedadao
不可逆过程	bukeniguocheng
不可重复的	bukechongfude
不可靠的	bukekaode
不可食用的	bukeshiyongde
不合情理的	buheqinglide
不合时宜	buheshiyi
不合格品	buhegepin
不合礼仪的	buheliyide
不合规范的	buheguifande
不同	butong
不同意	butongyi
不同时性	butongshixing
不同物	butongwu
不名誉	bumingyu
不听从	butingcong
不告诉别人	bugaosubieren
不和	buhe
不和的种子	buhedezhongzi
不和谐	buhexie
不唯利是图的	buweilishitude
不善交际的	bushanjiaojide
不喜欢	buxihuan
不团结	butuanjie
不在	buzai
不在场	buzaichang
不在者	buzaizhe
不均衡	bujunheng
不坚持	bujianchi
不复存在	bufucunzai
不外出	buwaichu
不好吃地	buhaochidi
不好意思的	buhaoyiside
不孕	buyun
不孕症	buyunzheng
不存在	bucunzai
不存在的事	bucunzaideshi
不安	buan
不安全	buanquan
不完全	buwanquan
不完全骨折	buwanquanguzhe
不完备	buwanbei
不完美	buwanmei
不定根	budinggen
不定过去式	budingguoqushi
不定过去时	budingguoqushi
不宜付印的	buyifuyinde
不宜出版的	buyichubande
不宜刊印的	buyikanyinde
不宜刊行的	buyikanxingde
不宜发表的	buyifabiaode
不容怀疑	buronghuaiyi
不对称的	buduichengde
不屈不挠	buqubunao
不屈不挠的	buqubunaode
不屑	buxie
不履行责任	buluxingzeren
不干事	buganshi
不平衡	bupingheng
不幸	buxing
不幸福	buxingfu
不应期	buyingqi
不开化的	bukaihuade
不彻底忏悔	buchedichanhui
不得要领地	budeyaolingdi
不忠	buzhong
不忠实地	buzhongshidi
不思悔改的	busihuigaide
不思考的	busikaode
不恭	bugong
不恰当	buqiadang
不悔悟的	buhuiwude
不悔改的	buhuigaide
不悦	buyue
不悦的脸色	buyuedelianse
不情愿	buqingyuan
不情愿的	buqingyuande
不惜	buxi
不愿	buyuan
不愿接受	buyuanjieshou
不慷慨的	bukangkaide
不成功	buchenggong
不成文法	buchengwenfa
不才树	bucaishu
不打招呼	budazhaohu
不押韵的	buyayunde
不担心的	budanxinde
不掘蛙属	bujuewashu
不掘蛙科	bujuewake
不接近	bujiejin
不擅交际的	bushanjiaojide
不支付	buzhifu
不改变的	bugaibiande
不敬	bujing
不整齐	buzhengqi
不文明的	buwenmingde
不文雅的	buwenyade
不时介入	bushijieru
不时打断	bushidaduan
不明显的	bumingxiande
不明智的	bumingzhide
不明确的	bumingquede
不明言的	bumingyande
不易改变的	buyigaibiande
不显眼地	buxianyandi
不景气	bujingqi
不服从	bufucong
不服从的	bufucongde
不杀生	bushasheng
不杀生论	bushashenglun
不正常	buzhengchang
不正常的	buzhengchangde
不正当的	buzhengdangde
不正确	buzhengque
不正视	buzhengshi
不求人	buqiuren
不法的	bufade
不波动的	bubodongde
不洁	bujie
不洁恐怖	bujiekongbu
不活动	buhuodong
不活泼	buhuopo
不活跃	buhuoyue
不流动	buliudong
不涉及	busheji
不清晰的	buqingxide
不清楚	buqingchu
不清楚的	buqingchude
不清洁	buqingjie
不满	buman
不爱交际的	buaijiaojide
不爱社交的	buaishejiaode
不特别	butebie
不理	buli
不理会	bulihui
不理智	bulizhi
不理睬	bulicai
不甜的	butiande
不生殖	bushengzhi
不用	buyong
不盈不亏	buyingbukui
不相关	buxiangguan
不相干地	buxianggandi
不相称	buxiangchen
不真实	buzhenshi
不真实的	buzhenshide
不眠症	bumianzheng
不知悔悟的	buzhihuiwude
不确定	buqueding
不确定值	buquedingzhi
不祥	buxiang
不祥之物	buxiangzhiwu
不祥地	buxiangdi
不稳固	buwengu
不稳定	buwending
不符	bufu
不等蛤属	budenghashu
不等蛤科	budenghake
不等鳍的	budengqide
不答应	budaying
不粗俗的	bucusude
不纯	buchun
不统一	butongyi
不耐心	bunaixin
不耐烦的	bunaifande
不育	buyu
不育症	buyuzheng
不胜任	bushengren
不能	buneng
不能修复的	bunengxiufude
不能医治的	bunengyizhide
不能协同	bunengxietong
不能挽回的	bunengwanhuide
不能步行的	bunengbuxingde
不能补救的	bunengbujiude
不能触摸的	bunengchumode
不自然的	buzirande
不自觉地打开	buzijuedidakai
不舒服	bushufu
不良	buliang
不虚假的	buxujiade
不规则	buguize
不规则的	buguizede
不言症	buyanzheng
不许可	buxuke
不调和	butiaohe
不谙世事的	buanshishide
不贯注	buguanzhu
不赞同	buzantong
不赞成	buzancheng
不走远	buzouyuan
不起伏的	buqifude
不足	buzu
不足之处	buzuzhichu
不足工资	buzugongzi
不足的	buzude
不足道	buzudao
不足量	buzuliang
不足额	buzue
不转轴	buzhuanzhou
不输不赢	bushubuying
不辞而别	bucierbie
不连贯	bulianguan
不适	bushi
不适合出租的	bushihechuzude
不适应	bushiying
不适当	bushidang
不适用	bushiyong
不通理性的	butonglixingde
不道德	budaode
不道德的	budaodede
不遵守	buzunshou
不重覆	buzhongfu
不锈钢	buxiugang
不间断	bujianduan
不需卧床的	buxuwochuangde
不需思考的事	buxusikaodeshi
不顺从	bushuncong
不顾	bugu
不高兴	bugaoxing
与会者	yuhuizhe
与门	yumen
丑事	choushi
丑行	chouxing
丑闻	chouwen
专业	zhuanye
专业人员	zhuanyerenyuan
专业化	zhuanyehua
专业课程	zhuanyekecheng
专利	zhuanli
专利权	zhuanliquan
专利税	zhuanlishui
专利药	zhuanliyao
专利费	zhuanlifei
专制主义	zhuanzhizhuyi
专制的	zhuanzhide
专员	zhuanyuan
专家	zhuanjia
专家技术	zhuanjiajishu
专席	zhuanxi
专心	zhuanxin
专心于	zhuanxinyu
专心致志	zhuanxinzhizhi
专攻	zhuangong
专横的	zhuanhengde
专注	zhuanzhu
专注于	zhuanzhuyu
专用支路	zhuanyongzhilu
专长	zhuanchang
专门化	zhuanmenhua
专门培训	zhuanmenpeixun
专门知识	zhuanmenzhishi
世人	shiren
世代交替	shidaijiaoti
世界	shijie
世界强国	shijieqiangguo
世界末日	shijiemori
世纪	shiji
世纪之交	shijizhijiao
世袭土地	shixitudi
丘疱疹	qiupaozhen
丘疹	qiuzhen
丘鹬	qiuyu
丘鹬属	qiuyushu
丙三基	bingsanji
丙三脂	bingsanzhi
丙三醇	bingsanchun
丙二酰脲	bingerxianniao
丙二醇	bingerchun
丙咪嗪	bingmiqin
丙基	bingji
丙氨酸	bingansuan
丙烯	bingxi
丙烯腈	bingxijing
丙烯酰胺	bingxixianan
丙烯酸	bingxisuan
丙烯酸的	bingxisuande
丙烯酸盐	bingxisuanyan
丙烯酸酯	bingxisuanzhi
丙烯醛	bingxiquan
丙烯醯胺	bingxixian
丙烷	bingwan
丙糖	bingtang
丙肝	binggan
丙酮	bingtong
丙酮尿	bingtongniao
丙酮血	bingtongxue
丙酮酸	bingtongsuan
丙酰胺	bingxianan
丙酸	bingsuan
丙醇	bingchun
丙醛	bingquan
业主自住	yezhuzizhu
业余技艺家	yeyujiyijia
业余爱好	yeyuaihao
业余爱好家	yeyuaihaojia
业余爱好者	yeyuaihaozhe
业务关系	yewuguanxi
业务支出	yewuzhichu
业务费用	yewufeiyong
业务预算	yewuyusuan
丛	cong
丛林热	conglinre
丛林狼	conglinlang
丛林猫	conglinmao
丛枝病	congzhibing
丛梗孢	conggengbao
丛梗孢属	conggengbaoshu
丛梗孢目	conggengbaomu
丛梗孢科	conggengbaoke
丛猴	conghou
丛猴属	conghoushu
丛耳菌属	congerjunshu
丛谈	congtan
东	dong
东偏北	dongpianbei
东偏南	dongpiannan
东北	dongbei
东北偏北	dongbeipianbei
东南	dongnan
东南偏南	dongnanpiannan
东南囊鼠	dongnannangshu
东家	dongjia
东方	dongfang
东方伏翼	dongfangfuyi
东方蓼	dongfangliao
东方诸国	dongfangzhuguo
东歪西倒	dongwaixidao
东洋	dongyang
东洋车	dongyangche
东盟	dongmeng
东西	dongxi
东部林鼠	dongbulinshu
东非人属	dongfeirenshu
丝光林蚁	siguanglinyi
丝兰	silan
丝兰属	silanshu
丝兰属植物	silanshuzhiwu
丝孢子虫目	sibaozichongmu
丝带	sidai
丝杆吊钩	sigandiaogou
丝柏大戟	sibaidaji
丝核菌	sihejun
丝核菌属	sihejunshu
丝核菌病	sihejunbing
丝棉皮	simianpi
丝楝树皮	silianshupi
丝毫	sihao
丝毫不	sihaobu
丝氨酸	siansuan
丝状虫	sizhuangchong
丝球期	siqiuqi
丝盖蜡伞	sigailasan
丝线	sixian
丝绒	sirong
丝绒花	sironghua
丝绸	sichou
丝腺	sixian
丝膜	simo
丝膜菌属	simojunshu
丝膜菌科	simojunke
丝虫	sichong
丝虫属	sichongshu
丝虫病	sichongbing
丝虫科	sichongke
丝裂霉素	siliemeisu
丝连皮	silianpi
丝鲹属	sishenshu
丝鼠	sishu
丢下	diuxia
丢失	diushi
丢失的	diushide
丢弃	diuqi
丢掉	diudiao
丢脸	diulian
两	liang
两个	liangge
两位数	liangweishu
两侧麻痹	liangcemabi
两便士	liangbianshi
两倍	liangbei
两周	liangzhou
两性霉素	liangxingmeisu
两截门	liangjiemen
两断	liangduan
两月	liangyue
两极	liangji
两极化	liangjihua
两栖作战	liangqizuozhan
两栖动物	liangqidongwu
两栖示范	liangqishifan
两栖科	liangqike
两栖类	liangqilei
两栖纲	liangqigang
两栖螈科	liangqiyuanke
两栖进攻	liangqijingong
两栖鲵	liangqini
两用沙发	liangyongshafa
两百	liangbai
两立	liangli
两箩类	liangluolei
两脚规	liangjiaogui
两足动物	liangzudongwu
两边的	liangbiande
两颊	liangjia
两鳃目	liangsaimu
严令的	yanlingde
严加管理	yanjiaguanli
严厉批评	yanlipiping
严守规则	yanshouguize
严密地控制	yanmidikongzhi
严寒	yanhan
严峻的考验	yanjundekaoyan
严惩	yancheng
严格地管制	yangediguanzhi
严禁	yanjin
严肃	yansu
严酷的	yankude
严重	yanzhong
严重的	yanzhongde
丧亲	sangqin
丧失	sangshi
丧失个性	sangshigexing
丧失活力	sangshihuoli
丧失的	sangshide
丧志症	sangzhizheng
丧服	sangfu
丧钟	sangzhong
个人	geren
个人开支	gerenkaizhi
个人所得	gerensuode
个人所得税	gerensuodeshui
个人支出	gerenzhichu
个人支票	gerenzhipiao
个人收入	gerenshouru
个人识别码	gerenshibiema
个人财产	gerencaichan
个人贷款	gerendaikuan
个人费用	gerenfeiyong
个体	geti
个体发生	getifasheng
个体植物	getizhiwu
个别性	gebiexing
个别辅导	gebiefudao
个性	gexing
个性危机	gexingweiji
中	zhong
中世纪	zhongshiji
中东的	zhongdongde
中二楼	zhongerlou
中亚野驴	zhongyayelu
中介费	zhongjiefei
中伤	zhongshang
中午	zhongwu
中华	zhonghua
中南大羚	zhongnandaling
中古	zhonggu
中古时代	zhonggushidai
中和	zhonghe
中和反应	zhonghefanying
中国式	zhongguoshi
中国紫藤	zhongguoziteng
中国菇	zhongguogu
中坚人物	zhongjianrenwu
中型	zhongxing
中央	zhongyang
中央瓶	zhongyangping
中帆	zhongfan
中带	zhongdai
中平面	zhongpingmian
中心	zhongxin
中心件	zhongxinjian
中心木材	zhongxinmucai
中心点	zhongxindian
中心盲	zhongxinmang
中心舞台	zhongxinwutai
中心销	zhongxinxiao
中断	zhongduan
中暑	zhongshu
中期	zhongqi
中期妊娠	zhongqirenshen
中果咖啡	zhongguokafei
中枢	zhongshu
中柱	zhongzhu
中止	zhongzhi
中毒	zhongdu
中点	zhongdian
中空	zhongkong
中立化	zhonglihua
中级品	zhongjipin
中纬线	zhongweixian
中线	zhongxian
中继站	zhongjizhan
中耳炎	zhongeryan
中肯	zhongken
中途下车	zhongtuxiache
中途搭人	zhongtudaren
中途退出	zhongtutuichu
中长石	zhongchangshi
中间	zhongjian
中间人	zhongjianren
中间物	zhongjianwu
中阶层	zhongjieceng
中隔膜	zhonggemo
中音歌手	zhongyingeshou
中音谱号	zhongyinpuhao
中风	zhongfeng
中马属	zhongmashu
丰产	fengchan
丰富	fengfu
丰富多彩的	fengfuduocaide
丰年虫	fengnianchong
丰度	fengdu
丰裕地	fengyudi
丰饶	fengrao
串	chuan
串联	chuanlian
串行处理	chuanxingchuli
串铃花	chuanlinghua
临床测试	linchuangceshi
临床测验	linchuangceyan
临摹	linmo
临时住宿	linshizhusu
临时做	linshizuo
临时凑成	linshicoucheng
临时填补	linshitianbu
临时拘留所	linshijuliusuo
临时桅	linshiwei
临时营房	linshiyingfang
临时音调	linshiyindiao
临界	linjie
临界值	linjiezhi
临界智力	linjiezhili
临界点	linjiedian
临界角	linjiejiao
临终	linzhong
临终床	linzhongchuang
临近	linjin
丸剂	wanji
丸药	wanyao
丸虾	wanxia
丹佛锁扣	danfusuokou
丹宁的	danningde
丹宁酸	danningsuan
丹尼尔	dannier
丹毒	dandu
丹砂	dansha
丹麦大狗	danmaidagou
丹黄芪	danhuangqi
为人	weiren
为什么	weishenme
为难地	weinandi
为首	weishou
主一接桅	zhuyijiewei
主中帆	zhuzhongfan
主义	zhuyi
主人	zhuren
主从关系	zhucongguanxi
主任	zhuren
主力舰	zhulijian
主办	zhuban
主动免疫	zhudongmianyi
主动角色	zhudongjuese
主动语态	zhudongyutai
主动轮	zhudonglun
主动轴	zhudongzhou
主动运输	zhudongyunshu
主卧室	zhuwoshi
主发条	zhufatiao
主场	zhuchang
主妇	zhufu
主宰	zhuzai
主导	zhudao
主帆	zhufan
主席	zhuxi
主张	zhuzhang
主弹簧	zhutanhuang
主意	zhuyi
主持	zhuchi
主持主祭	zhuchizhuji
主持人	zhuchiren
主持圣事	zhuchishengshi
主持家务	zhuchijiawu
主持家政	zhuchijiazheng
主播	zhubo
主教	zhujiao
主教法冠	zhujiaofaguan
主旋翼	zhuxuanyi
主旨	zhuzhi
主显节	zhuxianjie
主机	zhuji
主权	zhuquan
主根	zhugen
主桅	zhuwei
主桅中桅	zhuweizhongwei
主桅支索	zhuweizhisuo
主流	zhuliu
主演	zhuyan
主牧师	zhumushi
主球	zhuqiu
主甲板	zhujiaban
主祭台	zhujitai
主立面	zhulimian
主管	zhuguan
主要地位	zhuyaodiwei
主要活动	zhuyaohuodong
主要管道	zhuyaoguandao
主要街道	zhuyaojiedao
主要部分	zhuyaobufen
主角	zhujue
主轴承	zhuzhoucheng
主顾	zhugu
主题	zhuti
主马达月	zhumadayue
丽光板	liguangban
丽蝇	liying
丽蝇属	liyingshu
丽蝇科	liyingke
丽蝶	lidie
丽鱼科	liyuke
丽鱼科鱼	liyukeyu
举例说明	julishuoming
举动	judong
举国一致	juguoyizhi
举止	juzhi
举止放肆	juzhifangsi
举止粗鲁的	juzhiculude
举止粗鲁的人	juzhiculuderen
举止高雅的	juzhigaoyade
举行	juxing
举证	juzheng
举起	juqi
乃东	naidong
久	jiu
久病	jiubing
久等	jiudeng
义务	yiwu
义务地	yiwudi
义演	yiyan
义膜性喉炎	yimoxinghouyan
之字形	zhizixing
乌及亚	wujiya
乌头	wutou
乌巢子	wuchaozi
乌归菜	wuguicai
乌托邦	wutuobang
乌木	wumu
乌木树	wumushu
乌桑	wusang
乌槎子	wuchazi
乌檀属	wutanshu
乌毛蕨	wumaojue
乌毛蕨属	wumaojueshu
乌毛蕨科	wumaojueke
乌洛托品	wuluotuopin
乌疔草	wudingcao
乌罡子	wugangzi
乌荆子李	wujingzili
乌藨子	wubiaozi
乌货币单位	wuhuobidanwei
乌贼	wuzei
乌贼墨	wuzeimo
乌贼墨色	wuzeimose
乌贼属	wuzeishu
乌贼科	wuzeike
乌骨草	wugucao
乌鱼	wuyu
乌鲂属	wufangshu
乌鲂科	wufangke
乌黑发亮的	wuheifaliangde
乏力	fali
乏味	fawei
乐事	leshi
乐于接受	leyujieshou
乐器	yueqi
乐器的指孔	yueqidezhikong
乐团	yuetuan
乐园	leyuan
乐天地	letiandi
乐意接受	leyijieshou
乐曲	yuequ
乐观	leguan
乐观主义	leguanzhuyi
乐趣	lequ
乐队	yuedui
乐队花车	yueduihuache
乔其纱	qiaoqisha
乔木	qiaomu
乘	cheng
乘出租车	chengchuzuche
乘到	chengdao
乘务员	chengwuyuan
乘坐	chengzuo
乘坐畜群	chengzuochuqun
乘大雪橇	chengdaxueqiao
乘客	chengke
乘数	chengshu
乘晕宁	chengyunning
乘机利用	chengjiliyong
乘汽车	chengqiche
乘游艇	chengyouting
乘火车	chenghuoche
乘独木舟	chengdumuzhou
乘皮船	chengpichuan
乘积	chengji
乘船	chengchuan
乘车	chengche
乘雪橇	chengxueqiao
乘飞机	chengfeiji
乙内酰脲	yineixianniao
乙基	yiji
乙基氯	yijilu
乙妥多来	yituoduolai
乙炔	yigui
乙烯	yixi
乙烯基树脂	yixijishuzhi
乙烯基氰	yixijiqing
乙烯雌酚	yixicifen
乙烷	yiwan
乙琥胺	yihuan
乙缩醛	yisuoquan
乙肝	yigan
乙芪酚	yiqifen
乙萘酚	yinaifen
乙酰乙酸	yixianyisuan
乙酰基	yixianji
乙酰氯	yixianlu
乙酰胆碱	yixiandanjian
乙酰胺	yixianan
乙酰苯胺	yixianbenan
乙酸乙酯	yisuanyizhi
乙酸戊酯	yisuanwuzhi
乙酸盐	yisuanyan
乙酸酐	yisuangan
乙酸铅	yisuanqian
乙醇	yichun
乙醇酸	yichunsuan
乙醚	yimi
乙醛	yiquan
乙醯化	yixihua
九	jiu
九便士	jiubianshi
九分之一	jiufenzhiyi
九十	jiushi
九十一	jiushiyi
九十七	jiushiqi
九十三	jiushisan
九十九	jiushijiu
九十二	jiushier
九十五	jiushiwu
九十八	jiushiba
九十六	jiushiliu
九十四	jiushisi
九十度弧	jiushiduhu
九头狮子草	jiutoushizicao
九尾鞭	jiuweibian
九月	jiuyue
九月中旬	jiuyuezhongxun
九绊犰狳	jiubanqiuyu
九节属	jiujieshu
九边形	jiubianxing
九里香	jiulixiang
九龙吐珠	jiulongtuzhu
乞求	qiqiu
乞讨	qitao
也门菲尔斯	yemenfeiersi
也门里亚尔	yemenliyaer
习俗	xisu
习得的	xidede
习惯	xiguan
习惯于	xiguanyu
习惯法	xiguanfa
习题	xiti
乡下	xiangxia
乡下人	xiangxiaren
乡下地方	xiangxiadifang
乡土气的	xiangtuqide
乡村	xiangcun
乡村居民	xiangcunjumin
乡村风格	xiangcunfengge
乡舍	xiangshe
书	shu
书信	shuxin
书信炸弹	shuxinzhadan
书写困难	shuxiekunnan
书包	shubao
书夹	shujia
书尾题署	shuweitishu
书局	shuju
书带蕨	shudaijue
书带蕨科	shudaijueke
书库	shuku
书店	shudian
书房	shufang
书报摊	shubaotan
书挡	shudang
书架	shujia
书桌	shuzhuo
书橱	shuchu
书皮纸板	shupizhiban
书立	shuli
书签	shuqian
书籍	shuji
书虱	shushi
书虱属	shushishu
书蛀虫	shuzhuchong
书蠹	shudu
书记	shuji
书记员	shujiyuan
书靠	shukao
书面任务	shumianrenwu
书面作业	shumianzuoye
书面信托	shumianxintuo
书面厚纸	shumianhouzhi
书面辩护	shumianbianhu
书面辩解	shumianbianjie
买	mai
买下	maixia
买东西	maidongxi
买价	maijia
买卖	maimai
买卖净值	maimaijingzhi
买卖合同	maimaihetong
买回	maihui
买外卖	maiwaimai
买得起	maideqi
买断	maiduan
买方出价	maifangchujia
买日用品	mairiyongpin
买进	maijin
买通	maitong
乱七八糟	luanqibazao
乱丢	luandiu
乱扔	luanreng
乱画的画	luanhuadehua
乱花	luanhua
乱视	luanshi
乱闹	luannao
乳化器	ruhuaqi
乳品厂	rupinchang
乳头水肿	rutoushuizhong
乳头状瘤	rutouzhuangliu
乳房	rufang
乳房摄影	rufangsheying
乳房植入	rufangzhiru
乳房炎	rufangyan
乳搭	ruda
乳晕	ruyun
乳果	ruguo
乳毒病	rudubing
乳汁分泌	ruzhifenmi
乳汁苹	ruzhiping
乳泌缺乏	rumiquefa
乳浆大戟	rujiangdaji
乳浆草	rujiangcao
乳浊	ruzhuo
乳浊化	ruzhuohua
乳液	ruye
乳清蛋白	ruqingdanbai
乳牛场	runiuchang
乳状液	ruzhuangye
乳猪	ruzhu
乳痂	rujia
乳癌	ruai
乳白玻璃	rubaiboli
乳白痘	rubaidou
乳白蛋白	rubaidanbai
乳突炎	rutuyan
乳糖尿	rutangniao
乳糜微滴	rumiweidi
乳糜微粒	rumiweili
乳罩	ruzhao
乳胶	rujiao
乳脂	ruzhi
乳腺炎	ruxianyan
乳腺病	ruxianbing
乳腺痛	ruxiantong
乳腺癌	ruxianai
乳般突起炎	rubantuqiyan
乳草	rucao
乳草属植物	rucaoshuzhiwu
乳菇	rugu
乳菇属	rugushu
乳蛋糕饼	rudangaobing
乳酪	rulao
乳酪胶	rulaojiao
乳酸菌牛乳	rusuanjunniuru
乳酸钙	rusuangai
乳香	ruxiang
乳香属	ruxiangshu
乳香脂	ruxiangzhi
乳齿象	ruchixiang
乳齿象属	ruchixiangshu
乾冰	qianbing
乾净	qianjing
乾电池	qiandianchi
了望台	liaowangtai
了望塔	lewangta
了解	liaojie
予以	yuyi
争吵	zhengchao
争夺	zhengduo
争执	zhengzhi
争执根由	zhengzhigenyou
争斗	zhengdou
争端	zhengduan
争端起因	zhengduanqiyin
争议	zhengyi
争论	zhenglun
争辩	zhengbian
事与愿违	shiyuyuanwei
事业	shiye
事件	shijian
事例	shili
事先查看	shixianchakan
事先的	shixiande
事务所	shiwusuo
事变	shibian
事后从犯	shihoucongfan
事后补记	shihoubuji
事后避孕丸	shihoubiyunwan
事宜	shiyi
事实	shishi
事态	shitai
事故	shigu
二丁卡因	erdingkayin
二乙酰吗啡	eryixianmafei
二价盐	erjiayan
二倍体	erbeiti
二倍性	erbeixing
二元化合物	eryuanhuahewu
二元运算	eryuanyunsuan
二元酸	eryuansuan
二分	erfen
二分化	erfenhua
二分法	erfenfa
二十	ershi
二十一	ershiyi
二十七	ershiqi
二十三	ershisan
二十九	ershijiu
二十二	ershier
二十五	ershiwu
二十五磅	ershiwubang
二十八	ershiba
二十六	ershiliu
二十四	ershisi
二十面体	ershimianti
二叶唢呐草	eryesuonacao
二叶苹属	eryepingshu
二回羽片	erhuiyupian
二岁的雄鹿	ersuidexionglu
二岁羊	ersuiyang
二律相悖	erluxiangbei
二律背反	erlubeifan
二拍子	erpaizi
二月	eryue
二期梅毒	erqimeidu
二极管	erjiguan
二次幂	ercimi
二次抵押	ercidiya
二次曲线	erciquxian
二次曲面	erciqumian
二歧鹿角蕨	erqilujiaojue
二氟尼柳	erfuniliu
二氧化氮	eryanghuadan
二氧化氯	eryanghualu
二氧化物	eryanghuawu
二氧化硅	eryanghuagui
二氧化硫	eryanghualiu
二氧化碳	eryanghuatan
二氧化钛	eryanghuatai
二氧杂芑	eryangzaqi
二氯化合物	erluhuahewu
二氯化物	erluhuawu
二氯化碳酰	erluhuatanxian
二氯甲烷	erlujiawan
二点	erdian
二点的纸牌	erdiandezhipai
二甲双胍	erjiashuanggua
二甲基乙二肟	erjiajiyierwo
二甲胂	erjiashen
二甲胂基	erjiashenji
二硫化碳	erliuhuatan
二等	erdeng
二等舱	erdengcang
二糖	ertang
二糖酶	ertangmei
二级烧伤	erjishaoshang
二聚物	erjuwu
二胺	eran
二色胡枝子	ersehuzhizi
二色视	erseshi
二蕊紫苏	erruizisu
二蕊紫苏属	erruizisushu
二足动物	erzudongwu
二趾树懒	erzhishulan
二趾树懒属	erzhishulanshu
二趾食蚁兽	erzhishiyishou
二轮战车	erlunzhanche
二进位组	erjinweizu
二进制数	erjinzhishu
二醇	erchun
二鳃亚纲	ersaiyagang
二鳃目	ersaimu
于是	yushi
于此	yuci
亏损	kuisun
亏本	kuiben
亏本抛售	kuibenpaoshou
亏欠	kuiqian
亏空	kuikong
亏空额	kuikonge
亏缺	kuique
云	yun
云实	yunshi
云实亚科	yunshiyake
云实属	yunshishu
云室	yunshi
云归	yungui
云梯	yunti
云母	yunmu
云片松	yunpiansong
云竹	yunzhu
云纹绸	yunwenchou
云芝茶	yunzhicha
云英	yunying
云英岩	yunyingyan
云茶	yuncha
云莓	yunmei
互信	huxin
互助	huzhu
互参	hucan
互惠	huhui
互惠生	huhuisheng
互成密切	huchengmiqie
互指	huzhi
互生的	hushengde
互相交织	huxiangjiaozhi
互相依赖	huxiangyilai
互相支持	huxiangzhichi
互相联络	huxianglianluo
互相补充	huxiangbuchong
互相连络	huxianglianluo
互相靠拢	huxiangkaolong
互联网	hulianwang
互补	hubu
互补作用	hubuzuoyong
互裨姑娘	hubiguniang
互裨青年	hubiqingnian
互见	hujian
五一节	wuyijie
五体投地者	wutitoudizhe
五便士	wubianshi
五倍子树	wubeizishu
五倍子虫	wubeizichong
五倍子酸	wubeizisuan
五元金币	wuyuanjinbi
五先令	wuxianling
五出复叶	wuchufuye
五分之一	wufenzhiyi
五分钱	wufenqian
五加科	wujiake
五十	wushi
五十一	wushiyi
五十七	wushiqi
五十三	wushisan
五十九	wushijiu
五十二	wushier
五十五	wushiwu
五十八	wushiba
五十六	wushiliu
五十四	wushisi
五叶地锦	wuyedijin
五叶爬山虎	wuyepashanhu
五叶草	wuyecao
五味瓶架	wuweipingjia
五年之期	wunianzhiqi
五年时间	wunianshijian
五彩辣椒	wucailajiao
五敛子	wulianzi
五斗柜	wudougui
五斗橱	wudouchu
五旬节	wuxunjie
五月	wuyue
五月中旬	wuyuezhongxun
五月柱	wuyuezhu
五朵云	wuduoyun
五氧化物	wuyanghuawu
五灯头草	wudengtoucao
五点草	wudiancao
五瓣花饰	wubanhuashi
五百	wubai
五盏灯	wuzhandeng
五碳糖	wutantang
五美元镍币	wumeiyuanniebi
五色梅	wusemei
五色椒	wusejiao
五色水仙	wuseshuixian
五色草	wusecao
五芒星形	wumangxingxing
五蕊柳	wuruiliu
五角形	wujiaoxing
五角星形	wujiaoxingxing
五角星花	wujiaoxinghua
五角硬币	wujiaoyingbi
五金商店	wujinshangdian
五金器具	wujinqiju
五金店	wujindian
五零机枪	wulingjiqiang
五霸蔷	wubaqiang
五面体	wumianti
五风灵枝	wufenglingzhi
五风草	wufengcao
五香八角	wuxiangbajiao
井	jing
井架	jingjia
井栏草	jinglancao
井水	jingshui
井盖	jinggai
井筒	jingtong
亚丁	yading
亚伦	yalun
亚伯	yabo
亚伯拉罕	yabolahan
亚伯达	yaboda
亚伯达省	yabodasheng
亚克兴角	yakexingjiao
亚利安人	yalianren
亚利安语系的	yalianyuxide
亚利桑那人	yalisangnaren
亚利桑那州	yalisangnazhou
亚力酒	yalijiu
亚历山大	yalishanda
亚历山大大帝	yalishandadadi
亚历山大草	yalishandacao
亚哈	yaha
亚喀巴	yakaba
亚塔棕	yatazong
亚壁古道	yabigudao
亚当	yadang
亚当斯	yadangsi
亚当斯峰	yadangsifeng
亚得里亚海	yadeliyahai
亚德利亚霉素	yadeliyameisu
亚拉姆语	yalamuyu
亚拉巴马语	yalabamayu
亚拿尼亚	yananiya
亚斯塔纳	yasitana
亚松森	yasongsen
亚橙耳	yachenger
亚欧活血丹	yaouhuoxuedan
亚氯酸	yalusuan
亚洲	yazhou
亚洲人	yazhouren
亚洲国家	yazhouguojia
亚洲流感	yazhouliugan
亚洲胡狼	yazhouhulang
亚洲象	yazhouxiang
亚洲豺犬	yazhouchaiquan
亚洲野牛	yazhouyeniu
亚洲野驴	yazhouyelu
亚洲马蹄蟹	yazhoumatixie
亚洲鳄	yazhoue
亚洲鼯鼠	yazhouwushu
亚特兰大	yatelanda
亚特兰蒂斯	yatelandisi
亚琛	yachen
亚瑟	yase
亚甲蓝	yajialan
亚的斯亚贝巴	yadesiyabeiba
亚硝酸	yaxiaosuan
亚硝酸根	yaxiaosuangen
亚硝酸盐	yaxiaosuanyan
亚硝酸钠	yaxiaosuanna
亚美利加洲	yameilijiazhou
亚美尼亚	yameiniya
亚美尼亚人	yameiniyaren
亚美尼亚文	yameiniyawen
亚美尼亚语	yameiniyayu
亚耳河	yaerhe
亚肉眼	yarouyan
亚荔枝	yalizhi
亚西比德	yaxibide
亚达那	yadana
亚述	yashu
亚述人	yashuren
亚述学	yashuxue
亚述巴尼拔	yashubaniba
亚述语	yashuyu
亚里士多德	yalishiduode
亚里斯多德	yalisiduode
亚铁氰化物	yatieqinghuawu
亚铁氰酸	yatieqingsuan
亚锗酸盐	yazhesuanyan
亚非语系	yafeiyuxi
亚马孙	yamasun
亚马逊河	yamaxunhe
亚马逊鹦鹉	yamaxunyingwu
亚麻	yama
亚麻制品	yamazhipin
亚麻属	yamashu
亚麻布	yamabu
亚麻毛织品	yamamaozhipin
亚麻科	yamake
亚麻籽车前	yamazicheqian
亚麻纤维	yamaxianwei
亚麻织物	yamazhiwu
亚麻酸	yamasuan
亚麻锈病菌	yamaxiubingjun
些	xie
些微	xiewei
些许	xiexu
亡夫遗产	wangfuyichan
交互	jiaohu
交互作用	jiaohuzuoyong
交付	jiaofu
交出	jiaochu
交单	jiaodan
交叉	jiaocha
交叉点	jiaochadian
交叉路	jiaochalu
交友	jiaoyou
交差点	jiaochaidian
交往	jiaowang
交待	jiaodai
交托	jiaotuo
交换	jiaohuan
交换型	jiaohuanxing
交换物	jiaohuanwu
交搭	jiaoda
交易	jiaoyi
交易会	jiaoyihui
交易所	jiaoyisuo
交易日	jiaoyiri
交易额为	jiaoyiewei
交替	jiaoti
交替起伏	jiaotiqifu
交流	jiaoliu
交流电	jiaoliudian
交涉	jiaoshe
交界处	jiaojiechu
交给	jiaogei
交翅	jiaochi
交角	jiaojiao
交谈	jiaotan
交还	jiaohuan
交通	jiaotong
交通壕	jiaotonghao
交通沟	jiaotonggou
交通补助	jiaotongbuzhu
交通要道	jiaotongyaodao
交际	jiaoji
产业	chanye
产卵	chanluan
产卵鱼	chanluanyu
产后痛	chanhoutong
产品	chanpin
产婆蟾属	chanpochanshu
产房	chanfang
产权	chanquan
产权负担	chanquanfudan
产生	chansheng
产生污迹	chanshengwuji
产生脓	chanshengnong
产科医院	chankeyiyuan
产蛋	chandan
产褥热	chanrure
产量	chanliang
亨伯桥	hengboqiao
亨利	hengli
享乐之路	xianglezhilu
享受	xiangshou
享有	xiangyou
享特威	xiangtewei
享用权	xiangyongquan
亭	ting
亮出	liangchu
亮叶漆树	liangyeqishu
亮度	liangdu
亮度单位	liangdudanwei
亮漆	liangqi
亮点	liangdian
亲	qin
亲兄弟	qinxiongdi
亲切	qinqie
亲切交往	qinqiejiaowang
亲吻	qinwen
亲和力	qinheli
亲善	qinshan
亲嘴	qinzui
亲密关系	qinmiguanxi
亲属	qinshu
亲属关系	qinshuguanxi
亲戚	qinqi
亲昵的人	qinnideren
亲爱的人	qinaideren
亲自	qinzi
亲近	qinjin
亳发无伤	bofawushang
亵渎	xiedu
人	ren
人上亚科	renshangyake
人上科	renshangke
人们	renmen
人体	renti
人体模型	rentimoxing
人体模特	rentimote
人力资源	renliziyuan
人力车	renliche
人即兽理论	renjishoulilun
人参果	renshenguo
人口	renkou
人口减少	renkoujianshao
人口普查	renkoupucha
人口调查	renkoudiaocha
人口过剩	renkouguosheng
人口过多	renkouguoduo
人员	renyuan
人均收入	renjunshouru
人士	renshi
人头数	rentoushu
人头牌	rentoupai
人头税	rentoushui
人头虱	rentoushi
人孔	renkong
人字呢	renzine
人字草	renzicao
人家	renjia
人寿保险	renshoubaoxian
人属	renshu
人工关节	rengongguanjie
人工受孕	rengongshouyun
人工呼吸器	rengonghuxiqi
人工心	rengongxin
人工心脏	rengongxinzang
人工智能	rengongzhineng
人工水池	rengongshuichi
人工水道	rengongshuidao
人工渠道	rengongqudao
人工湖	rengonghu
人工肾	rengongshen
人工血液	rengongxueye
人工语言	rengongyuyan
人形	renxing
人心果属	renxinguoshu
人心果树	renxinguoshu
人性	renxing
人才	rencai
人格	renge
人格分裂	rengefenlie
人格解体	rengejieti
人格障碍	rengezhangai
人民币	renminbi
人物	renwu
人生观	renshengguan
人的一致	rendeyizhi
人种	renzhong
人科	renke
人科之动物	renkezhidongwu
人科的动物	renkededongwu
人称一致	renchengyizhi
人类	renlei
人类学	renleixue
人类学家	renleixuejia
人类学院	renleixueyuan
人类崇拜	renleichongbai
人类的脸	renleidelian
人类粪便	renleifenbian
人类起源	renleiqiyuan
人群	renqun
人群控制	renqunkongzhi
人行桥	renxingqiao
人行横道	renxinghengdao
人行道	renxingdao
人质	renzhi
人身关系	renshenguanxi
人身安全	renshenanquan
人造关节	renzaoguanjie
人造卫星	renzaoweixing
人造喷泉	renzaopenquan
人造心脏	renzaoxinzang
人造的	renzaode
人造肾脏	renzaoshenzang
人造花	renzaohua
人造血	renzaoxue
人造蹼	renzaopu
人造革	renzaoge
人际关系	renjiguanxi
人际感情	renjiganqing
什一税	shenyishui
什么	shenme
什么也没有	shenmeyemeiyou
什塔克菇	shentakegu
仁	ren
仁慈	renci
仁慈地	rencidi
仁榔	renlang
仁频	renpin
仅	jin
仅仅	jinjin
仅可遮体的	jinkezhetide
仆人	puren
仇人	chouren
仇外	chouwai
仇恨	chouhen
仇敌	choudi
仇犹者	chouyouzhe
仇英心理	chouyingxinli
今后	jinhou
今天	jintian
今晚	jinwan
介于中间	jieyuzhongjian
介入	jieru
介壳	jieke
介壳虫	jiekechong
介形亚纲	jiexingyagang
介意	jieyi
介绍	jieshao
介虫	jiechong
仍回原处	renghuiyuanchu
仍是	rengshi
从事	congshi
从事于	congshiyu
从价税	congjiashui
从属	congshu
从属关系	congshuguanxi
从属地位	congshudiwei
从属的	congshude
从政者	congzhengzhe
从犯	congfan
从背后袭击	congbeihouxiji
从速处理	congsuchuli
仓促	cangcu
仓促应考	cangcuyingkao
仓促行事	cangcuxingshi
仓库	cangku
仓库存储	cangkucunchu
仓鼠	cangshu
仓鼠属	cangshushu
仓鼠科	cangshuke
仔细搜寻	zixisouxun
仔细搜查	zixisoucha
仔细盘问	zixipanwen
仔细考虑	zixikaolu
付之一炬	fuzhiyiju
付之一笑	fuzhiyixiao
付出	fuchu
付出款	fuchukuan
付小费	fuxiaofei
付得过多	fudeguoduo
付报酬	fubaochou
付款	fukuan
付款处	fukuanchu
付款率	fukuanlu
付清	fuqing
付给	fugei
付给回扣	fugeihuikou
付诸监护	fuzhujianhu
付账柜台	fuzhangguitai
付费给	fufeigei
付还	fuhai
仙女	xiannu
仙女座	xiannuzuo
仙女星系	xiannuxingxi
仙女木	xiannumu
仙女木属	xiannumushu
仙子	xianzi
仙宫	xiangong
仙枣	xianzao
仙桃草	xiantaocao
仙樱花	xianyinghua
仙瘴丹	xianzhangdan
仙迦树	xianjiashu
仙鞭草属	xianbiancaoshu
仙鹤草	xianhecao
代	dai
代人出价	dairenchujia
代人签字	dairenqianzi
代价	daijia
代偿	daichang
代号	daihao
代币	daibi
代数	daishu
代数学	daishuxue
代数学者	daishuxuezhe
代数语言	daishuyuyan
代替	daiti
代替物	daitiwu
代替车	daitiche
代理	daili
代理人	dailiren
代理人之职	dailirenzhizhi
代理战争	dailizhanzheng
代理行	dailixing
代理银行	dailiyinhang
代笔人	daibiren
代茶冬青	daichadongqing
代表	daibiao
代表团	daibiaotuan
代表大会	daibiaodahui
代表性	daibiaoxing
代表者	daibiaozhe
代言人	daiyanren
代谢	daixie
代谢异常	daixieyichang
代谢率	daixielu
代赭石	daizheshi
代金券	daijinquan
令	ling
令人作呕地	lingrenzuooudi
令人信服地	lingrenxinfudi
令人入神	lingrenrushen
令吉	lingji
以为	yiwei
以冰覆盖	yibingfugai
以前	yiqian
以势压倒	yishiyadao
以卡车运输	yikacheyunshu
以后	yihou
以堤围绕	yidiweirao
以堤防堵挡	yidifangdudang
以复利计算	yifulijisuan
以太网	yitaiwang
以字母表示	yizimubiaoshi
以往	yiwang
以扶壁支撑	yifubizhicheng
以拳痛击	yiquantongji
以拳重击	yiquanzhongji
以斯帖记补遗	yisitiejibuyi
以机腹着陆	yijifuzhuolu
以柏油铺	yibaiyoupu
以核武器攻击	yihewuqigongji
以横木围栏	yihengmuweilan
以步测量	yibuceliang
以武力迫害	yiwulipohai
以氧气处理	yiyangqichuli
以牙还牙	yiyahuanya
以物换物	yiwuhuanwu
以物易物	yiwuyiwu
以电击杀死	yidianjishasi
以管输送	yiguanshusong
以胸对着	yixiongduizhe
以荨麻刺	yixunmaci
以药物防腐	yiyaowufangfu
以铝覆盖	yilufugai
以音乐诱惑	yiyinyueyouhuo
以饵引诱	yieryinyou
以高热杀菌	yigaoreshajun
以鼻吸气	yibixiqi
仪器	yiqi
仪器板	yiqiban
仪式	yishi
仪表	yibiao
仪表板	yibiaoban
仪表盘	yibiaopan
仰卧游泳	yangwoyouyong
仰慕者	yangmuzhe
仰泳	yangyong
仰泳蝽	yangyongchun
仰蝽属	yangchunshu
仰蝽科	yangchunke
仰靠着	yangkaozhe
仰面跌倒	yangmiandiedao
仲冬	zhongdong
仲夏	zhongxia
仲夏夜	zhongxiaye
仲夏日	zhongxiari
仲裁	zhongcai
仲裁人	zhongcairen
仲裁庭	zhongcaiting
仲醛	zhongquan
价值	jiazhi
价值减低	jiazhijiandi
价值增加	jiazhizengjia
价格	jiage
价格为	jiagewei
价格回落	jiagehuiluo
价格回降	jiagehuijiang
价格战	jiagezhan
价格支持	jiagezhichi
价格竞争	jiagejingzheng
价格补助	jiagebuzhu
价格补贴	jiagebutie
价格补贴额	jiagebutiee
价款	jiakuan
价钱	jiaqian
任为主教	renweizhujiao
任何	renhe
任务	renwu
任向导	renxiangdao
任命	renming
任命的	renmingde
任圣职	renshengzhi
任性	renxing
任意出价	renyichujia
任意删改	renyishangai
任意删除	renyishanchu
任期	renqi
任职	renzhi
份	fen
份额	fene
仿制	fangzhi
仿古	fanggu
仿和服晨衣	fanghefuchenyi
仿射几何	fangshejihe
仿效	fangxiao
仿生人	fangshengren
仿真	fangzhen
仿造	fangzao
仿造品	fangzaopin
仿饰金	fangshijin
仿饰金属	fangshijinshu
企业	qiye
企业合作人	qiyehezuoren
企业界大亨	qiyejiedaheng
企业费用	qiyefeiyong
企业集团	qiyejituan
企图	qitu
企图获得	qituhuode
企鹅	qie
企鹅属	qieshu
企鹅目	qiemu
企鹅目海鸟	qiemuhainiao
企鹅科	qieke
伊乐藻	yilezao
伊伦	yilun
伊哥斯波塔米	yigesibotami
伊奥利亚	yiaoliya
伊奥利亚语	yiaoliyayu
伊拉克蜜枣	yilakemizao
伊斯兰化	yisilanhua
伊斯兰教历	yisilanjiaoli
伊欧里斯人	yioulisiren
伊汶氏肉瘤	yiwenshirouliu
伊法	yifa
伊澳蛇	yiaoshe
伊甸园	yidianyuan
伊索	yisuo
伊索寓言	yisuoyuyan
伊维萨猎犬	yiweisaliequan
伊蚊	yiwen
伊蚊属	yiwenshu
伊顿式衣领	yidunshiyiling
伏兵	fubing
伏击	fuji
伏安	fuan
伏特	fute
伏笔的	fubide
伏翼	fuyi
伏翼蝠属	fuyifushu
伏革菌属	fugejunshu
伐木茄克	famujiake
休会	xiuhui
休假	xiujia
休克	xiuke
休养	xiuyang
休养所	xiuyangsuo
休庭	xiuting
休息	xiuxi
休息室	xiuxishi
休息日	xiuxiri
休息时间	xiuxishijian
休息车厢	xiuxichexiang
休戚与共	xiuqiyugong
休止	xiuzhi
休眠	xiumian
休眠帐户	xiumianzhanghu
休闲地	xiuxiandi
休闲服	xiuxianfu
众议员	zhongyiyuan
众议院	zhongyiyuan
众香树	zhongxiangshu
优先	youxian
优先于	youxianyu
优先地位	youxiandiwei
优先处理	youxianchuli
优先抵押	youxiandiya
优先考虑	youxiankaolu
优先股	youxiangu
优势	youshi
优势分	youshifen
优惠	youhui
优惠券	youhuiquan
优柔寡断	yourouguaduan
优点	youdian
优秀的	youxiude
优胜杯	youshengbei
优胜者	youshengzhe
优良	youliang
优越	youyue
优越的	youyuede
优降糖	youjiangtang
优雅	youya
优雅卜若地	youyaboruodi
优雅棋盘花	youyaqipanhua
优雅的	youyade
伙伴	huoban
伙伴关系	huobanguanxi
伙伴系统	huobanxitong
会	hui
会厌	huiyan
会厌炎	huiyanyan
会合	huihe
会吏总	huilizong
会员	huiyuan
会员身份	huiyuanshenfen
会堂	huitang
会客	huike
会所	huisuo
会晤	huiwu
会期	huiqi
会籍	huiji
会聚透镜	huijutoujing
会见	huijian
会计	kuaiji
会计准则	kuaijizhunze
会计分录	kuaijifenlu
会计制度	kuaijizhidu
会计室	kuaijishi
会计工作	kuaijigongzuo
会计师	kuaijishi
会计年度	kuaijiniandu
会计数据	kuaijishuju
会计职业	kuaijizhiye
会计职务	kuaijizhiwu
会议	huiyi
会议中心	huiyizhongxin
会议决定	huiyijueding
会议厅	huiyiting
会议室	huiyishi
会议桌	huiyizhuo
会诊	huizhen
会话	huihua
会谈	huitan
会长	huizhang
会面	huimian
伞	san
伞干顶榈	sangandinglu
伞形科	sanxingke
伞形花序	sanxinghuaxu
伞房花序	sanfanghuaxu
伞状花序	sanzhuanghuaxu
伞盖	sangai
伞莎草	sansuocao
伞菌	sanjun
伞菌目	sanjunmu
伞菌科	sanjunke
伞衣	sanyi
伞裙	sanqun
伞齿轮	sanchilun
伟大	weida
传	chuan
传下	chuanxia
传下去	chuanxiaqu
传下来	chuanxialai
传动皮带	chuandongpidai
传动系	chuandongxi
传动线	chuandongxian
传动轴	chuandongzhou
传单	chuandan
传唤	chuanhuan
传家宝	chuanjiabao
传导	chuandao
传导阻滞	chuandaozuzhi
传导麻醉	chuandaomazui
传感器	chuanganqi
传授	chuanshou
传播	chuanbo
传教士	chuanjiaoshi
传染	chuanran
传染病	chuanranbing
传球	chuanqiu
传真	chuanzhen
传真机	chuanzhenji
传票	chuanpiao
传福音	chuanfuyin
传粉者	chuanfenzhe
传统	chuantong
传言	chuanyan
传讯	chuanxun
传记	zhuanji
传说	chuanshuo
传输系统	chuanshuxitong
传达	chuanda
传送	chuansong
传送器	chuansongqi
传送带	chuansongdai
传递	chuandi
传递性	chuandixing
传道	chuandao
传问	chuanwen
传闻	chuanwen
传阅	chuanyue
伤	shang
伤口	shangkou
伤害	shanghai
伤寒	shanghan
伤寒症	shanghanzheng
伤心	shangxin
伤心地	shangxindi
伤感情	shangganqing
伤残	shangcan
伤疤	shangba
伤痕	shanghen
伤痛	shangtong
伤风	shangfeng
伦理学	lunlixue
伦琴	lunqin
伦皮拉	lunpila
伪幻觉	weihuanjue
伪称	weicheng
伪装	weizhuang
伪装物	weizhuangwu
伪装衣	weizhuangyi
伪述	weishu
伪造	weizao
伪造人	weizaoren
伪造品	weizaopin
伪韧皮部	weirenpibu
伪龙	weilong
伯伯	bobo
伯利兹美元	bolizimeiyuan
伯利兹黄檀	bolizihuangtan
伯恩山犬	boenshanquan
伯母	bomu
伯爵爵位	bojuejuewei
伯爵的身分	bojuedeshenfen
伯父	bofu
估价	gujia
估价官	gujiaguan
估到最低额	gudaozuidie
估定的价值	gudingdejiazhi
估税	gushui
估计	guji
估计量	gujiliang
估量	guliang
伴奏	banzou
伴奏者	banzouzhe
伴奏部分	banzoubufen
伴护	banhu
伴汁酒	banzhijiu
伴随	bansui
伴随事件	bansuishijian
伴随物	bansuiwu
伴随着	bansuizhe
伶猴	linghou
伶猴属	linghoushu
伶鼬	lingyou
伸	shen
伸出	shenchu
伸展	shenzhan
伸展到	shenzhandao
伸展台	shenzhantai
伸展过度	shenzhanguodu
伸懒腰	shenlanyao
伸缩	shensuo
伸缩梯	shensuoti
伸长	shenchang
伺候	cihou
伺候用餐	cihouyongcan
似	shi
似乌木的	shiwumude
似乎	sihu
似乎是的	sihushide
似人的	shirende
似曜岩类	shiyaoyanlei
似猿猴的	shiyuanhoude
似酒石的	shijiushide
似银汉鱼属	shiyinhanyushu
似雪般落下	shixuebanlaxia
伽马	gama
伽马酸	gamasuan
伽马铁	gamatie
佃农	diannong
佃户	dianhu
位于	weiyu
位于第二	weiyudier
位于边缘	weiyubianyuan
位元组	weiyuanzu
位在	weizai
位组	weizu
位置	weizhi
低三下四	disanxiasi
低价	dijia
低估	digu
低凹处	diaochu
低垂	dichui
低声下气	dishengxiaqi
低声说	dishengshuo
低廉	dilian
低廉的旅馆	diliandeluguan
低廉的租金	diliandezujin
低张性	dizhangxing
低息贷款	dixidaikuan
低气压	diqiya
低氧	diyang
低污染核弹	diwuranhedan
低沉地说	dichendishuo
低渗	dishen
低温保持器	diwenbaochiqi
低温核融合	diwenheronghe
低温测定器	diwencedingqi
低温计	diwenji
低温退火	diwentuihuo
低潮	dichao
低爆速炸药	dibaosuzhayao
低等地位	didengdiwei
低级夜总会	dijiyezonghui
低级炸药	dijizhayao
低级舞厅	dijiwuting
低级趣味的	dijiquweide
低落	diluo
低蛋白血	didanbaixue
低血压	dixueya
低血压症	dixueyazheng
低血糖	dixuetang
低血钙症	dixuegaizheng
低载	dizai
低速档	disudang
低钠血	dinaxue
低钾血	dijiaxue
低音乐器	diyinyueqi
低音吉他	diyinjita
低音大号	diyindahao
低音提琴	diyintiqin
低音电吉他	diyindianjita
低音管	diyinguan
低音部音塞	diyinbuyinsai
低领	diling
低频放大器	dipinfangdaqi
低飞	difei
住	zhu
住在乡下	zhuzaixiangxia
住在邻近	zhuzailinjin
住址	zhuzhi
住处	zhuchu
住宅	zhuzhai
住宅入侵	zhuzhairuqin
住宅费	zhuzhaifei
住宿	zhusu
住宿处	zhusuchu
住户	zhuhu
住房	zhufang
住所	zhusuo
住院	zhuyuan
住院保险	zhuyuanbaoxian
住院治疗	zhuyuanzhiliao
佐剂	zuoji
佑	you
体会	tihui
体内平衡	tineipingheng
体制	tizhi
体弱多病的	tiruoduobingde
体形	tixing
体征	tizheng
体恤衫	tixushan
体操	ticao
体操垫	ticaodian
体操服	ticaofu
体操运动	ticaoyundong
体操锻炼	ticaoduanlian
体操鞋	ticaoxie
体格	tige
体液不调	tiyebudiao
体温计	tiwenji
体温过低	tiwenguodi
体温过高	tiwenguogao
体现	tixian
体癣	tixuan
体积	tiji
体积模量	tijimoliang
体系	tixi
体育	tiyu
体育场	tiyuchang
体育比赛日	tiyubisairi
体育设备	tiyushebei
体育设施	tiyusheshi
体育运动	tiyuyundong
体育锻炼	tiyuduanlian
体育馆	tiyuguan
体节	tijie
体虱	tishi
体视的	tishide
体谅	tiliang
体质	tizhi
体贴	titie
体长	tizhang
体面	timian
体香剂	tixiangji
体验	tiyan
余兴节目	yuxingjiemu
余切	yuqie
余割	yuge
余味	yuwei
余地	yudi
余弦	yuxian
余数	yushu
余晖	yuhui
余象	yuxiang
余震	yuzhen
余额	yue
佛座	fuzuo
佛座草	fuzuocao
佛手	foshou
佛手柑	foshougan
佛洛伊德的	fuluoyidede
佛焰花序	fuyanhuaxu
佛焰苞	fuyanbao
佛科摆	fukebai
佛豆	fudou
作	zuo
作业	zuoye
作东	zuodong
作为	zuowei
作为交换	zuoweijiaohuan
作为前奏	zuoweiqianzou
作为报酬	zuoweibaochou
作乐	zuole
作交易	zuojiaoyi
作准备	zuozhunbei
作出表现	zuochubiaoxian
作出让步	zuochurangbu
作呕	zuoou
作呼呼声	zuohuhusheng
作嗖嗖声	zuosousousheng
作姿势	zuozishi
作客	zuoke
作家	zuojia
作战	zuozhan
作控告笔录	zuokonggaobilu
作文	zuowen
作曲	zuoqu
作曲家	zuoqujia
作汨汨声	zuomimisheng
作汩汩声	zuogugusheng
作法自毙的人	zuofazibideren
作法自毙者	zuofazibizhe
作滴答声	zuodidasheng
作物歉收	zuowuqianshou
作王后	zuowanghou
作用	zuoyong
作用光谱	zuoyongguangpu
作用物	zuoyongwu
作痛	zuotong
作祟	zuosui
作者	zuozhe
作证	zuozheng
作证人	zuozhengren
作选择	zuoxuanze
作预测	zuoyuce
作风	zuofeng
佝偻病	gouloubing
你好	nihao
佣妇	yongfu
佣金	yongjin
佩剑	peijian
佩服	peifu
佩饰	peishi
佯装	yangzhuang
佳作	jiazuo
佼佼者	jiaojiaozhe
使一元化	shiyiyuanhua
使一团糟	shiyituanzao
使一致	shiyizhi
使上岸	shishangan
使上当	shishangdang
使上瘾	shishangyin
使下沉	shixiachen
使下降	shixiajiang
使不便	shibubian
使不分化	shibufenhua
使不动	shibudong
使不得不	shibudebu
使不敏感	shibumingan
使不方便	shibufangbian
使不朽	shibuxiu
使不流动	shibuliudong
使不知所措	shibuzhisuocuo
使不纯	shibuchun
使不能	shibuneng
使不自然	shibuziran
使不适	shibushi
使与自己为敌	shiyuzijiweidi
使专心	shizhuanxin
使专门化	shizhuanmenhua
使世俗化	shishisuhua
使丢人	shidiuren
使丢脸	shidiulian
使丧失	shisangshi
使个人化	shigerenhua
使个体化	shigetihua
使个性化	shigexinghua
使中断	shizhongduan
使中止	shizhongzhi
使中立	shizhongli
使习惯于	shixiguanyu
使了解	shiliaojie
使交替	shijiaoti
使交织	shijiaozhi
使人思考的	shirensikaode
使人想起	shirenxiangqi
使人格化	shirengehua
使从事	shicongshi
使从事于	shicongshiyu
使从属	shicongshu
使仰转	shiyangzhuan
使价格下跌	shijiagexiadie
使休会	shixiuhui
使休息	shixiuxi
使传阅	shichuanyue
使住人	shizhuren
使住院	shizhuyuan
使作废	shizuofei
使依法成	shiyifacheng
使信服	shixinfu
使倒塌	shidaota
使倒退	shidaotui
使倒霉	shidaomei
使倾斜	shiqingxie
使假释出狱	shijiashichuyu
使偏斜	shipianxie
使偏离	shipianli
使做奴隶	shizuonuli
使做牺牲	shizuoxisheng
使停止	shitingzhi
使停泊	shitingbo
使停滞	shitingzhi
使僵化	shijianghua
使僵硬	shijiangying
使充满	shichongman
使先具有	shixianjuyou
使先占有	shixianzhanyou
使光亮	shiguangliang
使免除	shimianchu
使入会	shiruhui
使入国籍	shiruguoji
使入歧途	shiruqitu
使入门	shirumen
使全力以赴	shiquanliyifu
使公制化	shigongzhihua
使共产化	shigongchanhua
使共有	shigongyou
使共轭	shigonge
使兴奋	shixingfen
使兴奋的	shixingfende
使具个性	shijugexing
使具体化	shijutihua
使具特色	shijutese
使兼容	shijianrong
使内收	shineishou
使内转	shineizhuan
使再循环	shizaixunhuan
使再生	shizaisheng
使冰冻	shibingdong
使冷凝	shilengning
使冷却	shilengque
使冻住	shidongzhu
使准备好	shizhunbeihao
使凉爽	shiliangshuang
使凌乱	shilingluan
使减压	shijianya
使减速	shijiansu
使凝华	shininghua
使凝结	shiningjie
使凝聚	shiningju
使凝集	shiningji
使凸出	shituchu
使出现	shichuxian
使出轨	shichugui
使分布	shifenbu
使分手	shifenshou
使分散	shifensan
使分权	shifenquan
使分流	shifenliu
使分离	shifenli
使分裂	shifenlie
使分解	shifenjie
使剧烈	shijulie
使割据	shigeju
使加倍	shijiabei
使加冕	shijiamian
使加压	shijiaya
使加速	shijiasu
使劲挥动	shijinhuidong
使劲行进	shijinxingjin
使化体	shihuati
使化身	shihuashen
使区别开来	shiqubiekailai
使升华	shishenghua
使升空	shishengkong
使卡住	shikazhu
使即位	shijiwei
使卷入	shijuanru
使卷曲	shijuanqu
使卸压	shixieya
使压入	shiyaru
使压紧	shiyajin
使厌恶	shiyanwu
使厚	shihou
使去乡下	shiquxiangxia
使去掉	shiqudiao
使及格	shijige
使及物	shijiwu
使反射	shifanshe
使反感	shifangan
使发劈啪声	shifapipasheng
使发声	shifasheng
使发弦声	shifaxiansheng
使发微光	shifaweiguang
使发怒	shifanu
使发生	shifasheng
使发痒	shifayang
使发砰声	shifapengsheng
使发芽	shifaya
使发酸	shifasuan
使取回	shiquhui
使受伤	shishoushang
使受到	shishoudao
使受危困	shishouweikun
使受困境	shishoukunjing
使受害	shishouhai
使受挫	shishoucuo
使受挫折	shishoucuozhe
使受监视	shishoujianshi
使受耻辱	shishouchiru
使受苦	shishouku
使受阻	shishouzu
使受限制	shishouxianzhi
使变体	shibianti
使变凉	shibianliang
使变化	shibianhua
使变厚	shibianhou
使变宽	shibiankuan
使变尖	shibianjian
使变形	shibianxing
使变性	shibianxing
使变成	shibiancheng
使变暖	shibiannuan
使变松	shibiansong
使变狭小	shibianxiaxiao
使变甜	shibiantian
使变直	shibianzhi
使变稀薄	shibianxibo
使变空	shibiankong
使变窄	shibianzhai
使变糊涂	shibianhutu
使变紧	shibianjin
使变苦	shibianku
使变调	shibiandiao
使变质	shibianzhi
使变酸	shibiansuan
使变黑	shibianhei
使叠盖	shidiegai
使吃得过饱	shichideguobao
使吃惊	shichijing
使合乎潮流	shihehuchaoliu
使合拍	shihepai
使合格	shihege
使合法	shihefa
使合法化	shihefahua
使合理	shiheli
使合群	shihequn
使同化	shitonghua
使同步	shitongbu
使后接	shihoujie
使向侧面	shixiangcemian
使含糊	shihanhu
使听不清	shitingbuqing
使呆滞	shidaizhi
使呈现	shichengxian
使呈金色	shichengjinse
使呼吸	shihuxi
使咔哒响	shikadaxiang
使咔嚓响	shikachaxiang
使回响	shihuixiang
使回春	shihuichun
使团结	shituanjie
使困惑	shikunhuo
使困扰	shikunrao
使固定	shiguding
使国有化	shiguoyouhua
使国际化	shiguojihua
使地方化	shidifanghua
使均等	shijundeng
使堆叠	shiduidie
使堕落	shiduoluo
使增压	shizengya
使增色	shizengse
使增速	shizengsu
使处于	shichuyu
使复原	shifuyuan
使复工	shifugong
使复杂	shifuza
使复杂先进	shifuzaxianjin
使复杂化	shifuzahua
使复职	shifuzhi
使复苏	shifusu
使外展	shiwaizhan
使多云	shiduoyun
使多元化	shiduoyuanhua
使多样化	shiduoyanghua
使大吃一惊	shidachiyijing
使失事	shishishi
使失去	shishiqu
使失去个性	shishiqugexing
使失去同步	shishiqutongbu
使失去性欲	shishiquxingyu
使失去感觉	shishiquganjue
使失去活力	shishiquhuoli
使失去知觉	shishiquzhijue
使失效	shishixiao
使失明	shishiming
使失望	shishiwang
使失色	shishise
使失调	shishitiao
使失资格	shishizige
使奔逃	shibentao
使好奇	shihaoqi
使存在	shicunzai
使孤立	shiguli
使安全渡过	shianquanduguo
使安心	shianxin
使安歇	shianxie
使安静	shianjing
使完美	shiwanmei
使定居	shidingju
使定期	shidingqi
使定相	shidingxiang
使实体化	shishitihua
使客观化	shikeguanhua
使害怕	shihaipa
使容易	shirongyi
使富足	shifuzu
使对应	shiduiying
使对质	shiduizhi
使尖锐	shijianrui
使就任	shijiuren
使就职	shijiuzhi
使局部化	shijubuhua
使屈从	shiqucong
使工作	shigongzuo
使干净	shiganjing
使平均	shipingjun
使平坦	shipingtan
使平正	shipingzheng
使平滑	shipinghua
使平衡	shipingheng
使平静	shipingjing
使并入	shibingru
使并拢	shibinglong
使延伸	shiyanshen
使延期	shiyanqi
使开化	shikaihua
使开始	shikaishi
使引起注意	shiyinqizhuyi
使弯	shiwan
使弯曲	shiwanqu
使弹回	shidanhui
使强壮	shiqiangzhuang
使归化	shiguihua
使归私有	shiguisiyou
使徒的地位	shitudediwei
使徒行传	shituxingchuan
使得灾祸	shidezaihuo
使循环	shixunhuan
使微现	shiweixian
使微降	shiweijiang
使心烦	shixinfan
使必要	shibiyao
使忙	shimang
使忙碌	shimanglu
使思考	shisikao
使急速移动	shijisuyidong
使恍惚	shihuanghu
使恐怖	shikongbu
使恢复	shihuifu
使恶化	shiehua
使恶心	shiexin
使惊吓	shijingxia
使惊呆	shijingdai
使惊奇	shijingqi
使惊逃	shijingtao
使惊骇	shijinghai
使想	shixiang
使想起	shixiangqi
使愚蠢	shiyuchun
使感不便	shiganbubian
使感光	shiganguang
使感到意外	shigandaoyiwai
使感刺痛	shigancitong
使感动	shigandong
使感悟	shiganwu
使慢跑	shimanpao
使懈怠	shixiedai
使成一体	shichengyiti
使成为	shichengwei
使成乞丐	shichengqigai
使成双	shichengshuang
使成合金	shichenghejin
使成团	shichengtuan
使成孤儿	shichengguer
使成寡妇	shichengguafu
使成层	shichengceng
使成形	shichengxing
使成搭配	shichengdapei
使成敌人	shichengdiren
使成曲形	shichengquxing
使成曲线	shichengquxian
使成漩涡	shichengxuanwo
使成熟	shichengshu
使成王	shichengwang
使成碳	shichengtan
使成角	shichengjiao
使戒除	shijiechu
使戴绿帽子	shidailumaozi
使扎根	shizhagen
使扩大	shikuoda
使折射	shizheshe
使拥塞	shiyongse
使挤满	shijiman
使挺直	shitingzhi
使换气	shihuanqi
使换调	shihuandiao
使排出	shipaichu
使接触	shijiechu
使接触到	shijiechudao
使接近	shijiejin
使搁浅	shigeqian
使搁置	shigezhi
使搬迁	shibanqian
使摄动	shishedong
使摆好姿势	shibaihaozishi
使摇动	shiyaodong
使摇晃	shiyaohuang
使撞击	shizhuangji
使操劳过度	shicaolaoguodu
使收敛	shishoulian
使收缩	shishousuo
使改观	shigaiguan
使改道	shigaidao
使放弃	shifangqi
使敏感	shimingan
使敏锐	shiminrui
使散开	shisankai
使散落	shisanluo
使文明	shiwenming
使方正	shifangzheng
使旋转	shixuanzhuan
使无力	shiwuli
使无感觉	shiwuganjue
使无效	shiwuxiao
使无罪	shiwuzui
使无色	shiwuse
使无视力	shiwushili
使无趣	shiwuqu
使昏暗	shihunan
使昏迷	shihunmi
使显影	shixianying
使显现	shixianxian
使显眼	shixianyan
使显著	shixianzhu
使暗淡	shiandan
使暴露	shibaolu
使曝光	shibaoguang
使更好	shigenghao
使更尊贵	shigengzungui
使更显著	shigengxianzhu
使更松	shigengsong
使更生	shigengsheng
使更高级	shigenggaoji
使最大化	shizuidahua
使有天赋	shiyoutianfu
使有效	shiyouxiao
使有斜面	shiyouxiemian
使有磁力	shiyoucili
使有秩序	shiyouzhixu
使有规则	shiyouguize
使有规律	shiyouguilu
使有资格	shiyouzige
使有趣	shiyouqu
使有须	shiyouxu
使有风味	shiyoufengwei
使服从	shifucong
使服毒品	shifudupin
使服水土	shifushuitu
使朝向	shichaoxiang
使本土化	shibentuhua
使机动化	shijidonghua
使松弛	shisongchi
使松懈	shisongxie
使松驰	shisongchi
使极不舒服	shijibushufu
使极度兴奋	shijiduxingfen
使极度痛苦	shijidutongku
使枯竭	shikujie
使枯萎	shikuwei
使模糊	shimohu
使欧化	shiouhua
使止住	shizhizhu
使正式	shizhengshi
使毁灭	shihuimie
使永存	shiyongcun
使永恒	shiyongheng
使沉没	shichenmo
使沦为奴隶	shilunweinuli
使沦为妓女	shilunweijinu
使沮丧	shijusang
使波动	shibodong
使注意	shizhuyi
使活动	shihuodong
使活泼	shihuopo
使活跃	shihuoyue
使流	shiliu
使流出	shiliuchu
使流动	shiliudong
使流通	shiliutong
使浓厚	shinonghou
使浓缩	shinongsuo
使消瘦	shixiaoshou
使消遣	shixiaoqian
使润滑	shirunhua
使混乱	shihunluan
使混淆	shihunxiao
使渗出	shishenchu
使温暖	shiwennuan
使湿透	shishitou
使溅起水	shijianqishui
使溶解	shirongjie
使滑动	shihuadong
使滚动	shigundong
使满意	shimanyi
使满足	shimanzu
使滴下	shidixia
使漂浮	shipiaofu
使潜入	shiqianru
使澄清	shichengqing
使激动	shijidong
使激怒	shijinu
使灼热	shizhuore
使炭化	shitanhua
使炸裂	shizhalie
使烦恼	shifannao
使热	shire
使熔融	shirongrong
使燃烧	shiranshao
使爆炸	shibaozha
使爆裂	shibaolie
使牵涉	shiqianshe
使特殊化	shiteshuhua
使牺牲	shixisheng
使环流	shihuanliu
使现代化	shixiandaihua
使理想化	shilixianghua
使理论化	shililunhua
使甜蜜	shitianmi
使生效	shishengxiao
使生根	shishenggen
使生殖	shishengzhi
使生色	shishengse
使用	shiyong
使用者	shiyongzhe
使电脑化	shidiannaohua
使畸形	shijixing
使疏远	shishuyuan
使痛苦	shitongku
使登基	shidengji
使登极	shidengji
使登王位	shidengwangwei
使登陆	shidenglu
使皈依	shiguiyi
使直	shizhi
使直立	shizhili
使相乘	shixiangcheng
使相信	shixiangxin
使相应	shixiangying
使相碰	shixiangpeng
使相等	shixiangdeng
使看不清	shikanbuqing
使看不见	shikanbujian
使看得见	shikandejian
使眼色	shiyanse
使着手	shizhuoshou
使着火	shizhaohuo
使着迷	shizhaomi
使睡	shishui
使瞎	shixia
使知悉	shizhixi
使矮小	shiaixiao
使破产	shipochan
使破灭	shipomie
使破裂	shipolie
使硬	shiying
使硬化	shiyinghua
使硬衬	shiyingchen
使碰撞	shipengzhuang
使磁化	shicihua
使社会化	shishehuihua
使离开	shilikai
使离心	shilixin
使离职	shilizhi
使私有化	shisiyouhua
使移动	shiyidong
使稀疏	shixishu
使稀薄	shixibo
使稳定	shiwending
使空出	shikongchu
使穿制服	shichuanzhifu
使突出	shituchu
使窒息	shizhixi
使简化	shijianhua
使简单	shijiandan
使简易	shijianyi
使精巧	shijingqiao
使精疲力竭	shijingpilijie
使精练	shijinglian
使精致	shijingzhi
使糊涂	shihutu
使糖化	shitanghua
使紊乱	shiwenluan
使紧密配合	shijinmipeihe
使絮凝	shixuning
使繁殖	shifanzhi
使纠缠	shijiuchan
使组成	shizucheng
使细心	shixixin
使细想	shixixiang
使终止	shizhongzhi
使经过	shijingguo
使结冰	shijiebing
使结合	shijiehe
使结束	shijieshu
使结舌	shijieshe
使绕射	shiraoshe
使绷紧	shibengjin
使缀合	shizhuihe
使缓和	shihuanhe
使缓慢	shihuanman
使缠结	shichanjie
使美国化	shimeiguohua
使羞愧	shixiukui
使考虑	shikaolu
使耗尽	shihaojin
使耻辱	shichiru
使聋	shilong
使联合	shilianhe
使聚拢	shijulong
使聚焦	shijujiao
使聚集	shijuji
使肥沃	shifeiwo
使肿胀	shizhongzhang
使胀破	shizhangpo
使脱去	shituoqu
使脱去衣服	shituoquyifu
使脱离	shituoli
使脱线	shituoxian
使脱衣服	shituoyifu
使腐化	shifuhua
使腐坏	shifuhuai
使腐败	shifubai
使腾跃	shitengyue
使膨胀	shipengzhang
使臌胀	shiguzhang
使自然化	shiziranhua
使自由	shiziyou
使花费	shihuafei
使苦恼	shikunao
使茫然	shimangran
使荒凉	shihuangliang
使获自由	shihuoziyou
使萌芽	shimengya
使萎缩	shiweisuo
使落空	shiluokong
使蒙受	shimengshou
使蒙羞	shimengxiu
使蒸发	shizhengfa
使虚弱	shixuruo
使蜂拥	shifengyong
使融化	shironghua
使表明	shibiaoming
使表现好	shibiaoxianhao
使衰减	shishuaijian
使衰变	shishuaibian
使衰弱	shishuairuo
使衰竭	shishuaijie
使被铭记	shibeimingji
使规律化	shiguiluhua
使解体	shijieti
使言语不清	shiyanyubuqing
使计算机化	shijisuanjihua
使记起	shijiqi
使诡计	shiguiji
使诧异	shichayi
使负义务	shifuyiwu
使负担过度	shifudanguodu
使质次	shizhici
使贫穷	shipinqiong
使贬值	shibianzhi
使资本化	shizibenhua
使走投无路	shizoutouwulu
使起伏	shiqifu
使起水泡	shiqishuipao
使起涟漪	shiqilianyi
使起疱	shiqipao
使起皱	shiqizhou
使跃过	shiyueguo
使跌价	shidiejia
使跑	shipao
使跳起	shitiaoqi
使跳跃	shitiaoyue
使转位	shizhuanwei
使转动	shizhuandong
使转向	shizhuanxiang
使转移	shizhuanyi
使轮流	shilunliu
使轮转	shilunzhuan
使达到极点	shidadaojidian
使过度拥挤	shiguoduyongji
使运动	shiyundong
使运行	shiyunxing
使运转	shiyunzhuan
使进位	shijinwei
使进蜂房	shijinfengfang
使远离	shiyuanli
使违规	shiweigui
使迟钝	shichidun
使迷人	shimiren
使迷恋	shimilian
使迷惑	shimihuo
使迷糊	shimihu
使退休	shituixiu
使退位	shituiwei
使退出比赛	shituichubisai
使退役	shituiyi
使退步	shituibu
使退磁	shituici
使适合	shishihe
使适应	shishiying
使逃窜	shitaocuan
使通气	shitongqi
使通过	shitongguo
使通风	shitongfeng
使遭厄运	shizaoeyun
使遭受	shizaoshou
使配平	shipeiping
使酥痒	shisuyang
使野兽化	shiyeshouhua
使野蛮	shiyeman
使锋利	shifengli
使镇定	shizhending
使镇静	shizhenjing
使闪烁	shishanshuo
使闭会	shibihui
使防冻	shifangdong
使阴	shiyin
使阴暗	shiyinan
使阴暗不明	shiyinanbuming
使阴沉	shiyinchen
使阶层化	shijiecenghua
使附于	shifuyu
使附属	shifushu
使降等	shijiangdeng
使降级	shijiangji
使降至	shijiangzhi
使陷入	shixianru
使陷危地	shixianweidi
使隆起	shilongqi
使隔开	shigekai
使隔离	shigeli
使隶属	shilishu
使集中	shijizhong
使集体化	shijitihua
使雾化	shiwuhua
使震动	shizhendong
使震惊	shizhenjing
使非自然化	shifeiziranhua
使靠拢	shikaolong
使面对	shimiandui
使顺从	shishuncong
使顺应	shishunying
使颤动	shichandong
使飘扬	shipiaoyang
使飘荡	shipiaodang
使飞跑	shifeipao
使飞驰	shifeichi
使馆	shiguan
使骚动	shisaodong
使高兴	shigaoxing
使高尚	shigaoshang
使高贵	shigaogui
使麻木	shimamu
使麻醉	shimazui
使黏合	shinianhe
使黯然	shianran
使黯然失色	shianranshise
侄	zhi
侄子	zhizi
例外	liwai
例子	lizi
例示	lishi
例证	lizheng
侍从	shicong
侍候	shihou
侍僧	shiseng
侍女	shinu
侍应	shiying
侍者	shizhe
侏儒症	zhuruzheng
侏儒鼠	zhurushu
侏鼠属	zhushushu
供以服装	gongyifuzhuang
供以燃料	gongyiranliao
供俸	gongfeng
供养	gongyang
供养费	gongyangfei
供奉	gongfeng
供应	gongying
供应伙食	gongyinghuoshi
供应货物	gongyinghuowu
供捕钓的鱼	gongbudiaodeyu
供暖系统	gongnuanxitong
供暖设备	gongnuanshebei
供桌	gongzhuo
供款	gongkuan
供热	gongre
供给	gongji
供给军需品	gongjijunxupin
供给过多	gongjiguoduo
供认	gongren
供资金给	gongzijingei
依从	yicong
依偎	yiwei
依偎着睡	yiweizheshui
依尺寸分	yichicunfen
依恋	yilian
依恋的	yiliande
依托	yituo
依拉普利	yilapuli
依法的	yifade
依稀的	yixide
依色林	yiselin
依赖	yilai
依赖性抑郁	yilaixingyiyu
依那西普	yinaxipu
依附	yifu
依附于土地的	yifuyutudide
依靠	yikao
侥幸	jiaoxing
侦察	zhencha
侦察队	zhenchadui
侦探	zhentan
侦查	zhencha
侧丝	cesi
侧向地	cexiangdi
侧廊	celang
侧手翻	ceshoufan
侧柏	cebai
侧柱	cezhu
侧滑	cehua
侧生蒴果	ceshengshuoguo
侧线器官	cexianqiguan
侧耳倾听	ceerqingting
侧耳属	ceershu
侧航	cehang
侧褶蜥	cezhexi
侧足	cezu
侧道	cedao
侧金盏花	cejinzhanhua
侧铲推土机	cechantuituji
侧面	cemian
侧面楼梯	cemianlouti
侨民	qiaomin
侮辱	wuru
侵入	qinru
侵入住宅	qinruzhuzhai
侵入岩浆	qinruyanjiang
侵占	qinzhan
侵害	qinhai
侵扰	qinrao
侵掠	qinlue
侵权	qinquan
侵染	qinran
侵犯	qinfan
侵犯性	qinfanxing
侵略	qinlue
侵略者	qinluezhe
侵蚀	qinshi
便利	bianli
便利店	bianlidian
便士	bianshi
便壶	bianhu
便宜货	pianyihuo
便帽	bianmao
便服	bianfu
便条纸	biantiaozhi
便盆	bianpen
便秘	bianmi
便笺	bianjian
便血	bianxie
便装	bianzhuang
促卵泡激素	culuanpaojisu
促效药	cuxiaoyao
促秋满月	cuqiumanyue
促进	cujin
促进吸收	cujinxishou
促销	cuxiao
促销活动	cuxiaohuodong
促销的	cuxiaode
俄亥俄七叶树	ehaieqiyeshu
俄亩	emu
俄国狼犬	eguolangquan
俄国狼狗	eguolanggou
俄国羊羔皮	eguoyanggaopi
俄国羔皮	eguogaopi
俄式三弦琴	eshisanxianqin
俄罗斯皮革	eluosipige
俄罗斯矮杏	eluosiaixing
俄罗斯革	eluosige
俄里	eli
俏皮话	qiaopihua
俗例	suli
俘获	fuhuo
俘虏	fulu
保付支票	baofuzhipiao
保佑	baoyou
保养	baoyang
保单贴现	baodantiexian
保卫	baowei
保姆	baomu
保存	baocun
保守	baoshou
保守秘密	baoshoumimi
保密	baomi
保密信托	baomixintuo
保密的	baomide
保当归	baodanggui
保护	baohu
保护伞	baohusan
保护关税	baohuguanshui
保护套	baohutao
保护带	baohudai
保护费	baohufei
保护锁	baohusuo
保持	baochi
保持平稳	baochipingwen
保持平衡	baochipingheng
保持效用	baochixiaoyong
保持稳定	baochiwending
保有时间	baoyoushijian
保水能力	baoshuinengli
保温器	baowenqi
保用	baoyong
保留	baoliu
保留条款	baoliutiaokuan
保管	baoguan
保管帐户	baoguanzhanghu
保育器	baoyuqi
保藏	baocang
保证	baozheng
保证书	baozhengshu
保证金	baozhengjin
保释	baoshi
保释金	baoshijin
保镖	baobiao
保险	baoxian
保险丝	baoxiansi
保险利益	baoxianliyi
保险单	baoxiandan
保险套	baoxiantao
保险总额	baoxianzonge
保险杆	baoxiangan
保险气袋	baoxianqidai
保险箱	baoxianxiang
保险费	baoxianfei
保障	baozhang
保鲜	baoxian
保龄球	baolingqiu
保龄球室	baolingqiushi
保龄球瓶	baolingqiuping
保龄球道	baolingqiudao
保龄球鞋	baolingqiuxie
信	xin
信义	xinyi
信以为真	xinyiweizhen
信仰	xinyang
信件	xinjian
信任	xinren
信号	xinhao
信号器	xinhaoqi
信号消失	xinhaoxiaoshi
信号火	xinhaohuo
信号灯	xinhaodeng
信号绳	xinhaosheng
信噪比	xinzaobi
信天翁	xintianweng
信天翁属	xintianwengshu
信天翁科	xintianwengke
信守	xinshou
信封	xinfeng
信心	xinxin
信念	xinnian
信息	xinxi
信息度量	xinxiduliang
信息时代	xinxishidai
信息系统	xinxixitong
信息素	xinxisu
信托	xintuo
信托基金	xintuojijin
信托帐户	xintuozhanghu
信托财产	xintuocaichan
信教	xinjiao
信条	xintiao
信用	xinyong
信用卡	xinyongka
信用卡支付	xinyongkazhifu
信用状	xinyongzhuang
信用紧缩	xinyongjinsuo
信用证	xinyongzheng
信箱	xinxiang
信誉	xinyu
信贷	xindai
信贷限额	xindaixiane
信赖	xinlai
修剪	xiujian
修士	xiushi
修复	xiufu
修女	xiunu
修女包头巾	xiunubaotoujin
修建起来	xiujianqilai
修改	xiugai
修改寄存器	xiugaijicunqi
修整	xiuzheng
修枝	xiuzhi
修正	xiuzheng
修正案	xiuzhengan
修理	xiuli
修补	xiubu
修补工作	xiubugongzuo
修订	xiuding
修辞	xiuci
修辞法	xiucifa
修边器	xiubianqi
修道士	xiudaoshi
修道院	xiudaoyuan
修面	xiumian
修饰	xiushi
修饰关系	xiushiguanxi
修饰成分	xiushichengfen
修饰语	xiushiyu
俯下	fuxia
俯临	fulin
俯伏	fufu
俯冲	fuchong
俯冲下扑	fuchongxiapu
俯冲轰炸	fuchonghongzha
俯卧式跳高	fuwoshitiaogao
俯就	fujiu
俯瞰	fukan
俯视	fushi
俱乐部	julebu
俱乐部会所	julebuhuisuo
俱乐部毒品	julebudupin
俱乐部聚会室	julebujuhuishi
俸禄	fenglu
倍他米松	beitamisong
倍低音管	beidiyinguan
倍压器	beiyaqi
倍增	beizeng
倍增器	beizengqi
倍数	beishu
倍频器	beipinqi
倒	dao
倒下	daoxia
倒位	daowei
倒刺	daoci
倒刺毛	daocimao
倒刺钩	daocigou
倒叙	daoxu
倒地铃	daodiling
倒地铃属	daodilingshu
倒坍	daotan
倒垃圾	daolaji
倒塌	daota
倒悬垂	daoxuanchui
倒挂柳	daogualiu
倒换器	daohuanqi
倒提壶	daotihu
倒插杨柳	daochayangliu
倒楣的日子	daomeiderizi
倒毒伞	daodusan
倒法拉	daofala
倒生的	daoshengde
倒生胚珠	daoshengpeizhu
倒空	daokong
倒立	daoli
倒置垂悬	daozhichuixuan
倒角刨	daojiaopao
倒账	daozhang
倒踏脚踏板	daotajiaotaban
倒退	daotui
倒钩	daogou
倒错	daocuo
倒闭	daobi
倒霉	daomei
倒齿状叶	daochizhuangye
倔强	juejiang
倔强的	juejiangde
候	hou
候审室	houshenshi
候机室	houjishi
候补	houbu
候补者	houbuzhe
候补队员区	houbuduiyuanqu
候诊室	houzhenshi
候车室	houcheshi
候选人	houxuanren
候选人资格	houxuanrenzige
候选资格	houxuanzige
借	jie
借入	jieru
借出	jiechu
借口	jiekou
借宿	jiesu
借宿别人处	jiesubierenchu
借据	jieju
借方	jiefang
借方分录	jiefangfenlu
借款	jiekuan
借用	jieyong
借给	jiegei
借记卡	jiejika
倡议	changyi
倦怠	juandai
倭水牛	woshuiniu
倭水牛属	woshuiniushu
倭海棠	wohaitang
倭犰狳	woqiuyu
倭犰狳属	woqiuyushu
倭狨	worong
倭狨属	worongshu
倭猩猩	woxingxing
倭蜂猴	wofenghou
倭豆	wodou
倭黑猩猩	woheixingxing
倭鼬	woyou
债券	zhaiquan
债务	zhaiwu
债务关系	zhaiwuguanxi
债务限额	zhaiwuxiane
债息	zhaixi
值	zhi
值勤	zhiqin
值夜	zhiye
值得	zhide
值班人	zhibanren
值班时间	zhibanshijian
倾侧	qingce
倾倒	qingdao
倾卸	qingxie
倾向	qingxiang
倾听	qingting
倾斜	qingxie
倾斜仪	qingxieyi
倾斜度	qingxiedu
倾斜角	qingxiejiao
倾斜计	qingxieji
倾斜飞行	qingxiefeixing
倾注	qingzhu
倾泻	qingxie
倾盆大雨	qingpendayu
倾盆而下	qingpenerxia
倾覆	qingfu
倾角	qingjiao
倾角仪	qingjiaoyi
倾销	qingxiao
假丝酵母	jiasijiaomu
假丝酵母属	jiasijiaomushu
假书	jiashu
假乳房	jiarufang
假人	jiaren
假公济私	jiagongjisi
假分式	jiafenshi
假分数	jiafenshu
假半阴阳	jiabanyinyang
假发	jiafa
假叶树	jiayeshu
假叶树属	jiayeshushu
假叶树科	jiayeshuke
假吸血蝠	jiaxixuefu
假吸血蝠属	jiaxixuefushu
假型板	jiaxingban
假妊娠	jiarenshen
假孕	jiayun
假定	jiading
假山萝	jiashanluo
假山萝属	jiashanluoshu
假性宫缩	jiaxinggongsuo
假托	jiatuo
假日	jiari
假日季节	jiarijijie
假晶滑石	jiajinghuashi
假期	jiaqi
假果	jiaguo
假桃榔	jiataolang
假槟榔	jiabinglang
假死	jiasi
假毛地黄	jiamaodihuang
假牙	jiaya
假牙架	jiayajia
假牛柑	jianiugan
假的	jiade
假皮	jiapi
假种皮	jiazhongpi
假紫荆	jiazijing
假紫荆属	jiazijingshu
假细菌	jiaxijun
假缝	jiafeng
假芒萁属	jiamangqishu
假苏	jiasu
假苦瓜	jiakugua
假荆芥	jiajingjie
假葡萄藤	jiaputaoteng
假蝇	jiaying
假蝇饵	jiayinger
假装	jiazhuang
假装合作	jiazhuanghezuo
假设	jiashe
假话	jiahua
假说	jiashuo
假象	jiaxiang
假造	jiazao
假酸浆	jiasuanjiang
假释	jiashi
假金条	jiajintiao
假金砖	jiajinzhuan
假阴茎	jiayinjing
假面具	jiamianju
假风疹	jiafengzhen
假饵	jiaer
假鹤虱属	jiaheshishu
假麻黄碱	jiamahuangjian
假龙头花	jialongtouhua
偎依	weiyi
偎抱	weibao
偏侧盲	piancemang
偏僻街道	pianpijiedao
偏头痛	piantoutong
偏好	pianhao
偏心率	pianxinlu
偏执狂	pianzhikuang
偏斜	pianxie
偏流	pianliu
偏爱	pianai
偏瘫	piantan
偏盲	pianmang
偏盲点	pianmangdian
偏磷酸	pianlinsuan
偏离	pianli
偏离预期	pianliyuqi
偏穗草科	piansuicaoke
偏航	pianhang
偏荡	piandang
偏袒	piantan
偏见	pianjian
做	zuo
做东	zuodong
做东道主	zuodongdaozhu
做主人	zuozhuren
做买卖	zuomaimai
做伙伴	zuohuoban
做作的	zuozuode
做假	zuojia
做先锋	zuoxianfeng
做出	zuochu
做到	zuodao
做司仪	zuosiyi
做坏事	zuohuaishi
做声	zuosheng
做女王	zuonuwang
做媚眼	zuomeiyan
做学徒	zuoxuetu
做实验	zuoshiyan
做工	zuogong
做广告	zuoguanggao
做开头部	zuokaitoubu
做得过分	zuodeguofen
做梦	zuomeng
做模型	zuomoxing
做模特儿	zuomoteer
做法	zuofa
做海盗	zuohaidao
做生意	zuoshengyi
做白日梦	zuobairimeng
做礼拜	zuolibai
做笨事	zuobenshi
做舵手	zuoduoshou
做苦工	zuokugong
做菜	zuocai
做错	zuocuo
做错事	zuocuoshi
做零工	zuolinggong
做首领	zuoshouling
停	ting
停付	tingfu
停在一角	tingzaiyijiao
停尸室	tingshishi
停尸房	tingshifang
停尸架	tingshijia
停工	tinggong
停息	tingxi
停播时间	tingboshijian
停放	tingfang
停机	tingji
停机坪	tingjiping
停止	tingzhi
停止使用	tingzhishiyong
停止做	tingzhizuo
停止工作	tingzhigongzuo
停止执行	tingzhizhixing
停止排卵	tingzhipailuan
停泊	tingbo
停泊地	tingbodi
停泊处	tingbochu
停泊所	tingbosuo
停泊灯	tingbodeng
停泊税	tingboshui
停泊费	tingbofei
停滞	tingzhi
停留	tingliu
停留一下	tingliuyixia
停留过久	tingliuguojiu
停车	tingche
停车场	tingchechang
停车处	tingchechu
停靠	tingkao
停靠港口	tingkaogangkou
停顿	tingdun
健在	jianzai
健壮	jianzhuang
健壮的	jianzhuangde
健康	jiankang
健康危害	jiankangweihai
健忘	jianwang
健脑菜	jiannaocai
健谈者	jiantanzhe
健身	jianshen
健身俱乐部	jianshenjulebu
健身房	jianshenfang
健身设备	jianshenshebei
偶像	ouxiang
偶像化	ouxianghua
偶发论者	oufalunzhe
偶极天线	oujitianxian
偶氮基	oudanji
偶氮染料	oudanranliao
偶然	ouran
偶然发现	ouranfaxian
偶然发生	ouranfasheng
偶然听到	ourantingdao
偶然地	ourandi
偶然性	ouranxing
偶然看见	ourankanjian
偶然碰上	ouranpengshang
偶然遇到	ouranyudao
偶然遇见	ouranyujian
偶线期	ouxianqi
偶蹄	outi
偶蹄动物	outidongwu
偶蹄目	outimu
偷	tou
偷乘	toucheng
偷偷取得	toutouqude
偷偷地做	toutoudizuo
偷偷干	toutougan
偷偷获得	toutouhuode
偷偷隐躲	toutouyinduo
偷听	touting
偷听到	toutingdao
偷情	touqing
偷懒	toulan
偷渡者	touduzhe
偷盗	toudao
偷看	toukan
偷窃	touqie
偷窥	toukui
偷运	touyun
偷香窃玉	touxiangqieyu
偿	chang
偿付	changfu
偿付能力	changfunengli
偿债基金	changzhaijijin
偿清	changqing
偿还	changhuan
偿还额	changhuane
傍人属	bangrenshu
傍晚	bangwan
储于槽中	chuyucaozhong
储入仓库	churucangku
储囤成本	chudunchengben
储备	chubei
储备基金	chubeijijin
储备帐	chubeizhang
储备资产	chubeizichan
储备金	chubeijin
储备食物	chubeishiwu
储存	chucun
储料器	chuliaoqi
储肉室	churoushi
储蓄	chuxu
储蓄债券	chuxuzhaiquan
储蓄公债	chuxugongzhai
储蓄器	chuxuqi
储蓄存折	chuxucunzhe
储蓄帐户	chuxuzhanghu
储蓄账户	chuxuzhanghu
储藏	chucang
储藏室	chucangshi
储藏所	chucangsuo
储藏费	chucangfei
储运损耗	chuyunsunhao
储量	chuliang
储金	chujin
催乳激素	cuirujisu
催乳药	cuiruyao
催化作用	cuihuazuoyong
催化剂	cuihuaji
催化裂化器	cuihualiehuaqi
催吐剂	cuituji
催吐白前	cuitubaiqian
催嚏剂	cuitiji
催奶剂	cuinaiji
催情剂	cuiqingji
催欲剂	cuiyuji
催泪瓦斯	cuileiwasi
催眠	cuimian
傲慢地	aomandi
傲慢的	aomande
傲然	aoran
傻子	shazi
傻瓜	shagua
像	xiang
像是	xiangshi
像柱	xiangzhu
像矛刺	xiangmaoci
像面	xiangmian
僧	seng
僧侣	senglu
僧侣之禄	sengluzhilu
僧服	sengfu
僧院	sengyuan
僵化	jianghua
僵局	jiangju
僵持	jiangchi
儒略历	rulueli
儒艮	rugen
儒艮属	rugenshu
儒艮科	rugenke
儿子或女儿	erzihuonuer
儿童居室	ertongjushi
儿童忽视	ertonghushi
儿童期	ertongqi
儿童疏忽	ertongshuhu
儿童虐待	ertongnuedai
儿茶	ercha
儿茶膏	erchagao
儿茶酚胺	erchafenan
兀鹰属	wuyingshu
允许	yunxu
允许加入	yunxujiaru
允许进入	yunxujinru
允诺	yunnuo
元	yuan
元件	yuanjian
元参	yuancan
元参属	yuancanshu
元宝树	yuanbaoshu
元旦	yuandan
元月	yuanyue
元素	yuansu
元阳模	yuanyangmo
元首	yuanshou
兄弟	xiongdi
兄弟关系	xiongdiguanxi
充分	chongfen
充分利用	chongfenliyong
充分就业	chongfenjiuye
充填	chongtian
充当	chongdang
充气	chongqi
充气器	chongqiqi
充气地	chongqidi
充气机	chongqiji
充满	chongman
充满希望	chongmanxiwang
充满恶意地	chongmaneyidi
充满污物的	chongmanwuwude
充电	chongdian
充盈	chongying
充血	chongxue
充足	chongzu
充足的财力	chongzudecaili
兆	zhao
兆位	zhaowei
兆吨	zhaodun
兆吨炸弹	zhaodunzhadan
兆周	zhaozhou
兆字节	zhaozijie
兆欧姆	zhaooumu
兆瓦特	zhaowate
兆赫	zhaohe
先买	xianmai
先付	xianfu
先令	xianling
先例	xianli
先兆	xianzhao
先兆子痫	xianzhaozixian
先入之见	xianruzhijian
先入观念	xianruguannian
先出叶	xianchuye
先前存在	xianqiancunzai
先占领	xianzhanling
先取	xianqu
先在	xianzai
先天萎缩	xiantianweisuo
先天论者	xiantianlunzhe
先存在	xiancunzai
先导	xiandao
先尼	xianni
先死	xiansi
先生	xiansheng
先菌丝	xianjunsi
先辈	xianbei
先锋	xianfeng
先锋派	xianfengpai
先锋霉素	xianfengmeisu
先驱	xianqu
光亮	guangliang
光体的	guangtide
光分	guangfen
光化辐射	guanghuafushe
光卤石	guanglushi
光反应	guangfanying
光合作用	guanghezuoyong
光圈	guangquan
光塔	guangta
光子单位	guangzidanwei
光学玻璃	guangxueboli
光岩蕨	guangyanjue
光年	guangnian
光度	guangdu
光度单位	guangdudanwei
光恐怖	guangkongbu
光时	guangshi
光明	guangming
光明丹	guangmingdan
光明节	guangmingjie
光木耳	guangmuer
光束	guangshu
光柄菇	guangbinggu
光柄菇科	guangbingguke
光标	guangbiao
光桐	guangtong
光气	guangqi
光源	guangyuan
光滑漆树	guanghuaqishu
光漆	guangqi
光玉髓	guangyusui
光电发射	guangdianfashe
光盘	guangpan
光碟	guangdie
光碟柜	guangdiegui
光神霉素	guangshenmeisu
光秃	guangtu
光秒	guangmiao
光笔	guangbi
光线	guangxian
光线锥	guangxianzhui
光缆	guanglan
光蝉	guangchan
光辉霉素	guanghuimeisu
光通量	guangtongliang
光速	guangsu
光鲁石	guanglushi
克他命	ketaming
克分子	kefenzi
克制	kezhi
克制者	kezhizhe
克尔盒	keerhe
克扣	kekou
克拉	kela
克拉克电池	kelakedianchi
克服	kefu
克朗	kelang
克氏征	keshizheng
克汀病	ketingbing
克滤满	keluman
克珀斯陶瓶	kepositaoping
克瑞	kerui
克罗克电锅	keluokedianguo
克罗奇马车	keluoqimache
克罗恩病	keluoenbing
克罗米酚	keluomifen
克罗马努人	keluomanuren
克耳盒	keerhe
克莱因瓶	kelaiyinping
克莱德谷马	kelaideguma
克莱莫地雷	kelaimodilei
克里姆林	kelimulin
克里姆林宫	kelimulingong
克隆氏症	kelongshizheng
克雅氏病	keyashibing
免付邮费地	mianfuyoufeidi
免疫	mianyi
免疫剂	mianyiji
免疫原	mianyiyuan
免疫抑制	mianyiyizhi
免疫抑制剂	mianyiyizhiji
免疫电泳	mianyidianyong
免疫缺陷	mianyiquexian
免税额度	mianshuiedu
免罚	mianfa
免罪	mianzui
免职	mianzhi
免费午餐	mianfeiwucan
免费品	mianfeipin
免费得到	mianfeidedao
免费搭车	mianfeidache
免费赠品	mianfeizengpin
免除	mianchu
兑换	duihuan
兑换率	duihuanlu
兔唇	tuchun
兔子	tuzi
兔子木	tuzimu
兔子木的果实	tuzimudeguoshi
兔属	tushu
兔崽子	tuzaizi
兔形目	tuxingmu
兔形目动物	tuxingmudongwu
兔毛	tumao
兔热病	turebing
兔牙鲷	tuyadiao
兔牙鲷属	tuyadiaoshu
兔狲	tusun
兔猴	tuhou
兔猴属	tuhoushu
兔的毛皮	tudemaopi
兔皮	tupi
兔眼	tuyan
兔眼症	tuyanzheng
兔科	tuke
兔科动物	tukedongwu
兔脚蕨	tujiaojue
兔豚鼠	tutunshu
兔豚鼠属	tutunshushu
兔鼠	tushu
党	dang
兜娄婆香	douloupoxiang
兜帽	doumao
兜揽	doulan
兜鍪	doumou
入伙	ruhuo
入会	ruhui
入侵	ruqin
入口	rukou
入口道路	rukoudaolu
入地蜈蚣	rudiwugong
入场	ruchang
入场券	ruchangquan
入场奖	ruchangjiang
入场权	ruchangquan
入场许可	ruchangxuke
入场费	ruchangfei
入坞	ruwu
入学	ruxue
入室盗窃	rushidaoqie
入室行窃	rushixingqie
入寂	ruji
入射角	rushejiao
入市税	rushishui
入席	ruxi
入库	ruku
入店行窃	rudianxingqie
入神	rushen
入超	ruchao
入迷	rumi
入门	rumen
全	quan
全体	quanti
全体一致	quantiyizhi
全体一致的	quantiyizhide
全体人民	quantirenmin
全体居民	quantijumin
全体机员	quantijiyuan
全体水手	quantishuishou
全体雇员	quantiguyuan
全力以赴	quanliyifu
全变态	quanbiantai
全变态类	quanbiantailei
全套工具	quantaogongju
全套设备	quantaoshebei
全幅的	quanfude
全心炎	quanxinyan
全息图	quanxitu
全新	quanxin
全方	quanfang
全景	quanjing
全权信托	quanquanxintuo
全权处理	quanquanchuli
全球化	quanqiuhua
全盛时期	quanshengshiqi
全盛期	quanshengqi
全知	quanzhi
全窦炎	quandouyan
全缘叶	quanyuanye
全能	quanneng
全能刨	quannengpao
全能的	quannengde
全能的神	quannengdeshen
全能者	quannengzhe
全脑炎	quannaoyan
全色盲	quansemang
全草	quancao
全蒸发	quanzhengfa
全身麻醉	quanshenmazui
全速前进	quansuqianjin
全部	quanbu
全部买下	quanbumaixia
全部人	quanburen
全部作品	quanbuzuopin
全部占有	quanbuzhanyou
全部服装	quanbufuzhuang
全部赌注	quanbuduzhu
全部预定	quanbuyuding
全集	quanji
八便士	babianshi
八便士钉	babianshiding
八分之一	bafenzhiyi
八十	bashi
八十一	bashiyi
八十七	bashiqi
八十三	bashisan
八十九	bashijiu
八十二	bashier
八十五	bashiwu
八十八	bashiba
八十六	bashiliu
八十四	bashisi
八哥属	bageshu
八月	bayue
八月珠	bayuezhu
八爪鱼	bazhaoyu
八腕属	bawanshu
八腕目	bawanmu
八腕科	bawanke
八角	bajiao
八角大茴	bajiaodahui
八角形	bajiaoxing
八角珠	bajiaozhu
八角茴香	bajiaohuixiang
八角香	bajiaoxiang
八角鱼	bajiaoyu
八角鱼属	bajiaoyushu
八角鱼科	bajiaoyuke
八足类动物	bazuleidongwu
八边形	babianxing
八进制数	bajinzhishu
八重姆	bazhongmu
八面体	bamianti
公丈	gongzhang
公主	gongzhu
公事包	gongshibao
公交线路	gongjiaoxianlu
公产	gongchan
公亩	gongmu
公休日	gongxiuri
公倍数	gongbeishu
公债	gongzhai
公债券	gongzhaiquan
公元	gongyuan
公元前	gongyuanqian
公元年	gongyuannian
公克	gongke
公共厕所	gonggongcesuo
公共域	gonggongyu
公共汽车	gonggongqiche
公共领域	gonggonglingyu
公分	gongfen
公分母	gongfenmu
公制	gongzhi
公制化	gongzhihua
公制系统	gongzhixitong
公务员	gongwuyuan
公升	gongsheng
公历	gongli
公历年	gonglinian
公历月	gongliyue
公吨	gongdun
公告	gonggao
公告板	gonggaoban
公因子	gongyinzi
公因数	gongyinshu
公园	gongyuan
公园道路	gongyuandaolu
公墓	gongmu
公安	gongan
公寓	gongyu
公寓大楼	gongyudalou
公寓房间	gongyufangjian
公寓楼	gongyulou
公尺	gongchi
公布	gongbu
公平	gongping
公平考虑	gongpingkaolu
公库	gongku
公开	gongkai
公开拍卖	gongkaipaimai
公开指责	gongkaizhize
公开认错	gongkairencuo
公式	gongshi
公报	gongbao
公担	gongdan
公文	gongwen
公文包	gongwenbao
公文欺骗	gongwenqipian
公文箱	gongwenxiang
公斤	gongjin
公断	gongduan
公断人	gongduanren
公有领域	gongyoulingyu
公正	gongzheng
公母草	gongmucao
公民	gongmin
公民日	gongminri
公民权	gongminquan
公民的	gongminde
公民结合	gongminjiehe
公海自由	gonghaiziyou
公然抨击	gongranpengji
公然违抗	gongranweikang
公爵	gongjue
公牛	gongniu
公牛蚁	gongniuyi
公物	gongwu
公猪	gongzhu
公猫	gongmao
公益信托	gongyixintuo
公约	gongyue
公约数	gongyueshu
公羊	gongyang
公职	gongzhi
公认	gongren
公认的意义	gongrendeyiyi
公证	gongzheng
公路	gonglu
公路系统	gongluxitong
公车	gongche
公转	gongzhuan
公道	gongdao
公里	gongli
公顷	gongqing
公馆	gongguan
公马	gongma
公驴	gonglu
六	liu
六个月一次的	liugeyueyicide
六亚甲基四胺	liuyajiajisian
六便士	liubianshi
六出花属	liuchuhuashu
六出花科	liuchuhuake
六分之一	liufenzhiyi
六十	liushi
六十一	liushiyi
六十七	liushiqi
六十三	liushisan
六十九	liushijiu
六十二	liushier
六十五	liushiwu
六十八	liushiba
六十六	liushiliu
六十分之一	liushifenzhiyi
六十四	liushisi
六孔竖笛	liukongshudi
六带犰狳	liudaiqiuyu
六带犰狳属	liudaiqiuyushu
六弦琴	liuxianqin
六月	liuyue
六月凌	liuyueling
六月干	liuyuegan
六条木	liutiaomu
六氟化硫	liufuhualiu
六氯酚	liulufen
六碳糖	liutantang
六线形	liuxianxing
六线鱼	liuxianyu
六线鱼属	liuxianyushu
六线鱼科	liuxianyuke
六角形	liujiaoxing
六角英	liujiaoying
六角螺帽	liujiaoluomao
六道木	liudaomu
六道木属	liudaomushu
六雪尼	liuxueni
六面体	liumianti
六须鲇	liuxunian
六须鲇属	liuxunianshu
兰勒	lanlei
兰布列羊	lanbulieyang
兰撒	lansa
兰特	lante
兰科植物	lankezhiwu
兰索拉唑	lansuolazuo
兰舌病	lanshebing
兰花菇	lanhuagu
兰金刻度	lanjinkedu
兰金温标	lanjinwenbiao
兰香	lanxiang
兰香子	lanxiangzi
共享	gongxiang
共同一致	gongtongyizhi
共同之处	gongtongzhichu
共同合作	gongtonghezuo
共同性	gongtongxing
共同意见	gongtongyijian
共同点	gongtongdian
共和国	gongheguo
共和政体	gonghezhengti
共存	gongcun
共性	gongxing
共振	gongzhen
共时的	gongshide
共有	gongyou
共析钢	gongxigang
共栖	gongqi
共犯	gongfan
共生	gongsheng
共用	gongyong
共用权	gongyongquan
共计	gongji
共计为	gongjiwei
共识	gongshi
共轭溶液	gongerongye
共鸣	gongming
关	guan
关上	guanshang
关于此点	guanyucidian
关入厩	guanrujiu
关刀花	guandaohua
关切	guanqie
关在室内	guanzaishinei
关头	guantou
关心	guanxin
关押	guanya
关掉	guandiao
关注	guanzhu
关照	guanzhao
关税	guanshui
关系	guanxi
关系到	guanxidao
关系密切的	guanximiqiede
关联	guanlian
关联性	guanlianxing
关联的	guanliande
关节	guanjie
关节炎	guanjieyan
关节痛	guanjietong
关节积水	guanjiejishui
关节窝	guanjiewo
关节膜炎	guanjiemoyan
关节镜	guanjiejing
关进笼内	guanjinlongnei
关键	guanjian
关键时刻	guanjianshike
关门草	guanmencao
关闭	guanbi
兴味	xingwei
兴奋	xingfen
兴奋作用	xingfenzuoyong
兴奋剂	xingfenji
兴安白芷	xinganbaizhi
兴旺	xingwang
兴高采烈	xinggaocailie
兵	bing
兵器	bingqi
兵工厂	binggongchang
兵役	bingyi
兵舍	bingshe
兵营	bingying
兵豆属	bingdoushu
其它	qita
其时	qishi
具体化	jutihua
具体表达	jutibiaoda
具有	juyou
具结	jujie
具结保释	jujiebaoshi
典型	dianxing
典型性	dianxingxing
典型的	dianxingde
典当	diandang
典押	dianya
典礼	dianli
典范	dianfan
典雅	dianya
兹罗提	ziluoti
兹罗题	ziluoti
养殖业	yangzhiye
养老保险	yanglaobaoxian
养老基金	yanglaojijin
养育	yangyu
养蚕	yangcan
养蜂场	yangfengchang
养鱼场	yangyuchang
养鱼缸	yangyugang
养鸡场	yangjichang
兽奸	shoujian
兽性	shouxing
兽性化	shouxinghua
兽疥癣	shoujiexuan
兽皮	shoupi
兽群	shouqun
兽脂	shouzhi
内八字脚	neibazijiao
内八脚	neibajiao
内卡钳	neikaqian
内卷	neijuan
内向	neixiang
内啡呔	neifeidai
内啡肽	neifeitai
内因子	neiyinzi
内因素	neiyinsu
内在	neizai
内在欺骗	neizaiqipian
内场	neichang
内填	neitian
内奸	neijian
内存	neicun
内存条	neicuntiao
内孢霉目	neibaomeimu
内容	neirong
内屋	neiwu
内工字褶	neigongzizhe
内库	neiku
内弯脚	neiwanjiao
内弯腿	neiwantui
内径尺	neijingchi
内心	neixin
内折	neizhe
内控	neikong
内敛的	neiliande
内斜视	neixieshi
内旋结	neixuanjie
内曲	neiqu
内毒素	neidusu
内渗	neishen
内源因素	neiyuanyinsu
内燃	neiran
内燃机	neiranji
内燃机车	neiranjiche
内翻	neifan
内翻膝	neifanxi
内耳炎	neieryan
内肛动物	neigangdongwu
内肛门	neigangmen
内胎	neitai
内脏下垂	neizangxiachui
内脏变位	neizangbianwei
内裤	neiku
内角	neijiao
内诊镜	neizhenjing
内转	neizhuan
内部	neibu
内部控制	neibukongzhi
内部网络	neibuwangluo
内部联姻	neibulianyin
内部通婚	neibutonghun
内部餐厅	neibucanting
内部驱动器	neibuqudongqi
内门	neimen
内阁	neige
内陷	neixian
内驱力	neiquli
内龙骨	neilonggu
册子	cezi
再买	zaimai
再会	zaihui
再传送	zaichuansong
再保险	zaibaoxian
再储存	zaichucun
再充填	zaichongtian
再出现	zaichuxian
再分配	zaifenpei
再利用	zailiyong
再制	zaizhi
再制定	zaizhiding
再加入	zaijiaru
再加油	zaijiayou
再升华	zaishenghua
再卖	zaimai
再反响	zaifanxiang
再发出	zaifachu
再发回声	zaifahuisheng
再发汇票	zaifahuipiao
再发现	zaifaxian
再吸入	zaixiru
再吸收	zaixishou
再命名	zaimingming
再埋葬	zaimaizang
再处置	zaichuzhi
再委托	zaiweituo
再婚	zaihun
再存取	zaicunqu
再审	zaishen
再开始	zaikaishi
再征服	zaizhengfu
再悬浮	zaixuanfu
再打电话	zaidadianhua
再拿到手	zainadaoshou
再指定	zaizhiding
再摄取	zaishequ
再播送	zaibosong
再次会面	zaicihuimian
再次出现	zaicichuxian
再次发病	zaicifabing
再次启动	zaiciqidong
再次攻克	zaicigongke
再次浮现	zaicifuxian
再次点火	zaicidianhuo
再次见面	zaicijianmian
再沉淀	zaichendian
再沉积	zaichenji
再浸礼教徒	zaijinlijiaotu
再浸礼论者	zaijinlilunzhe
再点火	zaidianhuo
再犯	zaifan
再现	zaixian
再生	zaisheng
再生林	zaishenglin
再生的	zaishengde
再用	zaiyong
再编制	zaibianzhi
再聚焦	zaijujiao
再装备	zaizhuangbei
再见	zaijian
再调整	zaitiaozheng
再购买	zaigoumai
再贴现率	zaitiexianlu
再起	zaiqi
再选	zaixuan
再造	zaizao
再采购	zaicaigou
再集会	zaijihui
再露头	zailoutou
冒充	maochong
冒出	maochu
冒号	maohao
冒泡	maopao
冒烟	maoyan
冒热汽	maoreqi
冒牌货	maopaihuo
冒犯	maofan
冒称	maocheng
冒险	maoxian
冒险事业	maoxianshiye
冒险干	maoxiangan
冒险的	maoxiande
冒险者	maoxianzhe
冕牌玻璃	mianpaiboli
冗余	rongyu
冗长	rongchang
写	xie
写出	xiechu
写地址	xiedizhi
写字台	xiezitai
写字夹板	xiezijiaban
写字母于	xiezimuyu
写实的	xieshide
写标题	xiebiaoti
写照	xiezhao
写真的	xiezhende
写着	xiezhe
写红字	xiehongzi
军	jun
军事力量	junshililiang
军事医院	junshiyiyuan
军事基地	junshijidi
军事控制	junshikongzhi
军事行动	junshixingdong
军事设施	junshisheshi
军人	junren
军人之子	junrenzhizi
军人节	junrenjie
军医院	junyiyuan
军团菌病	juntuanjunbing
军备控制	junbeikongzhi
军备竞赛	junbeijingsai
军官	junguan
军旗	junqi
军曹鱼	juncaoyu
军曹鱼属	juncaoyushu
军曹鱼科	juncaoyuke
军械厂	junxiechang
军械室	junxieshi
军械库	junxieku
军火	junhuo
军火库	junhuoku
军犬	junquan
军用车	junyongche
军职	junzhi
军舰	junjian
军舰旗	junjianqi
军舰鸟	junjianniao
军舰鸟属	junjianniaoshu
军舰鸟科	junjianniaoke
军营	junying
军衔	junxian
军装	junzhuang
军队	jundui
军队单位	junduidanwei
军队的宿舍	junduidesushe
军队里集合	junduilijihe
军需品	junxupin
军马	junma
农业	nongye
农业场地	nongyechangdi
农业家	nongyejia
农业机器	nongyejiqi
农业机械	nongyejixie
农事	nongshi
农产品	nongchanpin
农历年	nonglinian
农场	nongchang
农场主	nongchangzhu
农夫	nongfu
农奴境遇	nongnujingyu
农奴身份	nongnushenfen
农学	nongxue
农学家	nongxuejia
农庄	nongzhuang
农村	nongcun
农民	nongmin
农民肺	nongminfei
农民阶层	nongminjieceng
农用马车	nongyongmache
农舍	nongshe
农艺学家	nongyixuejia
农药中毒	nongyaozhongdu
冠军	guanjun
冠心病	guanxinbing
冠毛	guanmao
冠毛鳚	guanmaowei
冠海豹	guanhaibao
冠海豹属	guanhaibaoshu
冠瘿	guanying
冠盖绣球	guangaixiuqiu
冠羽	guanyu
冠臭鼬	guanchouyou
冠花贝母	guanhuabeimu
冠词	guanci
冠鲽	guandie
冤枉	yuanwang
冥府	mingfu
冥思苦想	mingsikuxiang
冬	dong
冬天	dongtian
冬孢菌纲	dongbaojungang
冬季	dongji
冬珊瑚	dongshanhu
冬眠	dongmian
冬至	dongzhi
冬苕子	dongshaozi
冬菇	donggu
冬青	dongqing
冬青属	dongqingshu
冬青树	dongqingshu
冬青灌木	dongqingguanmu
冬青科	dongqingke
冰	bing
冰冷	bingleng
冰冻	bingdong
冰凉	bingliang
冰块	bingkuai
冰块夹子	bingkuaijiazi
冰室	bingshi
冰岛克朗	bingdaokelang
冰岛苔藓	bingdaotaixian
冰川	bingchuan
冰川期	bingchuanqi
冰库	bingku
冰晶石	bingjingshi
冰期	bingqi
冰格	bingge
冰河	binghe
冰河作用	binghezuoyong
冰河时代	bingheshidai
冰河时期	bingheshiqi
冰河期	bingheqi
冰河百合	binghebaihe
冰沼草科	bingzhaocaoke
冰淇淋	bingqilin
冰球场	bingqiuchang
冰球棒	bingqiubang
冰箱	bingxiang
冰粉	bingfen
冰糕	binggao
冰船	bingchuan
冰草	bingcao
冰蚀	bingshi
冰袋	bingdai
冰钳	bingqian
冰镐	binggao
冰鞋	bingxie
冲	chong
冲入	chongru
冲出	chongchu
冲出去	chongchuqu
冲击	chongji
冲击摆	chongjibai
冲刷	chongshua
冲刺	chongci
冲力	chongli
冲动	chongdong
冲天杨	chongtianyang
冲天炉	chongtianlu
冲失	chongshi
冲撞	chongzhuang
冲洗	chongxi
冲洗器	chongxiqi
冲洗掉	chongxidiao
冲浪	chonglang
冲淡	chongdan
冲淡剂	chongdanji
冲溃处	chongkuichu
冲积土	chongjitu
冲积层	chongjiceng
冲积扇	chongjishan
冲突	chongtu
冲蚀	chongshi
冲角	chongjiao
冲走	chongzou
冲进	chongjin
决不	juebu
决不再	juebuzai
决定	jueding
决定权	juedingquan
决定论的	juedinglunde
决心	juexin
决斗	juedou
决断力	jueduanli
决明属	juemingshu
决算表	juesuanbiao
决胜局	jueshengju
决议	jueyi
冷	leng
冷冻	lengdong
冷冻保存	lengdongbaocun
冷冻剂	lengdongji
冷冻室	lengdongshi
冷凝	lengning
冷凝器	lengningqi
冷凝泵	lengningbeng
冷凝物	lengningwu
冷却	lengque
冷却剂	lengqueji
冷却塔	lengqueta
冷却方法	lengquefangfa
冷却液	lengqueye
冷却系统	lengquexitong
冷战	lengzhan
冷杉属	lengshanshu
冷杉球蚜	lengshanqiuya
冷核聚变	lenghejubian
冷橡胶	lengxiangjiao
冷气机	lengqiji
冷汗	lenghan
冷浸	lengjin
冷淡	lengdan
冷淡对待	lengdanduidai
冷淡的	lengdande
冷漠	lengmo
冷漠的	lengmode
冷烙器	lenglaoqi
冷盘	lengpan
冷眼看人	lengyankanren
冷聚变	lengjubian
冷胶	lengjiao
冷落	lengluo
冷蕨	lengjue
冷蕨属	lengjueshu
冷藏	lengcang
冷藏箱	lengcangxiang
冷融合	lengronghe
冷觉缺失	lengjuequeshi
冷觉过敏	lengjueguomin
冷遇	lengyu
冷霜	lengshuang
冷静	lengjing
冷静下来	lengjingxialai
冷颤	lengzhan
冻伤	dongshang
冻子	dongzi
冻干	donggan
冻疮	dongchuang
冻结	dongjie
冻胶	dongjiao
冻菌	dongjun
冻青	dongqing
净余	jingyu
净利	jingli
净化	jinghua
净化剂	jinghuaji
净是鼻涕的	jingshibitide
净肠草	jingchangcao
净赚	jingzhuan
净身盆	jingshenpen
净销售	jingxiaoshou
净销售额	jingxiaoshoue
凄凉的气氛	qiliangdeqifen
准予	zhunyu
准优先股	zhunyouxiangu
准军事的	zhunjunshide
准则	zhunze
准备	zhunbei
准备好	zhunbeihao
准备工作	zhunbeigongzuo
准备期	zhunbeiqi
准备资产	zhunbeizichan
准备阶段	zhunbeijieduan
准女伯爵	zhunnubojue
准押韵的	zhunyayunde
准普通股	zhunputonggu
准现金	zhunxianjin
准男爵	zhunnanjue
准直仪	zhunzhiyi
准直器	zhunzhiqi
准确度	zhunquedu
准许	zhunxu
准许入场	zhunxuruchang
准许入学	zhunxuruxue
准许进入	zhunxujinru
凉亭	liangting
凉伞草	liangsancao
凉台	liangtai
凉廊	lianglang
凉快	liangkuai
凉薯	liangshu
凉衍豆	liangyandou
凉鞋	liangxie
凌乱	lingluan
凌晨	lingchen
凌辱	lingru
凌霄花	lingxiaohua
凌驾	lingjia
减产	jianchan
减价	jianjia
减俸	jianfeng
减值	jianzhi
减免税	jianmianshui
减半	jianban
减压	jianya
减压器	jianyaqi
减压病	jianyabing
减压症	jianyazheng
减压阀	jianyafa
减小	jianxiao
减少	jianshao
减少服务	jianshaofuwu
减少盐分	jianshaoyanfen
减弱	jianruo
减弱的	jianruode
减慢	jianman
减慢速度	jianmansudu
减损	jiansun
减摇龙骨	jianyaolonggu
减数	jianshu
减数分裂	jianshufenlie
减法	jianfa
减税优惠	jianshuiyouhui
减税机会	jianshuijihui
减缓	jianhuan
减缩指数	jiansuozhishu
减耗量	jianhaoliang
减薪	jianxin
减轻	jianqing
减轻的	jianqingde
减轻者	jianqingzhe
减速	jiansu
减速剂	jiansuji
减除	jianchu
减除额	jianchue
减震器	jianzhenqi
凝乳酶	ningrumei
凝化	ninghua
凝固	ninggu
凝固时间	ninggushijian
凝固酵素	ninggujiaosu
凝固酶	ninggumei
凝块	ningkuai
凝线	ningxian
凝结	ningjie
凝结剂	ningjieji
凝结器	ningjieqi
凝缩	ningsuo
凝聚	ningju
凝胶	ningjiao
凝血	ningxue
凝血因子	ningxueyinzi
凝血时间	ningxueshijian
凝血酶	ningxuemei
凝视	ningshi
凝集	ningji
凝集原	ningjiyuan
凝集反应	ningjifanying
凝集测试	ningjiceshi
凝集素	ningjisu
几丁质	jidingzhi
几个	jige
几乎不	jihubu
几何图形	jihetuxing
几内亚法郎	jineiyafalang
几尼	jini
几率	jilu
凡人	fanren
凡士林	fanshilin
凡士林油	fanshilinyou
凤丫蕨	fengyajue
凤丫蕨属	fengyajueshu
凤仙花属	fengxianhuashu
凤仙花科	fengxianhuake
凤冠	fengguan
凤凰木	fenghuangmu
凤凰木属	fenghuangmushu
凤凰树	fenghuangshu
凤头鸊鷉	fengtoupiti
凤头麦鸡	fengtoumaiji
凤宝石	fengbaoshi
凤尾丝兰	fengweisilan
凤尾兰	fengweilan
凤尾船	fengweichuan
凤尾蕨	fengweijue
凤尾蕨属	fengweijueshu
凤尾蕨科	fengweijueke
凤尾鱼	fengweiyu
凤尾鱼比萨	fengweiyubisa
凤尾鱼酱	fengweiyujiang
凤梨	fengli
凤梨属	fenglishu
凤梨科	fenglike
凤梨科植物	fenglikezhiwu
凤眼蓝属	fengyanlanshu
凤螺属	fengluoshu
凤螺科	fengluoke
凫绒垫	furongdian
凭借	pingjie
凭照	pingzhao
凭证	pingzheng
凯塞	kaisai
凯斯狗	kaisigou
凯特明	kaiteming
凳子	dengzi
凶兆	xiongzhao
凶兆地	xiongzhaodi
凶恶	xionge
凶手	xiongshou
凶杀	xiongsha
凶残的人	xiongcanderen
凶猛	xiongmeng
凸出	tuchu
凸多边形	tuduobianxing
凸多面形	tuduomianxing
凸状	tuzhuang
凸纹条格	tuwentiaoge
凸缘	tuyuan
凸花条纹布	tuhuatiaowenbu
凸角	tujiao
凸起部分	tuqibufen
凸轮	tulun
凸轮轴	tulunzhou
凸透镜	tutoujing
凸雕	tudiao
凸面	tumian
凹入	aoru
凹入处	aoruchu
凹刨	aopao
凹口	aokou
凹嘴鹳	aozuiguan
凹嘴鹳属	aozuiguanshu
凹处	aochu
凹多边形	aoduobianxing
凹多面形	aoduomianxing
凹室	aoshi
凹形	aoxing
凹形器皿	aoxingqimin
凹槽	aocao
凹版印刷	aobanyinshua
凹版照相	aobanzhaoxiang
凹状	aozhuang
凹痕	aohen
凹角	aojiao
凹透镜	aotoujing
凹陷	aoxian
凹陷地	aoxiandi
凹雕	aodiao
凹雕艺术	aodiaoyishu
凹面	aomian
凹顶头	aodingtou
出丑	chuchou
出乎意料	chuhuyiliao
出产	chuchan
出价	chujia
出价过高	chujiaguogao
出价高过	chujiagaoguo
出众	chuzhong
出入权	churuquan
出勤检查	chuqinjiancha
出卖	chumai
出厂价	chuchangjia
出厂价格	chuchangjiage
出去	chuqu
出发	chufa
出发时间	chufashijian
出发点	chufadian
出口	chukou
出口信贷	chukouxindai
出口税	chukoushui
出品人	chupinren
出售	chushou
出场	chuchang
出坞	chuwu
出大错	chudacuo
出差补贴	chuchaibutie
出席	chuxi
出席者	chuxizhe
出席观看	chuxiguankan
出庭	chuting
出戏	chuxi
出战	chuzhan
出来	chulai
出汗	chuhan
出版	chuban
出版物	chubanwu
出版社	chubanshe
出牙	chuya
出牙过早	chuyaguozao
出现	chuxian
出生	chusheng
出生于	chushengyu
出生日期	chushengriqi
出生率	chushenglu
出疹	chuzhen
出示	chushi
出神	chushen
出租	chuzu
出租屋	chuzuwu
出租汽车	chuzuqiche
出租的马	chuzudema
出租费	chuzufei
出租车	chuzuche
出租马车	chuzumache
出芽酵母	chuyajiaomu
出血	chuxie
出血性发热	chuxiexingfare
出血热	chuxiere
出走	chuzou
出路	chulu
出身	chushen
出轨	chugui
出错	chucuo
出门	chumen
出风头	chufengtou
击中	jizhong
击伤	jishang
击剑的剑	jijiandejian
击剑面罩	jijianmianzhao
击打	jida
击打式打印机	jidashidayinji
击球位置	jiqiuweizhi
击球率	jiqiulu
击穿	jichuan
击落	jiluo
击败	jibai
击铁	jitie
击鼓声	jigusheng
函数	hanshu
凿出的道	zaochudedao
凿子	zaozi
凿子的刃角	zaoziderenjiao
凿船虫	zaochuanchong
凿通	zaotong
凿钢	zaogang
刀	dao
刀伤药	daoshangyao
刀刃	daoren
刀口	daokou
刀嘴海雀	daozuihaique
刀子	daozi
刀形窄裙	daoxingzhaiqun
刀把	daoba
刀枪不入	daoqiangburu
刀片	daopian
刀芹	daoqin
刀豆	daodou
刀豆属	daodoushu
刀豆氨酸	daodouansuan
刀豆角	daodoujiao
刀锋	daofeng
刃角	renjiao
分	fen
分为两叉	fenweiliangcha
分享	fenxiang
分光计	fenguangji
分切	fenqie
分别	fenbie
分割	fenge
分包	fenbao
分区	fenqu
分叉	fencha
分发	fenfa
分发传单	fenfachuandan
分发物	fenfawu
分娩	fenmian
分子	fenzi
分层	fenceng
分岔	fencha
分崩离析	fenbenglixi
分布	fenbu
分布在岸边	fenbuzaianbian
分开	fenkai
分异	fenyi
分成	fencheng
分成区	fenchengqu
分成类的	fenchengleide
分成组	fenchengzu
分担	fendan
分拣	fenjian
分摊	fentan
分摊指定	fentanzhiding
分支	fenzhi
分散	fensan
分散相	fensanxiang
分数	fenshu
分时	fenshi
分时技术	fenshijishu
分期付款	fenqifukuan
分期付款制	fenqifukuanzhi
分期付款率	fenqifukuanlu
分期偿还	fenqichanghuan
分机	fenji
分机线绳	fenjixiansheng
分析	fenxi
分析员	fenxiyuan
分析器	fenxiqi
分析复核	fenxifuhe
分析天平	fenxitianping
分析审核	fenxishenhe
分析家	fenxijia
分析师	fenxishi
分析者	fenxizhe
分枝	fenzhi
分株紫萁	fenzhuziqi
分核	fenhe
分歧	fenqi
分段落	fenduanluo
分母	fenmu
分泌	fenmi
分泌乳汁	fenmiruzhi
分泌亢进	fenmikangjin
分泌唾液	fenmituoye
分泌期	fenmiqi
分泌液	fenmiye
分泌物	fenmiwu
分泌酶	fenmimei
分派	fenpai
分派任务	fenpairenwu
分清	fenqing
分炮	fenpao
分生组织	fenshengzuzhi
分电器凸轮	fendianqitulun
分电器外壳	fendianqiwaike
分电器盖	fendianqigai
分界线	fenjiexian
分界面	fenjiemian
分离	fenli
分离关系	fenliguanxi
分离常数	fenlichangshu
分离性	fenlixing
分离担子	fenlidanzi
分租	fenzu
分立	fenli
分等	fendeng
分米	fenmi
分类的	fenleide
分类股票	fenleigupiao
分红制	fenhongzhi
分级股票	fenjigupiao
分组	fenzu
分给	fengei
分股	fengu
分节	fenjie
分芽繁殖	fenyafanzhi
分蘖	fennie
分裂	fenlie
分裂果	fenlieguo
分裂生殖	fenlieshengzhi
分裂繁殖	fenliefanzhi
分裂组织	fenliezuzhi
分解	fenjie
分解代谢	fenjiedaixie
分解蒸馏	fenjiezhengliu
分词	fenci
分贝	fenbei
分趾蹄	fenzhiti
分辨	fenbian
分选作用	fenxuanzuoyong
分遣	fenqian
分配	fenpei
分配物	fenpeiwu
分配者	fenpeizhe
分针	fenzhen
分钟	fenzhong
分门别类的	fenmenbieleide
分隔	fenge
分隔式雅座	fengeshiyazuo
分隔舱	fengecang
分馏作用	fenliuzuoyong
分馏法	fenliufa
切	qie
切丁器	qiedingqi
切乳酪器	qierulaoqi
切割	qiege
切割器	qiegeqi
切割工具	qiegegongju
切口	qiekou
切叶蜂	qieyefeng
切叶蜂属	qieyefengshu
切叶蜂科	qieyefengke
切尔克斯人	qieerkesiren
切开	qiekai
切得开的	qiedekaide
切换	qiehuan
切掉	qiediao
切断	qieduan
切断手术	qieduanshoushu
切望的	qiewangde
切根虫	qiegenchong
切片	qiepian
切特鲁姆	qietelumu
切皮克	qiepike
切碎	qiesui
切线	qiexian
切维厄特羊	qieweieteyang
切肉刀	qieroudao
切肉大刀	qieroudadao
切肉板	qierouban
切肉餐叉	qieroucancha
切角	qiejiao
切迹	qieji
切除	qiechu
刊印	kanyin
刑事犯罪	xingshifanzui
刑具	xingju
刑期	xingqi
刑警	xingjing
划	hua
划减	huajian
划出	huachu
划分	huafen
划分音节	huafenyinjie
划掉	huadiao
划桨	huajiang
划独木舟	huadumuzhou
划给	huagei
划船	huachuan
划艇	huating
划蝽	huachun
划蝽属	huachunshu
划蝽科	huachunke
划行	huaxing
划运	huayun
列	lie
列为	liewei
列举	lieju
列于表上	lieyubiaoshang
列伊	lieyi
列克	lieke
列尹	lieyin
列岛旅游	liedaoluyou
列岛旅行	liedaoluxing
列席	liexi
列弗	liefu
列当科	liedangke
列柱	liezhu
列氏刻度	lieshikedu
列氏温标	lieshiwenbiao
列表	liebiao
列车	lieche
列车荷载	liechehezai
列车载重	liechezaizhong
列车载量	liechezailiang
列阵	liezhen
刚	gang
刚刚	ganggang
刚到达的人	gangdaodaderen
刚性模数	gangxingmoshu
刚性系数	gangxingxishu
刚果孔雀	gangguokongque
刚果法郎	gangguofalang
刚果红	gangguohong
刚果胶	gangguojiao
刚毛	gangmao
刚毛衬衣	gangmaochenyi
刚特测链	gangtecelian
刚玉	gangyu
刚玉粉	gangyufen
刚竹属	gangzhushu
创业基金	chuangyejijin
创伤	chuangshang
创作	chuangzuo
创作物	chuangzuowu
创办	chuangban
创办费	chuangbanfei
创办资本	chuangbanziben
创始人	chuangshiren
创立	chuangli
创立费	chuanglifei
创造	chuangzao
初	chu
初学者	chuxuezhe
初期	chuqi
初次登台	chucidengtai
初现	chuxian
初级飞羽	chujifeiyu
初蜕	chutui
初选	chuxuan
初速度	chusudu
初龙	chulong
删到一半	shandaoyiban
删去	shanqu
删掉	shandiao
删节	shanjie
删除	shanchu
删除部份	shanchubufen
判决	panjue
判决书	panjueshu
判决无效	panjuewuxiao
判定	panding
判断	panduan
判断的自由	panduandeziyou
判罪	panzui
刨子	baozi
利什曼病	lishenmanbing
利他林	litalin
利口酒杯	likoujiubei
利器	liqi
利多卡因	liduokayin
利奎明	likuiming
利害冲突	lihaichongtu
利尿	liniao
利尿剂	liniaoji
利尿磺胺	liniaohuangan
利尿药物	liniaoyaowu
利尿酸	liniaosuan
利息	lixi
利息支出	lixizhichu
利息率	lixilu
利息费用	lixifeiyong
利比里亚元	libiliyayuan
利润	lirun
利润分享	lirunfenxiang
利润分成	lirunfencheng
利润分摊	lirunfentan
利润率	lirunlu
利率	lilu
利率低	liludi
利用	liyong
利皮札马	lipizhama
利益	liyi
利益婚姻	liyihunyin
利眠宁	limianning
利马豆	limadou
别名	bieming
别墅	bieshu
别扭事	bieniushi
别致地	biezhidi
别针	biezhen
刮	gua
刮出	guachu
刮匙	guashi
刮去	guaqu
刮微风	guaweifeng
刮擦	guaca
刮胡子	guahuzi
刮除	guachu
到	dao
到中天	daozhongtian
到了成年	daolechengnian
到处察看	daochuchakan
到处寻找	daochuxunzhao
到处跑	daochupao
到处都是	daochudoushi
到子午线	daoziwuxian
到底	daodi
到庭	daoting
到期	daoqi
到来	daolai
到案	daoan
到此结束	daocijieshu
到站时间	daozhanshijian
到达	daoda
到达时间	daodashijian
到达者	daodazhe
制	zhi
制作	zhizuo
制作人	zhizuoren
制作者	zhizuozhe
制冰机	zhibingji
制冷	zhileng
制冷剂	zhilengji
制动器	zhidongqi
制动器带	zhidongqidai
制动块	zhidongkuai
制动盘	zhidongpan
制动靴	zhidongxue
制品	zhipin
制图板	zhituban
制定	zhiding
制定法律	zhidingfalu
制定计划	zhidingjihua
制导导弹	zhidaodaodan
制导系统	zhidaoxitong
制度	zhidu
制服	zhifu
制材	zhicai
制止	zhizhi
制片	zhipian
制片人	zhipianren
制砖场	zhizhuanchang
制约性	zhiyuexing
制药的	zhiyaode
制菌剂	zhijunji
制裁	zhicai
制订	zhiding
制轮楔	zhilunxie
制造	zhizao
制造业	zhizaoye
制造厂	zhizaochang
制造噪音	zhizaozaoyin
制销	zhixiao
制门器	zhimenqi
制革法	zhigefa
制革过程	zhigeguocheng
制鞋皮革	zhixiepige
刷	shua
刷子	shuazi
刷掉	shuadiao
刷洗的	shuaxide
刷碗布	shuawanbu
刷色	shuase
券	quan
刹车	shache
刹车伞	shachesan
刹车垫	shachedian
刹车盘	shachepan
刹车踏板	shachetaban
刹那	chana
刺人虱	cirenshi
刺伤	cishang
刺儿李	cierli
刺入	ciru
刺兰棵子	cilankezi
刺刀	cidao
刺刑	cixing
刺叶树科	ciyeshuke
刺天冬	citiandong
刺客	cike
刺尾鱼	ciweiyu
刺尾鱼属	ciweiyushu
刺尾鱼科	ciweiyuke
刺或鞭打	cihuobianda
刺探	citan
刺杀	cisha
刺果松	ciguosong
刺果苏木	ciguosumu
刺果苜蓿	ciguomuxu
刺桐	citong
刺桐属	citongshu
刺梨子	cilizi
刺棘	ciji
刺榆子	ciyuzi
刺槐属	cihuaishu
刺橄榄	ciganlan
刺激	ciji
刺激活动	cijihuodong
刺痒	ciyang
刺痛	citong
刺盖太阳鱼	cigaitaiyangyu
刺眼	ciyan
刺破	cipo
刺稠李	cichouli
刺穿	cichuan
刺绣	cixiu
刺绣装饰	cixiuzhuangshi
刺耳	cier
刺芹儿	ciqiner
刺芹属	ciqinshu
刺芹属植物	ciqinshuzhiwu
刺茄	cijia
刺荚黄槐	cijiahuanghuai
刺萼龙葵	cielongkui
刺葫芦	cihulu
刺葵属	cikuishu
刺蕊草属	ciruicaoshu
刺蝶鱼	cidieyu
刺蝶鱼属	cidieyushu
刺蝽科	cichunke
刺豚鼠	citunshu
刺豚鼠属	citunshushu
刺豚鼠科	citunshuke
刺透	citou
刺透地	citoudi
刺针	cizhen
刺鲀	citun
刺鲀属	citunshu
刺鲀科	citunke
刺鲅	ciba
刺鲅属	cibashu
刻划	kehua
刻度盘	kedupan
刻痕	kehen
刻苦	keku
刻薄	kebo
刻面	kemian
剁碎	duosui
剂量	jiliang
剂量仪	jiliangyi
剂量率	jilianglu
剂量计	jiliangji
剃刀蛤	tidaoha
剃刀鱼	tidaoyu
剃刀鲸	tidaojing
削	xue
削价	xuejia
削减	xuejian
削弱	xueruo
前	qian
前任	qianren
前任者	qianrenzhe
前倾	qianqing
前凸	qiantu
前列腺炎	qianliexianyan
前列腺癌	qianliexianai
前厅	qianting
前台	qiantai
前台处理	qiantaichuli
前台操作	qiantaicaozuo
前后文	qianhouwen
前囟	qianxin
前夕	qianxi
前夜	qianye
前导	qiandao
前导物质	qiandaowuzhi
前座	qianzuo
前庭	qianting
前廊	qianlang
前提	qianti
前景	qianjing
前期	qianqi
前桅	qianwei
前桅大帆	qianweidafan
前桅帆	qianweifan
前桅平台	qianweipingtai
前桅支索	qianweizhisuo
前桅楼	qianweilou
前桅的大帆	qianweidedafan
前桥	qianqiao
前灯	qiandeng
前爪	qianzhao
前甲板	qianjiaban
前科	qianke
前突	qiantu
前纵帆	qianzongfan
前线	qianxian
前缘缝翼	qianyuanfengyi
前置胎盘	qianzhitaipan
前翼	qianyi
前者	qianzhe
前肢	qianzhi
前胸	qianxiong
前脚	qianjiao
前舱口	qiancangkou
前菜	qiancai
前词递接法	qiancidijiefa
前足	qianzu
前蹄	qianti
前车	qianche
前辈	qianbei
前进	qianjin
前进者	qianjinzhe
前部	qianbu
前部处理	qianbuchuli
前锯肌	qianjuji
前门	qianmen
前院	qianyuan
前面	qianmian
前项	qianxiang
前额	qiane
前驱	qianqu
剑	jian
剑伤	jianshang
剑刃	jianren
剑叶兰	jianyelan
剑叶朱蕉	jianyezhujiao
剑吻鲸	jianwenjing
剑形叶	jianxingye
剑柄	jianbing
剑桥大学	jianqiaodaxue
剑鱼	jianyu
剑齿蕨	jianchijue
剑齿虎	jianchihu
剑齿虎属	jianchihushu
剔出	tichu
剔除	tichu
剖析	pouxi
剖面图	poumiantu
剥光	boguang
剥削	boxue
剥去法衣	boqufayi
剥去羽毛	boquyumao
剥夺	boduo
剥夺公权	boduogongquan
剥夺律师资格	boduolushizige
剥夺自由	boduoziyou
剥理	boli
剥皮菌	baopijun
剥离	boli
剥离剂	boliji
剥脱	baotuo
剥蚀	boshi
剥除	baochu
剧变	jubian
剧团	jutuan
剧增	juzeng
剧情	juqing
剧情细节	juqingxijie
剧本	juben
剧汗	juhan
剧烈	julie
剧烈搅拌	juliejiaoban
剧烈的	juliede
剧痛	jutong
剧装	juzhuang
剧院包厢	juyuanbaoxiang
剧院花楼	juyuanhualou
剩	sheng
剩下	shengxia
剩余	shengyu
剩余物	shengyuwu
剩余部分	shengyubufen
剪	jian
剪去	jianqu
剪发	jianfa
剪嘴鸥	jianzuiou
剪嘴鸥属	jianzuioushu
剪嘴鸥科	jianzuiouke
剪式跳法	jianshitiaofa
剪报	jianbao
剪接	jianjie
剪接室	jianjieshi
剪断	jianduan
剪枝	jianzhi
剪短	jianduan
剪纸工艺	jianzhigongyi
剪羊毛	jianyangmao
剪股颖	jianguying
剪裁	jiancai
剪贴板	jiantieban
剪贴画	jiantiehua
剪贴簿	jiantiebu
剪贴艺术	jiantieyishu
剪辑	jianji
副业	fuye
副主教的	fuzhujiaode
副产品	fuchanpin
副伤寒	fushanghan
副作用	fuzuoyong
副学士	fuxueshi
副官	fuguan
副手	fushou
副教授	fujiaoshou
副本	fuben
副机能上	fujinengshang
副棘鮃	fujiping
副棘鮃属	fujipingshu
副王蛱蝶	fuwangjiadie
副的	fude
副羽	fuyu
副翼	fuyi
副词	fuci
副词的	fucide
副锅炉	fuguolu
副食商店	fushishangdian
割包皮	gebaopi
割成薄片	gechengbaopian
割断	geduan
割毡刀	gezhandao
割破	gepo
割礼	geli
割礼节	gelijie
割穗机	gesuiji
割线	gexian
割舍	geshe
割草机	gecaoji
剽窃	piaoqie
劈劈啪啪地	pipipapadi
劈叉	picha
劈啪响	pipaxiang
劈开	pikai
劈成碎片	pichengsuipian
劈腿	pitui
劈裂	pilie
力争	lizheng
力图	litu
力学系统	lixuexitong
力平衡	lipingheng
力气	liqi
力求	liqiu
力测电流计	licedianliuji
力量	liliang
劝	quan
劝告	quangao
劝导	quandao
劝解人	quanjieren
劝说	quanshuo
劝阻	quanzu
办	ban
办公室	bangongshi
办成	bancheng
办法	banfa
办理	banli
办错	bancuo
功劳	gonglao
功率计	gongluji
功能	gongneng
功能上	gongnengshang
加	jia
加上标题	jiashangbiaoti
加仑	jialun
加以监护	jiayijianhu
加倍	jiabei
加值	jiazhi
加元	jiayuan
加入	jiaru
加入工会	jiarugonghui
加入欧盟	jiaruoumeng
加冕	jiamian
加写	jiaxie
加农炮	jianongpao
加冰淇淋的	jiabingqilinde
加利福尼亚兔	jialifuniyatu
加剧	jiaju
加压	jiaya
加合物	jiahewu
加味于	jiaweiyu
加固	jiagu
加大	jiada
加宽	jiakuan
加局比赛	jiajubisai
加州羽叶槭	jiazhouyuyeqi
加工	jiagong
加工处理的	jiagongchulide
加工的	jiagongde
加工过的	jiagongguode
加币	jiabi
加强	jiaqiang
加强的	jiaqiangde
加快	jiakuai
加快转速	jiakuaizhuansu
加拉明	jialaming
加拿利骨碎补	jianaligusuibu
加拿大元	jianadayuan
加拿大忍冬	jianadarendong
加拿大日	jianadari
加拿大李	jianadali
加拿大猞猁	jianadasheli
加拿大皂荚	jianadazaojia
加拿大美元	jianadameiyuan
加拿大舞鹤草	jianadawuhecao
加数	jiashu
加数器	jiashuqi
加斯加利刺	jiasijialici
加时	jiashi
加氟作用	jiafuzuoyong
加氢	jiaqing
加氢裂化	jiaqingliehua
加氨作用	jiaanzuoyong
加氯消毒法	jialuxiaodufa
加水分解	jiashuifenjie
加汽油	jiaqiyou
加油泵	jiayoubeng
加油站	jiayouzhan
加油管道	jiayouguandao
加法	jiafa
加法器	jiafaqi
加法机	jiafaji
加法计算器	jiafajisuanqi
加法逆元	jiafaniyuan
加注	jiazhu
加深	jiashen
加温	jiawen
加热	jiare
加热器	jiareqi
加煤	jiamei
加燃料	jiaranliao
加盐于	jiayanyu
加盟	jiameng
加私刑	jiasixing
加糖	jiatang
加紧	jiajin
加薪	jiaxin
加蜜使甜	jiamishitian
加赌注	jiaduzhu
加起来	jiaqilai
加进	jiajin
加速	jiasu
加速剂	jiasuji
加速度	jiasudu
加速度单位	jiasududanwei
加速计	jiasuji
加酸	jiasuan
加重	jiazhong
加重地	jiazhongdi
加重的	jiazhongde
加铅汽油	jiaqianqiyou
加闰日	jiarunri
加香料	jiaxiangliao
加马铁	jiamatie
加高	jiagao
务农	wunong
劣生	liesheng
劣画	liehua
劣等狗	liedenggou
动乱	dongluan
动产	dongchan
动产抵押	dongchandiya
动作	dongzuo
动作光谱	dongzuoguangpu
动作电位	dongzuodianwei
动关节	dongguanjie
动力	dongli
动力单位	donglidanwei
动力煤	donglimei
动因	dongyin
动平衡	dongpingheng
动态的	dongtaide
动情周期	dongqingzhouqi
动情期	dongqingqi
动情间期	dongqingjianqi
动手	dongshou
动摇	dongyao
动摇的	dongyaode
动机	dongji
动物	dongwu
动物化	dongwuhua
动物园	dongwuyuan
动物幻视	dongwuhuanshi
动物材料	dongwucailiao
动物毒素	dongwudusu
动物油	dongwuyou
动物油脂	dongwuyouzhi
动物淀粉	dongwudianfen
动物界	dongwujie
动物病	dongwubing
动物病毒	dongwubingdu
动物类	dongwulei
动物纤维	dongwuxianwei
动物组	dongwuzu
动物群	dongwuqun
动物胶	dongwujiao
动物脂	dongwuzhi
动物脂油	dongwuzhiyou
动物腿	dongwutui
动物色素	dongwusesu
动能的	dongnengde
动脉压	dongmaiya
动脉周炎	dongmaizhouyan
动脉炎	dongmaiyan
动脉瘤	dongmailiu
动脉硬化	dongmaiyinghua
动脉血压	dongmaixueya
动荡	dongdang
动身	dongshen
动量	dongliang
助力车	zhuliche
助动车	zhudongche
助听器	zhutingqi
助学金	zhuxuejin
助手	zhushou
助推器	zhutuiqi
助攻	zhugong
助焊剂	zhuhanji
助理	zhuli
助理教授	zhulijiaoshou
助跑跳远	zhupaotiaoyuan
助长	zhuzhang
努力	nuli
努力争取	nulizhengqu
劫夺	jieduo
劫掠	jielue
劫机	jieji
劲儿	jiner
劳丹酊	laodanding
劳动	laodong
劳动者	laodongzhe
劳动节	laodongjie
劳动阶级	laodongjieji
劳工	laogong
劳工节	laogongjie
劳改	laogai
劳教所	laojiaosuo
势力	shili
势力扩张	shilikuozhang
势力范围	shilifanwei
势均力敌	shijunlidi
势能单位	shinengdanwei
勃朗克葡萄	bolangkeputao
勃起	boqi
勃起的阴茎	boqideyinjing
勃起障碍	boqizhangai
勇士	yongshi
勇敢	yonggan
勇气	yongqi
勉强的	mianqiangde
勉强糊口	mianqianghukou
勒伟	leiwei
勒克斯	leikesi
勒死	leisi
勒索	lesuo
勒索的钱财	lesuodeqiancai
勘察	kancha
勘探	kantan
勘查	kancha
募捐	mujuan
募捐呼吁	mujuanhuyu
募捐款	mujuankuan
募集	muji
勤务	qinwu
勤劳	qinlao
勤勉	qinmian
勤奋	qinfen
勺	shao
勺子	shaozi
勾号	gouhao
勾引	gouyin
勾搭	gouda
勾结	goujie
勿忘我	wuwangwo
勿忘草	wuwangcao
勿忘草属	wuwangcaoshu
匀期股利	yunqiguli
匀称	yunchen
匀称的	yunchende
匀称配置	yunchenpeizhi
包	bao
包住	baozhu
包厢	baoxiang
包含	baohan
包含有	baohanyou
包囊	baonang
包围	baowei
包围战	baoweizhan
包子	baozi
包房	baofang
包扎工具	baozagongju
包抄	baochao
包括	baokuo
包涵体肌炎	baohantijiyan
包皮手术	baopishoushu
包皮炎	baopiyan
包皮环割术	baopihuangeshu
包皮短棒	baopiduanbang
包皮过长	baopiguochang
包租空船	baozukongchuan
包络线	baoluoxian
包茎	baojing
包虫病	baochongbing
包袋	baodai
包袱	baofu
包装	baozhuang
包裹	baoguo
包裹炸弹	baoguozhadan
包进	baojin
包铁粗杖	baotiecuzhang
匆促	congcu
匆促行事	congcuxingshi
匆匆离去	congcongliqu
匆匆离开	congconglikai
匆忙	congmang
匆忙离去	congmangliqu
匆忙离开	congmanglikai
匍匐	pufu
匍匐柳	pufuliu
匍匐植物	pufuzhiwu
匍匐茎	pufujing
匍枝根霉	puzhigenmei
匕首	bishou
化合	huahe
化合力	huaheli
化合物	huahewu
化名	huaming
化名的	huamingde
化妆台	huazhuangtai
化妆品	huazhuangpin
化妆墨	huazhuangmo
化妆盒	huazhuanghe
化学	huaxue
化学作用	huaxuezuoyong
化学元素	huaxueyuansu
化学制剂	huaxuezhiji
化学制品	huaxuezhipin
化学刺激物	huaxuecijiwu
化学剂	huaxueji
化学加工	huaxuejiagong
化学反应	huaxuefanying
化学合成	huaxuehecheng
化学吸力	huaxuexili
化学品	huaxuepin
化学工艺	huaxuegongyi
化学平衡	huaxuepingheng
化学方法	huaxuefangfa
化学族	huaxuezu
化学武器	huaxuewuqi
化学炸弹	huaxuezhadan
化学物质	huaxuewuzhi
化学药品	huaxueyaopin
化学计算	huaxuejisuan
化学计算法	huaxuejisuanfa
化学试剂	huaxueshiji
化油器	huayouqi
化石	huashi
化石作用	huashizuoyong
化石化	huashihua
化石燃料	huashiranliao
化肥	huafei
化脓	huanong
化装	huazhuang
化身	huashen
化铁炉	huatielu
化验	huayan
北	bei
北京狗	beijinggou
北京猿人	beijingyuanren
北偏西	beipianxi
北冰洋	beibingyang
北大黄	beidahuang
北寄生	beijisheng
北方	beifang
北方瓣蹼鷸	beifangbanpuyu
北方瓣蹼鹬	beifangbanpuyu
北方鼯鼠	beifangwushu
北曲	beiqu
北极	beiji
北极光	beijiguang
北极兔	beijitu
北极列岛	beijiliedao
北极圈	beijiquan
北极地鼠	beijidishu
北极林奈草	beijilinnaicao
北极柳	beijiliu
北极海鹦	beijihaiying
北极熊	beijixiong
北极熊属	beijixiongshu
北极犬	beijiquan
北极狐	beijihu
北极狐属	beijihushu
北极狗	beijigou
北极花	beijihua
北极花属	beijihuashu
北极蓝狐	beijilanhu
北极露脊鲸	beijilujijing
北梭鱼	beisuoyu
北梭鱼属	beisuoyushu
北梭鱼科	beisuoyuke
北海狮	beihaishi
北瓶鼻鲸	beipingbijing
北美产薄荷	beimeichanbohe
北美喧鸻	beimeixuanheng
北美土拨鼠	beimeituboshu
北美榛子	beimeizhenzi
北美河獭	beimeiheta
北美狗鱼	beimeigouyu
北美葎草	beimeilucao
北美蛇蜥科	beimeishexike
北美豪猪	beimeihaozhu
北美车前	beimeicheqian
北美野兔	beimeiyetu
北美野牛	beimeiyeniu
北美野韭	beimeiyejiu
北美野马	beimeiyema
北美野鸭	beimeiyeya
北美香柏	beimeixiangbai
北美鲇科	beimeinianke
北美鸦	beimeiya
北美鼠兔	beimeishutu
北美鼩鼹	beimeiquyan
北西北	beixibei
北部囊鼠	beibunangshu
北非猕猴	beifeimihou
北鳚	beiwei
北鳚属	beiweishu
北黄花菜	beihuanghuacai
北黄道蟹	beihuangdaoxie
匙	shi
匙吻鲟	shiwenxun
匙吻鲟属	shiwenxunshu
匙吻鲟科	shiwenxunke
匙子	chizi
匙形叶	shixingye
匠人	jiangren
匹拉米洞	pilamidong
匹敌	pidi
匹配	pipei
区别	qubie
区别性	qubiexing
区域	quyu
区域网路	quyuwangluo
区域阻滞麻醉	quyuzuzhimazui
区段	quduan
区间车	qujianche
医务室	yiwushi
医学	yixue
医师	yishi
医患关系	yihuanguanxi
医生	yisheng
医用列车	yiyonglieche
医疗器械	yiliaoqixie
医疗基金	yiliaojijin
医疗建筑	yiliaojianzhu
医疗者	yiliaozhe
医疗费	yiliaofei
医疗费用	yiliaofeiyong
医药	yiyao
医药费	yiyaofei
医蛭科	yizhike
医院	yiyuan
医院病房	yiyuanbingfang
医院船	yiyuanchuan
匿名	niming
匿蚜虫	niyachong
十	shi
十一	shiyi
十一月	shiyiyue
十一级风	shiyijifeng
十一边形	shiyibianxing
十七	shiqi
十七年蝉	shiqinianchan
十七烷酸	shiqiwansuan
十七酸	shiqisuan
十万	shiwan
十万万赫	shiwanwanhe
十三	shisan
十九	shijiu
十二	shier
十二个月	shiergeyue
十二月	shieryue
十二角形	shierjiaoxing
十二边形	shierbianxing
十二面体	shiermianti
十五	shiwu
十亿	shiyi
十亿分之一	shiyifenzhiyi
十便士	shibianshi
十克	shike
十八	shiba
十八甲	shibajia
十六	shiliu
十几	shiji
十分之一	shifenzhiyi
十分崇拜	shifenchongbai
十升	shisheng
十四	shisi
十四天	shisitian
十字丝	shizisi
十字头	shizitou
十字架	shizijia
十字绣	shizixiu
十字街	shizijie
十字褡	shizida
十字路口	shizilukou
十年	shinian
十年期	shinianqi
十年间	shinianjian
十月	shiyue
十的十五次幂	shideshiwucimi
十米	shimi
十美金纸币	shimeijinzhibi
十腕目	shiwanmu
十腕目动物	shiwanmudongwu
十角形	shijiaoxing
十足动物	shizudongwu
十足目	shizumu
十足目动物	shizumudongwu
十足类	shizulei
十边形	shibianxing
十进制	shijinzhi
十进制数	shijinzhishu
十面体	shimianti
千	qian
千两金	qianliangjin
千伏特	qianfute
千兆字节	qianzhaozijie
千兆赫	qianzhaohe
千克	qianke
千克米	qiankemi
千分之一	qianfenzhiyi
千分卡尺	qianfenkachi
千分尺	qianfenchi
千升	qiansheng
千卡	qianka
千周	qianzhou
千字节	qianzijie
千年	qiannian
千年后的	qiannianhoude
千年木	qiannianmu
千年矮	qiannianai
千手丝兰	qianshousilan
千斤顶	qianjinding
千母草属	qianmucaoshu
千瓦	qianwa
千的六次幂	qiandeliucimi
千米	qianmi
千赫	qianhe
千里光属	qianliguangshu
千金子	qianjinzi
千钧一发	qianjunyifa
千鸟	qianniao
千鸟类	qianniaolei
升	sheng
升交点	shengjiaodian
升值	shengzhi
升华	shenghua
升华物	shenghuawu
升天节	shengtianjie
升温	shengwen
升空	shengkong
升结肠	shengjiechang
升起	shengqi
升降扶梯	shengjiangfuti
升降机	shengjiangji
升降索	shengjiangsuo
升降舵	shengjiangduo
升高	shenggao
午前	wuqian
午后	wuhou
午夜	wuye
午夜以后	wuyeyihou
午餐	wucan
午餐时间	wucanshijian
午饭	wufan
半	ban
半世纪	banshiji
半个世纪	bangeshiji
半个字节	bangezijie
半乳糖	banrutang
半乳糖血	banrutangxue
半位元组	banweiyuanzu
半便士	banbianshi
半变态	banbiantai
半周一次的	banzhouyicide
半圆	banyuan
半圆壁	banyuanbi
半圆壁龛	banyuanbikan
半圆形	banyuanxing
半圆物	banyuanwu
半场	banchang
半夜	banye
半字节	banzijie
半寄生物	banjishengwu
半导体	bandaoti
半小时	banxiaoshi
半履带	banludai
半履带车	banludaiche
半工艺的	bangongyide
半年	bannian
半年一次的	bannianyicide
半年的	banniande
半影	banying
半径	banjing
半暗	banan
半月	banyue
半月期	banyueqi
半浮雕	banfudiao
半灌木	banguanmu
半球	banqiu
半盎司的大麻	banangsidedama
半知菌亚门	banzhijunyamen
半知菌纲	banzhijungang
半结	banjie
半统鞋	bantongxie
半翅目	banchimu
半胱氨酸	banguangansuan
半花岗岩	banhuagangyan
半英里	banyingli
半薪	banxin
半融雪	banrongxue
半衰期	banshuaiqi
半蹼白翅鹬	banpubaichiyu
半蹼鹬	banpuyu
半蹼鹬属	banpuyushu
半身不遂	banshenbusui
半身像	banshenxiang
半途而废	bantuerfei
半野马	banyema
半麻醉	banmazui
华	hua
华丽景天	hualijingtian
华丽的服饰	hualidefushi
华丽的鞍辔	hualideanpei
华尔兹	huaerzi
华氏度	huashidu
华氏温度计	huashiwenduji
华氏温标	huashiwenbiao
华盖	huagai
华贵	huagui
华达呢	huadani
华里	huali
协会	xiehui
协会楼	xiehuilou
协作	xiezuo
协力	xieli
协力自行车	xielizixingche
协助	xiezhu
协同不能	xietongbuneng
协同作用	xietongzuoyong
协定	xieding
协定的	xiedingde
协约国	xieyueguo
协议	xieyi
协调	xietiao
协调关系	xietiaoguanxi
卑下的	beixiade
卑劣的	beiliede
卑劣的家伙	beiliedejiahuo
卑屈地	beiqudi
卑贱	beijian
卑贱的	beijiande
卑躬屈膝的	beigongquxide
卑躬屈节的	beigongqujiede
卑鄙	beibi
卑鄙地	beibidi
卑鄙无耻	beibiwuchi
卑鄙的人	beibideren
卓著	zhuozhu
卓越	zhuoyue
单一税	danyishui
单亲遗传	danqinyichuan
单人战壕	danrenzhanhao
单位	danwei
单位化	danweihua
单位成本	danweichengben
单体	danti
单体性	dantixing
单倍性	danbeixing
单元	danyuan
单元化	danyuanhua
单刃剑	danrenjian
单分子物体	danfenziwuti
单利	danli
单叶	danye
单向抑郁	danxiangyiyu
单向的	danxiangde
单套结	dantaojie
单子	danzi
单峰驼	danfengtuo
单峰骆驼	danfengluotuo
单引号	danyinhao
单性结实	danxingjieshi
单据	danju
单杠	dangang
单果	danguo
单桅帆船	danweifanchuan
单片眼镜	danpianyanjing
单独	dandu
单独监禁	dandujianjin
单独禁闭	dandujinbi
单独行动	danduxingdong
单瘫	dantan
单眼镜	danyanjing
单筒的	dantongde
单管的	danguande
单簧口琴	danhuangkouqin
单簧管	danhuangguan
单纯疱疹	danchunpaozhen
单翼机	danyiji
单色画	dansehua
单花七筋姑	danhuaqijingu
单花钩结	danhuagoujie
单蕨属	danjueshu
单词	danci
单调乏味地	dandiaofaweidi
单调的	dandiaode
单车	danche
单轨	dangui
单轨铁路	danguitielu
单透镜	dantoujing
单铧犁片	danhualipian
单间公寓	danjiangongyu
单须飞鱼	danxufeiyu
单飞	danfei
单鳍八角鱼	danqibajiaoyu
单鳍鱼	danqiyu
单鳍鱼科	danqiyuke
单鳍鳕	danqixue
单鳍鳕属	danqixueshu
卖	mai
卖主	maizhu
卖价	maijia
卖光	maiguang
卖出	maichu
卖出价	maichujia
卖力工作	mailigongzuo
卖完	maiwan
卖弄	mainong
卖掉	maidiao
卖方	maifang
卖方报价	maifangbaojia
卖淫	maiyin
卖淫的	maiyinde
卖空	maikong
卖空账户	maikongzhanghu
卖肉的柜台	mairoudeguitai
南	nan
南亚语族	nanyayuzu
南亚鼷鹿	nanyaxilu
南偏东	nanpiandong
南偏西	nanpianxi
南十字座	nanshizizuo
南岛	nandao
南岛人	nandaoren
南岛语族	nandaoyuzu
南扁豆	nanbiandou
南方	nanfang
南方古猿	nanfangguyuan
南极	nanji
南极光	nanjiguang
南极半岛	nanjibandao
南极圈	nanjiquan
南极暴风鹱	nanjibaofenghu
南极洲	nanjizhou
南极海洋	nanjihaiyang
南极海豹	nanjihaibao
南极石首鱼	nanjishishouyu
南欧猞猁	nanousheli
南洋杉	nanyangshan
南洋杉科	nanyangshanke
南洋石栗	nanyangshili
南猿亚科	nanyuanyake
南猿属	nanyuanshu
南瓜	nangua
南瓜果实	nanguaguoshi
南瓜灯	nanguadeng
南瓜缘蝽	nanguayuanchun
南田七	nantianqi
南的	nande
南秧鸟	nanyangniao
南美刺桐	nanmeicitong
南美海狮	nanmeihaishi
南美胡狼	nanmeihulang
南美貘	nanmeimo
南蛇藤	nansheteng
南豆	nandou
南辅币	nanfubi
南部的	nanbude
南非刺桐	nanfeicitong
南非大狒	nanfeidafei
南非槐属	nanfeihuaishu
南非水牛	nanfeishuiniu
南非瘤牛	nanfeiliuniu
南非荷兰文	nanfeihelanwen
南非荷兰语	nanfeihelanyu
南非语	nanfeiyu
南鸨	nanbao
博利瓦	boliwa
博利瓦洛	boliwaluo
博士	boshi
博得牧羊犬	bodemuyangquan
博德猎狐犬	bodeliehuquan
博斯科普人	bosikepuren
博爱地	boaidi
博物馆	bowuguan
博览会	bolanhui
卜德氏病	bodeshibing
卜若地	boruodi
卜若地属	boruodishu
卟啉	bulin
卟啉症	bulinzheng
占	zhan
占上风	zhanshangfeng
占优势	zhanyoushi
占优势的	zhanyoushide
占兆官	zhanzhaoguan
占先一步	zhanxianyibu
占先者	zhanxianzhe
占卜	zhanbu
占卜官	zhanbuguan
占卜师	zhanbushi
占卜杖	zhanbuzhang
占卜祭司	zhanbujisi
占去	zhanqu
占据	zhanju
占星	zhanxing
占星家	zhanxingjia
占星术	zhanxingshu
占有	zhanyou
占有地	zhanyoudi
占有权	zhanyouquan
占用	zhanyong
占用者	zhanyongzhe
占领	zhanling
卡伦油	kalunyou
卡住	kazhu
卡其布	kaqibu
卡匣	kaxia
卡图什	katushen
卡塔尔里亚尔	kataerliyaer
卡宾枪	kabinqiang
卡尼鄂拉蜂	kanielafeng
卡带录音机	kadailuyinji
卡带播放机	kadaibofangji
卡式唱机	kashichangji
卡彭特灌木	kapengteguanmu
卡拉卡拉鹰	kalakalaying
卡拉巴豆碱	kalabadoujian
卡普多普瑞尔	kapuduopuruier
卡欧属	kaoushu
卡波西肉瘤	kaboxirouliu
卡片	kapian
卡特兰	katelan
卡瓦拉马鲛	kawalamajiao
卡盘	kapan
卡祖笛	kazudi
卡答布料	kadabuliao
卡纸板	kazhiban
卡维地洛	kaweidiluo
卡罗来纳茄	kaluolainajia
卡西诺	kaxinuo
卡路里	kaluli
卡车	kache
卡通制作	katongzhizuo
卡那霉素	kanameisu
卡配卡	kapeika
卡马夏属	kamaxiashu
卡黎皮	kalipi
卢塞特树脂	lusaiteshuzhi
卢布	lubu
卢旺达法郎	luwangdafalang
卢格手枪	lugeshouqiang
卢森堡法郎	lusenbaofalang
卢比	lubi
卢浮宫	lufugong
卢玛	luma
卢瑟福	lusefu
卤代烷	ludaiwan
卤仿	lufang
卤吡醇	lubichun
卤砂	lusha
卤蕨属	lujueshu
卤虫	luchong
卤蛋	ludan
卧室	woshi
卧室家具	woshijiaju
卧底行动	wodixingdong
卧铺车厢	wopuchexiang
卫兵	weibing
卫兵室	weibingshi
卫城	weicheng
卫戍部队帽	weishubuduimao
卫星	weixing
卫生	weisheng
卫生套	weishengtao
卫生球	weishengqiu
卫生纸	weishengzhi
卫矛	weimao
卫矛属	weimaoshu
卫矛科	weimaoke
印	yin
印刷	yinshua
印刷单位	yinshuadanwei
印刷台	yinshuatai
印刷机	yinshuaji
印尼卢比	yinnilubi
印度决明	yindujueming
印度卢比	yindulubi
印度历	yinduli
印度吉纳树	yindujinashu
印度土布	yindutubu
印度大麻	yindudama
印度楝	yindulian
印度橡胶	yinduxiangjiao
印度水牛	yindushuiniu
印度犀	yinduxi
印度痘	yindudou
印度瘤牛	yinduliuniu
印度紫檀	yinduzitan
印度腰带	yinduyaodai
印度象	yinduxiang
印度豹	yindubao
印度野狗	yinduyegou
印度黄檀	yinduhuangtan
印度黑羚	yinduheiling
印数	yinshu
印楝属	yinlianshu
印楝素	yinliansu
印模	yinmo
印欧语系的人	yinouyuxideren
印玺	yinxi
印痕	yinhen
印第安语	yindianyu
印花丝巾	yinhuasijin
印花大手帕	yinhuadashoupa
印花布	yinhuabu
印花样	yinhuayang
印花棉布	yinhuamianbu
印花法	yinhuafa
印花盖印机	yinhuagaiyinji
印花税	yinhuashui
印花薄织物	yinhuabaozhiwu
印记	yinji
印象	yinxiang
印象主义	yinxiangzhuyi
印象派	yinxiangpai
印镝	yindi
危及	weiji
危境	weijing
危害	weihai
危急	weiji
危急情况	weijiqingkuang
危机	weiji
危言耸听	weiyansongting
危险	weixian
危险之源	weixianzhiyuan
危险事业	weixianshiye
危险信号	weixianxinhao
危难	weinan
即位	jiwei
即兴表演	jixingbiaoyan
即兴谈论	jixingtanlun
即兴购买	jixinggoumai
即将发生	jijiangfasheng
即将断气	jijiangduanqi
即将来临	jijianglailin
即席而作	jixierzuo
即时	jishi
即时付款	jishifukuan
即期汇票	jiqihuipiao
即期票据	jiqipiaoju
卵	luan
卵子发生	luanzifasheng
卵巢炎	luanchaoyan
卵形叶	luanxingye
卵形物	luanxingwu
卵果蕨	luanguojue
卵果蕨属	luanguojueshu
卵生成	luanshengcheng
卵磷脂	luanlinzhi
卵裂	luanlie
卷	juan
卷丝轴	juansizhou
卷入	juanru
卷发	juanfa
卷发筒	juanfatong
卷发钳	juanfaqian
卷叶花样	juanyehuayang
卷叶菜虫	juanyecaichong
卷叶蛾	juanyee
卷叶蛾属	juanyeeshu
卷叶饰	juanyeshi
卷尺	juanchi
卷尾猴	juanweihou
卷尾猴属	juanweihoushu
卷帆索	juanfansuo
卷心棕榈	juanxinzonglu
卷扬机	juanyangji
卷收	juanshou
卷旋	juanxuan
卷曲	juanqu
卷柏	juanbai
卷柏属	juanbaishu
卷柏目	juanbaimu
卷柏科	juanbaike
卷烟	juanyan
卷烟纸	juanyanzhi
卷筒	juantong
卷结	juanjie
卷绕	juanrao
卷缩	juansuo
卷蛾科	juaneke
卷角的	juanjiaode
卷起	juanqi
卷首插画	juanshouchahua
卸上码头	xieshangmatou
卸下重担	xiexiazhongdan
卸载	xiezai
厂	chang
厂家	changjia
厄兰	elan
厄罗伯	eluobo
厄运	eyun
厅堂	tingtang
历久犹存	lijiuyoucun
历元	liyuan
历史	lishi
历史学	lishixue
历史学家	lishixuejia
历史家	lishijia
历史性	lishixing
历史时代	lishishidai
历史记录	lishijilu
历年	linian
历法	lifa
历程	licheng
压低	yadi
压倒	yadao
压光皮革	yaguangpige
压出	yachu
压到一起	yadaoyiqi
压制	yazhi
压力	yali
压力单位	yalidanwei
压力喷浆	yalipenjiang
压力性失禁	yalixingshijin
压力泵	yalibeng
压力计	yaliji
压力记录器	yalijiluqi
压平	yaping
压强	yaqiang
压扁	yabian
压抑	yayi
压抑作用	yayizuoyong
压抑机制	yayijizhi
压服	yafu
压条	yatiao
压板	yaban
压榨	yazha
压气机	yaqiji
压痕	yahen
压破	yapo
压碎	yasui
压紧	yajin
压缩	yasuo
压缩性骨折	yasuoxingguzhe
压缩气体	yasuoqiti
压缩空气	yasuokongqi
压舱物	yacangwu
压载	yazai
压过	yaguo
压迫	yapo
压迫感	yapogan
压迫的	yapode
压酪机	yalaoji
压韵	yayun
压顶石	yadingshi
压顶砖	yadingzhuan
厌倦	yanjuan
厌恨	yanhen
厌恶	yanwu
厌恶的	yanwude
厌恶者	yanwuzhe
厌氧菌	yanyangjun
厌食	yanshi
厌食症	yanshizheng
厕所	cesuo
厘升	lisheng
厘米	limi
厘米克秒制	limikemiaozhi
厚嘴海鸦	houzuihaiya
厚外套	houwaitao
厚大衣	houdayi
厚孢子囊	houbaozinang
厚板	houban
厚片	houpian
厚的	houde
厚皮	houpi
厚皮类动物	houpileidongwu
厚纸	houzhi
厚纸板	houzhiban
厚羊毛毯	houyangmaotan
厚脸皮	houlianpi
厚藤	houteng
厚颜	houyan
厚颜无耻	houyanwuchi
原位癌	yuanweiai
原住民	yuanzhumin
原则	yuanze
原发梅毒	yuanfameidu
原告	yuangao
原因	yuanyin
原地解散	yuandijiesan
原声吉他	yuanshengjita
原始主义	yuanshizhuyi
原始森林	yuanshisenlin
原始的	yuanshide
原始石器	yuanshishiqi
原始细菌	yuanshixijun
原始资本	yuanshiziben
原子	yuanzi
原子光谱	yuanziguangpu
原子学说	yuanzixueshuo
原子尘	yuanzichen
原子序	yuanzixu
原子序数	yuanzixushu
原子弹	yuanzidan
原子弹头	yuanzidantou
原子炉	yuanzilu
原子笔	yuanzibi
原子能	yuanzineng
原子论	yuanzilun
原子钟	yuanzizhong
原尾目	yuanweimu
原拷贝	yuankaobei
原文	yuanwen
原料	yuanliao
原有	yuanyou
原木	yuanmu
原材料	yuancailiao
原油茴	yuanyouhui
原版拷贝	yuanbankaobei
原猴亚目	yuanhouyamu
原理	yuanli
原石器	yuanshiqi
原硼酸	yuanpengsuan
原稿	yuangao
原稿架	yuangaojia
原紫胶	yuanzijiao
原纤维	yuanxianwei
原肠	yuanchang
原荽	yuansui
原菌丝	yuanjunsi
原菌丝体	yuanjunsiti
原谅	yuanliang
原野	yuanye
原马属	yuanmashu
原驼	yuantuo
厢房	xiangfang
厨师	chushi
厨房	chufang
厨房火柴	chufanghuochai
厨房用具	chufangyongju
厨房道具	chufangdaoju
厨灶	chuzao
厩	jiu
去世	qushi
去世后地	qushihoudi
去像散性	quxiangsanxing
去决斗	qujuedou
去分化	qufenhua
去势焦虑	qushijiaolu
去叶	quye
去心器	quxinqi
去掉	qudiao
去敏作用	quminzuoyong
去毒毒素	qududusu
去氨基	quanji
去污	quwu
去污剂	quwuji
去矿质	qukuangzhi
去碳酸基	qutansuanji
去磁	quci
去纤颤	quxianchan
去纤颤器	quxianchanqi
去纳粹化	qunacuihua
去部落化	qubuluohua
去除	quchu
去雾器	quwuqi
去高斯法	qugaosifa
县	xian
参与	canyu
参与者	canyuzhe
参加	canjia
参加叛乱	canjiapanluan
参加暴动	canjiabaodong
参加活动	canjiahuodong
参加瑞舞	canjiaruiwu
参加的	canjiade
参加竞选	canjiajingxuan
参加者	canjiazhe
参加运动	canjiayundong
参加骚动	canjiasaodong
参差不一的	cencibuyide
参政权	canzhengquan
参考	cankao
参考点	cankaodian
参考资料	cankaoziliao
参股	cangu
参观	canguan
参赞	canzan
叉	cha
叉子	chazi
叉开	chakai
叉形	chaxing
叉形物	chaxingwu
叉点	chadian
叉蕨属	chajueshu
叉角羚	chajiaoling
叉角羚属	chajiaolingshu
叉角羚科	chajiaolingke
叉车	chache
及时到达	jishidaoda
及时赶到	jishigandao
及格	jige
及物性	jiwuxing
及膝的	jixide
友善	youshan
友好	youhao
友好接管	youhaojieguan
友好聚餐	youhaojucan
友情	youqing
友爱	youai
友谊	youyi
友谊草	youyicao
双二倍体	shuangerbeiti
双亲之一	shuangqinzhiyi
双人沙发	shuangrenshafa
双体船	shuangtichuan
双侧肺炎	shuangcefeiyan
双刃刀	shuangrendao
双刃斧	shuangrenfu
双分解	shuangfenjie
双叶苹	shuangyeping
双声	shuangsheng
双壳类	shuangkelei
双壳纲	shuangkegang
双壳贝	shuangkebei
双复磷	shuangfulin
双层的	shuangcengde
双峰驼	shuangfengtuo
双工资	shuanggongzi
双张	shuangzhang
双扇蕨	shuangshanjue
双扇门	shuangshanmen
双曲线	shuangquxian
双曲面	shuangqumian
双柄杯	shuangbingbei
双桅船	shuangweichuan
双棱镜	shuanglengjing
双氧水	shuangyangshui
双氯芬钾	shuanglufenjia
双津贴	shuangjintie
双牌	shuangpai
双生子	shuangshengzi
双盖表	shuanggaibiao
双目镜	shuangmujing
双簧	shuanghuang
双糖	shuangtang
双糖酶	shuangtangmei
双线期	shuangxianqi
双绉	shuangzhou
双经纲	shuangjinggang
双翅目	shuangchimu
双翼飞机	shuangyifeiji
双耳瓶	shuangerping
双股的	shuanggude
双胞胎	shuangbaotai
双花贝母	shuanghuabeimu
双螺旋	shuangluoxuan
双角帽	shuangjiaomao
双车道	shuangchedao
双边的	shuangbiande
双须飞鱼	shuangxufeiyu
双领鸻	shuanglingheng
双骰儿赌	shuangtouerdu
反	fan
反中子	fanzhongzi
反中微子	fanzhongweizi
反义	fanyi
反义词	fanyici
反介子	fanjiezi
反作用力	fanzuoyongli
反信风	fanxinfeng
反催化剂	fancuihuaji
反光	fanguang
反冲	fanchong
反函数	fanhanshu
反分化	fanfenhua
反刍亚目	fanchuyamu
反刍动物	fanchudongwu
反叛	fanpan
反叛分子	fanpanfenzi
反叛者	fanpanzhe
反口的	fankoude
反向	fanxiang
反响	fanxiang
反嘴鹬	fanzuiyu
反嘴鹬属	fanzuiyushu
反嘴鹬科	fanzuiyuke
反回	fanhui
反坦克的	fantankede
反垄断法	fanlongduanfa
反垄断的	fanlongduande
反基督	fanjidu
反复	fanfu
反复地打	fanfudida
反天主教	fantianzhujiao
反夸克	fankuake
反女权主义	fannuquanzhuyi
反对	fandui
反对派	fanduipai
反对者	fanduizhe
反射	fanshe
反射光	fansheguang
反射板	fansheban
反射比	fanshebi
反射消失	fanshexiaoshi
反射率	fanshelu
反射角	fanshejiao
反射镜	fanshejing
反常	fanchang
反常的	fanchangde
反平结	fanpingjie
反应	fanying
反应体	fanyingti
反应堆	fanyingdui
反应性	fanyingxing
反应抗体	fanyingkangti
反应时间	fanyingshijian
反应物	fanyingwu
反应素	fanyingsu
反式	fanshi
反弹	fantan
反律法主义	fanlufazhuyi
反感	fangan
反感的	fangande
反战运动	fanzhanyundong
反抗	fankang
反折	fanzhe
反掌	fanzhang
反掌姿势	fanzhangzishi
反改革	fangaige
反旋风	fanxuanfeng
反映	fanying
反曲	fanqu
反曲线脚	fanquxianjiao
反气旋	fanqixuan
反油酸	fanyousuan
反流	fanliu
反混淆	fanhunxiao
反潜导弹	fanqiandaodan
反照	fanzhao
反照率	fanzhaolu
反物质	fanwuzhi
反犹太主义	fanyoutaizhuyi
反犹者	fanyouzhe
反用法	fanyongfa
反目	fanmu
反直观的	fanzhiguande
反直觉的	fanzhijuede
反相器	fanxiangqi
反社会的	fanshehuide
反粒子	fanlizi
反胃	fanwei
反英	fanying
反英份子	fanyingfenzi
反英雄	fanyingxiong
反补贴税	fanbutieshui
反诘	fanjie
反话	fanhua
反语	fanyu
反语法	fanyufa
反质子	fanzhizi
反超	fanchao
反跳痛	fantiaotong
反转录酶	fanzhuanlumei
反轻子	fanqingzi
反重子	fanzhongzi
反铁磁性	fantiecixing
反铲	fanchan
反铲挖土机	fanchanwatuji
反间谍	fanjiandie
反面	fanmian
反面回馈	fanmianhuikui
反馈	fankui
反馈电路	fankuidianlu
反驳	fanbo
发乳光	faruguang
发乳白光	farubaiguang
发亮	faliang
发人深思的	farenshenside
发低哼声	fadihengsheng
发作	fazuo
发光	faguang
发光体	faguangti
发冷	faleng
发冷光	falengguang
发出	fachu
发出刺耳声	fachuciersheng
发出哔哔声	fachubibisheng
发出嗒嗒声	fachudadasheng
发出嘎嘎声	fachugagasheng
发出嘶嘶声	fachusisisheng
发出噪音	fachuzaoyin
发出噼啪声	fachupipasheng
发出声音	fachushengyin
发出恶臭	fachuechou
发出气味	fachuqiwei
发出滴答声	fachudidasheng
发出火星	fachuhuoxing
发出热量	fachureliang
发出爆声	fachubaosheng
发出磷光	fachulinguang
发出禁令	fachujinling
发出臭味	fachuchouwei
发出轧轧声	fachuyayasheng
发出铃声	fachulingsheng
发出闪光	fachushanguang
发刷	fashua
发劈啪声	fapipasheng
发动	fadong
发动暴乱	fadongbaoluan
发动机	fadongji
发动革命	fadonggeming
发卡	faqia
发叶	faye
发号施令	fahaoshiling
发呆	fadai
发告示	fagaoshi
发咝擦音	fasicayin
发响声	faxiangsheng
发嗖嗖声	fasousousheng
发嘘嘘声	faxuxusheng
发噗嗤声	fapuchisheng
发型	faxing
发声	fasheng
发声困难	fashengkunnan
发大水	fadashui
发夹	fajia
发射	fashe
发射台	fashetai
发射极	fasheji
发射物	fashewu
发射站	fashezhan
发射药	fasheyao
发展	fazhan
发展史	fazhanshi
发展成	fazhancheng
发展期	fazhanqi
发展水平	fazhanshuiping
发展阶段	fazhanjieduan
发布	fabu
发弦声	faxiansheng
发强光	faqiangguang
发得得声	fadedesheng
发微光	faweiguang
发怒	fanu
发恶臭	faechou
发情	faqing
发愣的	falengde
发成咝擦音	fachengsicayin
发抖	fadou
发拨弦声	faboxiansheng
发挥	fahui
发掘	fajue
发散	fasan
发散透镜	fasantoujing
发明	faming
发明物	famingwu
发昏	fahun
发晕	fayun
发条	fatiao
发汗	fahan
发汗剂	fahanji
发汗药	fahanyao
发汩汩声	fagugusheng
发泄	faxie
发源	fayuan
发火	fahuo
发火合金	fahuohejin
发火线圈	fahuoxianquan
发火花	fahuohua
发炎	fayan
发烧	fashao
发热	fare
发热元件	fareyuanjian
发牌	fapai
发牢骚	falaosao
发狂	fakuang
发现	faxian
发球得分	faqiudefen
发生	fasheng
发生器	fashengqi
发生意外	fashengyiwai
发生炉煤气	fashenglumeiqi
发生频率	fashengpinlu
发电报	fadianbao
发电机	fadianji
发疱	fapao
发疹	fazhen
发病	fabing
发病率	fabinglu
发痒	fayang
发痒黧豆	fayanglidou
发眩光	faxuanguang
发票	fapiao
发端	faduan
发笑	faxiao
发簪	fazan
发红	fahong
发给	fagei
发给退休金	fageituixiujin
发网	fawang
发育	fayu
发育不全	fayubuquan
发育不完全	fayubuwanquan
发育不良	fayubuliang
发胶	fajiao
发脾气	fapiqi
发自	fazi
发臭	fachou
发臭味	fachouwei
发臭气	fachouqi
发色团	fasetuan
发芽	faya
发荧光	fayingguang
发蓝处理	falanchuli
发薪	faxin
发薪日	faxinri
发行	faxing
发行量	faxingliang
发表	fabiao
发觉	fajue
发言	fayan
发言人	fayanren
发言权	fayanquan
发言者	fayanzhe
发誓	fashi
发誓抛弃	fashipaoqi
发誓放弃	fashifangqi
发财	facai
发财的机会	facaidejihui
发车	fache
发车时间	facheshijian
发轧轧声	fayayasheng
发送	fasong
发酵	fajiao
发酵作用	fajiaozuoyong
发酵粉	fajiaofen
发错牌	facuopai
发霉	famei
发音	fayin
发音不能	fayinbuneng
发音困难	fayinkunnan
发音能力	fayinnengli
发飕飕声	fasousousheng
叔伯	shubo
叔叔	shushu
叔母	shumu
叔父	shufu
取代	qudai
取决于	qujueyu
取出	quchu
取出储蓄	quchuchuxu
取名	quming
取回	quhui
取得	qude
取得成功	qudechenggong
取景器	qujingqi
取暖	qunuan
取暖器	qunuanqi
取样率	quyanglu
取消	quxiao
取笑	quxiao
取缔	qudi
取食共生	qushigongsheng
受	shou
受事	shoushi
受伤	shoushang
受体	shouti
受保护者	shoubaohuzhe
受信人	shouxinren
受信托人	shouxintuoren
受冷遇	shoulengyu
受到	shoudao
受到控制	shoudaokongzhi
受到污染的	shoudaowurande
受到阻滞	shoudaozuzhi
受制于	shouzhiyu
受孕	shouyun
受害人	shouhairen
受害者	shouhaizhe
受惠者	shouhuizhe
受托人	shoutuoren
受排斥	shoupaichi
受欢迎	shouhuanying
受理	shouli
受痛苦	shoutongku
受益人	shouyiren
受监护人	shoujianhuren
受精	shoujing
受精药	shoujingyao
受罚	shoufa
受胎	shoutai
受话器	shouhuaqi
受诫礼	shoujieli
受责备	shouzebei
受阻	shouzu
受雇	shougu
受骗	shoupian
变	bian
变丑	bianchou
变为平地	bianweipingdi
变了形的	bianlexingde
变亮	bianliang
变从容	biancongrong
变位	bianwei
变体的	biantide
变僵直	bianjiangzhi
变冷	bianleng
变凉	bianliang
变动	biandong
变化	bianhua
变化了的	bianhualede
变化电流	bianhuadianliu
变卖	bianmai
变压	bianya
变厚	bianhou
变叶木	bianyemu
变叶木属	bianyemushu
变址寄存器	bianzhijicunqi
变坏	bianhuai
变型	bianxing
变复杂	bianfuza
变大	bianda
变好	bianhao
变容	bianrong
变宽	biankuan
变小	bianxiao
变尖锐	bianjianrui
变平	bianping
变年轻	biannianqing
变异	bianyi
变异的东西	bianyidedongxi
变弱	bianruo
变形	bianxing
变形虫	bianxingchong
变得不紧	biandebujin
变得单调	biandedandiao
变得复杂	biandefuza
变得多云	biandeduoyun
变得时髦	biandeshimao
变得昏暗	biandehunan
变得更坏	biandegenghuai
变得更松	biandegengsong
变得更紧	biandegengjin
变得极冷	biandejileng
变得轻松	biandeqingsong
变得过热	biandeguore
变态	biantai
变性	bianxing
变性剂	bianxingji
变性毒素	bianxingdusu
变慢	bianman
变成	biancheng
变成金色	bianchengjinse
变换	bianhuan
变换因数	bianhuanyinshu
变数	bianshu
变明亮	bianmingliang
变晴	bianqing
变暖和	biannuanhuo
变暖的	biannuande
变更	biangeng
变更硬	biangengying
变朦胧	bianmenglong
变松	biansong
变松弛	biansongchi
变柔和	bianrouhe
变柔软	bianrouruan
变格	biange
变模糊	bianmohu
变活跃	bianhuoyue
变浑浊	bianhunzhuo
变浓	biannong
变消瘦	bianxiaoshou
变淡	biandan
变现	bianxian
变甜	biantian
变白云母	bianbaiyunmu
变直	bianzhi
变矮小	bianaixiao
变石	bianshi
变硬	bianying
变种	bianzhong
变稀疏	bianxishu
变稀薄	bianxibo
变窄	bianzhai
变紧	bianjin
变红	bianhong
变缓慢	bianhuanman
变老	bianlao
变聋	bianlong
变脏	bianzang
变脏的	bianzangde
变腐烂	bianfulan
变色旅鼠	bianselushu
变色旅鼠属	bianselushushu
变色蜥	biansexi
变色蜥蜴	biansexiyi
变色蜥蜴属	biansexiyishu
变节	bianjie
变萧条	bianxiaotiao
变薄	bianbao
变衰弱	bianshuairuo
变调演奏	biandiaoyanzou
变豆菜属	biandoucaishu
变貌	bianmao
变质	bianzhi
变质作用	bianzhizuoyong
变质岩	bianzhiyan
变软	bianruan
变迁	bianqian
变迟钝	bianchidun
变速器	biansuqi
变酸	biansuan
变量	bianliang
变锋利	bianfengli
变阴	bianyin
变阴暗	bianyinan
变革	biange
变骨	biangu
叙说	xushuo
叙述	xushu
叛乱	panluan
叛变	panbian
叛国罪	panguozui
叛徒	pantu
叛教	panjiao
叠	die
叠合	diehe
叠氨酸盐	dieansuanyan
叠氮化物	diedanhuawu
叠氮胸苷	diedanxionggan
叠氮自由基	diedanziyouji
叠氮酸	diedansuan
叠瓦构造	diewagouzao
叠盖	diegai
口	kou
口交	koujiao
口令	kouling
口内炎	kouneiyan
口出恶言的	kouchueyande
口号	kouhao
口吃	kouchi
口吻	kouwen
口授	koushou
口服避孕药	koufubiyunyao
口渴	kouke
口琴	kouqin
口疮	kouchuang
口盖	kougai
口红	kouhong
口缘	kouyuan
口罩	kouzhao
口育鱼	kouyuyu
口腔	kouqiang
口腔干燥	kouqiangganzao
口腔炎	kouqiangyan
口腔癌	kouqiangai
口臭	kouchou
口蘑属	koumoshu
口蘑科	koumoke
口袋	koudai
口角	koujiao
口译	kouyi
口足目	kouzumu
口足目动物	kouzumudongwu
口蹄疫	koutiyi
口蹄病	koutibing
口述	koushu
口述录音机	koushuluyinji
口部	koubu
口鼻部	koubibu
口齿不清	kouchibuqing
古代	gudai
古代人	gudairen
古代史	gudaishi
古代希腊语	gudaixilayu
古代的遗物	gudaideyiwu
古体	guti
古兰经	gulanjing
古器	guqi
古埃及墓室	guaijimushi
古墓	gumu
古希腊文	guxilawen
古希腊的集市	guxiladejishi
古希腊语	guxilayu
古怪地	guguaidi
古戈尔	gugeer
古拉格	gulage
古柯	guke
古柯叶	gukeye
古柯属	gukeshu
古柯碱	gukejian
古柯科	gukeke
古氏鲳鲹	gushichangshen
古牛草	guniucao
古物	guwu
古物研究者	guwuyanjiuzhe
古玩	guwan
古琴	guqin
古董	gudong
古语	guyu
古钢琴	gugangqin
古马隆树脂	gumalongshuzhi
古鸟	guniao
古鸟亚纲	guniaoyagang
古龙水	gulongshui
句号	juhao
句子	juzi
句点	judian
句读	judou
另	ling
叩头虫	koutouchong
叩头虫属	koutouchongshu
叩头虫科	koutouchongke
只不过	zhibuguo
只是	zhishi
只有	zhiyou
只用耳朵的	zhiyongerduode
只读存储器	zhiducunchuqi
叫	jiao
叫卖	jiaomai
叫喊	jiaohan
叫回	jiaohui
叫声	jiaosheng
叫拜楼	jiaobailou
叫板	jiaoban
叫牌过低	jiaopaiguodi
叫着说	jiaozheshuo
叫鸭科	jiaoyake
叫鹤	jiaohe
叫鹤属	jiaoheshu
叫鹤科	jiaoheke
召唤	zhaohuan
召回	zhaohui
召来	zhaolai
召集	zhaoji
叭儿狗	baergou
叭喇狗	balagou
叮	ding
叮当响	dingdangxiang
可主张的	kezhuzhangde
可乐宁	kelening
可乐定	keleding
可以	keyi
可估计的	kegujide
可估量的	keguliangde
可使用的	keshiyongde
可保权益	kebaoquanyi
可信性	kexinxing
可修理的	kexiulide
可修补的	kexiubude
可做	kezuo
可兰经	kelanjing
可再生的	kezaishengde
可出租的	kechuzude
可分开的	kefenkaide
可分裂的	kefenliede
可匹敌	kepidi
可医治的	keyizhide
可卡因	kekayin
可口梅	kekoumei
可可油	kekeyou
可可脂	kekezhi
可安抚的	keanfude
可平息的	kepingxide
可延期的	keyanqide
可征物	kezhengwu
可待因	kedaiyin
可忽视的	kehushide
可怖地出现	kebudichuxian
可怜地	keliandi
可恢复的	kehuifude
可恶的家伙	kewudejiahuo
可惜	kexi
可想象	kexiangxiang
可憎的人	kezengderen
可持续的	kechixude
可挽回的	kewanhuide
可挽救的	kewanjiude
可换债券	kehuanzhaiquan
可操作的	kecaozuode
可操作资本	kecaozuoziben
可支配收入	kezhipeishouru
可改正的	kegaizhengde
可更新的	kegengxinde
可比地	kebidi
可洗皮革	kexipige
可液化的	keyehuade
可熔金属	kerongjinshu
可燃物	keranwu
可理解的	kelijiede
可的松	kedisong
可看见	kekanjian
可矫正的	kejiaozhengde
可租借的	kezujiede
可租用的	kezuyongde
可纠正的	kejiuzhengde
可约分数	keyuefenshu
可继续的	kejixude
可续订的	kexudingde
可耻的人	kechideren
可能	keneng
可能性	kenengxing
可能有用	kenengyouyong
可致律锭	kezhiluding
可行	kexing
可补偿的	kebuchangde
可补救的	kebujiude
可被翻译	kebeifanyi
可被认识地	kebeirenshidi
可记录光盘	kejiluguangpan
可调扳手	kediaobanshou
可调解的	ketiaojiede
可赛银粉	kesaiyinfen
可辨别地	kebianbiedi
可达到	kedadao
可进入的	kejinrude
可逆过程	keniguocheng
可透支额	ketouzhie
可鄙境地	kebijingdi
可鄙的人	kebideren
可重复的	kechongfude
可销性	kexiaoxing
可防止的	kefangzhide
可靠性	kekaoxing
可食海草	keshihaicao
可饮用的	keyinyongde
台夫特陶器	taifutetaoqi
台夹钳	taijiaqian
台币	taibi
台布	taibu
台座腰部	taizuoyaobu
台式电脑	taishidiannao
台式电话	taishidianhua
台球室	taiqiushi
台虎钳	taihuqian
台词	taici
台车	taiche
台钳	taiqian
台阶	taijie
史	shi
史前史	shiqianshi
史前时期	shiqianshiqi
史学家	shixuejia
右	you
右位心	youweixin
右旋糖	youxuantang
右派	youpai
右派地	youpaidi
右翼分子	youyifenzi
右边	youbian
右边地	youbiandi
叶兰	yelan
叶口蝠属	yekoufushu
叶口蝠科	yekoufuke
叶子	yezi
叶尔钦	yeerqin
叶属	yeshu
叶形	yexing
叶枕	yezhen
叶枯病	yekubing
叶柄	yebing
叶片	yepian
叶状体的	yezhuangtide
叶状枝	yezhuangzhi
叶状柄	yezhuangbing
叶状饰	yezhuangshi
叶猴	yehou
叶猴属	yehoushu
叶理	yeli
叶甲	yejia
叶甲科	yejiake
叶绿体	yeluti
叶缘疫病	yeyuanyibing
叶脉	yemai
叶脉网隙	yemaiwangxi
叶腋	yeye
叶芽	yeya
叶虫	yechong
叶蜂	yefeng
叶蜂科	yefengke
叶蜡石	yelashi
叶蝉	yechan
叶蝉科	yechanke
叶蝓科	yeyuke
叶足动物	yezudongwu
叶轮	yelun
叶轮片	yelunpian
叶鳗	yeman
叶黄素	yehuangsu
叶鼻蝠	yebifu
号牌	haopai
号码锁	haomasuo
号角	haojiao
司令部	silingbu
司仪	siyi
司库	siku
司机	siji
司法判断	sifapanduan
司法权	sifaquan
叹息	tanxi
叹气	tanqi
吃	chi
吃下去	chixiaqu
吃东西	chidongxi
吃得太饱	chidetaibao
吃正餐	chizhengcan
吃水	chishui
吃素的人	chisuderen
吃草	chicao
吃角子老虎	chijiaozilaohu
吃过量	chiguoliang
吃饭时间	chifanshijian
吃饱	chibao
各自付帐	gezifuzhang
吆喝	yaohe
合一	heyi
合乎事实的	hehushishide
合乎愿望	hehuyuanwang
合乎规范的	hehuguifande
合伙	hehuo
合伙人	hehuoren
合伙契约	hehuoqiyue
合伙经营	hehuojingying
合作	hezuo
合作关系	hezuoguanxi
合同	hetong
合唱队	hechangdui
合囊蕨属	henangjueshu
合囊蕨科	henangjueke
合奏	hezou
合并	hebing
合得来	hedelai
合心皮果	hexinpiguo
合成	hecheng
合成代谢	hechengdaixie
合成变质	hechengbianzhi
合成数	hechengshu
合成材料	hechengcailiao
合拢	helong
合指症	hezhizheng
合数	heshu
合果椰子	heguoyezi
合欢树	hehuanshu
合欢草属	hehuancaoshu
合气道	heqidao
合法化	hefahua
合法的	hefade
合法货币	hefahuobi
合流	heliu
合理	heli
合理地	helidi
合理地处理	helidichuli
合理的	helide
合生	hesheng
合约	heyue
合线期	hexianqi
合营	heying
合规格的	heguigede
合计	heji
合计为	hejiwei
合计达	hejida
合质期	hezhiqi
合资	hezi
合资企业	heziqiye
合资公司	hezigongsi
合资经营	hezijingying
合趾猴	hezhihou
合趾猿属	hezhiyuanshu
合身	heshen
合适	heshi
合适的位置	heshideweizhi
合逻辑地	heluojidi
合金	hejin
合金的	hejinde
合金钢	hejingang
吉他	jita
吉他拨片	jitabopian
吉伯	jibo
吉兆	jizhao
吉利丁	jiliding
吉娃娃	jiwawa
吉尔	jier
吉布提法郎	jibutifalang
吉庆果	jiqingguo
吉普	jipu
吉普车	jipuche
吉祥	jixiang
吉祥时日	jixiangshiri
吉祥鸟	jixiangniao
吉纳紫檀	jinazitan
吉货币单位	jihuobidanwei
吉里那特	jilinate
吊刑	diaoxing
吊升机械	diaoshengjixie
吊床	diaochuang
吊杆	diaogan
吊架	diaojia
吊柱	diaozhu
吊桥	diaoqiao
吊桶	diaotong
吊椅缆车	diaoyilanche
吊死	diaosi
吊环	diaohuan
吊索	diaosuo
吊舱	diaocang
吊艇杆	diaotinggan
吊艇架	diaotingjia
吊艇柱	diaotingzhu
吊菜子	diaocaizi
吊袜腰带	diaowayaodai
吊裤带	diaokudai
吊车	diaoche
吊钟花	diaozhonghua
同一	tongyi
同业公会	tongyegonghui
同义	tongyi
同事	tongshi
同位	tongwei
同位素	tongweisu
同位素数	tongweisushu
同住	tongzhu
同僚	tongliao
同分决赛	tongfenjuesai
同分异构体	tongfenyigouti
同功的	tonggongde
同化	tonghua
同化作用	tonghuazuoyong
同好者	tonghaozhe
同学会	tongxuehui
同宗	tongzong
同居	tongju
同心结	tongxinjie
同志	tongzhi
同情	tongqing
同意	tongyi
同意年龄	tongyinianling
同感	tonggan
同指	tongzhi
同族	tongzu
同族凝集	tongzuningji
同族凝集素	tongzuningjisu
同族抗体	tongzukangti
同时出现	tongshichuxian
同时发生	tongshifasheng
同时性	tongshixing
同时操作	tongshicaozuo
同时运算	tongshiyunsuan
同步	tongbu
同步化	tongbuhua
同步性	tongbuxing
同步运作	tongbuyunzuo
同源	tongyuan
同盟	tongmeng
同盟化	tongmenghua
同盟国	tongmengguo
同等	tongdeng
同系	tongxi
同素	tongsu
同素体	tongsuti
同素异形	tongsuyixing
同素异形体	tongsuyixingti
同翅亚目	tongchiyamu
同舟共济	tongzhougongji
同行	tonghang
同行折扣	tonghangzhekou
同调性	tongdiaoxing
同谋	tongmou
同质化	tongzhihua
同质异晶	tongzhiyijing
同辈	tongbei
同部族婚姻	tongbuzuhunyin
同龄人	tonglingren
名	ming
名义上的	mingyishangde
名义信托	mingyixintuo
名人堂	mingrentang
名作	mingzuo
名声	mingsheng
名声好的	mingshenghaode
名声臭	mingshengchou
名字	mingzi
名录	minglu
名形词	mingxingci
名望	mingwang
名气	mingqi
名流	mingliu
名片	mingpian
名片盒	mingpianhe
名称	mingcheng
名著	mingzhu
名誉	mingyu
名词	mingci
后	hou
后世	houshi
后代	houdai
后劲	houjin
后勋绶夜蛾	houxunshouyee
后千年的	houqianniande
后台处理	houtaichuli
后台执行	houtaizhixing
后嗣	housi
后场围栏	houchangweilan
后备箱	houbeixiang
后天免疫	houtianmianyi
后巷	houxiang
后帮	houbang
后座	houzuo
后座议员席	houzuoyiyuanxi
后悔	houhui
后悬垂	houxuanchui
后手翻	houshoufan
后挡板	houdangban
后撑	houcheng
后支条	houzhitiao
后效	houxiao
后期	houqi
后板	houban
后果	houguo
后桅	houwei
后桅纵帆	houweizongfan
后楼梯	houlouti
后沿	houyan
后甲板	houjiaban
后红子	houhongzi
后续工作	houxugongzuo
后翻滚	houfangun
后者	houzhe
后肢	houzhi
后腰包	houyaobao
后腿	houtui
后膛	houtang
后膛枪	houtangqiang
后膛炮	houtangpao
后袋	houdai
后裔	houyi
后足	houzu
后跃	houyue
后跟	hougen
后退	houtui
后遗症	houyizheng
后部	houbu
后部撑物	houbuchengwu
后门	houmen
后阶段的	houjieduande
后院	houyuan
后陷凹镜	houxianaojing
后面	houmian
后面楼梯	houmianlouti
后颌鰧科	houhetengke
后颌鰧鱼	houhetengyu
后鳃亚纲	housaiyagang
后鳃目	housaimu
吐丝子	tusizi
吐出	tuchu
吐口	tukou
吐司	tusi
吐唾沫	tutuomo
吐唾液	tutuoye
吐字	tuzi
吐根	tugen
吐根制剂	tugenzhiji
吐气	tuqi
吐痰	tutan
向	xiang
向上飞	xiangshangfei
向东北	xiangdongbei
向侧面的	xiangcemiande
向内弯曲	xiangneiwanqu
向内转	xiangneizhuan
向前疾驶	xiangqianjishi
向北西北	xiangbeixibei
向右	xiangyou
向后仰	xianghouyang
向后移	xianghouyi
向后转	xianghouzhuan
向后退缩	xianghoutuisuo
向后靠	xianghoukao
向外弯曲	xiangwaiwanqu
向左	xiangzuo
向点	xiangdian
向西北	xiangxibei
向量	xiangliang
向阳花	xiangyanghua
向风	xiangfeng
向高处	xianggaochu
吓	xia
吓唬	xiahu
吓死	xiasi
吕宋糖棕	lusongtangzong
吗啉酮	malintong
吗啡	mafei
吗茚酮	mayintong
君主	junzhu
君主制	junzhuzhi
君主国	junzhuguo
君主政体	junzhuzhengti
君主统治	junzhutongzhi
君影草	junyingcao
君权	junquan
君迁子	junqianzi
吝啬	linse
吝啬地	linsedi
吝惜	linxi
吝惜地供给	linxidigongji
吞	tun
吞咽	tunyan
吞咽不能	tunyanbuneng
吞咽困难	tunyankunnan
吞咽痛	tunyantong
吞噬作用	tunshizuoyong
吞气症	tunqizheng
吞没	tunmo
吠	fei
否决	foujue
否定	fouding
否定法所得	foudingfasuode
否认	fouren
吧台	batai
吧嗒吧嗒地	badabadadi
吨	dun
吩	fen
吩咐	fenfu
吩噻嗪	fensaiqin
含	han
含义	hanyi
含意	hanyi
含有	hanyou
含有酒石的	hanyoujiushide
含桧酸	hanguisuan
含氯氟烃	hanlufuting
含水层	hanshuiceng
含油树脂	hanyoushuzhi
含满	hanman
含生草	hanshengcao
含糊不清	hanhubuqing
含糊的	hanhude
含脓	hannong
含蓄的	hanxude
含铬的染料	hangederanliao
听	ting
听上去	tingshangqu
听不清	tingbuqing
听从	tingcong
听从于	tingcongyu
听众	tingzhong
听众席	tingzhongxi
听像	tingxiang
听其自然	tingqiziran
听写	tingxie
听到	tingdao
听力图	tinglitu
听力损伤	tinglisunshang
听力测定	tingliceding
听力计	tingliji
听取	tingqu
听命于	tingmingyu
听头	tingtou
听完	tingwan
听度计	tingduji
听得懂	tingdedong
听见	tingjian
听觉	tingjue
听觉意象	tingjueyixiang
听觉通讯	tingjuetongxun
听诊	tingzhen
听话	tinghua
听说	tingshuo
听起来	tingqilai
启动	qidong
启动伞	qidongsan
启发	qifa
启盖器	qigaiqi
启示	qishi
启程	qicheng
启蒙	qimeng
吱吱叫	zhizhijiao
吱吱叫鸣	zhizhijiaoming
吱吱地叫	zhizhidijiao
吲达帕胺	yindapaan
吲达胺	yindaan
吵	chao
吵架	chaojia
吵闹	chaonao
吵闹地	chaonaodi
吸入	xiru
吸入器	xiruqi
吸入性肺炎	xiruxingfeiyan
吸入药	xiruyao
吸入麻醉	xirumazui
吸出	xichu
吸取	xiqu
吸嘴	xizui
吸墨水纸	ximoshuizhi
吸墨纸	ximozhi
吸尘器	xichenqi
吸引	xiyin
吸引力	xiyinli
吸引子	xiyinzi
吸引性	xiyinxing
吸引物	xiyinwu
吸收	xishou
吸收不良	xishoubuliang
吸收作用	xishouzuoyong
吸收光带	xishouguangdai
吸收光谱	xishouguangpu
吸收剂	xishouji
吸收单位	xishoudanwei
吸收器	xishouqi
吸收性	xishouxing
吸收指标	xishouzhibiao
吸收比	xishoubi
吸收物	xishouwu
吸收系数	xishouxishu
吸收谱带	xishoupudai
吸收障碍	xishouzhangai
吸毒者	xiduzhe
吸液	xiye
吸烟	xiyan
吸烟衫	xiyanshan
吸热反应	xirefanying
吸盘	xipan
吸着物	xizhuowu
吸积	xiji
吸管	xiguan
吸管儿	xiguaner
吸纳	xina
吸血动物	xixuedongwu
吸血蝙蝠	xixuebianfu
吸血蝙蝠属	xixuebianfushu
吸血蝠	xixuefu
吸血蝠科	xixuefuke
吸血鬼	xixuegui
吸进	xijin
吸附	xifu
吸附作用	xifuzuoyong
吸附剂	xifuji
吸附物	xifuwu
吸附物质	xifuwuzhi
吸鼻子	xibizi
吹	chui
吹入	chuiru
吹入法	chuirufa
吹动	chuidong
吹口哨	chuikoushao
吹响	chuixiang
吹喇叭	chuilaba
吹嘘	chuixu
吹奏	chuizou
吹微风	chuiweifeng
吹气	chuiqi
吹沫虫	chuimochong
吹火筒	chuihuotong
吹牛	chuiniu
吹矢枪	chuishiqiang
吹管	chuiguan
吹箭筒	chuijiantong
吹起	chuiqi
吹进	chuijin
吹进或吸入	chuijinhuoxiru
吹送	chuisong
吹风机	chuifengji
吹风管	chuifengguan
吻	wen
吻合	wenhe
吻痕	wenhen
吻突	wentu
吼	hou
吼叫	houjiao
吼猴	houhou
吼猴属	houhoushu
呃逆	eni
呆	dai
呆在家里	daizaijiali
呆在附近	daizaifujin
呆子	daizi
呆小病	daixiaobing
呆板的	daibande
呆滞	daizhi
呆笨	daiben
呆账	daizhang
呈乳白色	chengrubaise
呈交	chengjiao
呈拱形	chenggongxing
呈现	chengxian
呈现颜色	chengxianyanse
呈递	chengdi
告别	gaobie
告发	gaofa
告密	gaomi
告密者	gaomizhe
告知	gaozhi
告知者	gaozhizhe
告罄	gaoqing
告解室	gaojieshi
告诉	gaosu
告诫	gaojie
告诫者	gaojiezhe
呋喃	funan
呕吐物	outuwu
员实	yuanshi
员工	yuangong
呛	qiang
周	zhou
周一	zhouyi
周三	zhousan
周中	zhouzhong
周二	zhouer
周五	zhouwu
周六	zhouliu
周四	zhousi
周围	zhouwei
周年大庆	zhouniandaqing
周年纪念	zhounianjinian
周旋	zhouxuan
周日	zhouri
周期	zhouqi
周期性的	zhouqixingde
周期的	zhouqide
周期蝉属	zhouqichanshu
周末	zhoumo
周率	zhoulu
周界	zhoujie
周界线	zhoujiexian
周秒	zhoumiao
周角	zhoujiao
周转资金	zhouzhuanzijin
周边	zhoubian
味儿	weier
味觉	weijue
味觉的	weijuede
味觉过敏	weijueguomin
味道	weidao
呻吟	shenyin
呼出气	huchuqi
呼叫	hujiao
呼叫中心	hujiaozhongxin
呼叫器	hujiaoqi
呼吸	huxi
呼吸停止	huxitingzhi
呼吸商数	huxishangshu
呼吸器	huxiqi
呼吸困难	huxikunnan
呼吸暂停	huxizanting
呼吸根	huxigen
呼吸测醉器	huxicezuiqi
呼吸疾病	huxijibing
呼吸的空气	huxidekongqi
呼吸试验	huxishiyan
呼吸道感染	huxidaoganran
呼吸频率	huxipinlu
呼呼作声	huhuzuosheng
呼啦圈	hulaquan
呼啸	huxiao
呼啸而过	huxiaoerguo
呼喊	huhan
呼气	huqi
呼语	huyu
命令	mingling
命令键	minglingjian
命名	mingming
命名的	mingmingde
命运	mingyun
命题	mingti
咀嚼	jujue
咀嚼食物	jujueshiwu
咆哮	paoxiao
和好	hehao
和尚	heshang
和平	heping
和平共处	hepinggongchu
和平时期	hepingshiqi
和平谈判	hepingtanpan
和平进程	hepingjincheng
和弦	hexian
和服	hefu
和睦	hemu
和睦关系	hemuguanxi
和睦相处	hemuxiangchu
和解	hejie
和谐	hexie
和音	heyin
和风	hefeng
咏叙唱	yongxuchang
咏叹调	yongtandiao
咒诅	zhouzu
咒语	zhouyu
咒逐	zhouzhu
咒骂	zhouma
咔哒地响	kadadixiang
咕哝	gunong
咖啡	kafei
咖啡厅	kafeiting
咖啡因	kafeiyin
咖啡壶	kafeihu
咖啡屋	kafeiwu
咖啡属	kafeishu
咖啡店	kafeidian
咖啡机	kafeiji
咖啡杯	kafeibei
咖啡树	kafeishu
咖啡桌	kafeizhuo
咖啡滤纸	kafeiluzhi
咖啡疫病	kafeiyibing
咖啡罐	kafeiguan
咖啡馆	kafeiguan
咚咚地敲	dongdongdiqiao
咝擦音化	sicayinhua
咨询	zixun
咨询和同意	zixunhetongyi
咨询机构	zixunjigou
咪咪	mimi
咪唑安定	mizuoanding
咪康唑	mikangzuo
咪达唑仑	midazuolun
咬	yao
咬合不全	yaohebuquan
咬合不正	yaohebuzheng
咬合托	yaohetuo
咬合板	yaoheban
咬翼片	yaoyipian
咯血	kaxie
咳出	kechu
咳出痰	kechutan
咳嗽	kesou
咳血	kexie
咸	xian
咸肉	xianrou
咻地发声	xiudifasheng
咽	yan
咽下	yanxia
咽喉	yanhou
咽喉炎	yanhouyan
咽头	yantou
咽头炎	yantouyan
咽峡炎	yanxiayan
咽炎	yanyan
哀伤地	aishangdi
哀婉动人地	aiwandongrendi
哀怨地	aiyuandi
品味	pinwei
品尝	pinchang
品牌	pinpai
品脱	pintuo
品行	pinxing
品质	pinzhi
品质上地	pinzhishangdi
品质管理	pinzhiguanli
哄骗	hongpian
哆嗦	duosuo
哈伯制氨法	habozhianfa
哈佛大学	hafudaxue
哈勃常数	habochangshu
哈基姆	hajimu
哈巴狗	habagou
哈腰	hayao
哌醋甲酯	paicujiazhi
响	xiang
响亮	xiangliang
响应	xiangying
响杨	xiangyang
响葫芦	xianghulu
哑铃	yaling
哗哗响	huahuaxiang
哥伦布节	gelunbujie
哥伦比亚大学	gelunbiyadaxue
哥伦纳属	gelunnashu
哥哥	gege
哨兵	shaobing
哨所	shaosuo
哨舰	shaojian
哪里	nali
哭泣	kuqi
哮咳	xiaoke
哮喘	xiaochuan
哲人之石	zherenzhishi
哲学体系	zhexuetixi
哲学家	zhexuejia
哲水蚤	zheshuizao
哺乳瓶	buruping
哼声	hengsheng
哼着鼻子	hengzhebizi
唆使	suoshi
唆使者	suoshizhe
唇兰属	chunlanshu
唇形科	chunxingke
唇炎	chunyan
唇肥厚	chunfeihou
唇膏	chungao
唐棣	tangdi
唐棣属	tangdishu
唐老鸭	tanglaoya
唠叨	laodao
唢呐草	suonacao
唢呐草属	suonacaoshu
唤起	huanqi
唤醒	huanxing
唧筒	jitong
唧筒星座	jitongxingzuo
售	shou
售完	shouwan
售得	shoude
售票员	shoupiaoyuan
售票处	shoupiaochu
售货员	shouhuoyuan
售货处	shouhuochu
唯一的	weiyide
唯信仰论	weixinyanglun
唱	chang
唱和	changhe
唱机	changji
唱歌	changge
唱段	changduan
唱片	changpian
唱臂	changbi
唱诗区	changshiqu
唾液的分泌	tuoyedefenmi
唾液腺发炎	tuoyexianfayan
商	shang
商业	shangye
商业主义	shangyezhuyi
商业信贷	shangyexindai
商业关系	shangyeguanxi
商业化	shangyehua
商业折扣	shangyezhekou
商业本票	shangyebenpiao
商业票据	shangyepiaoju
商业贷款	shangyedaikuan
商人	shangren
商号	shanghao
商品	shangpin
商定	shangding
商店	shangdian
商数	shangshu
商标	shangbiao
商标名	shangbiaoming
商船	shangchuan
商行	shanghang
商誉	shangyu
商议	shangyi
商队旅馆	shangduiluguan
啐	cui
啜	chuai
啜饮	chuaiyin
啤酒	pijiu
啤酒厂	pijiuchang
啤酒城	pijiucheng
啤酒店	pijiudian
啤酒杯	pijiubei
啤酒杯垫	pijiubeidian
啤酒桶	pijiutong
啤酒玻璃杯	pijiubolibei
啤酒瓶	pijiuping
啤酒罐	pijiuguan
啤酒花支杆	pijiuhuazhigan
啤酒酵母	pijiujiaomu
啪啪作响	papazuoxiang
啪地关上	padiguanshang
啫哩	zheli
啮合	niehe
啮虫目	niechongmu
啮虫科	niechongke
啮齿动物	niechidongwu
啮齿目	niechimu
啮齿目动物	niechimudongwu
啾鸣	jiuming
喂	wei
喂养	weiyang
喂食	weishi
喃喃低语	nannandiyu
喃喃而语	nannaneryu
喃喃自语	nannanziyu
善于处世的	shanyuchushide
善意	shanyi
善意兼并	shanyijianbing
善意收购	shanyishougou
善良	shanliang
善行	shanxing
喇叭	laba
喇叭按钮	labaanniu
喇叭狗	labagou
喇叭舌属	labasheshu
喇叭花	labahua
喇叭菌	labajun
喇叭裤	labaku
喇叭鱼属	labayushu
喇叭鱼科	labayuke
喇叭鸟	labaniao
喇叭鸟属	labaniaoshu
喇叭鸟科	labaniaoke
喇嘛寺	lamasi
喇嘛寺庙	lamasimiao
喇嘛寺院	lamasiyuan
喇嘛庙	lamamiao
喇蛄	lagu
喉咙	houlong
喉头炎	houtouyan
喉头痉挛	houtoujingluan
喉头镜	houtoujing
喉炎	houyan
喉狭窄	houxiazhai
喉盘鱼	houpanyu
喉盘鱼属	houpanyushu
喉盘鱼科	houpanyuke
喉镜	houjing
喊	han
喊价过低	hanjiaguodi
喊叫	hanjiao
喊声	hansheng
喋喋不休	diediebuxiu
喘息	chuanxi
喘气	chuanqi
喘粗气	chuancuqi
喘鸣	chuanming
喙	hui
喙鱼	huiyu
喙鲑	huigui
喙鲸	huijing
喙鲸科	huijingke
喜剧	xiju
喜好	xihao
喜悦	xiyue
喜林草属	xilincaoshu
喜欢	xihuan
喜欢地	xihuandi
喜欢的事物	xihuandeshiwu
喜爱	xiai
喜爱的	xiaide
喜荫花	xiyinhua
喜荫花属	xiyinhuashu
喜蚁植物	xiyizhiwu
喝彩	hecai
喝酒喧闹	hejiuxuannao
喝醉	hezui
喧哗	xuanhua
喧嚣	xuanxiao
喧闹	xuannao
喳喳	zhazha
喷	pen
喷出	penchu
喷发	penfa
喷发胶	penfajiao
喷嚏	penti
喷墨打印机	penmodayinji
喷射	penshe
喷射出来	penshechulai
喷射液体	pensheyeti
喷射筒	penshetong
喷气发动机	penqifadongji
喷气客机	penqikeji
喷气式飞机	penqishifeiji
喷气机	penqiji
喷水的鲸	penshuidejing
喷油井	penyoujing
喷泉	penquan
喷洒农药	pensanongyao
喷洒消毒	pensaxiaodu
喷洒液体	pensayeti
喷浆	penjiang
喷涂	pentu
喷涌	penyong
喷涌奔流	penyongbenliu
喷漆	penqi
喷火器	penhuoqi
喷灯	pendeng
喷雾	penwu
喷雾器	penwuqi
喷雾消毒	penwuxiaodu
喷雾罐	penwuguan
嗅	xiu
嗅出	xiuchu
嗅到	xiudao
嗅盐	xiuyan
嗅觉	xiujue
嗅觉不灵	xiujuebuling
嗅觉缺失	xiujuequeshi
嗅觉障碍	xiujuezhangai
嗉囊	sunang
嗉子	suzi
嗓子	sangzi
嗓音	sangyin
嗖嗖地掠过	sousoudilueguo
嗖嗖掠过	sousoulueguo
嗖嗖飞过	sousoufeiguo
嗜好	shihao
嗜异抗体	shiyikangti
嗜眠发作	shimianfazuo
嗜眠病	shimianbing
嗜睡症	shishuizheng
嗜酒者	shijiuzhe
嗜酸菌	shisuanjun
嗜铬细胞瘤	shigexibaoliu
嗜食同类	shishitonglei
嗡嗡叫	wengwengjiao
嗡嗡响	wengwengxiang
嗣子	sizi
嗳气	aiqi
嗷叫	aojiao
嘀咕	digu
嘈杂	caoza
嘈杂地	caozadi
嘈杂声	caozasheng
嘉兰	jialan
嘉兰属	jialanshu
嘉许	jiaxu
嘉鱼	jiayu
嘌呤	piaoling
嘌呤基	piaolingji
嘎吱地响	gazhidixiang
嘎嘎作响	gagazuoxiang
嘟嘟响	duduxiang
嘟嘟地发出	dududifachu
嘤嘤响	yingyingxiang
嘧啶	miding
嘲弄	chaonong
嘲笑	chaoxiao
嘴	zui
嘴唇	zuichun
噎住	yezhu
器具	qiju
器官	qiguan
器官发生	qiguanfasheng
器官失调	qiguanshitiao
器官损害	qiguansunhai
器械	qixie
器皿	qimin
噩梦	emeng
噪声	zaosheng
噪声污染	zaoshengwuran
噪音	zaoyin
噪音污染	zaoyinwuran
噬菌作用	shijunzuoyong
噬菌素	shijunsu
噻吡二胺	saibieran
噻嗪	saiqin
噼啪响	pipaxiang
噼啪地响	pipadixiang
嚼	jue
嚼碎	juesui
囊	nang
囊泡化	nangpaohua
囊群盖	nangqungai
囊肿	nangzhong
囊萼花	nangehua
囊蕨属	nangjueshu
囊鼠	nangshu
囊鼠属	nangshushu
囚犯	qiufan
囚禁	qiujin
囚笼	qiulong
四乘幂	sichengmi
四乘驾	sichengjia
四乙铅	siyiqian
四二拍	sierpai
四便士	sibianshi
四便士钉	sibianshiding
四倍	sibei
四元酸	siyuansuan
四分之一	sifenzhiyi
四分之三	sifenzhisan
四分之四拍	sifenzhisipai
四分孢子囊	sifenbaozinang
四分法	sifenfa
四十	sishi
四十一	sishiyi
四十七	sishiqi
四十三	sishisan
四十九	sishijiu
四十二	sishier
四十五	sishiwu
四十五度角	sishiwudujiao
四十八	sishiba
四十六	sishiliu
四十四	sishisi
四卤化合物	siluhuahewu
四卤化碳	siluhuatan
四叶式交叉	siyeshijiaocha
四叶草	siyecao
四周的	sizhoude
四坡屋顶	sipowuding
四坡顶	sipoding
四头带	sitoudai
四孢蘑菇	sibaomogu
四季果	sijiguo
四季节	sijijie
四季豆	sijidou
四年周期	sinianzhouqi
四年期	sinianqi
四散	sisan
四旬节	sixunjie
四月	siyue
四月中旬	siyuezhongxun
四月愚人节	siyueyurenjie
四月泡	siyuepao
四棱树	silengshu
四棱草	silengcao
四棱豆	silengdou
四棱豆属	silengdoushu
四氟乙烯	sifuyixi
四氯化物	siluhuawu
四氯化碳	siluhuatan
四水硼砂	sishuipengsha
四点的牌	sidiandepai
四甲二胂	sijiaershen
四百	sibai
四等分	sidengfen
四糖	sitang
四线叶虫	sixianyechong
四翅槐	sichihuai
四翅槐树	sichihuaishu
四肢瘫痪	sizhitanhuan
四肢骨骼	sizhiguge
四肢麻痹	sizhimabi
四舍五入	sishewuru
四行	sixing
四要素	siyaosu
四角帽	sijiaomao
四角形	sijiaoxing
四角柱	sijiaozhu
四角裤	sijiaoku
四足动物	sizudongwu
四趾食蚁兽	sizhishiyishou
四轮礼车	silunliche
四轮车	silunche
四轮马车	silunmache
四轮驱动	silunqudong
四轮驱动车	silunqudongche
四边形	sibianxing
四面体	simianti
四面戟	simianji
四面浇灌	simianjiaoguan
四面锋	simianfeng
四马分尸	simafenshi
四驱车	siquche
四鳍旗鱼	siqiqiyu
四鳍旗鱼属	siqiqiyushu
回	hui
回乡	huixiang
回到	huidao
回到起点	huidaoqidian
回去	huiqu
回叙	huixu
回合	huihe
回吸收	huixishou
回味	huiwei
回响	huixiang
回国	huiguo
回声	huisheng
回复	huifu
回头前进	huitouqianjin
回头看	huitoukan
回家	huijia
回廊	huilang
回式针迹	huishizhenji
回归年	huiguinian
回归热	huiguire
回忆	huiyi
回忆反应	huiyifanying
回忆应答	huiyiyingda
回想	huixiang
回扣	huikou
回报	huibao
回指	huizhi
回授	huishou
回收	huishou
回收利用	huishouliyong
回敬	huijing
回旋	huixuan
回旋加速器	huixuanjiasuqi
回旋镖	huixuanbiao
回春	huichun
回来	huilai
回流	huiliu
回溯	huisu
回溯至	huisuzhi
回火	huihuo
回火硬化	huihuoyinghua
回电	huidian
回窝	huiwo
回答	huida
回纹饰	huiwenshi
回绝	huijue
回肠炎	huichangyan
回苏剂	huisuji
回荡	huidang
回车	huiche
回转	huizhuan
回转仪	huizhuanyi
回转罗盘	huizhuanluopan
回退键	huituijian
回避	huibi
回避风	huibifeng
回针缝	huizhenfeng
回音	huiyin
回顾	huigu
回飞棒	huifeibang
回飞镖	huifeibiao
回鹘豆	huigudou
因下雨阻碍	yinxiayuzuai
因子	yinzi
因数	yinshu
因果关系	yinguoguanxi
因果律	yinguolu
因沸溢出	yinfeiyichu
因特尔网	yinteerwang
因特网	yintewang
因素	yinsu
团	tuan
团伞花序	tuansanhuaxu
团体	tuanti
团体保险	tuantibaoxian
团圆	tuanyuan
团结	tuanjie
团结一致	tuanjieyizhi
团聚	tuanju
团队	tuandui
团集的	tuanjide
囤积	tunji
囤积成本	tunjichengben
园	yuan
园当归	yuandanggui
园林	yuanlin
园林植物	yuanlinzhiwu
园艺工具	yuanyigongju
园艺耙	yuanyiba
园艺锹	yuanyiqiao
园荽	yuansui
园蛛属	yuanzhushu
困倦	kunjuan
困入	kunru
困境	kunjing
困局	kunju
困扰	kunrao
困窘	kunjiong
困苦	kunku
困难	kunnan
困难境地	kunnanjingdi
困难的事	kunnandeshi
围以回廊	weiyihuilang
围住	weizhu
围兜	weidou
围口部	weikoubu
围嘴	weizui
围困	weikun
围地	weidi
围城	weicheng
围墙	weiqiang
围巾	weijin
围攻	weigong
围栏	weilan
围棋盘	weiqipan
围涎	weixian
围绕	weirao
围裙	weiqun
围裙上部	weiqunshangbu
围裙带	weiqundai
固体	guti
固化	guhua
固守	gushou
固定	guding
固定剂	gudingji
固定化	gudinghua
固定成本	gudingchengben
固定支出	gudingzhichu
固定收费	gudingshoufei
固定板条	gudingbantiao
固定物	gudingwu
固定绷带	gudingbengdai
固定薪金	gudingxinjin
固定设备	gudingshebei
固定费用	gudingfeiyong
固定锚	gudingmao
固执	guzhi
固执地	guzhidi
固执的	guzhide
固有	guyou
固氮	gudan
固溶体	gurongti
固网	guwang
固色剂	guseji
固醇	guchun
国	guo
国会	guohui
国会大厦	guohuidasha
国会议员	guohuiyiyuan
国体	guoti
国内汇票	guoneihuipiao
国内税收	guoneishuishou
国土	guotu
国境	guojing
国外地	guowaidi
国外援助	guowaiyuanzhu
国外汇票	guowaihuipiao
国定假日	guodingjiari
国家	guojia
国家区域	guojiaquyu
国库	guoku
国库券	guokuquan
国旗	guoqi
国旗日	guoqiri
国旗纪念日	guoqijinianri
国有债务	guoyouzhaiwu
国民	guomin
国民收入	guominshouru
国王	guowang
国王企鹅	guowangqie
国玺	guoxi
国籍	guoji
国豆	guodou
国际单位制	guojidanweizhi
国际烛光	guojizhuguang
国际礼仪	guojiliyi
图书馆	tushuguan
图像	tuxiang
图像记录	tuxiangjilu
图库	tuku
图样	tuyang
图案	tuan
图片	tupian
图片底框	tupiandikuang
图瓦卢元	tuwaluyuan
图画	tuhua
图画用纸	tuhuayongzhi
图示	tushi
图示湿度计	tushishiduji
图章	tuzhang
图纸	tuzhi
图表	tubiao
图解	tujie
图面	tumian
圆	yuan
圆凿	yuanzao
圆剧场	yuanjuchang
圆叶旋花	yuanyexuanhua
圆叶牵牛	yuanyeqianniu
圆叶葡萄	yuanyeputao
圆号	yuanhao
圆周	yuanzhou
圆周率	yuanzhoulu
圆圈	yuanquan
圆基	yuanji
圆头	yuantou
圆头倭犰狳	yuantouwoqiuyu
圆头棒	yuantoubang
圆头葱	yuantoucong
圆头鲸	yuantoujing
圆尾麝鼠	yuanweisheshu
圆屋顶	yuanwuding
圆平面	yuanpingmian
圆形	yuanxing
圆形把手	yuanxingbashou
圆形的	yuanxingde
圆形筹码	yuanxingchouma
圆形锯	yuanxingju
圆木	yuanmu
圆柱	yuanzhu
圆柱体	yuanzhuti
圆柱顶板	yuanzhudingban
圆桶	yuantong
圆滚线	yuangunxian
圆满	yuanman
圆点	yuandian
圆烤盘	yuankaopan
圆珠笔	yuanzhubi
圆盘	yuanpan
圆盘形	yuanpanxing
圆盘离合器	yuanpanliheqi
圆盘耙	yuanpanba
圆睡鼠	yuanshuishu
圆睡鼠属	yuanshuishushu
圆石	yuanshi
圆石块	yuanshikuai
圆筒	yuantong
圆箍线	yuanguxian
圆蛤	yuanha
圆蛤类	yuanhalei
圆裂片	yuanliepian
圆规	yuangui
圆趾蟹	yuanzhixie
圆趾蟹属	yuanzhixieshu
圆金柑	yuanjingan
圆锥体	yuanzhuiti
圆锥曲线	yuanzhuiquxian
圆锥花序	yuanzhuihuaxu
圆锯	yuanju
圆锯齿	yuanjuchi
圆顶	yuanding
圆鲹	yuanshen
圆鲹属	yuanshenshu
圆鳍鱼	yuanqiyu
圆鳍鱼属	yuanqiyushu
圆鳍鱼科	yuanqiyuke
圆鳍鱼科的鱼	yuanqiyukedeyu
圆齿	yuanchi
圆齿状	yuanchizhuang
圈	quan
圈为禁地	quanweijindi
圈住	quanzhu
圈套	quantao
圈形大号	quanxingdahao
圈环裙	quanhuanqun
圈起	quanqi
圊血	qingxue
土丹参	tudanshen
土人	turen
土人的腰布	turendeyaobu
土元素	tuyuansu
土制酒壶	tuzhijiuhu
土匪劫掠	tufeijielue
土司	tusi
土圞儿属	tuluanershu
土地	tudi
土地占有	tudizhanyou
土地所有权	tudisuoyouquan
土地所有者	tudisuoyouzhe
土地留置权	tudiliuzhiquan
土地租金	tudizujin
土地管理局	tudiguanliju
土地资源	tudiziyuan
土地银行	tudiyinhang
土堤	tudi
土壤	turang
土壤侵蚀	turangqinshi
土壤学	turangxue
土布	tubu
土当归	tudanggui
土拨鼠	tuboshu
土拨鼠日	tuboshuri
土木工事	tumugongshi
土木工程	tumugongcheng
土气的	tuqide
土沉香	tuchenxiang
土沥青	tuliqing
土牢	tulao
土狼	tulang
土狼属	tulangshu
土瓜	tugua
土瓶草	tupingcao
土瓶草属	tupingcaoshu
土瓶草科	tupingcaoke
土田七	tutianqi
土白芷	tubaizhi
土窖	tujiao
土耳其帽	tuerqimao
土耳其毯帽	tuerqitanmao
土耳其烟草	tuerqiyancao
土著居民	tuzhujumin
土葬	tuzang
土藿香	tuhuoxiang
土褐牛肝菌	tuheniuganjun
土语	tuyu
土豆	tudou
土豚	tutun
土豚属	tutunshu
土豚科	tutunke
土质汗	tuzhihan
土霍香	tuhuoxiang
土黄豆	tuhuangdou
土黄连	tuhuanglian
圣	sheng
圣三主日	shengsanzhuri
圣体匣	shengtixia
圣体架	shengtijia
圣体节	shengtijie
圣俸	shengfeng
圣像	shengxiang
圣公会	shenggonghui
圣叶樱桃	shengyeyingtao
圣周	shengzhou
圣坛	shengtan
圣墓	shengmu
圣女果	shengnuguo
圣安塞姆	shengansaimu
圣年	shengnian
圣所	shengsuo
圣杯	shengbei
圣殿	shengdian
圣殿节	shengdianjie
圣母堂	shengmutang
圣水	shengshui
圣油	shengyou
圣洁日	shengjieri
圣烛节	shengzhujie
圣甲虫	shengjiachong
圣约瑟夫日	shengyuesefuri
圣经	shengjing
圣职	shengzhi
圣膏	shenggao
圣蓟属	shengjishu
圣训	shengxun
圣诞前夜	shengdanqianye
圣诞季	shengdanji
圣诞季节	shengdanjijie
圣诞树	shengdanshu
圣诞礼物	shengdanliwu
圣诞红	shengdanhong
圣诞耳蕨	shengdanerjue
圣诞节	shengdanjie
圣诞节期	shengdanjieqi
圣诞花	shengdanhua
圣诞袜	shengdanwa
圣餐台	shengcantai
圣餐日	shengcanri
圣餐杯	shengcanbei
圣马丁节	shengmadingjie
在	zai
在上	zaishang
在下文	zaixiawen
在下文中	zaixiawenzhong
在世	zaishi
在中间	zaizhongjian
在于	zaiyu
在今天	zaijintian
在今晚	zaijinwan
在位期	zaiweiqi
在侧面的	zaicemiande
在先	zaixian
在前	zaiqian
在前面	zaiqianmian
在北西北	zaibeixibei
在国外地	zaiguowaidi
在外	zaiwai
在帆索上	zaifansuoshang
在意	zaiyi
在户外	zaihuwai
在手边	zaishoubian
在星期三	zaixingqisan
在次页	zaiciye
在此	zaici
在海外地	zaihaiwaidi
在皮革上磨	zaipigeshangmo
在背面	zaibeimian
在船腹	zaichuanfu
在视线内	zaishixiannei
在近距离内	zaijinjulinei
在那处	zainachu
在野党	zaiyedang
在页后	zaiyehou
在高处	zaigaochu
在高处地	zaigaochudi
在黑市卖	zaiheishimai
圭亚那元	guiyanayuan
地下埋葬地	dixiamaizangdi
地下墓穴	dixiamuxue
地下室	dixiashi
地下水	dixiashui
地下芽植物	dixiayazhiwu
地下通道	dixiatongdao
地下道	dixiadao
地下铁路	dixiatielu
地下铁道	dixiatiedao
地中海的	dizhonghaide
地主	dizhu
地产	dichan
地位	diwei
地位低的	diweidide
地位高于	diweigaoyu
地刷子	dishuazi
地区	diqu
地图	ditu
地图册	dituce
地图投影	ditutouying
地图集	dituji
地址	dizhi
地址寄存器	dizhijicunqi
地域	diyu
地基	diji
地塞米松	disaimisong
地壳变动	diqiaobiandong
地外生物	diwaishengwu
地尔硫卓	dierliuzhuo
地层	diceng
地带	didai
地席	dixi
地平	diping
地平纬度	dipingweidu
地平线	dipingxian
地平角	dipingjiao
地府	difu
地戎草	dirongcao
地政局	dizhengju
地方	difang
地方债券	difangzhaiquan
地方性地	difangxingdi
地方病	difangbing
地方税	difangshui
地方自治	difangzizhi
地方范围地	difangfanweidi
地方街道	difangjiedao
地星	dixing
地星属	dixingshu
地星科	dixingke
地松鼠	disongshu
地板	diban
地板蒙布	dibanmengbu
地板蜡	dibanla
地柏油	dibaiyou
地柏草	dibaicao
地椒	dijiao
地榆	diyu
地榆属	diyushu
地母草	dimucao
地毯	ditan
地毯图钉	ditantuding
地毯圆皮蠹	ditanyuanpidu
地毯拍打器	ditanpaidaqi
地毯清洁机	ditanqingjieji
地毯织机	ditanzhiji
地毯般覆	ditanbanfu
地毯衬垫	ditanchendian
地毯赛亚麻	ditansaiyama
地毯钉	ditanding
地泡子	dipaozi
地点	didian
地牢	dilao
地狱	diyu
地狱里的磨难	diyulidemonan
地珠	dizhu
地球	diqiu
地球仪	diqiuyi
地球引力	diqiuyinli
地理学	dilixue
地瓜	digua
地瓜儿苗	diguaermiao
地磁仪	diciyi
地租	dizu
地穴	dixue
地窖	dijiao
地窖容积	dijiaorongji
地窖的容积	dijiaoderongji
地笋属	disunshu
地笋植物	disunzhiwu
地管子	diguanzi
地红菇属	dihonggushu
地美环素	dimeihuansu
地胆	didan
地舌菌	dishejun
地舌菌属	dishejunshu
地舌菌科	dishejunke
地花椒	dihuajiao
地花菌属	dihuajunshu
地花蜂科	dihuafengke
地苏木	disumu
地莓	dimei
地萝卜	diluobo
地落艾	diluoai
地蚤	dizao
地蜘蛛	dizhizhu
地蜡	dila
地血	dixue
地衣	diyi
地衣植物门	diyizhiwumen
地衣目	diyimu
地被	dibei
地西泮	dixipan
地豆	didou
地质作用	dizhizuoyong
地质学上	dizhixueshang
地质时代	dizhishidai
地质活动	dizhihuodong
地速	disu
地铁	ditie
地铁费用	ditiefeiyong
地锦	dijin
地雷	dilei
地雷侦测器	dileizhenceqi
地震	dizhen
地面	dimian
地面材料	dimiancailiao
地面设计图	dimianshejitu
地骨子	diguzi
地高辛	digaoxin
场	chang
场发射	changfashe
场合	changhe
场地	changdi
场磁铁	changcitie
场线圈	changxianquan
场致发射	changzhifashe
场记板	changjiban
场透镜	changtoujing
场院	changyuan
均	jun
均分	junfen
均匀的	junyunde
均化	junhua
均化作用	junhuazuoyong
均夷作用	junyizuoyong
均翅亚目	junchiyamu
均衡	junheng
均衡器	junhengqi
均衡的	junhengde
均质的	junzhidi
坎德拉	kandela
坏	huai
坏了	huaile
坏事	huaishi
坏名声	huaimingsheng
坏块	huaikuai
坏处	huaichu
坏天气	huaitianqi
坏帐	huaizhang
坏死松解	huaisisongjie
坏死溶解	huaisirongjie
坏疽	huaiju
坏的声誉	huaideshengyu
坏蛋	huaidan
坏血病	huaixuebing
坏血症	huaixuezheng
坐	zuo
坐下	zuoxia
坐冷板凳	zuolengbandeng
坐到结束	zuodaojieshu
坐在一边	zuozaiyibian
坐垫	zuodian
坐标图	zuobiaotu
坐标纸	zuobiaozhi
坐椅	zuoyi
坐浴桶	zuoyutong
坐浴盘	zuoyupan
坐牢	zuolao
坐直	zuozhi
坐立不安	zuolibuan
坐船	zuochuan
坐落	zuoluo
坐落在	zuoluozai
坐蛸	zuoshao
坐视不管	zuoshibuguan
坑	keng
块	kuai
块云母	kuaiyunmu
块根	kuaigen
块状物	kuaizhuangwu
块状蕨	kuaizhuangjue
块茎	kuaijing
块茎植物	kuaijingzhiwu
块茎蕨属	kuaijingjueshu
块菌	kuaijun
块菌属	kuaijunshu
块菌目	kuaijunmu
块菌科	kuaijunke
坚信	jianxin
坚决	jianjue
坚决放弃	jianjuefangqi
坚决的	jianjuede
坚守	jianshou
坚定不移	jiandingbuyi
坚定不移的	jiandingbuyide
坚定的	jiandingde
坚强的	jianqiangde
坚戈	jiange
坚持	jianchi
坚持下去	jianchixiaqu
坚持不变	jianchibubian
坚持不懈	jianchibuxie
坚持住	jianchizhu
坚持地	jianchidi
坚果	jianguo
坚果树	jianguoshu
坚牢的	jianlaode
坚硬的	jianyingde
坚黑穗病	jianheisuibing
坛	tan
坟墓	fenmu
坠下云端	zhuixiayunduan
坠落	zhuiluo
坡度	podu
坡柳	poliu
坤草	kuncao
坦克	tanke
坦克大炮	tankedapao
坦克车	tankeche
坦卡	tanka
坦吉	tanji
坦坡橙	tanpocheng
坦率地	tanshuaidi
坦率的	tanshuaide
坦白	tanbai
坦白地	tanbaidi
坦白无隐地	tanbaiwuyindi
坩埚	ganguo
坩埚钢	ganguogang
坯件	pijian
坯料	piliao
垂	chui
垂下	chuixia
垂帷	chuiwei
垂幕	chuimu
垂拱	chuigong
垂曲线	chuiquxian
垂杨柳	chuiyangliu
垂枝柳	chuizhiliu
垂柳	chuiliu
垂死的人	chuisideren
垂片	chuipian
垂直地	chuizhidi
垂直物	chuizhiwu
垂直线	chuizhixian
垂线	chuixian
垂落	chuiluo
垂边	chuibian
垂迹	chuiji
垂饰	chuishi
垃圾	laji
垃圾债券	lajizhaiquan
垃圾处理器	lajichuliqi
垃圾大铁桶	lajidatietong
垃圾桶	lajitong
垃圾箱	lajixiang
垃圾袋	lajidai
垃圾车	lajiche
垃圾铲	lajichan
垄断	longduan
垄断企业	longduanqiye
型铁	xingtie
垒	lei
垛口	duokou
垫刃属	dianrenshu
垫刃科	dianrenke
垫子	dianzi
垫枕	dianzhen
垫起	dianqi
垮台	kuatai
垮掉	kuadiao
埃伊那岛	aiyinadao
埃及圣鹭	aijishenglu
埃及燕鸻	aijiyanheng
埃及猫	aijimao
埃及猿	aijiyuan
埃及猿属	aijiyuanshu
埃及獴	aijimeng
埃及磅	aijibang
埃及鸻属	aijihengshu
埃塔棕属	aitazongshu
埃塞俄比亚蕉	aisaiebiyajiao
埃奥罗斯	aiaoluosi
埃姆斯椅	aimusiyi
埃斯库罗斯	aisikuluosi
埃斯科拉庇俄斯	aisikelabiesi
埃格斯特朗	aigesitelang
埃涅伊特	ainieyite
埃涅阿斯	ainieasi
埃特	aite
埃癸斯托斯	aiguisituosi
埃菲尔铁塔	aifeiertieta
埃西尔	aixier
埃阿斯	aiasi
埋	mai
埋于地下	maiyudixia
埋伏	maifu
埋伏处	maifuchu
埋头孔	maitoukong
埋怨	manyuan
埋葬	maizang
埋葬所	maizangsuo
埋藏	maicang
城	cheng
城垛	chengduo
城堡	chengbao
城堡主塔	chengbaozhuta
城堡主楼	chengbaozhulou
城市	chengshi
城市化	chengshihua
城市大学	chengshidaxue
城市改造	chengshigaizao
城市的	chengshide
城廓	chengkuo
城河	chenghe
城镇	chengzhen
城齿	chengchi
埘	shi
培养	peiyang
培根	peigen
培植	peizhi
培育	peiyu
培训	peixun
基于	jiyu
基准	jizhun
基准利率	jizhunlilu
基叶草科	jiyecaoke
基因	jiyin
基因内区	jiyinneiqu
基因变异	jiyinbianyi
基因显现	jiyinxianxian
基因突变	jiyintubian
基地	jidi
基地组织	jidizuzhi
基尔德坎	jierdekan
基尼	jini
基层	jiceng
基座	jizuo
基建	jijian
基数	jishu
基普	jipu
基普发生器	jipufashengqi
基本上	jibenshang
基本利率	jibenlilu
基本原则	jibenyuanze
基本原理	jibenyuanli
基本成份	jibenchengfen
基本成分	jibenchengfen
基本财产	jibencaichan
基本量	jibenliang
基极	jiji
基架	jijia
基点或基础	jidianhuojichu
基督圣体节	jidushengtijie
基督纪元	jidujiyuan
基石	jishi
基础	jichu
基础代谢	jichudaixie
基础代谢率	jichudaixielu
基础利率	jichulilu
基础设施	jichusheshi
基纳	jina
基线	jixian
基色娄月	jiselouyue
基质	jizhi
基里克斯陶杯	jilikesitaobei
基里巴斯元	jilibasiyuan
基金	jijin
基金会	jijinhui
堂兄	tangxiong
堂哥	tangge
堂妹	tangmei
堂姊	tangzi
堂姐	tangjie
堂弟	tangdi
堆	dui
堆叠	duidie
堆心	duixin
堆砂白蚁属	duishabaiyishu
堆积	duiji
堆积起	duijiqi
堆肥	duifei
堆芯熔毁	duixinronghui
堆起	duiqi
堇兰	jinlan
堇青石	jinqingshi
堕胎	duotai
堕胎药	duotaiyao
堕落	duoluo
堡垒	baolei
堤围	diwei
堤坝	diba
堤岸	dian
堤道	didao
堪萨斯蓟	kansasiji
堰	yan
堵住	duzhu
堵嘴钱	duzuiqian
堵塞	duse
塌陷	taxian
塍鹬	chengyu
塍鹬属	chengyushu
塑像	suxiang
塑化	suhua
塑料	suliao
塑料胶片	suliaojiaopian
塑胶	sujiao
塑胶玻璃	sujiaoboli
塑解	sujie
塑造	suzao
塔卡	taka
塔崩	tabeng
塔巴斯科辣椒	tabasikelajiao
塔布什帽	tabushenmao
塔希提人的	taxitirende
塔希提岛的	taxitidaode
塔希提语的	taxitiyude
塔帕布	tapabu
塔式大楼	tashidalou
塔拉	tala
塔楼	talou
塔模斯月	tamosiyue
塔那那利佛	tananalifu
塘鳢科	tanglike
塘鹅	tange
塞	sai
塞住	saizhu
塞入	sairu
塞口之物	saikouzhiwu
塞块	saikuai
塞子	saizi
塞得太满	saidetaiman
塞德利茨粉	saidelicifen
塞擦	saica
塞擦音	secayin
塞来昔布	sailaixibu
塞满	saiman
塞瓶器	saipingqi
塞舌尔卢比	saisheerlubi
塞货币单位	saihuobidanwei
塞鲸	saijing
填充	tianchong
填充物	tianchongwu
填塞	tianse
填料	tianliao
填满	tianman
填补	tianbu
境	jing
境内票据	jingneipiaoju
境况	jingkuang
境遇	jingyu
墊囊蕨科	diannangjueke
墓地	mudi
墓石	mushi
墓碑	mubei
墙	qiang
墙壁	qiangbi
墙帏	qiangwei
墙板	qiangban
墙树	qiangshu
墙石蚕	qiangshican
墙角石	qiangjiaoshi
增值	zengzhi
增值税	zengzhishui
增剧	zengju
增加	zengjia
增加报酬	zengjiabaochou
增加物	zengjiawu
增加部分	zengjiabufen
增加量	zengjialiang
增压	zengya
增厚	zenghou
增塑	zengsu
增塑剂	zengsuji
增多	zengduo
增多病	zengduobing
增大	zengda
增威严	zengweiyan
增建物	zengjianwu
增强	zengqiang
增援	zengyuan
增收费	zengshoufei
增敏剂	zengminji
增殖	zengzhi
增毒作用	zengduzuoyong
增水股	zengshuigu
增添	zengtian
增生	zengsheng
增益	zengyi
增稠	zengchou
增至三倍	zengzhisanbei
增节变态	zengjiebiantai
增补	zengbu
增补的	zengbude
增财	zengcai
增进	zengjin
增量	zengliang
增长	zengzhang
增长率	zengzhanglu
增额	zenge
增高	zenggao
墨卡托投影	mokatuotouying
墨天牛	motianniu
墨天牛属	motianniushu
墨幼锡矿	moyouxikuang
墨斯卡灵	mosikaling
墨水台	moshuitai
墨水树	moshuishu
墨水池	moshuichi
墨水瓶	moshuiping
墨水盒	moshuihe
墨汁鬼伞	mozhiguisan
墨盒	mohe
墨西哥无毛狗	moxigewumaogou
墨西哥牵牛	moxigeqianniu
墨角兰	mojiaolan
墨鱼	moyu
墩布	dunbu
墩身	dunshen
壁垒	bilei
壁板	biban
壁梅	bimei
壁橱	bichu
壁炉	bilu
壁炉前地毯	biluqianditan
壁炉台	bilutai
壁炉墙	biluqiang
壁炉架	bilujia
壁炉的前饰	biludeqianshi
壁虱	bishi
壁虱病	bishibing
壁蜂	bifeng
壁龛	bikan
壅滞	yongzhi
壕沟	haogou
壕沟内壁	haogouneibi
壕沟足	haogouzu
士兵	shibing
士气	shiqi
士气消沉	shiqixiaochen
壮观的	zhuangguande
声存储器	shengcunchuqi
声学	shengxue
声学吉他	shengxuejita
声学家	shengxuejia
声带炎	shengdaiyan
声明	shengming
声望	shengwang
声波图	shengbotu
声称	shengcheng
声誉	shengyu
声讨	shengtao
声调	shengdiao
声调聋	shengdiaolong
声阻	shengzu
声音	shengyin
声音信号	shengyinxinhao
声音回路	shengyinhuilu
声音恐怖	shengyinkongbu
声音感觉	shengyinganjue
声音提高	shengyintigao
壳菌属	kejunshu
壳菜蛤属	kecaihashu
壳菜蛤科	kecaihake
壳豆	kedou
壶菌科	hujunke
壶菌纲	hujungang
处事	chushi
处事机敏	chushijimin
处于	chuyu
处于劣势	chuyulieshi
处以私刑	chuyisixing
处决	chujue
处刑	chuxing
处女	chunu
处女性	chunuxing
处方	chufang
处方药	chufangyao
处死	chusi
处理	chuli
处理时间	chulishijian
处理费	chulifei
处绞刑	chujiaoxing
处罚	chufa
处置	chuzhi
处置失当	chuzhishidang
处置权	chuzhiquan
备份	beifen
备忘录	beiwanglu
备用	beiyong
备用轮	beiyonglun
备选翻译	beixuanfanyi
复习	fuxi
复仇	fuchou
复仇女神	fuchounushen
复兴	fuxing
复兴的	fuxingde
复写纸	fuxiezhi
复分解	fufenjie
复利	fuli
复制	fuzhi
复制品	fuzhipin
复制本	fuzhiben
复印	fuyin
复印机	fuyinji
复原	fuyuan
复发	fufa
复叶	fuye
复叶槭	fuyeqi
复合分数	fuhefenshu
复合利息	fuhelixi
复合型骨折	fuhexingguzhe
复合数	fuheshu
复合材料	fuhecailiao
复合透镜	fuhetoujing
复合金属	fuhejinshu
复壮	fuzhuang
复审	fushen
复工	fugong
复式住宅	fushizhuzhai
复式公寓	fushigongyu
复式房子	fushifangzi
复式杠杆	fushiganggan
复归的	fuguide
复折式屋顶	fuzheshiwuding
复数	fushu
复旧	fujiu
复显微镜	fuxianweijing
复本	fuben
复本位制	fubenweizhi
复本位币制	fubenweibizhi
复杂	fuza
复杂化	fuzahua
复杂情况	fuzaqingkuang
复杂状态	fuzazhuangtai
复染剂	furanji
复染色	furanse
复查	fucha
复核	fuhe
复活	fuhuo
复活节	fuhuojie
复活节兔子	fuhuojietuzi
复活节周	fuhuojiezhou
复活节季	fuhuojieji
复燃室	furanshi
复生	fusheng
复盆子	fupenzi
复盐	fuyan
复职	fuzhi
复苏	fusu
复视	fushi
复述	fushu
夏	xia
夏令营	xialingying
夏天	xiatian
夏威夷吉他	xiaweiyijita
夏季	xiaji
夏季香薄荷	xiajixiangbohe
夏尔马	xiaerma
夏敦埃酒	xiadunaijiu
夏枯头	xiakutou
夏枯草	xiakucao
夏枯草属	xiakucaoshu
夏眠	xiamian
夏至草属	xiazhicaoshu
夏蛰	xiazhe
夏路来牛	xialulainiu
夏风信子	xiafengxinzi
夕句	xiju
夕照	xizhao
夕颜	xiyan
外交官	waijiaoguan
外交家	waijiaojia
外交邮袋	waijiaoyoudai
外人	wairen
外伤	waishang
外倾	waiqing
外公	waigong
外出	waichu
外出期	waichuqi
外力变质	wailibianzhi
外围	waiwei
外国人	waiguoren
外国地	waiguodi
外圆角	waiyuanjiao
外地人	waidiren
外地汇票	waidihuipiao
外壳	waike
外套	waitao
外婆	waipo
外层	waiceng
外展作用	waizhanzuoyong
外带	waidai
外带的	waidaide
外延附生	waiyanfusheng
外形	waixing
外援	waiyuan
外摆线	waibaixian
外斜视	waixieshi
外星人	waixingren
外显子	waixianzi
外木个	waimuge
外来的移民	wailaideyimin
外毒素	waidusu
外汇	waihui
外汇汇票	waihuihuipiao
外泌毒	waimidu
外渗	waishen
外激素	waijisu
外燃机	wairanji
外生骨疣	waishengguyou
外甥	waisheng
外皮	waipi
外祖母	waizumu
外祖父	waizufu
外科医生	waikeyisheng
外科学	waikexue
外科手术	waikeshoushu
外稃	waifu
外置驱动器	waizhiqudongqi
外翅亚纲	waichiyagang
外翻	waifan
外耳道炎	waierdaoyan
外肛门	waigangmen
外衣	waiyi
外衣布料	waiyibuliao
外衣衣料	waiyiyiliao
外表	waibiao
外观	waiguan
外角	waijiao
外貌	waimao
外轮	wailun
外遇	waiyu
外部	waibu
外部援助	waibuyuanzhu
外销	waixiao
外阴干皱	waiyinganzhou
外阴炎	waiyinyan
外面的门	waimiandemen
外鳃	waisai
多产	duochan
多付	duofu
多价	duojia
多体性	duotixing
多佛尔药粉	duofueryaofen
多倍性	duobeixing
多元的	duoyuande
多元纤维	duoyuanxianwei
多元酯	duoyuanzhi
多刺楤木	duocisongmu
多动脉炎	duodongmaiyan
多占	duozhan
多囊肾	duonangshen
多回分裂叶	duohuifenlieye
多基因的	duojiyinde
多处理	duochuli
多媒体	duomeiti
多孔粘土	duokongniantu
多孔菌	duokongjun
多孔菌属	duokongjunshu
多孔菌目	duokongjunmu
多孔菌科	duokongjunke
多少	duoshao
多尖角	duojianjiao
多尿	duoniao
多尿症	duoniaozheng
多岛海	duodaohai
多巴胺	duobaan
多布拉	duobula
多年生	duoniansheng
多形态的	duoxingtaide
多形红斑	duoxinghongban
多态的	duotaide
多情	duoqing
多情草	duoqingcao
多愁善感	duochoushangan
多才多艺的	duocaiduoyide
多指畸形	duozhijixing
多支管	duozhiguan
多数	duoshu
多数股权	duoshuguquan
多明我会的	duomingwohuide
多板属	duobanshu
多板目	duobanmu
多板纲	duobangang
多样化	duoyanghua
多样化的	duoyanghuade
多样性	duoyangxing
多样的	duoyangde
多棘单线鱼	duojidanxianyu
多次的	duocide
多毛纲	duomaogang
多汗	duohan
多汗症	duohanzheng
多洼马鞍菌	duowamaanjun
多碳酸血	duotansuanxue
多磷酸盐	duolinsuanyan
多神经炎	duoshenjingyan
多种类的	duozhongleide
多米尼加元	duominijiayuan
多米诺骨牌	duominuogupai
多糖	duotang
多糖症	duotangzheng
多级的	duojide
多线操作	duoxiancaozuo
多职蚁属	duozhiyishu
多聚糖	duojutang
多肌炎	duojiyan
多肽	duotai
多花紫藤	duohuaziteng
多花菜豆	duohuacaidou
多花蔷薇	duohuaqiangwei
多裂阴地蕨	duolieyindijue
多角	duojiao
多角形	duojiaoxing
多路操作	duolucaozuo
多边形	duobianxing
多道处理	duodaochuli
多配偶	duopeiou
多配偶制	duopeiouzhi
多重性	duozhongxing
多锯鲈	duojulu
多锯鲈属	duojulushu
多面体	duomianti
多面体角	duomiantijiao
多面手	duomianshou
多音大蚕蛾	duoyindacane
多香果	duoxiangguo
多香果树	duoxiangguoshu
多香果粉	duoxiangguofen
多鳞耳蕨	duolinerjue
夜丁香	yedingxiang
夜兰香	yelanxiang
夜关门	yeguanmen
夜尿	yeniao
夜尿症	yeniaozheng
夜店	yedian
夜总会	yezonghui
夜惊	yejing
夜晚	yewan
夜来香	yelaixiang
夜猴	yehou
夜猴属	yehoushu
夜班	yeban
夜盲	yemang
夜盲症	yemangzheng
夜礼服	yelifu
夜色	yese
夜蛾	yee
夜蛾属	yeeshu
夜蛾科	yeeke
夜里	yeli
夜间	yejian
夜间遗精	yejianyijing
夜香树	yexiangshu
夜香树属	yexiangshushu
夜香花	yexianghua
夜鸟属	yeniaoshu
夜鹭	yelu
夜鹭属	yelushu
够	gou
大一接桅	dayijiewei
大专文凭	dazhuanwenping
大丸药	dawanyao
大丹狗	dadangou
大主教	dazhujiao
大主教区	dazhujiaoqu
大主教职务	dazhujiaozhiwu
大亨	daheng
大人	daren
大企鹅	daqie
大会	dahui
大会堂	dahuitang
大体上	datishang
大体育馆	datiyuguan
大使	dashi
大使的职位	dashidezhiwei
大使随员	dashisuiyuan
大使馆	dashiguan
大便	dabian
大便困难	dabiankunnan
大便失禁	dabianshijin
大便嵌塞	dabianqiansai
大修	daxiu
大公	dagong
大公国	dagongguo
大公夫人	dagongfuren
大关门草	daguanmencao
大写	daxie
大写字母	daxiezimu
大农场	danongchang
大决战	dajuezhan
大减价	dajianjia
大凤螺	dafengluo
大剧场	dajuchang
大剪刀	dajiandao
大力钳	daliqian
大动乱	dadongluan
大动荡	dadongdang
大助祭	dazhuji
大包	dabao
大千生	daqiansheng
大卵石	daluanshi
大厅	dating
大厦	dasha
大发作	dafazuo
大口仿石鲈	dakoufangshilu
大口吞食	dakoutunshi
大口黑鲈	dakouheilu
大叫	dajiao
大叶性肺炎	dayexingfeiyan
大叶杨	dayeyang
大叶枫	dayefeng
大叶芹	dayeqin
大叶薄荷	dayebohe
大叶藻	dayezao
大叶藻属	dayezaoshu
大叶藻科	dayezaoke
大叶蝉科	dayechanke
大叶车前	dayecheqian
大叶野茉莉	dayeyemoli
大号	dahao
大号铅弹	dahaoqiandan
大吵大闹	dachaodanao
大哥大	dageda
大商船	dashangchuan
大啤酒馆	dapijiuguan
大喜日	daxiri
大嚷	darang
大回环	dahuihuan
大团囊菌	datuannangjun
大地	dadi
大地之母	dadizhimu
大地懒	dadilan
大地懒属	dadilanshu
大地懒科	dadilanke
大地线	dadixian
大型客车	daxingkeche
大型机	daxingji
大型衣橱	daxingyichu
大型计算机	daxingjisuanji
大型酒瓶	daxingjiuping
大型鸟舍	daxingniaoshe
大堆	dadui
大声	dasheng
大声叫喊	dashengjiaohan
大声吵闹	dashengchaonao
大声喊出	dashenghanchu
大声疾呼	dashengjihu
大多	daduo
大多数	daduoshu
大夜班	dayeban
大大地	dadadi
大大超过	dadachaoguo
大天使	datianshi
大夫	dafu
大头棒	datoubang
大头盔	datoukui
大头花	datouhua
大头钉	datouding
大头锤	datouchui
大头鱼	datouyu
大头鱼类	datouyulei
大头鳕	datouxue
大学	daxue
大学公寓	daxuegongyu
大学宿舍	daxuesushe
大学师生	daxueshisheng
大学礼服	daxuelifu
大宗买进	dazongmaijin
大宗地产	dazongdichan
大官	daguan
大客车	dakeche
大寝室	daqinshi
大小	daxiao
大小蠹属	daxiaodushu
大屠杀	datusha
大山	dashan
大山猫	dashanmao
大岩桐	dayantong
大岩桐属	dayantongshu
大巢菜	dachaocai
大帆船	dafanchuan
大席吉装	daxijizhuang
大帽钉	damaoding
大幅落下	dafulaxia
大平底船	dapingdichuan
大年	danian
大年初一	danianchuyi
大年夜	danianye
大庄园	dazhuangyuan
大建筑物	dajianzhuwu
大弓	dagong
大怒	danu
大意	dayi
大懒兽	dalanshou
大戟属	dajishu
大戟属植物	dajishuzhiwu
大戟科	dajike
大戟胶树脂	dajijiaoshuzhi
大扇贝	dashanbei
大手帕	dashoupa
大手提包	dashoutibao
大托叶云实	datuoyeyunshi
大批	dapi
大批出没	dapichumo
大批出没于	dapichumoyu
大批滋生	dapizisheng
大拇指	damuzhi
大捆	dakun
大提琴	datiqin
大教主	dajiaozhu
大教堂	dajiaotang
大数	dashu
大文蛤	dawenge
大斋期	dazhaiqi
大斋节	dazhaijie
大斋首日	dazhaishouri
大料	daliao
大斧	dafu
大旋果花	daxuanguohua
大星芹	daxingqin
大本营	dabenying
大本钟	dabenzhong
大札	dazha
大杜父鱼属	dadufuyushu
大杨莓	dayangmei
大杯	dabei
大板条箱	dabantiaoxiang
大果丽百合	daguolibaihe
大果田菁	daguotianjing
大果越桔	daguoyueju
大柄苹	dabingping
大树枝	dashuzhi
大桶	datong
大棕蝠	dazongfu
大楼	dalou
大概	dagai
大款	dakuan
大比目鱼	dabimuyu
大毛叶	damaoye
大毛蓼	damaoliao
大气	daqi
大气压	daqiya
大气圈	daqiquan
大气对流	daqiduiliu
大气层	daqiceng
大气情况	daqiqingkuang
大气现象	daqixianxiang
大气电	daqidian
大水田七	dashuitianqi
大水蟒	dashuimang
大汽锅	daqiguo
大河狸属	dahelishu
大法官法庭	dafaguanfating
大洋	dayang
大洋李	dayangli
大海牛	dahainiu
大海雀属	dahaiqueshu
大海鲈	dahailu
大海鲢	dahailian
大海鲢属	dahailianshu
大海鸟	dahainiao
大海鸦	dahaiya
大混乱	dahunluan
大灰蘑菇	dahuimogu
大灵猫	dalingmao
大灾难	dazainan
大炮	dapao
大熊猫	daxiongmao
大爆竹	dabaozhu
大片落下	dapianlaxia
大牌	dapai
大牧场	damuchang
大犰狳	daqiuyu
大犰狳属	daqiuyushu
大狐猴	dahuhou
大狐猴属	dahuhoushu
大狐猴科	dahuhouke
大猎物	daliewu
大猎犬	daliequan
大猩猩	daxingxing
大猩猩属	daxingxingshu
大猫	damao
大猫熊	damaoxiong
大猫熊属	damaoxiongshu
大猫熊科	damaoxiongke
大王	dawang
大王乌贼	dawangwuzei
大王椰子	dawangyezi
大王鱿	dawangyou
大王鱿属	dawangyoushu
大球盖菇	daqiugaigu
大理岩	daliyan
大理石	dalishi
大理石木	dalishimu
大琵琶桶	dapipatong
大瘟热	dawenre
大白鹭	dabailu
大百货店	dabaihuodian
大盆	dapen
大盗窃	dadaoqie
大盗窃罪	dadaoqiezui
大看台	dakantai
大眼斑雉属	dayanbanzhishu
大眼蓝鲈	dayanlanlu
大眼鰤鲈	dayanshilu
大眼鲷	dayandiao
大眼鲷属	dayandiaoshu
大眼鲷科	dayandiaoke
大石斑鱼	dashibanyu
大砍刀	dakandao
大砗磲	dachequ
大硬鲭鱼	dayingqingyu
大礼帽	dalimao
大种植园	dazhongzhiyuan
大笑	daxiao
大笔钱	dabiqian
大管	daguan
大篷车	dapengche
大米	dami
大粒咖啡	dalikafei
大索	dasuo
大紫草	dazicao
大红蓼	dahongliao
大约	dayue
大绵鳚属	damianweishu
大羚羊	dalingyang
大羚羊属	dalingyangshu
大耳蝠	daerfu
大耳蝠属	daerfushu
大肚壶	daduhu
大肥根	dafeigen
大胃口	daweikou
大胆的冒险	dadandemaoxian
大胆进行	dadanjinxing
大脑	danao
大脑半球	danaobanqiu
大脑性麻痹	danaoxingmabi
大腹子	dafuzi
大腿	datui
大腿蘑	datuimo
大臣	dachen
大臣官署	dachenguanshu
大臣官邸	dachenguandi
大致	dazhi
大艇	dating
大花牵牛	dahuaqianniu
大花田菁	dahuatianjing
大花茄	dahuajia
大花菌	dahuajun
大苍角殿	dacangjiaodian
大茄	dajia
大茴香	dahuixiang
大茴香籽	dahuixiangzi
大药丸	dayaowan
大菜粉蝶	dacaifendie
大菱鲆	dalingping
大菱鲆属	dalingpingshu
大萧条	daxiaotiao
大蒜	dasuan
大蒜压榨机	dasuanyazhaji
大蓝鹭	dalanlu
大虾	daxia
大蚊	dawen
大蚊科	dawenke
大蚕蛾	dacane
大蜗牛属	dawoniushu
大蜗牛科	dawoniuke
大蜡螟	dalaming
大蜡螟属	dalamingshu
大蝙蝠亚目	dabianfuyamu
大螯虾	daaoxia
大蠊属	dalianshu
大街	dajie
大衣	dayi
大西洋	daxiyang
大西洋城	daxiyangcheng
大西洋旗鱼	daxiyangqiyu
大西洋海岸	daxiyanghaian
大西洋蝠鲼	daxiyangfufen
大西洋马鲛	daxiyangmajiao
大西洋鲑	daxiyanggui
大西洋鲑鱼	daxiyangguiyu
大西洋鲱	daxiyangfei
大西洋鳕	daxiyangxue
大角斑羚	dajiaobanling
大角星	dajiaoxing
大角羊	dajiaoyang
大言不惭地	dayanbucandi
大警犬	dajingquan
大豆	dadou
大豆属	dadoushu
大象	daxiang
大财源	dacaiyuan
大贼鸥	dazeiou
大贼鸥属	dazeioushu
大赤鼯鼠	dachiwushu
大赦	dashe
大路	dalu
大踏步走	databuzou
大车前	dacheqian
大车前草	dacheqiancao
大转变	dazhuanbian
大载乳脂	dazairuzhi
大进化	dajinhua
大道	dadao
大部份	dabufen
大酒杯	dajiubei
大酒桶	dajiutong
大酒瓶	dajiuping
大量	daliang
大量储备	daliangchubei
大量出现	daliangchuxian
大量存在	daliangcunzai
大量投入	daliangtouru
大量涌出	daliangyongchu
大钢琴	dagangqin
大铁刀苏木	datiedaosumu
大铁夹子	datiejiazi
大银龙	dayinlong
大锅	daguo
大锤	dachui
大键琴	dajianqin
大锯齿白杨	dajuchibaiyang
大陵五	dalingwu
大雨倾盆	dayuqingpen
大雪橇	daxueqiao
大须鲸	daxujing
大颚鱼	daeyu
大额牛	daeniu
大飞鼠属	dafeishushu
大饭豆	dafandou
大马勃菌	damabojun
大马士革钢	damashigegang
大驯犬	daxunquan
大驯犬蝠	daxunquanfu
大驯犬蝠属	daxunquanfushu
大骚动	dasaodong
大骨头病	dagutoubing
大魣	daxu
大鱼叉	dayucha
大鲍	dabao
大鳞大马哈鱼	dalindamahayu
大鸟笼	daniaolong
大鸨	dabao
大鸨属	dabaoshu
大鸭草	dayacao
大鹿	dalu
大麻	dama
大麻哈鱼	damahayu
大麻子	damazi
大麻烟卷	damayanjuan
大麻甙	damadai
大麻脂	damazhi
大麻鸭属	damayashu
大黄	dahuang
大黄属	dahuangshu
大黄脚鹬	dahuangjiaoyu
大黄药	dahuangyao
大黄菊	dahuangju
大黄蜂	dahuangfeng
大黑头草	daheitoucao
大黑背鸥	daheibeiou
大黑蚁	daheiyi
大鼓	dagu
大鼠耳蝠属	dashuerfushu
大齿杨	dachiyang
天	tian
天主教地	tianzhujiaodi
天井	tianjing
天亮	tianliang
天仙子	tianxianzi
天仙子属	tianxianzishu
天仙子胺	tianxianzian
天佑	tianyou
天体崇拜	tiantichongbai
天体物理学	tiantiwulixue
天体轨道	tiantiguidao
天使	tianshi
天使学	tianshixue
天使报喜日	tianshibaoxiri
天使蛋糕	tianshidangao
天使长	tianshizhang
天冬氨酸	tiandongansuan
天南星属	tiannanxingshu
天南星目	tiannanxingmu
天南星科	tiannanxingke
天国	tianguo
天坛星座	tiantanxingzuo
天堂	tiantang
天堂似的	tiantangshide
天堂鸟	tiantangniao
天外的	tianwaide
天天的	tiantiande
天天茄	tiantianjia
天师栗	tianshili
天幕毛虫	tianmumaochong
天幕结	tianmujie
天平	tianping
天平动	tianpingdong
天性	tianxing
天意	tianyi
天房	tianfang
天才	tiancai
天才人物	tiancairenwu
天文单位	tianwendanwei
天文卫星	tianwenweixing
天文台	tianwentai
天文学	tianwenxue
天文学家	tianwenxuejia
天方夜潭	tianfangyetan
天木籽	tianmuzi
天极	tianji
天棚	tianpeng
天气	tianqi
天气条件	tianqitiaojian
天气阴冷	tianqiyinleng
天沟	tiangou
天泡果	tianpaoguo
天泡草	tianpaocao
天灾	tianzai
天然	tianran
天然免疫	tianranmianyi
天然树脂	tianranshuzhi
天然气井	tianranqijing
天然漆	tianranqi
天然玻璃	tianranboli
天然纤维	tianranxianwei
天燕星座	tianyanxingzuo
天牛科	tianniuke
天电	tiandian
天疱疹	tianpaozhen
天秤	tiancheng
天空	tiankong
天窗	tianchuang
天竺葵	tianzhukui
天竺薄荷	tianzhubohe
天竺鲷	tianzhudiao
天竺鲷属	tianzhudiaoshu
天竺鲷科	tianzhudiaoke
天竺鼠	tianzhushu
天线	tianxian
天罚	tianfa
天良	tianliang
天花	tianhua
天花板	tianhuaban
天茄儿	tianjiaer
天茄子	tianqiezi
天茄苗儿	tianjiamiaoer
天茄菜	tianjiacai
天蓝	tianlan
天蓝牵牛	tianlanqianniu
天蓝苜蓿	tianlanmuxu
天蚕蛾	tiancane
天蚕蛾属	tiancaneshu
天蚕蛾科	tiancaneke
天蛾属	tianeshu
天蛾科	tianeke
天蛾科之蛾	tianekezhie
天豆	tiandou
天赋	tianfu
天边	tianbian
天道	tiandao
天门冬属	tianmendongshu
天门冬科	tianmendongke
天际	tianji
天际线	tianjixian
天青地白	tianqingdibai
天青石	tianqingshi
天鹅绒	tianerong
太古代	taigudai
太太	taitai
太字节	taizijie
太师椅	taishiyi
太平洋鲱	taipingyangfei
太平门	taipingmen
太平间	taipingjian
太白星	taibaixing
太空	taikong
太空人	taikongren
太空时代	taikongshidai
太贝特月	taibeiteyue
太赫	taihe
太阳	taiyang
太阳光	taiyangguang
太阳历	taiyangli
太阳帽	taiyangmao
太阳年	taiyangnian
太阳日	taiyangri
太阳月	taiyangyue
太阳穴	taiyangxue
太阳鱼	taiyangyu
太阳鸟	taiyangniao
太阴年	taiyinnian
太阴日	taiyinri
太阴月	taiyinyue
夫妇	fufu
夫妻	fuqi
央求	yangqiu
失业	shiye
失业状态	shiyezhuangtai
失业率	shiyelu
失修	shixiu
失去	shiqu
失去人性	shiqurenxing
失去力量	shiquliliang
失去平衡	shiqupingheng
失去活力	shiquhuoli
失去的东西	shiqudedongxi
失去知觉	shiquzhijue
失去贞洁	shiquzhenjie
失声	shisheng
失宠	shichong
失常	shichang
失忆症	shiyizheng
失态	shitai
失性	shixing
失控	shikong
失效	shixiao
失明	shiming
失望	shiwang
失步	shibu
失步症	shibuzheng
失水休眠	shishuixiumian
失水准	shishuizhun
失活	shihuo
失火	shihuo
失物	shiwu
失真	shizhen
失真图像	shizhentuxiang
失真图象	shizhentuxiang
失眠	shimian
失眠症	shimianzheng
失礼	shili
失禁	shijin
失范	shifan
失衡	shiheng
失语症	shiyuzheng
失误	shiwu
失读症	shiduzheng
失调	shitiao
失败	shibai
失败的事业	shibaideshiye
失败者	shibaizhe
失足	shizu
失踪	shizong
头	tou
头伤风	toushangfeng
头倒立	toudaoli
头发	toufa
头发脱落	toufatuoluo
头叶科	touyeke
头垢	tougou
头垫	toudian
头奖	toujiang
头孢他啶	toubaotading
头孢呋新	toubaofuxin
头孢哌酮	toubaopaitong
头孢噻定	toubaosaiding
头孢噻肟	toubaosaiwo
头孢曲松	toubaoqusong
头孢菌素	toubaojunsu
头孢霉菌素	toubaomeijunsu
头巾	toujin
头巾绳	toujinsheng
头带	toudai
头座	touzuo
头手倒立	toushoudaoli
头指数	touzhishu
头昏	touhun
头晕	touyun
头枕	touzhen
头档	toudang
头梳	toushu
头梳蚤属	toushuzaoshu
头状物	touzhuangwu
头状突起	touzhuangtuqi
头状花序	touzhuanghuaxu
头疼	touteng
头痛	toutong
头癣	touxuan
头皮屑	toupixie
头盔	toukui
头盖骨	tougaigu
头等	toudeng
头脑	tounao
头虱病	toushibing
头血肿	touxuezhong
头衔	touxian
头足类动物	touzuleidongwu
头足纲	touzugang
头部尺寸	toubuchicun
头部疼痛	toubutengtong
头部鳞癣	toubulinxuan
头靠	toukao
头韵	touyun
头韵体的	touyuntide
头顶	touding
头顶一颗珠	toudingyikezhu
头饰	toushi
头骨	tougu
夷平	yiping
夷平作用	yipingzuoyong
夷茱萸属	yizhuyushu
夸口	kuakou
夸大	kuada
夸大之词	kuadazhici
夸大狂	kuadakuang
夸夸其谈地	kuakuaqitandi
夸希奥科病	kuaxiaokebing
夸张	kuazhang
夸张的	kuazhangde
夸示	kuashi
夸耀地	kuayaodi
夸脱	kuatuo
夹	jia
夹丝玻璃	jiasiboli
夹克	jiake
夹具	jiaju
夹发针	jiafazhen
夹子	jiazi
夹子的一种	jiazideyizhong
夹层	jiaceng
夹板	jiaban
夹板接合	jiabanjiehe
夹渣生铁	jiazhashengtie
夹竹桃属	jiazhutaoshu
夹竹桃科	jiazhutaoke
夹肢窝	jiazhiwo
夹脚	jiajiao
夹角接	jiajiaojie
夺去	duoqu
夺取	duoqu
夺回	duohui
夺得	duode
夺格	duoge
夺过	duoguo
奇丝地花菌	qisidihuajun
奇偶性	jiouxing
奇克索李	qikesuoli
奇异子	qiyizi
奇怪地	qiguaidi
奇想	qixiang
奇术	qishu
奇瓦瓦小狗	qiwawaxiaogou
奇袭	qixi
奇蹄动物	qitidongwu
奇蹄目	qitimu
奇迹	qiji
奈奎斯特率	naikuisitelu
奈拉	naila
奉告祷	fenggaodao
奉承	fengcheng
奉承地	fengchengdi
奉献	fengxian
奉行	fengxing
奉送	fengsong
奉金	fengjin
奋力前进	fenliqianjin
奋斗	fendou
奋起	fenqi
奎东茄	kuidongjia
奎宁	kuining
契机	qiji
契约金	qiyuejin
奔	ben
奔忙	benmang
奔泻	benxie
奔流	benliu
奔腾	benteng
奔赴点	benfudian
奔跑	benpao
奔逃	bentao
奔逐	benzhu
奔马律	benmalu
奔驰	benchi
奖	jiang
奖励	jiangli
奖励计划	jianglijihua
奖品	jiangpin
奖学金	jiangxuejin
奖杯	jiangbei
奖章	jiangzhang
奖给	jianggei
奖赏	jiangshang
奖金	jiangjin
套儿	taoer
套利	taoli
套利交易	taolijiaoyi
套利者	taolizhe
套头交易	taotoujiaoyi
套床垫	taochuangdian
套式铁轨	taoshitiegui
套房	taofang
套汇	taohui
套汇人	taohuiren
套汇商	taohuishang
套爪夹盘	taozhaojiapan
套筒扳手	taotongbanshou
套筒板手	taotongbanshou
套管	taoguan
套索	taosuo
套羚	taoling
套装	taozhuang
套购	taogou
套问	taowen
套间	taojian
套鞋	taoxie
奠基石	dianjishi
奢侈	shechi
奢华	shehua
奥克兰	aokelan
奥兰群岛	aolanqundao
奥匈帝国	aoxiongdiguo
奥卡	aoka
奥古斯丁	aogusiding
奥古斯塔	aogusita
奥古斯都	aogusidou
奥地利	aodili
奥地利人	aodiliren
奥地利先令	aodilixianling
奥姆真理教	aomuzhenlijiao
奥尔堡	aoerbao
奥尔巴尼	aoerbani
奥尔类脐菇	aoerleiqigu
奥尔胡斯	aoerhusi
奥斯卡	aosika
奥斯威辛	aosiweixin
奥斯德立兹	aosidelizi
奥斯忒	aosite
奥斯汀	aositing
奥斯特拉尔	aositelaer
奥氏体	aoshiti
奥氏体钢	aoshitigang
奥波勒斯	aoboleisi
奥玛乌那	aomawuna
奥米普拉唑	aomipulazuo
奥罗拉	aoluola
奥美拉唑	aomeilazuo
奥菲斯的	aofeiside
奥西那灵	aoxinaling
奥长石	aochangshi
奥黛	aodai
女人	nuren
女仆	nupu
女佣	nuyong
女修道会	nuxiudaohui
女修道院	nuxiudaoyuan
女像柱	nuxiangzhu
女儿	nuer
女儿茶	nuercha
女儿香	nuerxiang
女内衣	nuneiyi
女冒险家	numaoxianjia
女卫生间	nuweishengjian
女厕所	nucesuo
女士	nushi
女外套	nuwaitao
女夜礼服	nuyelifu
女大使	nudashi
女孩儿	nuhaier
女孩子	nuhaizi
女巫	nuwu
女帽	numao
女帽店	numaodian
女式内衣	nushineiyi
女式礼服	nushilifu
女性	nuxing
女性化	nuxinghua
女性素	nuxingsu
女性身份	nuxingshenfen
女朋友	nupengyou
女服	nufu
女权主义者	nuquanzhuyizhe
女权运动	nuquanyundong
女洗手间	nuxishoujian
女演员	nuyanyuan
女王	nuwang
女用裙裤	nuyongqunku
女皇	nuhuang
女盥洗室	nuguanxishi
女睡衣	nushuiyi
女祖先	nuzuxian
女背心	nubeixin
女衬衫	nuchenshan
女裙	nuqun
女裙服	nuqunfu
女裙衫	nuqunshan
女议员	nuyiyuan
女长服	nuzhangfu
女骑装	nuqizhuang
女高音	nugaoyin
奴役	nuyi
奴役状态	nuyizhuangtai
奴隶	nuli
奴隶制	nulizhi
奴隶制度	nulizhidu
奴隶的身分	nulideshenfen
奴隶蚁	nuliyi
奴隶身份	nulishenfen
奴颜婢膝的	nuyanbixide
奴颜媚骨的	nuyanmeigude
奶	nai
奶嘴	naizui
奶奶	nainai
奶桶	naitong
奶油	naiyou
奶牛	nainiu
奶瓶	naiping
奶罩	naizhao
奶酪	nailao
奸夫	jianfu
奸妇	jianfu
奸情	jianqing
奸淫	jianyin
奸细	jianxi
好	hao
好于	haoyu
好像	haoxiang
好吃地	haochidi
好名声	haomingsheng
好处	haochu
好天气	haotianqi
好客	haoke
好意	haoyi
好感	haogan
好手	haoshou
好色	haose
好莱坞	haolaiwu
好评	haoping
好运	haoyun
好运气	haoyunqi
如同	rutong
如意套	ruyitao
如意灯	ruyideng
如画地	ruhuadi
妄图获得	wangtuhuode
妄想	wangxiang
妄想狂	wangxiangkuang
妄想症	wangxiangzheng
妇产医院	fuchanyiyuan
妇女	funu
妇女宽衬衣	funukuanchenyi
妈妈	mama
妊娠	renshen
妊娠期	renshenqi
妊娠素	renshensu
妓院	jiyuan
妖怪	yaoguai
妗	jin
妗母	jinmu
妙方	miaofang
妙极的	miaojide
妙计	miaoji
妙语	miaoyu
妥为照料	tuoweizhaoliao
妥协	tuoxie
妥当	tuodang
妥瑞症	tuoruizheng
妥鲁香	tuoluxiang
妨害	fanghai
妨碍	fangai
妨碍球	fangaiqiu
妹	mei
妹妹	meimei
妻子	qizi
姆欧	muou
始生代	shishengdai
始石器	shishiqi
始祖马	shizuma
始祖马属	shizumashu
始祖鸟	shizuniao
始终	shizhong
姐妹	jiemei
姐妹关系	jiemeiguanxi
姐妹身份	jiemeishenfen
姐姐	jiejie
姑丈	guzhang
姑且承认	guqiechengren
姑妈	guma
姑姑	gugu
姑娘	guniang
姑子	guzi
姑息	guxi
姑母	gumu
姑父	gufu
姑茑	guniao
委付帐户	weifuzhanghu
委以代理人	weiyidailiren
委任	weiren
委任统治	weirentongzhi
委员会	weiyuanhui
委尔病	weierbing
委屈	weiqu
委托	weituo
委托人	weituoren
委托代替	weituodaiti
委托关系	weituoguanxi
委托制作	weituozhizuo
委托者	weituozhe
委托金	weituojin
委曲求全的	weiquqiuquande
委派	weipai
委派的	weipaide
委派者	weipaizhe
委陵菜	weilingcai
委陵菜属	weilingcaishu
姜豆	jiangdou
姜辣素	jianglasu
姨丈	yizhang
姨妈	yima
姨母	yimu
姨父	yifu
姬苇鹭	jiweilu
姬蜂	jifeng
姬蜂科	jifengke
姬鳞鲀	jilintun
姬鹬	jiyu
姬鼠属	jishushu
姻亲	yinqin
姻亲关系	yinqinguanxi
姿势	zishi
姿态	zitai
威吓	weihe
威士忌	weishiji
威士忌酒	weishijijiu
威尔士牛	weiershiniu
威尔逊云室	weierxunyunshi
威望	weiwang
威玛狗	weimagou
威胁	weixie
威逼	weibi
娃娃	wawa
娇养	jiaoyang
娇弱的	jiaoruode
娇气的	jiaoqide
娇纵	jiaozong
娘	niang
娥眉豆	emeidou
娩	mian
娱乐	yule
娱乐中心	yulezhongxin
娱乐厅	yuleting
娱乐场	yulechang
娱乐活动	yulehuodong
娴熟的	xianshude
娴雅的	xianyade
娶妻	quqi
娼妇	changfu
婆婆纳	popona
婆婆纳属	poponashu
婆婆纳属植物	poponashuzhiwu
婆罗门皂荚	poluomenzaojia
婉谢	wanxie
婊子	biaozi
婚外情	hunwaiqing
婚姻	hunyin
婚姻关系	hunyinguanxi
婚姻生活	hunyinshenghuo
婚床	hunchuang
婚礼	hunli
婚约	hunyue
婚纱	hunsha
婴儿	yinger
婴儿室	yingershi
婴儿床	yingerchuang
婴儿死亡率	yingersiwanglu
婴儿油	yingeryou
婴儿睡篮	yingershuilan
婴儿粉	yingerfen
婴儿车	yingerche
婴儿鞋	yingerxie
婴幼儿	yingyouer
婶婶	shenshen
婶子	shenzi
婶母	shenmu
媒介	meijie
媸	chi
嫁	jia
嫁妆	jiazhuang
嫁妆箱	jiazhuangxiang
嫁接	jiajie
嫌	xian
嫌恶	xianwu
嫌犯	xianfan
嫌疑	xianyi
嫌疑人	xianyiren
嫌疑犯	xianyifan
嫦娥奔月	changebenyue
嫩化剂	nenhuaji
嫩枝	nenzhi
嫩肉精	nenroujing
嫩芽	nenya
嬉戏	xixi
孀妇	shuangfu
子囊	zinang
子囊壳	zinangke
子囊孢子	zinangbaozi
子囊果	zinangguo
子囊盘	zinangpan
子囊真菌	zinangzhenjun
子囊菌	zinangjun
子囊菌纲	zinangjungang
子囊菌门	zinangjunmen
子图形	zituxing
子夜	ziye
子女抚养费	zinufuyangfei
子孙	zisun
子实体	zishiti
子宫下垂	zigongxiachui
子宫内膜癌	zigongneimoai
子宫出血	zigongchuxie
子宫套	zigongtao
子宫帽	zigongmao
子宫收缩	zigongshousuo
子宫炎	zigongyan
子宫环	zigonghuan
子宫痛	zigongtong
子宫脱出	zigongtuochu
子宫脱垂	zigongtuochui
子宫颈炎	zigongjingyan
子座	zizuo
子弹	zidan
子弹带	zidandai
子弹火车	zidanhuoche
子弹筒	zidantong
子房室	zifangshi
子痫前期	zixianqianqi
子痫惊厥	zixianjingjue
子虚乌有	zixuwuyou
子部件	zibujian
孑孓	jiejue
孑孓蝇	jiejueying
孔	kong
孔口	kongkou
孔径	kongjing
孔环	konghuan
孔眼	kongyan
孔穴	kongxue
孔脱管	kongtuoguan
孔雀石	kongqueshi
孔雀蛱蝶	kongquejiadie
孔雀豆	kongquedou
孕体	yunti
孕吐	yuntu
孕妇	yunfu
孕激素	yunjisu
孕酮	yuntong
字典	zidian
字处理	zichuli
字形	zixing
字母	zimu
字母数字	zimushuzi
字母表	zimubiao
字符串	zifuchuan
字节	zijie
字词	zici
字谜游戏	zimiyouxi
字轴	zizhou
存余者	cunyuzhe
存信债券	cunxinzhaiquan
存信股票	cunxingupiao
存储	cunchu
存储体	cunchuti
存储器	cunchuqi
存储器存取	cunchuqicunqu
存储设备	cunchushebei
存在	cunzai
存在于	cunzaiyu
存帐室	cunzhangshi
存折	cunzhe
存放	cunfang
存档	cundang
存款	cunkuan
存款单	cunkuandan
存款证	cunkuanzheng
存货	cunhuo
存货不足	cunhuobuzu
存货价值	cunhuojiazhi
存钱	cunqian
孛艾大戟	beiaidaji
孜孜不倦	zizibujuan
孜然	ziran
孜然芹属	ziranqinshu
孟加拉国虎	mengjialaguohu
孟加拉虎	mengjialahu
孟德	mengde
孟德尔法则的	mengdeerfazede
孢原	baoyuan
孢原组织	baoyuanzuzhi
孢囊柄	baonangbing
孢囊柱	baonangzhu
孢囊梗	baonanggeng
孢子丝菌病	baozisijunbing
孢子同型	baozitongxing
孢子囊	baozinang
孢子堆	baozidui
孢子异型	baoziyixing
孢子的主茎	baozidezhujing
孢蒴	baoshuo
季度	jidu
季节	jijie
季铵化合物	jianhuahewu
孤丁	guding
孤僻	gupi
孤儿的身份	guerdeshenfen
孤儿身份	guershenfen
孤儿院	gueryuan
孤注一掷	guzhuyizhi
孤独	gudu
孤立	guli
孤立体	guliti
孤雌生殖	gucishengzhi
学	xue
学习	xuexi
学习者	xuexizhe
学人样的	xuerenyangde
学会	xuehui
学会会员	xuehuihuiyuan
学位	xuewei
学位袍	xueweipao
学分	xuefen
学员车牌	xueyuanchepai
学士帽	xueshimao
学年	xuenian
学徒	xuetu
学徒的身分	xuetudeshenfen
学期	xueqi
学术界	xueshujie
学术自由	xueshuziyou
学术计划	xueshujihua
学术论文	xueshulunwen
学校	xuexiao
学校时代	xuexiaoshidai
学样	xueyang
学生	xuesheng
学生宿舍	xueshengsushe
学生时代	xueshengshidai
学科	xueke
学科年刊	xuekeniankan
学究式地	xuejiushidi
学者	xuezhe
学袍	xuepao
学识	xueshi
学费	xuefei
学问	xuewen
学院	xueyuan
学院年级	xueyuannianji
学院等级	xueyuandengji
孩儿	haier
孩儿茶	haiercha
孩儿草	haiercao
孩子	haizi
孪果藤	luanguoteng
孪果藤属	luanguotengshu
孬种	naozhong
孵化	fuhua
孵卵	fuluan
孵卵器	fuluanqi
孵育器	fuyuqi
宁愿	ningyuan
宁静	ningjing
宅地	zhaidi
宅第	zhaidi
宇宙	yuzhou
宇宙人	yuzhouren
宇宙常数	yuzhouchangshu
宇宙志	yuzhouzhi
宇航员	yuhangyuan
守	shou
守卫	shouwei
守夜	shouye
守寡	shougua
守恒	shouheng
守护	shouhu
守灵	shouling
守门员	shoumenyuan
安乐椅	anleyi
安乐药	anleyao
安份	anfen
安体舒通	antishutong
安克拉治	ankelazhi
安克雷奇	ankeleiqi
安全	anquan
安全体系	anquantixi
安全套	anquantao
安全帽	anquanmao
安全护卫	anquanhuwei
安全护送	anquanhusong
安全期	anquanqi
安全气囊	anquanqinang
安全玻璃	anquanboli
安全等级	anquandengji
安全系数	anquanxishu
安全系统	anquanxitong
安全舱口	anquancangkou
安全门	anquanmen
安加拉河	anjialahe
安匹西林	anpixilin
安卡拉	ankala
安古斯图腊桥	angusitulaqiao
安哥拉	angela
安哥拉人	angelaren
安哥拉兔	angelatu
安哥拉土人	angelaturen
安哥拉猫	angelamao
安哥拉羊	angelayang
安圭拉	anguila
安圭拉人	anguilaren
安圭拉岛	anguiladao
安地斯山脉	andisishanmai
安培	anpei
安培分钟	anpeifenzhong
安培匝	anpeiza
安培小时	anpeixiaoshi
安培数	anpeishu
安培计	anpeiji
安塔利亚	antaliya
安塔那那利佛	antananalifu
安多芬	anduofen
安奇奥	anqiao
安好	anhao
安妥明	antuoming
安娜	anna
安娜堡	annabao
安宁	anning
安宁地	anningdi
安宁的天气	anningdetianqi
安定翼	andingyi
安家	anjia
安家落户	anjialuohu
安山岩	anshanyan
安山石	anshanshi
安布罗斯	anbuluosi
安徒生	antusheng
安得拉邦	andelabang
安得烈	andelie
安德	ande
安德烈	andelie
安德瓦利	andewali
安德生	andesheng
安德肋	andele
安心	anxin
安息	anxi
安息日	anxiri
安息茴香	anxihuixiang
安息香属	anxixiangshu
安息香科	anxixiangke
安慰	anwei
安慰地	anweidi
安托法加斯塔	antuofajiasita
安拉	anla
安排	anpai
安排日程	anpairicheng
安排活动	anpaihuodong
安提俄克	antieke
安提戈涅	antigenie
安提柯	antike
安提歌尼	antigeni
安提瓜岛	antiguadao
安提瓜岛人	antiguadaoren
安提阿	antia
安放	anfang
安曼	anman
安格尔西岛	angeerxidao
安格斯欧格	angesiouge
安歇	anxie
安氟醚	anfumi
安泰乐	antaile
安然度过	anranduguo
安然无恙	anranwuyang
安特卫普	anteweipu
安琪儿	anqier
安眠酮	anmiantong
安神菜	anshencai
安第斯山脉	andisishanmai
安纳巴	annaba
安纳布尔那山	annabuernashan
安纳康达	annakangda
安纳托利亚	annatuoliya
安纳托利亚语	annatuoliyayu
安纳波利斯	annabolisi
安纳海姆	annahaimu
安置	anzhi
安茹	anru
安茹人	anruren
安茹梨	anruli
安菲斯毕那	anfeisibina
安萨尔联盟	ansaerlianmeng
安装	anzhuang
安赫尔瀑布	anheerpubu
安达卢西亚	andaluxiya
安达曼海	andamanhai
安逸	anyi
安道尔	andaoer
安道尔人	andaoerren
安那托利亚	annatuoliya
安那翰	annahan
安静	anjing
安静下来	anjingxialai
安静地	anjingdi
安静的天气	anjingdetianqi
安非他明	anfeitaming
安顿	andun
完	wan
完全	wanquan
完全一致	wanquanyizhi
完全发育	wanquanfayu
完全变态	wanquanbiantai
完全地	wanquandi
完全坚固	wanquanjiangu
完全失败	wanquanshibai
完全的	wanquande
完全自由	wanquanziyou
完善	wanshan
完成	wancheng
完成体	wanchengti
完成式	wanchengshi
完整	wanzheng
完整无缺	wanzhengwuque
完结	wanjie
完美	wanmei
宏大	hongda
宗主地位	zongzhudiwei
宗主权	zongzhuquan
宗教仪式	zongjiaoyishi
宗教服务	zongjiaofuwu
宗教节日	zongjiaojieri
宗系	zongxi
官	guan
官司	guansi
官员	guanyuan
官员任期	guanyuanrenqi
官方	guanfang
官方批准	guanfangpizhun
官方登记	guanfangdengji
官方的	guanfangde
官方货币	guanfanghuobi
官职	guanzhi
定为机密	dingweijimi
定为货币	dingweihuobi
定义	dingyi
定位	dingwei
定位的	dingweide
定做	dingzuo
定单	dingdan
定名的	dingmingde
定向	dingxiang
定址	dingzhi
定型水	dingxingshui
定天镜	dingtianjing
定居	dingju
定影剂	dingyingji
定时操作	dingshicaozuo
定时炸弹	dingshizhadan
定星镜	dingxingjing
定期付款	dingqifukuan
定期存款	dingqicunkuan
定期汇票	dingqihuipiao
定期津贴	dingqijintie
定期货仓	dingqihuocang
定期贷款	dingqidaikuan
定期轮船	dingqilunchuan
定泊费	dingpofei
定点数	dingdianshu
定罪	dingzui
定色剂	dingseji
定调子	dingdiaozi
定量	dingliang
定金	dingjin
定钱	dingqian
定音鼓	dingyingu
定额	dinge
宝宝	baobao
宝库	baoku
宝座	baozuo
宝盖草	baogaicao
宝石	baoshi
宝石座	baoshizuo
宝藏	baozang
宝螺属	baoluoshu
宝螺科	baoluoke
宝贝	baobei
宝贝属	baobeishu
宝贝科	baobeike
宝贵	baogui
宝铎花属	baoduohuashu
实业家	shiyejia
实习	shixi
实体	shiti
实体化	shitihua
实体模型	shitimoxing
实例	shili
实叶	shiye
实在	shizai
实地测试	shidiceshi
实夜蛾	shiyee
实夜蛾属	shiyeeshu
实存物	shicunwu
实干家	shiganjia
实弹	shidan
实情	shiqing
实数	shishu
实施	shishi
实时	shishi
实时处理	shishichuli
实枣	shizao
实枣儿	shizaoer
实物交易	shiwujiaoyi
实物模型	shiwumoxing
实现	shixian
实用主义	shiyongzhuyi
实蕨属	shijueshu
实蝇属	shiyingshu
实蝇科	shiyingke
实行	shixing
实词的	shicide
实质	shizhi
实质上	shizhishang
实质上的	shizhishangde
实质性	shizhixing
实践	shijian
实际上的	shijishangde
实际应用	shijiyingyong
实际的	shijide
实际的欺骗	shijideqipian
实际财产	shijicaichan
实验	shiyan
实验台	shiyantai
实验品	shiyanpin
实验外衣	shiyanwaiyi
实验室	shiyanshi
宠物	chongwu
审判	shenpan
审判权	shenpanquan
审察	shencha
审查	shencha
审查制度	shenchazhidu
审查机构	shenchajigou
审理	shenli
审稿人	shengaoren
审视	shenshi
审计程序	shenjichengxu
审计者	shenjizhe
审议会	shenyihui
审讯	shenxun
审问	shenwen
客人	keren
客体	keti
客厅	keting
客户	kehu
客房	kefang
客机	keji
客栈	kezhan
客舱	kecang
宣传	xuanchuan
宣传的	xuanchuande
宣判	xuanpan
宣判无罪	xuanpanwuzui
宣告	xuangao
宣告无效	xuangaowuxiao
宣告有罪	xuangaoyouzui
宣告非法	xuangaofeifa
宣布	xuanbu
宣布放弃	xuanbufangqi
宣布无效	xuanbuwuxiao
宣扬	xuanyang
宣木瓜	xuanmugua
宣礼塔	xuanlita
宣称	xuancheng
宣言	xuanyan
宣誓	xuanshi
宣誓书	xuanshishu
宣誓人	xuanshiren
室	shi
室内体育馆	shineitiyuguan
室内植物	shineizhiwu
室壁瘤	shibiliu
室外地滚球	shiwaidigunqiu
室外运动	shiwaiyundong
室苗圃	shimiaopu
宪法	xianfa
宫	gong
宫人草	gongrencao
宫内节育器	gongneijieyuqi
宫内避孕器	gongneibiyunqi
宫廷	gongting
宫殿	gongdian
宫颈套	gongjingtao
宰牲节	zaishengjie
害口	haikou
害喜	haixi
害怕	haipa
害鼠	haishu
害鼠属	haishushu
宴会	yanhui
宴席	yanxi
宴请	yanqing
宵禁	xiaojin
家	jia
家书虱	jiashushi
家人休息室	jiarenxiuxishi
家人游艺室	jiarenyouyishi
家具	jiaju
家具腿	jiajutui
家园	jiayuan
家宅	jiazhai
家属	jiashu
家庭	jiating
家庭主妇	jiatingzhufu
家庭关系	jiatingguanxi
家庭娱乐室	jiatingyuleshi
家庭教育	jiatingjiaoyu
家庭税	jiatingshui
家庭菜园	jiatingcaiyuan
家族	jiazu
家族分支	jiazufenzhi
家犬	jiaquan
家猫	jiamao
家用电器	jiayongdianqi
家用电脑	jiayongdiannao
家畜	jiachu
家畜疥	jiachujie
家禽病	jiaqinbing
家蚕	jiacan
家蝇	jiaying
家蝇总科	jiayingzongke
家蟋蟀	jiaxishuai
家衣鱼	jiayiyu
家谱	jiapu
家长的	jiazhangde
家鼠	jiashu
容器	rongqi
容忍	rongren
容易	rongyi
容易化	rongyihua
容易的事	rongyideshi
容积	rongji
容积单位	rongjidanwei
容纳	rongna
容许	rongxu
容貌	rongmao
容貌拼具	rongmaopinju
容貌拼图	rongmaopintu
容量	rongliang
宽刃刀	kuanrendao
宽厚	kuanhou
宽叶慈姑	kuanyecigu
宽叶菜豆	kuanyecaidou
宽吻海豚	kuanwenhaitun
宽大	kuanda
宽大上衣	kuandashangyi
宽大地	kuandadi
宽大长袍	kuandachangpao
宽头箭	kuantoujian
宽容	kuanrong
宽广	kuanguang
宽度	kuandu
宽恕	kuanshu
宽慰	kuanwei
宽扎	kuanzha
宽松女服	kuansongnufu
宽檐帽	kuanyanmao
宽的	kuande
宽纵	kuanzong
宽腰带	kuanyaodai
宽裕	kuanyu
宽裕的	kuanyude
宽轨	kuangui
宽轨距	kuanguiju
宽高比	kuangaobi
宾格	binge
宾门	binmen
宾馆	binguan
宿命	suming
宿根瘤	sugenliu
宿根虫瘿	sugenchongying
宿舍	sushe
宿营	suying
宿营地	suyingdi
宿醉	suzui
寂寞	jimo
寂静	jijing
寂静时间	jijingshijian
寄住	jizhu
寄存	jicun
寄存处	jicunchu
寄宿	jisu
寄宿公寓	jisugongyu
寄宿处	jisuchu
寄宿舍	jisushe
寄居蟹	jijuxie
寄居蟹属	jijuxieshu
寄居蟹科	jijuxieke
寄物间	jiwujian
寄生	jisheng
寄生于	jishengyu
寄生子	jishengzi
寄生植物	jishengzhiwu
寄生菌	jishengjun
寄生虫	jishengchong
寄生蟹	jishengxie
寄至	jizhi
寄蝇	jiying
寄蝇科	jiyingke
密切注意	miqiezhuyi
密切注视	miqiezhushi
密切监视	miqiejianshi
密友	miyou
密叶杉属	miyeshanshu
密室	mishi
密封	mifeng
密封剂	mifengji
密封垫	mifengdian
密封材料	mifengcailiao
密度	midu
密度计	miduji
密环菌	mihuanjun
密码	mima
密码子	mimazi
密码机	mimaji
密码锁	mimasuo
密纹唱机	miwenchangji
密腺羽节蕨	mixianyujiejue
密萝松	miluosong
密西西比鳄	mixixibie
密谈	mitan
密谋	mimou
密锥蕨	mizhuijue
密锥蕨属	mizhuijueshu
密集成球的	mijichengqiude
密面表	mimianbiao
寇林希属草	koulinxishucao
富于	fuyu
富于激发性的	fuyujifaxingde
富人	furen
富勒烯	fuleixi
富啡酸	fufeisuan
富士樱	fushiying
富有	fuyou
富色彩的	fusecaide
富裕	fuyu
富里酸	fulisuan
富饶	furao
富马酸	fumasuan
寒	han
寒冷	hanleng
寒战	hanzhan
寒暑表的	hanshubiaode
寒荷	hanhe
寒豆	handou
寒颤	hanzhan
寓言	yuyan
寓言式解释	yuyanshijieshi
寝具	qinju
察看	chakan
察觉	chajue
察觉不到地	chajuebudaodi
寡妇	guafu
寡毛类	guamaolei
寡毛纲	guamaogang
寮	liao
对	dui
对二氯苯	duierluben
对付	duifu
对付过去	duifuguoqu
对偶	duiou
对准	duizhun
对分	duifen
对切	duiqie
对句	duiju
对叶豆	duiyedou
对向	duixiang
对地速率	duidisulu
对型	duixing
对增压	duizengya
对妻子不忠	duiqizibuzhong
对峙	duizhi
对应	duiying
对开蕨	duikaijue
对开蕨属	duikaijueshu
对待	duidai
对手	duishou
对抗	duikang
对抗作用	duikangzuoyong
对抗刺激剂	duikangcijiji
对抗刺激物	duikangcijiwu
对抗剂	duikangji
对抗性	duikangxing
对抗疗法	duikangliaofa
对抗的	duikangde
对抗者	duikangzhe
对抗药	duikangyao
对折	duizhe
对折纸	duizhezhi
对折缝	duizhefeng
对换	duihuan
对接	duijie
对接焊	duijiehan
对接端	duijieduan
对数	duishu
对数刻度	duishukedu
对映体	duiyingti
对映形态	duiyingxingtai
对有用	duiyouyong
对比	duibi
对比染色	duibiranse
对流	duiliu
对焦	duijiao
对照	duizhao
对照关系	duizhaoguanxi
对照染色剂	duizhaoranseji
对症疗法	duizhengliaofa
对白	duibai
对盘基金	duipanjijin
对称	duichen
对称排列	duichenpailie
对立	duili
对立物	duiliwu
对立面	duilimian
对等关系	duidengguanxi
对簿法庭	duibufating
对虾	duixia
对襟毛衣	duijinmaoyi
对角线	duijiaoxian
对讲机	duijiangji
对讲系统	duijiangxitong
对话	duihua
对话框	duihuakuang
对语	duiyu
对象	duixiang
对重	duizhong
寺庙	simiao
寺院	siyuan
寻呼	xunhu
寻外遇	xunwaiyu
寻找	xunzhao
寻欢	xunhuan
寻求	xunqiu
寻觅	xunmi
寻觅古董	xunmigudong
寻道时间	xundaoshijian
导体	daoti
导出	daochu
导向	daoxiang
导向系统	daoxiangxitong
导向绳	daoxiangsheng
导弹	daodan
导水渠	daoshuiqu
导水管	daoshuiguan
导流	daoliu
导流板	daoliuban
导演	daoyan
导火线	daohuoxian
导热体	daoreti
导热析气计	daorexiqiji
导盲犬	daomangquan
导管	daoguan
导索	daosuo
导索器	daosuoqi
导绳	daosheng
导聋犬	daolongquan
导致	daozhi
导航	daohang
导论	daolun
导轮	daolun
寿命	shouming
寿衣	shouyi
封	feng
封口钱	fengkouqian
封嘴钱	fengzuiqian
封地	fengdi
封套	fengtao
封存	fengcun
封底层	fengdiceng
封杀	fengsha
封条	fengtiao
封泥	fengni
封爵	fengjue
封牢	fenglao
封禄	fenglu
封缄纸	fengjianzhi
封装	fengzhuang
封锁	fengsuo
封闭	fengbi
封闭曲线	fengbiquxian
封闭盖	fengbigai
封面	fengmian
射	she
射出	shechu
射击	sheji
射击用雷达	shejiyongleida
射击距离	shejijuli
射手	sheshou
射杀	shesha
射极	sheji
射氯	shelu
射水鱼	sheshuiyu
射水鱼属	sheshuiyushu
射水鱼科	sheshuiyuke
射箭	shejian
射精	shejing
射线	shexian
射解	shejie
射钍	shetu
射门	shemen
将临期	jianglinqi
将军	jiangjun
将来	jianglai
将近	jiangjin
尊严	zunyan
尊严的	zunyande
尊崇	zunchong
尊敬	zunjing
尊贵	zungui
尊重	zunzhong
小	xiao
小丑	xiaochou
小丑鱼属	xiaochouyushu
小东西	xiaodongxi
小书桌	xiaoshuzhuo
小亚细亚	xiaoyaxiya
小优势	xiaoyoushi
小伙子	xiaohuozi
小便	xiaobian
小偷小摸	xiaotouxiaomo
小儿麻痹	xiaoermabi
小兔	xiaotu
小兔子	xiaotuzi
小兔鼠属	xiaotushushu
小公寓	xiaogongyu
小公牛	xiaogongniu
小册子	xiaocezi
小农	xiaonong
小农场	xiaonongchang
小冠花	xiaoguanhua
小冠花属	xiaoguanhuashu
小冰块	xiaobingkuai
小凹陷	xiaoaoxian
小刀豆	xiaodaodou
小分枝	xiaofenzhi
小刨	xiaopao
小勒衔	xiaoleixian
小包	xiaobao
小单间	xiaodanjian
小卖艇	xiaomaiting
小卖部	xiaomaibu
小卡车	xiaokache
小卧室	xiaowoshi
小卷蛾属	xiaojuaneshu
小厨房	xiaochufang
小口黑鲈	xiaokouheilu
小古玩	xiaoguwan
小古董	xiaogudong
小叶	xiaoye
小号	xiaohao
小吃	xiaochi
小吸血蝠属	xiaoxixuefushu
小咖啡馆	xiaokafeiguan
小商店	xiaoshangdian
小嘴鸻	xiaozuiheng
小囊鼠	xiaonangshu
小圆桌	xiaoyuanzhuo
小圆蛤	xiaoyuanha
小圈	xiaoquan
小块	xiaokuai
小块土地	xiaokuaitudi
小坚果	xiaojianguo
小坡	xiaopo
小型化	xiaoxinghua
小型地	xiaoxingdi
小型机车	xiaoxingjiche
小型汽车	xiaoxingqiche
小型狗	xiaoxinggou
小型货车	xiaoxinghuoche
小型马	xiaoxingma
小塑像	xiaosuxiang
小声嘀咕	xiaoshengdigu
小壶	xiaohu
小头油鲽	xiaotouyoudie
小头畸形	xiaotoujixing
小女孩	xiaonuhai
小娃娃	xiaowawa
小婆婆纳	xiaopopona
小孔	xiaokong
小孢霉属	xiaobaomeishu
小孩	xiaohai
小孩儿	xiaohaier
小孩子	xiaohaizi
小客栈	xiaokezhan
小室	xiaoshi
小家蚁	xiaojiayi
小家蚁属	xiaojiayishu
小家鼠	xiaojiashu
小小	xiaoxiao
小尾孢属	xiaoweibaoshu
小屋	xiaowu
小山	xiaoshan
小山羊	xiaoshanyang
小山羊皮	xiaoshanyangpi
小岩羚	xiaoyanling
小巷	xiaoxiang
小布袋	xiaobudai
小帆桅	xiaofanwei
小帆船	xiaofanchuan
小帐	xiaozhang
小帘蛤	xiaolianha
小年	xiaonian
小径	xiaojing
小心	xiaoxin
小心避免	xiaoxinbimian
小恐鸟	xiaokongniao
小憩	xiaoqi
小戏院	xiaoxiyuan
小房子	xiaofangzi
小房屋	xiaofangwu
小房间	xiaofangjian
小扁豆	xiaobiandou
小掌骨	xiaozhanggu
小摆设	xiaobaishe
小教堂	xiaojiaotang
小数	xiaoshu
小数目	xiaoshumu
小斑	xiaoban
小斑点	xiaobandian
小斗篷	xiaodoupeng
小旋花	xiaoxuanhua
小旗	xiaoqi
小时	xiaoshi
小暑草	xiaoshucao
小木屋	xiaomuwu
小木桶	xiaomutong
小机件	xiaojijian
小杂货店	xiaozahuodian
小杂货铺	xiaozahuopu
小林姬鼠	xiaolinjishu
小柱	xiaozhu
小树	xiaoshu
小树苗	xiaoshumiao
小核果	xiaoheguo
小桃红	xiaotaohong
小桐子	xiaotongzi
小桶	xiaotong
小棕榈	xiaozonglu
小步跑	xiaobupao
小母牛	xiaomuniu
小母马	xiaomuma
小气地	xiaoqidi
小水果	xiaoshuiguo
小汽枪	xiaoqiqiang
小河	xiaohe
小海雀	xiaohaique
小海鸟	xiaohainiao
小滴	xiaodi
小灌木	xiaoguanmu
小灰蝶	xiaohuidie
小灰鲸	xiaohuijing
小灵狗	xiaolinggou
小灵猫	xiaolingmao
小灵猫属	xiaolingmaoshu
小炮弹	xiaopaodan
小炮舰	xiaopaojian
小炸弹	xiaozhadan
小点心	xiaodianxin
小烛树蜡	xiaozhushula
小烛石	xiaozhushi
小烦恼	xiaofannao
小熊猫	xiaoxiongmao
小牙	xiaoya
小牛	xiaoniu
小牛犊	xiaoniudu
小牛皮	xiaoniupi
小牛皮革	xiaoniupige
小犬	xiaoquan
小狗	xiaogou
小狮子	xiaoshizi
小狮子狗	xiaoshizigou
小猎狗	xiaoliegou
小猪	xiaozhu
小猫	xiaomao
小猿	xiaoyuan
小王冠	xiaowangguan
小玩意	xiaowanyi
小玩意儿	xiaowanyier
小环	xiaohuan
小环蝴蝶	xiaohuanhudie
小球	xiaoqiu
小球体	xiaoqiuti
小球茎	xiaoqiujing
小瓶子草	xiaopingzicao
小瓶酒	xiaopingjiu
小甜点	xiaotiandian
小病	xiaobing
小瘤	xiaoliu
小白鹭	xiaobailu
小皮伞属	xiaopisanshu
小盒	xiaohe
小盒子	xiaohezi
小石	xiaoshi
小礼服	xiaolifu
小程序	xiaochengxu
小竖琴	xiaoshuqin
小管	xiaoguan
小粒珍珠	xiaolizhenzhu
小红蛱蝶	xiaohongjiadie
小纤维	xiaoxianwei
小绢猴	xiaojuanhou
小绳	xiaosheng
小罐	xiaoguan
小羊	xiaoyang
小羊皮	xiaoyangpi
小羚属	xiaolingshu
小羽片	xiaoyupian
小翼羽	xiaoyiyu
小聚伞	xiaojusan
小肠炎	xiaochangyan
小肿块	xiaozhongkuai
小脓疮	xiaonongchuang
小脓疱	xiaonongpao
小脚轮	xiaojiaolun
小腓鱼	xiaofeiyu
小舟	xiaozhou
小船	xiaochuan
小船汽笛	xiaochuanqidi
小船队	xiaochuandui
小节	xiaojie
小芦铃	xiaoluling
小花梗	xiaohuageng
小花烟	xiaohuayan
小花牵牛	xiaohuaqianniu
小花紫草	xiaohuazicao
小花雪果	xiaohuaxueguo
小苍鹭	xiaocanglu
小苏打	xiaosuda
小苞片	xiaobaopian
小茴香	xiaohuixiang
小荆芥	xiaojingjie
小蒲公英	xiaopugongying
小薄荷属	xiaoboheshu
小虫	xiaochong
小虾	xiaoxia
小蛤蜊	xiaogeli
小蜂	xiaofeng
小蜂属	xiaofengshu
小蜂科	xiaofengke
小蜘蛛网	xiaozhizhuwang
小蝙蝠	xiaobianfu
小蝙蝠亚目	xiaobianfuyamu
小蠊属	xiaolianshu
小蠹属	xiaodushu
小蠹科	xiaoduke
小行星	xiaoxingxing
小街	xiaojie
小西红柿	xiaoxihongshi
小规模地	xiaoguimodi
小说	xiaoshuo
小贝母	xiaobeimu
小贩	xiaofan
小费	xiaofei
小赠品	xiaozengpin
小跃鼠属	xiaoyueshushu
小跑步的马	xiaopaobudema
小轮	xiaolun
小轿车	xiaojiaoche
小进化	xiaojinhua
小道	xiaodao
小配件	xiaopeijian
小酒店	xiaojiudian
小酒柜	xiaojiugui
小酒瓶	xiaojiuping
小酒馆	xiaojiuguan
小酸模	xiaosuanmo
小野兔	xiaoyetu
小量	xiaoliang
小金梅草	xiaojinmeicao
小钩	xiaogou
小铸像	xiaozhuxiang
小链鱼	xiaolianyu
小链鱼科	xiaolianyuke
小锚	xiaomao
小锥	xiaozhui
小阅读室	xiaoyuedushi
小阳春	xiaoyangchun
小附器	xiaofuqi
小附属物	xiaofushuwu
小隔间	xiaogejian
小雄驹	xiaoxiongju
小集团	xiaojituan
小雕像	xiaodiaoxiang
小雨	xiaoyu
小雪茄	xiaoxuejia
小雪茄烟	xiaoxuejiayan
小青	xiaoqing
小青番瓜	xiaoqingfangua
小青草	xiaoqingcao
小面	xiaomian
小面包	xiaomianbao
小音槌	xiaoyinchui
小须鲸	xiaoxujing
小颈幼贝	xiaojingyoubei
小颗珍珠	xiaokezhenzhu
小额资本	xiaoeziben
小颠茄子	xiaodianqiezi
小风琴	xiaofengqin
小餐馆	xiaocanguan
小饭馆	xiaofanguan
小饰物	xiaoshiwu
小马	xiaoma
小骨	xiaogu
小鱼	xiaoyu
小鲱鱼	xiaofeiyu
小鳍鳕	xiaoqixue
小鳞片	xiaolinpian
小鸟	xiaoniao
小鸟球	xiaoniaoqiu
小鸟舍	xiaoniaoshe
小鸡	xiaoji
小鹬	xiaoyu
小鹿	xiaolu
小麦	xiaomai
小麦瘿蚊	xiaomaiyingwen
小麦的	xiaomaide
小黄杨	xiaohuangyang
小黾蝽	xiaominchun
小鼓	xiaogu
小鼠	xiaoshu
小鼠属	xiaoshushu
小齿	xiaochi
小龙虾	xiaolongxia
少尿	shaoniao
少年	shaonian
少找钱	shaozhaoqian
少指	shaozhi
少数	shaoshu
少数人	shaoshuren
少数团体	shaoshutuanti
少数派	shaoshupai
少牙	shaoya
少盐	shaoyan
少给	shaogei
少花掉	shaohuadiao
少许	shaoxu
少量	shaoliang
尔乐红葡萄	erlehongputao
尔格	erge
尖儿	jianer
尖利物	jianliwu
尖刻	jianke
尖刻地	jiankedi
尖口鲷属	jiankoudiaoshu
尖叫	jianjiao
尖叶番泻	jianyefanxie
尖吻海豚	jianwenhaitun
尖塔	jianta
尖头	jiantou
尖头花鲭	jiantouhuaqing
尖峰	jianfeng
尖形饰	jianxingshi
尖晶石	jianjingshi
尖果樱桃	jianguoyingtao
尖牙鲈属	jianyalushu
尖状叶	jianzhuangye
尖状物	jianzhuangwu
尖眼蕈蚊	jianyanxunwen
尖端	jianduan
尖端的	jianduande
尖荚豆属	jianjiadoushu
尖角	jianjiao
尖钻	jianzuan
尖铁钉	jiantieding
尖锐地	jianruidi
尖锥	jianzhui
尖门齿鲷	jianmenchidiao
尖音小号	jianyinxiaohao
尖音符	jianyinfu
尖顶	jianding
尖顶拱	jiandinggong
尖顶窗	jiandingchuang
尖顶饰	jiandingshi
尖颅	jianlu
尖颚鱼	jianeyu
尖鳞伞	jianlinsan
尘	chen
尘土	chentu
尘埃	chenai
尘状	chenzhuang
尘肺	chenfei
尘肺病	chenfeibing
尚可	shangke
尚无文字的	shangwuwenzide
尝	chang
尝到	changdao
尝味	changwei
尝试	changshi
尤指一杯酒	youzhiyibeijiu
尤指结膜炎	youzhijiemoyan
尤指豚草	youzhituncao
尤指赤牡鹿	youzhichimulu
尤马语	youmayu
就	jiu
就任	jiuren
就医	jiuyi
就坐	jiuzuo
就寝	jiuqin
就寝时间	jiuqinshijian
就座	jiuzuo
就职	jiuzhi
就自己而言	jiuzijieryan
尴尬	ganga
尴尬的局面	gangadejumian
尸体	shiti
尸体架	shitijia
尸体解剖	shitijiepou
尸僵	shijiang
尸毒	shidu
尸碱	shijian
尺	chi
尺八豇	chibajiang
尺吨	chidun
尺子	chizi
尺寸	chicun
尺度	chidu
尺烛光	chizhuguang
尺磅	chibang
尺蛾科	chieke
尺蠖	chihuo
尺蠖娥	chihuoe
尺蠖娥属	chihuoeshu
尺蠖蛾	chihuoe
尼克失语	nikeshiyu
尼克脑病	nikenaobing
尼古丁	niguding
尼姑	nigu
尼安德塔人	niandetaren
尼安德特人	niandeteren
尼拉豆	niladou
尼曼匹克病	nimanpikebing
尼泊尔卢比	nipoerlubi
尼派椰子	nipaiyezi
尼特	nite
尼罗罗非鱼	niluoluofeiyu
尼罗鳄	niluoe
尽力	jinli
尽力赶上	jinliganshang
尽头	jintou
尽心竭力地	jinxinjielidi
尽职	jinzhi
尽释前嫌	jinshiqianxian
尾	wei
尾参	weican
尾孢属	weibaoshu
尾巴	weiba
尾形蕨属	weixingjueshu
尾椎麻醉	weichuimazui
尾端	weiduan
尾端部位	weiduanbuwei
尾羽	weiyu
尾脂腺	weizhixian
尾臀	weitun
尾部	weibu
尾部附肢	weibufuzhi
尾随	weisui
尾鳍	weiqi
尿	niao
尿后胆色素	niaohoudansesu
尿囊素	niaonangsu
尿失禁	niaoshijin
尿少症	niaoshaozheng
尿崩症	niaobengzheng
尿布	niaobu
尿布皮炎	niaobupiyan
尿床	niaochuang
尿模	niaomo
尿毒症	niaoduzheng
尿混浊	niaohunzhuo
尿胆素	niaodansu
尿胆素原	niaodansuyuan
尿膜	niaomo
尿路病	niaolubing
尿过少	niaoguoshao
尿道下裂	niaodaoxialie
尿道憩室	niaodaoqishi
尿道炎	niaodaoyan
尿道狭窄	niaodaoxiazhai
尿酸尿	niaosuanniao
尿钾排泄	niaojiapaixie
尿闭	niaobi
尿黑酸	niaoheisuan
局促不安	jucubuan
局域网	juyuwang
局域麻醉	juyumazui
局部	jubu
局部缺血	jubuquexue
局部麻痹	jubumabi
局部麻醉	jubumazui
局部麻醉剂	jubumazuiji
局限	juxian
局限性	juxianxing
局面	jumian
屁眼	piyan
屁股	pigu
层	ceng
层化	cenghua
层析	cengxi
层次	cengci
层菌纲	cengjungang
居中的	juzhongde
居住	juzhu
居住下来	juzhuxialai
居住于	juzhuyu
居住区	juzhuqu
居住场所	juzhuchangsuo
居住率	juzhulu
居住者	juzhuzhe
居先	juxian
居所	jusuo
居民	jumin
居留者	juliuzhe
居礼	juli
屈从	qucong
屈伸	qushen
屈体跳水	qutitiaoshui
屈光不正	quguangbuzheng
屈光参差	quguangcenci
屈光度	quguangdu
屈大麻酚	qudamafen
屈尊	quzun
屈就	qujiu
屈曲	ququ
屈曲状态	ququzhuangtai
屈服	qufu
屈服于诱惑	qufuyuyouhuo
屈背	qubei
屈膝	quxi
屈身	qushen
屈辱	quru
届期	jieqi
届满	jieman
屋大维	wudawei
屋子	wuzi
屋檐	wuyan
屋脊瓦	wujiwa
屋面材料	wumiancailiao
屋顶	wuding
屋顶窗	wudingchuang
屎	shi
屎壳郎	shikelang
屎蚵螂	shihelang
屏住呼吸	bingzhuhuxi
展出	zhanchu
展宽	zhankuan
展开	zhankai
展望	zhanwang
展现	zhanxian
展示	zhanshi
展示厅	zhanshiting
展示台	zhanshitai
展示地	zhanshidi
展览	zhanlan
展览会	zhanlanhui
属于	shuyu
属性	shuxing
属类上	shuleishang
屠刀	tudao
屠宰场	tuzaichang
履约保证	luyuebaozheng
履行	luxing
山	shan
山丁子	shandingzi
山丘	shanqiu
山冈	shangang
山区野羊	shanquyeyang
山外的	shanwaide
山大黄	shandahuang
山头姑娘	shantouguniang
山定子	shandingzi
山寨	shanzhai
山岳病	shanyuebing
山当归	shandanggui
山慈姑属	shancigushu
山扁豆	shanbiandou
山扁豆属	shanbiandoushu
山抛子	shanpaozi
山木患	shanmuhuan
山李子	shanlizi
山栀	shanzhi
山梅花	shanmeihua
山梅花亚科	shanmeihuayake
山梅花科	shanmeihuake
山梧桐	shanwutong
山梨酸	shanlisuan
山椒	shanjiao
山椿	shanchun
山楂	shanzha
山楂属	shanzhashu
山榄科	shanlanke
山槭	shanqi
山樱	shanying
山樱花	shanyinghua
山毛榉蕨	shanmaojujue
山水画	shanshuihua
山河狸属	shanhelishu
山河狸科	shanhelike
山海椒	shanhaijiao
山烟	shanyan
山牵牛属	shanqianniushu
山猫	shanmao
山石榴	shanshiliu
山矾属	shanfanshu
山矾科	shanfanke
山紫草	shanzicao
山绒鼠	shanrongshu
山绒鼠属	shanrongshushu
山羊	shanyang
山羊属	shanyangshu
山羊皮	shanyangpi
山羊草	shanyangcao
山羊豆	shanyangdou
山羊豆属	shanyangdoushu
山羊蹄	shanyangti
山胡椒	shanhujiao
山脂麻	shanzhima
山脉	shanmai
山脊	shanji
山芋	shanyu
山芋肉	shanyurou
山芹	shanqin
山芹菜	shanqincai
山苏子	shansuzi
山苏花	shansuhua
山茱萸	shanzhuyu
山茱萸属	shanzhuyushu
山茱萸科	shanzhuyuke
山茴香	shanhuixiang
山茶	shancha
山茶属	shanchashu
山茶科	shanchake
山荆子	shanjingzi
山荞麦	shanqiaomai
山荻	shandi
山莓	shanmei
山萝卜	shanluobo
山萸肉	shanyurou
山薄荷	shanbohe
山薮羚	shansouling
山藿香	shanhuoxiang
山蚂蝗属	shanmahuangshu
山谷	shangu
山赤莲	shanchilian
山辣椒	shanlajiao
山酸模	shansuanmo
山里果	shanliguo
山里红	shanlihong
山里红果	shanlihongguo
山金车	shanjinche
山金车花	shanjinchehua
山金车酊	shanjincheding
山雀花属	shanquehuashu
山靛属	shandianshu
山魈	shanxiao
山魈属	shanxiaoshu
山鸡头子	shanjitouzi
山鸡条子	shanjitiaozi
山鸡椒	shanjijiao
山鹬	shanyu
山麦胡	shanmaihu
山黄杨	shanhuangyang
山黄连	shanhuanglian
山黧豆	shanlidou
山黧豆属	shanlidoushu
岁	sui
岁入	suiru
岁差	suicha
岁收	suishou
岁末	suimo
岔开	chakai
岔道	chadao
岗亭	gangting
岗位	gangwei
岛	dao
岛屿	daoyu
岛衣属	daoyishu
岩层土	yancengtu
岩屑	yanxie
岩属	yanshu
岩成土	yanchengtu
岩松鼠	yansongshu
岩柏草	yanbaicao
岩桐属	yantongshu
岩棉	yanmian
岩楞子	yanlengzi
岩流圈	yanliuquan
岩海鲈	yanhailu
岩生植物	yanshengzhiwu
岩白菜属	yanbaicaishu
岩盐	yanyan
岩石	yanshi
岩石变性	yanshibianxing
岩石斑鱼	yanshibanyu
岩羚羊	yanlingyang
岩羚羊属	yanlingyangshu
岩菖蒲属	yanchangpushu
岩蕨	yanjue
岩蕨属	yanjueshu
岩蟹	yanxie
岩表植物	yanbiaozhiwu
岩阳鱼	yanyangyu
岩高兰	yangaolan
岩高兰属	yangaolanshu
岩高兰科	yangaolanke
岩鱼	yanyu
岩鳚	yanwei
岩黄芪属	yanhuangqishu
岷当归	mindanggui
岸禽类	anqinlei
岸禽类鸟	anqinleiniao
峨参	ecan
峨参属	ecanshu
峨螺	eluo
峰会	fenghui
峻岭	junling
崇拜	chongbai
崖豆藤属	yadoutengshu
崖香	yaxiang
崩溃	bengkui
崩落	bengluo
崩裂	benglie
崽	zai
嵌入	qianru
嵌塞	qiansai
嵌插骨折	qianchaguzhe
嵌板	qianban
嵌线	qianxian
嵌线螺科	qianxianluoke
嵌花	qianhua
嵌锁	qiansuo
嵌齿象	qianchixiang
嵌齿象科	qianchixiangke
巅峰	dianfeng
川	chuan
川姜活	chuanjianghuo
川木瓜	chuanmugua
川流不息	chuanliubuxi
川白芷	chuanbaizhi
川续断	chuanxuduan
川续断属	chuanxuduanshu
川续断科	chuanxuduanke
川豆	chuandou
川鲽	chuandie
州	zhou
州长	zhouzhang
巡回	xunhui
巡回审判	xunhuishenpan
巡弋	xunyi
巡洋舰	xunyangjian
巡游	xunyou
巡游班轮	xunyoubanlun
巡航	xunhang
巡航定速	xunhangdingsu
巡航导弹	xunhangdaodan
巡行	xunxing
巡视	xunshi
巡逻	xunluo
巡逻队	xunluodui
巢	chao
巢居	chaoju
巢菜	chaocai
巢蕨	chaojue
巢豆	chaodou
巢鼠	chaoshu
巢鼠属	chaoshushu
巢鼬	chaoyou
巢鼬属	chaoyoushu
工业	gongye
工业水道	gongyeshuidao
工事	gongshi
工人	gongren
工人阶级	gongrenjieji
工会	gonghui
工作	gongzuo
工作人员	gongzuorenyuan
工作台	gongzuotai
工作台面	gongzuotaimian
工作室	gongzuoshi
工作日	gongzuori
工作时间	gongzuoshijian
工作服	gongzuofu
工作班次	gongzuobanci
工作者	gongzuozhe
工作茄克	gongzuojiake
工作裙	gongzuoqun
工作记事簿	gongzuojishibu
工作过度	gongzuoguodu
工具	gongju
工具箱	gongjuxiang
工匠	gongjiang
工厂	gongchang
工商业家	gongshangyejia
工场	gongchang
工头	gongtou
工字梁	gongziliang
工序	gongxu
工时	gongshi
工程	gongcheng
工程学	gongchengxue
工程师	gongchengshi
工艺	gongyi
工艺人员	gongyirenyuan
工艺学家	gongyixuejia
工艺美术	gongyimeishu
工薪阶层	gongxinjieceng
工蚁	gongyi
工蜂	gongfeng
工装裤	gongzhuangku
工贼	gongzei
工资	gongzi
工资单	gongzidan
工资名单	gongzimingdan
工资消减	gongzixiaojian
工资率	gongzilu
工资等级	gongzidengji
工资表	gongzibiao
工资袋	gongzidai
左右	zuoyou
左外野	zuowaiye
左旋多巴	zuoxuanduoba
左旋糖	zuoxuantang
左派地	zuopaidi
左舷	zuoxian
左舷侧	zuoxiance
左转舵	zuozhuanduo
左转藤	zuozhuanteng
左边	zuobian
左边地	zuobiandi
左面	zuomian
巧克力	qiaokeli
巧合	qiaohe
巧妙地	qiaomiaodi
巧遇	qiaoyu
巨人	juren
巨响	juxiang
巨型炸弹	juxingzhadan
巨型独石	juxingdushi
巨大	juda
巨大戟	judaji
巨大症	judazheng
巨大的	judade
巨大的海螺	judadehailuo
巨大财富	judacaifu
巨大鹿花菌	judaluhuajun
巨头	jutou
巨头畸形	jutoujixing
巨头鲸	jutoujing
巨头鲸属	jutoujingshu
巨指	juzhi
巨树李	jushuli
巨涌	juyong
巨盘木	jupanmu
巨盘木属	jupanmushu
巨石工程	jushigongcheng
巨石建筑物	jushijianzhuwu
巨耳蝠科	juerfuke
巨脑	junao
巨舌	jushe
巨舌症	jushezheng
巨著	juzhu
巨蛤	juha
巨螯蟹	juaoxie
巨螯蟹属	juaoxieshu
巨蟒	jumang
巨趾	juzhi
巨食蚁兽	jushiyishou
巨鸊鷉属	jupitishu
巨鸭龙	juyalong
巨鹱	juhu
巨鹱属	juhushu
巩膜炎	gongmoyan
巫婆	wupo
巫师	wushi
差	cha
差不多	chabuduo
差别待遇	chabiedaiyu
差动齿轮	chadongchilun
差旅津贴	chalujintie
差旅费	chailufei
差翅亚目	chachiyamu
差角	chajiao
巯嘌呤	qiupiaoling
巯基嘌呤	qiujipiaoling
己二烯酸	jierxisuan
己二酸	jiersuan
己烯雌酚	jixicifen
己烷雌酚	jiwancifen
己糖	jitang
己酸	jisuan
己醛糖	jiquantang
已婚夫妇	yihunfufu
已婚状态	yihunzhuangtai
已注册的	yizhucede
已登记的	yidengjide
巴卡果	bakaguo
巴哈马元	bahamayuan
巴基斯坦卢比	bajisitanlubi
巴塔特	batate
巴士	bashi
巴士底日	bashidiri
巴尔干化	baerganhua
巴尔干豆属	baergandoushu
巴尼	bani
巴拉圭茶树	balaguichashu
巴拉塔树胶	balatashujiao
巴拉松	balasong
巴拉橡胶	balaxiangjiao
巴拉莱卡琴	balalaikaqin
巴拿马的银币	banamadeyinbi
巴拿马草帽	banamacaomao
巴斯	basi
巴旦杏树	badanxingshu
巴杰洛线迹	bajieluoxianji
巴松管	basongguan
巴比土酸	babitusuan
巴比妥	babituo
巴比妥酸盐	babituosuanyan
巴比特合金	babitehejin
巴氏合金	bashihejin
巴波亚	baboya
巴申纪狗	bashenjigou
巴祖卡	bazuka
巴结的	bajiede
巴蒂克印花布	badikeyinhuabu
巴西利	baxili
巴西木	baximu
巴西棕	baxizong
巴西棕榈	baxizonglu
巴西棕榈蜡	baxizonglula
巴西榈	baxilu
巴西白木	baxibaimu
巴西红木	baxihongmu
巴西胡椒树	baxihujiaoshu
巴西苏木	baxisumu
巴西铁木	baxitiemu
巴豆属	badoushu
巴豆油醇	badouyouchun
巴辛吉狗	baxinjigou
巴黎绿	balilu
币值	bizhi
市价	shijia
市场	shichang
市场交易	shichangjiaoyi
市场价	shichangjia
市场价值	shichangjiazhi
市场化	shichanghua
市府参事	shifucanshi
市政厅	shizhengting
市政票据	shizhengpiaoju
市政税	shizhengshui
市民	shimin
市盈率	shiyinglu
市议员	shiyiyuan
市郊	shijiao
市长	shizhang
市集	shiji
布丁	buding
布丁岩	budingyan
布伦海姆狗	bulunhaimugou
布告	bugao
布告栏	bugaolan
布嘎	buga
布团	butuan
布大卡因	budakayin
布尔卡	buerka
布尔得利亚	buerdeliya
布尔运算	bueryunsuan
布局	buju
布拉尼石	bulanishi
布景	bujing
布景设计师	bujingshejishi
布朗大学	bulangdaxue
布朗耳蕨	bulangerjue
布氏数	bushishu
布洛华丽茄	buluohualijia
布洛芬	buluofen
布满	buman
布片	bupian
布纳橡胶	bunaxiangjiao
布罗比亚	buluobiya
布置	buzhi
布置陈设的	buzhichenshede
布袋	budai
布袋木偶	budaimuou
布谷鸟钟	buguniaozhong
布质蒙皮	buzhimengpi
布道	budao
布里牧羊狗	bulimuyanggou
布隆迪法郎	bulongdifalang
布雷舰	buleijian
布雷艇	buleiting
布鲁塞尔地毯	bulusaierditan
布鲁氏菌病	bulushijunbing
帆	fan
帆布	fanbu
帆布帐篷	fanbuzhangpeng
帆布背包	fanbubeibao
帆杆	fangan
帆桁	fanheng
帆脚索	fanjiaosuo
帆蜥鱼	fanxiyu
帆蜥鱼属	fanxiyushu
师	shi
师生关系	shishengguanxi
希巴特月	xibateyue
希望	xiwang
希沙姆	xishamu
希波克拉底的	xibokeladide
希特勒式的	xiteleishide
希腊人	xilaren
希腊火药	xilahuoyao
帐单	zhangdan
帐目	zhangmu
帐篷	zhangpeng
帐簿	zhangbu
帐面利润	zhangmianlirun
帕拉橡胶	palaxiangjiao
帕拉铁角蕨	palatiejiaojue
帕斯卡	pasika
帕金森病	pajinsenbing
帘子	lianzi
帘蛤	lianha
帘蛤属	lianhashu
帘蛤科	lianhake
帚	zhou
帚虫	zhouchong
帚虫门	zhouchongmen
帝制	dizhi
帝国	diguo
帝国主义	diguozhuyi
帝王	diwang
帝王花	diwanghua
帝蛾	die
帝蛾属	dieshu
带	dai
带动	daidong
带去	daiqu
带回	daihui
带头	daitou
带子	daizi
带宽	daikuan
带料	dailiao
带来	dailai
带来不便	dailaibubian
带状物	daizhuangwu
带球跑	daiqiupao
带纹狗鱼	daiwengouyu
带缆桩	dailanzhuang
带豆	daidou
带走	daizou
带进	daijin
带钩扳手	daigoubanshou
带钩的鱼饵	daigoudeyuer
带铰门柱	daijiaomenzhu
带锯	daiju
带鞘小刀	daiqiaoxiaodao
带领	dailing
带领者	dailingzhe
带鱼	daiyu
带鱼科	daiyuke
帧缓冲	zhenhuanchong
帧装	zhenzhuang
席卷	xijuan
席纹呢	xiwenne
帮	bang
帮助	bangzhu
帮助者	bangzhuzhe
帮工	banggong
帮忙	bangmang
帮手	bangshou
帶子	daizi
帷幔	weiman
帷幕	weimu
常态	changtai
常数	changshu
常用的	changyongde
常礼服	changlifu
常绿植物	changluzhiwu
常绿钩吻	changlugouwen
常衡制	changhengzhi
常规手法	changguishoufa
常识	changshi
常量	changliang
帽	mao
帽圈	maoquan
帽子	maozi
帽带	maodai
帽式绷带	maoshibengdai
帽徽	maohui
帽架	maojia
帽盒	maohe
帽盔	maokui
帽章	maozhang
帽耳	maoer
帽舌	maoshe
帽螺科	maoluoke
帽贝	maobei
帽贝属	maobeishu
帽贝科	maobeike
帽针	maozhen
幂级数	mijishu
幔布	manbu
幕后操纵	muhoucaozong
幕间休息	mujianxiuxi
干	gan
干傻事	ganshashi
干冰	ganbing
干净	ganjing
干净核弹	ganjinghedan
干净的	ganjingde
干劲	ganjin
干参	gancan
干性油	ganxingyou
干扰	ganrao
干扰发射机	ganraofasheji
干扰机	ganraoji
干扰素	ganraosu
干抹布	ganmabu
干掉	gandiao
干旱	ganhan
干材	gancai
干果斑螟	ganguobanming
干枯	ganku
干槽症	gancaozheng
干洗店	ganxidian
干洗的	ganxide
干涉	ganshe
干涉仪	gansheyi
干涉计	gansheji
干涸	ganhe
干燥	ganzao
干燥剂	ganzaoji
干燥单位	ganzaodanwei
干燥机	ganzaoji
干燥的	ganzaode
干燥窑	ganzaoyao
干球温度计	ganqiuwenduji
干电池	gandianchi
干癣	ganxuan
干皮病	ganpibing
干皱	ganzhou
干盐湖粘土	ganyanhuniantu
干砌石土	ganqishitu
干脆地	gancuidi
干腐	ganfu
干腐病	ganfubing
干腐病菌	ganfubingjun
干舷甲板	ganxianjiaban
干船坞	ganchuanwu
干草	gancao
干草叉	gancaocha
干草捆	gancaokun
干草机	gancaoji
干草架	gancaojia
干草棚	gancaopeng
干蠢事	ganchunshi
干衡制	ganhengzhi
干衣机	ganyiji
干贝	ganbei
干道	gandao
干酪	ganlao
干酪包布	ganlaobaobu
干酪素	ganlaosu
干酪菌属	ganlaojunshu
干预	ganyu
干馏	ganliu
平交路口	pingjiaolukou
平交道	pingjiaodao
平交道口	pingjiaodaokou
平凡	pingfan
平分	pingfen
平反	pingfan
平台	pingtai
平台型	pingtaixing
平台车	pingtaiche
平和地	pinghedi
平圆拱	pingyuangong
平地犁	pingdili
平均	pingjun
平均为	pingjunwei
平均值	pingjunzhi
平均数	pingjunshu
平均是	pingjunshi
平头端	pingtouduan
平头钉	pingtouding
平安	pingan
平安夜	pinganye
平安无事	pinganwushi
平局	pingju
平峒	pingdong
平巷	pinghang
平常	pingchang
平常日	pingchangri
平常的	pingchangde
平年	pingnian
平底凉鞋	pingdiliangxie
平底船	pingdichuan
平底货船	pingdihuochuan
平底锅	pingdiguo
平息	pingxi
平息下来	pingxixialai
平截头体	pingjietouti
平手	pingshou
平拱	pinggong
平方	pingfang
平方根	pingfanggen
平方码	pingfangma
平方竿	pingfanggan
平方米	pingfangmi
平方英码	pingfangyingma
平方英里	pingfangyingli
平日	pingri
平枝枸子	pingzhigouzi
平民	pingmin
平流	pingliu
平淡	pingdan
平淡无味	pingdanwuwei
平滑肌瘤	pinghuajiliu
平稳	pingwen
平稳的	pingwende
平等	pingdeng
平背锯	pingbeiju
平行运作	pingxingyunzuo
平衡	pingheng
平衡交易	pinghengjiaoyi
平衡力	pinghengli
平衡木	pinghengmu
平衡棒	pinghengbang
平衡环	pinghenghuan
平衡轮	pinghenglun
平衡预算	pinghengyusuan
平角	pingjiao
平角裤	pingjiaoku
平跟鞋	pinggenxie
平车	pingche
平针织法	pingzhenzhifa
平铺富贵草	pingpufuguicao
平长凳	pingzhangdeng
平静	pingjing
平面	pingmian
平面图	pingmiantu
平面图形	pingmiantuxing
平面底图	pingmianditu
平面角	pingmianjiao
平顶帽	pingdingmao
平鮋	pingyou
年	nian
年代	niandai
年代误植	niandaiwuzhi
年刊	niankan
年历	nianli
年头	niantou
年岁	niansui
年度	niandu
年性痴呆	nianxingchidai
年末	nianmo
年级	nianji
年纪	nianji
年终	nianzhong
年老	nianlao
年轮	nianlun
年轻	nianqing
年轻人	nianqingren
年轻的人	nianqingderen
年迈的人	nianmaideren
年金	nianjin
年鉴	nianjian
年龄	nianling
年龄层	nianlingceng
年龄歧视	nianlingqishi
年龄级	nianlingji
年龄组	nianlingzu
并列	binglie
并列关系	binglieguanxi
并列排置	bingliepaizhi
并列驻车	bingliezhuche
并发	bingfa
并发执行	bingfazhixing
并发症	bingfazheng
并吞	bingtun
并指	bingzhi
并立	bingli
并置	bingzhi
并行处理	bingxingchuli
并行操作	bingxingcaozuo
并趾	bingzhi
并驾齐驱	bingjiaqiqu
幸事	xingshi
幸免于	xingmianyu
幸存	xingcun
幸福	xingfu
幸运	xingyun
幸运时	xingyunshi
幺点纸牌	yaodianzhipai
幻听	huanting
幻影	huanying
幻影似的	huanyingshide
幻想	huanxiang
幻想的	huanxiangde
幻灯	huandeng
幻灯机	huandengji
幻灯片	huandengpian
幻觉	huanjue
幻觉症	huanjuezheng
幻象	huanxiang
幼儿	youer
幼年	younian
幼年时代	younianshidai
幼树	youshu
幼牡蛎	youmuli
幼畜	youchu
幼稚	youzhi
幼稚病	youzhibing
幼稚症	youzhizheng
幼稚的	youzhide
幼芽	youya
幼虫	youchong
幼蚝	youhao
幼蠔	youhao
幼鱼	youyu
幼鲑	yougui
幼鲱	youfei
幼鳕	youxue
幼鳗	youman
幽会	youhui
幽暗	youan
幽灵	youling
幽门狭窄	youmenxiazhai
幽闭	youbi
幽魂	youhun
幽默	youmo
幽默感	youmogan
广三七	guangsanqi
广口容器	guangkourongqi
广口瓶	guangkouping
广告	guanggao
广告公司	guanggaogongsi
广告商	guanggaoshang
广告战	guanggaozhan
广告牌	guanggaopai
广告纸板	guanggaozhiban
广告美术	guanggaomeishu
广告部	guanggaobu
广场	guangchang
广大	guangda
广布苋	guangbuxian
广度	guangdu
广播	guangbo
广播员	guangboyuan
广播时隙	guangboshixi
广播网	guangbowang
广播节目	guangbojiemu
广泛的	guangfande
广绫	guangling
广藿香	guanghuoxiang
广谷草	guanggucao
庄园	zhuangyuan
庄票	zhuangpiao
庆典	qingdian
庆大霉素	qingdameisu
庆祝	qingzhu
庆祝活动	qingzhuhuodong
庆贺	qinghe
庇护	bihu
庇齐	biqi
床	chuang
床单	chuangdan
床垫	chuangdian
床头板	chuangtouban
床套	chuangtao
床枕头	chuangzhentou
床架	chuangjia
床柱	chuangzhu
床罩	chuangzhao
床踏板	chuangtaban
序列	xulie
序数	xushu
序言	xuyan
库仑	kulun
库利氏贫血	kulishipinxue
库存	kucun
库存股	kucungu
库存股份	kucungufen
库存股票	kucungupiao
库存过剩	kucunguosheng
库尔德人的	kuerderende
库尔德地毯	kuerdeditan
库尔德文化的	kuerdewenhuade
库尔德语的	kuerdeyude
库房	kufang
库拉索芦荟	kulasuoluhui
库蚊	kuwen
库蚊属	kuwenshu
库阿语	kuayu
库隆鸟	kulongniao
库页白芷	kuyebaizhi
库鲁病	kulubing
应交出	yingjiaochu
应享有的	yingxiangyoude
应付	yingfu
应付客账	yingfukezhang
应付欠款	yingfuqiankuan
应付款	yingfukuan
应付票据	yingfupiaoju
应付费用	yingfufeiyong
应允	yingyun
应受	yingshou
应归入	yingguiru
应征入伍	yingzhengruwu
应得	yingde
应得的权利	yingdedequanli
应急桅杆	yingjiweigan
应急物	yingjiwu
应收票据	yingshoupiaoju
应收账	yingshouzhang
应用	yingyong
应用数学	yingyongshuxue
应答机	yingdaji
应缴款	yingjiaokuan
应计制	yingjizhi
应该	yinggai
应酬	yingchou
底价	dijia
底土	ditu
底子	dizi
底层发酵	dicengfajiao
底层鱼	dicengyu
底座	dizuo
底架	dijia
底柱	dizhu
底栖鱼	diqiyu
底漆	diqi
底牌	dipai
底盘	dipan
底腐病	difubing
底边	dibian
底部构造	dibugouzao
底面	dimian
店	dian
店员	dianyuan
店铺	dianpu
庙宇	miaoyu
庞大	pangda
庞大的数字	pangdadeshuzi
废	fei
废位赶出	feiweiganchu
废墟	feixu
废奴主义	feinuzhuyi
废奴主义者	feinuzhuyizhe
废嫡	feidi
废弃	feiqi
废弃物	feiqiwu
废止	feizhi
废气	feiqi
废水	feishui
废物	feiwu
废物箱	feiwuxiang
废船	feichuan
废话	feihua
废金属	feijinshu
废铁	feitie
废除	feichu
废除管制	feichuguanzhi
废黜	feichu
度假	dujia
度假时期	dujiashiqi
度假者	dujiazhe
度假酒店	dujiajiudian
度周末	duzhoumo
度夏	duxia
度数	dushu
度日	duri
度蜜月	dumiyue
度过	duguo
度过冬天	duguodongtian
度量	duliang
度量衡制	dulianghengzhi
座位	zuowei
座右铭	zuoyouming
座头鲸	zuotoujing
座头鲸属	zuotoujingshu
座舱	zuocang
座舱盖	zuocanggai
座谈会	zuotanhui
庭荠属	tingjishu
庭荠属植物	tingjishuzhiwu
庭院	tingyuan
庵波罗果	anboluoguo
庵罗果	anluoguo
康乐	kangle
康吉鳗	kangjiman
康吉鳗科	kangjimanke
康复	kangfu
康复力	kangfuli
康多兀鹫	kangduowujiu
康奈尔大学	kangnaierdaxue
康氏粉蚧	kangshifenjie
康祖长袍	kangzuchangpao
康铜	kangtong
庸俗的	yongsude
庸俗艺术	yongsuyishu
庸鲽	yongdie
廉价出售	lianjiachushou
廉价抛售	lianjiapaoshou
廉价货	lianjiahuo
廓清	kuoqing
延伸	yanshen
延时器	yanshiqi
延期	yanqi
延期停泊费	yanqitingbofei
延期执行	yanqizhixing
延期费	yanqifei
延深	yanshen
延续	yanxu
延续三年的	yanxusanniande
延缓	yanhuan
延缓偿付	yanhuanchangfu
延缓履行	yanhuanluxing
延误	yanwu
延迟	yanchi
延迟程度	yanchichengdu
延迟线	yanchixian
延长	yanchang
延长绳	yanchangsheng
延龄草属	yanlingcaoshu
延龄草科	yanlingcaoke
建	jian
建军节	jianjunjie
建材	jiancai
建立	jianli
建立于	jianliyu
建立殖民地	jianlizhimindi
建筑	jianzhu
建筑块	jianzhukuai
建筑学	jianzhuxue
建筑师	jianzhushi
建筑术	jianzhushu
建筑材料	jianzhucailiao
建筑物	jianzhuwu
建筑物料	jianzhuwuliao
建筑用漆	jianzhuyongqi
建筑风格	jianzhufengge
建议	jianyi
建议者	jianyizhe
建造	jianzao
开	kai
开价	kaijia
开会	kaihui
开佛焰苞	kaifuyanbao
开信刀	kaixindao
开关	kaiguan
开凿	kaizao
开创	kaichuang
开办费	kaibanfei
开动	kaidong
开叉	kaicha
开发	kaifa
开发区	kaifaqu
开发票	kaifapiao
开口	kaikou
开口销	kaikouxiao
开司米	kaisimi
开司米织物	kaisimizhiwu
开启	kaiqi
开始	kaishi
开始于	kaishiyu
开始从事	kaishicongshi
开始存在	kaishicunzai
开始活动	kaishihuodong
开始燃烧	kaishiranshao
开始阶段	kaishijieduan
开小差	kaixiaochai
开尔文	kaierwen
开展	kaizhan
开庭	kaiting
开式温标	kaishiwenbiao
开弗林	kaifulin
开心	kaixin
开心果	kaixinguo
开打组织	kaidazuzhi
开拍价格	kaipaijiage
开拓殖民地	kaituozhimindi
开拓者	kaituozhe
开支削减	kaizhixuejian
开放	kaifang
开放婚姻	kaifanghunyin
开斋节	kaizhaijie
开普芦荟	kaipuluhui
开枪	kaiqiang
开枪眼	kaiqiangyan
开榫槽	kaisuncao
开槽刨	kaicaopao
开沟	kaigou
开沟铲	kaigouchan
开玩笑	kaiwanxiao
开瓶器	kaipingqi
开瓶费	kaipingfei
开矿	kaikuang
开端	kaiduan
开罐器	kaiguanqi
开罐头刀	kaiguantoudao
开胃	kaiwei
开胃菜	kaiweicai
开胃酒	kaiweijiu
开胃食品	kaiweishipin
开花	kaihua
开花植物	kaihuazhiwu
开襟毛衣	kaijinmaoyi
开车	kaiche
开车人	kaicheren
开车运送	kaicheyunsong
开销	kaixiao
开除	kaichu
异丁烯	yidingxi
异丙托溴铵	yibingtuoxiuan
异丙醇	yibingchun
异丙阿托品	yibingatuopin
异位	yiwei
异位怀孕	yiweihuaiyun
异位显性	yiweixianxing
异体目	yitimu
异倍体	yibeiti
异像	yixiang
异关节亚目	yiguanjieyamu
异养生物	yiyangshengwu
异化	yihua
异化作用	yihuazuoyong
异可利定	yikeliding
异国地	yiguodi
异域性	yiyuxing
异孔石鲈属	yikongshilushu
异山梨醇	yishanlichun
异常	yichang
异常兴奋	yichangxingfen
异常增大	yichangzengda
异常的	yichangde
异常的人	yichangderen
异性	yixing
异戊巴比妥	yiwubabituo
异戊巴比妥钠	yiwubabituona
异族结婚	yizujiehun
异极矿	yijikuang
异样感觉	yiyangganjue
异步	yibu
异步操作	yibucaozuo
异氟烷	yifuwan
异炔诺酮	yiguinuotong
异烟肼	yiyanjing
异特龙	yitelong
异率研究	yiluyanjiu
异翅亚目	yichiyamu
异脚类	yijiaolei
异花受精	yihuashoujing
异蕊花属	yiruihuashu
异议	yiyi
异配生植	yipeishengzhi
异鳞蛇鲭	yilinsheqing
异鼠科	yishuke
弃权	qiquan
弃权书	qiquanshu
弃权证书	qiquanzhengshu
弃绝	qijue
弃置	qizhi
弄	nong
弄乱	nongluan
弄坏	nonghuai
弄堂	longtang
弄复杂	nongfuza
弄尖	nongjian
弄平	nongping
弄弯	nongwan
弄成粉	nongchengfen
弄昏	nonghun
弄暗	nongan
弄混	nonghun
弄湿	nongshi
弄直	nongzhi
弄破	nongpo
弄碎	nongsui
弄糟	nongzao
弄翻	nongfan
弄脏	nongzang
弄脏的	nongzangde
弄错	nongcuo
弊病	bibing
式	shi
式样翻新	shiyangfanxin
弓	gong
弓头鲸	gongtoujing
弓射手	gongsheshou
弓弦	gongxian
弓弦乐器	gongxianyueqi
弓弦大麻	gongxiandama
弓形	gongxing
弓形体病	gongxingtibing
弓形窗	gongxingchuang
弓形趾	gongxingzhi
弓术家	gongshujia
弓箭	gongjian
弓起背	gongqibei
弓起背部	gongqibeibu
弓锯	gongju
弓鳍属	gongqishu
弓鳍科	gongqike
弓鳍鱼	gongqiyu
引	yin
引上钩	yinshanggou
引为己责	yinweijize
引人注意	yinrenzhuyi
引人注目	yinrenzhumu
引信	yinxin
引入	yinru
引入歧途	yinruqitu
引力	yinli
引力常数	yinlichangshu
引力测量计	yinliceliangji
引导	yindao
引导者	yindaozhe
引导错	yindaocuo
引擎	yinqing
引擎盖	yinqinggai
引擎罩	yinqingzhao
引文	yinwen
引来	yinlai
引水渠道	yinshuiqudao
引水灌溉	yinshuiguangai
引流管	yinliuguan
引渡	yindu
引火合金	yinhuohejin
引火开关	yinhuokaiguan
引火物	yinhuowu
引燃	yinran
引爆	yinbao
引爆信管	yinbaoxinguan
引爆雷管	yinbaoleiguan
引用	yinyong
引言	yinyan
引证	yinzheng
引语	yinyu
引诱	yinyou
引诱物	yinyouwu
引诱的	yinyoude
引诱的欺骗	yinyoudeqipian
引起	yinqi
引起变化	yinqibianhua
引起注意的	yinqizhuyide
引起遗忘	yinqiyiwang
引起骚乱	yinqisaoluan
引路	yinlu
引进	yinjin
引述	yinshu
引退	yintui
引领	yinling
弗冈	fugang
弗吉尼亚鹿	fujiniyalu
弗州草莓	fuzhoucaomei
弗林特	fulinte
弗活他汀	fuhuotating
弗罗林银币	fuluolinyinbi
弗莱明尼路	fulaimingnilu
弗隆	fulong
弛松	chisong
弛豫时间	chiyushijian
弟子	dizi
弟弟	didi
张力亢进	zhanglikangjin
张力减退	zhanglijiantui
张力缺乏	zhangliquefa
张口	zhangkou
张大	zhangda
张帖	zhangtie
张开	zhangkai
张弛	zhangchi
弥撒日	misari
弥漫	miman
弥漫地	mimandi
弥补	mibu
弦	xian
弦乐器	xianyueqi
弧丽金龟属	hulijinguishu
弧光灯	huguangdeng
弧度	hudu
弧度单位	hududanwei
弧形窗	huxingchuang
弧影	huying
弧面	humian
弯	wan
弯下	wanxia
弯刀	wandao
弯嘴滨鹬	wanzuibinyu
弯回	wanhui
弯子	wanzi
弯形大刀	wanxingdadao
弯成弧形	wanchenghuxing
弯成曲线	wanchengquxian
弯拱	wangong
弯曲	wanqu
弯曲垂悬	wanquchuixuan
弯曲处	wanquchu
弯曲状态	wanquzhuangtai
弯曲的	wanqude
弯曲脚	wanqujiao
弯曲部分	wanqubufen
弯着身子	wanzheshenzi
弯脉蕨属	wanmaijueshu
弯脚器	wanjiaoqi
弯腰	wanyao
弯腰倾听	wanyaoqingting
弯腰驼背	wanyaotuobei
弯路	wanlu
弱化	ruohua
弱安定剂	ruoandingji
弱棘鱼科	ruojiyuke
弱毒性	ruoduxing
弱点	ruodian
弱蛋白银	ruodanbaiyin
弱视	ruoshi
弹体	danti
弹出	danchu
弹压	danya
弹回	danhui
弹壳	danke
弹壳黄铜	dankehuangtong
弹夹	danjia
弹奏	danzou
弹子	danzi
弹子阀	danzifa
弹射出来	tanshechulai
弹射器	tansheqi
弹射座椅	tanshezuoyi
弹尾目	danweimu
弹性体	tanxingti
弹性模量	tanxingmoliang
弹性油泥	tanxingyouni
弹性油灰	tanxingyouhui
弹性系数	tanxingxishu
弹性织品	tanxingzhipin
弹性绷带	tanxingbengdai
弹性速度	tanxingsudu
弹性马鞍菌	tanxingmaanjun
弹涂鱼	dantuyu
弹涂鱼属	dantuyushu
弹珠	danzhu
弹球菌科	danqiujunke
弹簧	tanhuang
弹簧褥子	tanhuangruzi
弹簧锁	tanhuangsuo
弹药	danyao
弹药库	danyaoku
弹药箱	danyaoxiang
弹药纸	danyaozhi
弹药车	danyaoche
弹起	danqi
弹跳	dantiao
弹跳座椅	dantiaozuoyi
弹道导弹	dandaodaodan
弹道摆	dandaobai
弹道飞弹	dandaofeidan
弹量单位	danliangdanwei
强	qiang
强健的	qiangjiande
强击机	qiangjiji
强制	qiangzhi
强制地	qiangzhidi
强制罚款	qiangzhifakuan
强力霉素	qianglimeisu
强加	qiangjia
强化	qianghua
强占	qiangzhan
强壮	qiangzhuang
强壮的	qiangzhuangde
强大地	qiangdadi
强夺	qiangduo
强奸	qiangjian
强奸罪	qiangjianzui
强安定剂	qiangandingji
强弱格的	qiangruogede
强心苷	qiangxingan
强忍	qiangren
强手棋盘	qiangshouqipan
强效的	qiangxiaode
强暴	qiangbao
强有力地	qiangyoulidi
强烈的	qiangliede
强烈要求	qianglieyaoqiu
强的松	qiangdesong
强盗蝇	qiangdaoying
强直的	qiangzhide
强行压倒	qiangxingyadao
强要	qiangyao
强调	qiangdiao
强迫	qiangpo
强迫雇用	qiangpoguyong
强麻醉药	qiangmazuiyao
归	gui
归入机密级别	guirujimijibie
归到	guidao
归功于	guigongyu
归咎于	guijiuyu
归因	guiyin
归国	guiguo
归属	guishu
归巢	guichao
归来	guilai
归档	guidang
归结	guijie
归罪	guizui
归返	guifan
归还	guihuan
归顺的	guishunde
当今	dangjin
当今时代	dangjinshidai
当代	dangdai
当作	dangzuo
当保镖	dangbaobiao
当兽医	dangshouyi
当出物	dangchuwu
当办事员	dangbanshiyuan
当劳工	danglaogong
当医生	dangyisheng
当场逮捕	dangchangdaibu
当女伴	dangnuban
当学徒	dangxuetu
当家人	dangjiaren
当局	dangju
当工贼	danggongzei
当庄家	dangzhuangjia
当归	danggui
当归属	dangguishu
当心	dangxin
当掉	dangdiao
当时	dangshi
当替罪羊	dangtizuiyang
当服务员	dangfuwuyuan
当木匠	dangmujiang
当票	dangpiao
当职员	dangzhiyuan
当药	dangyao
当铺	dangpu
当间谍	dangjiandie
录像	luxiang
录制品	luzhipin
录时器	lushiqi
录音带	luyindai
录音座	luyinzuo
录音机	luyinji
录音电话	luyindianhua
录音电话机	luyindianhuaji
录音磁带	luyincidai
彗星	huixing
形势	xingshi
形容词	xingrongci
形容词类	xingrongcilei
形式	xingshi
形式主义	xingshizhuyi
形式体系	xingshitixi
形式化	xingshihua
形态	xingtai
形态发生	xingtaifasheng
形成	xingcheng
形成层	xingchengceng
形成珠	xingchengzhu
形状	xingzhuang
形象	xingxiang
彩包爆竹	caibaobaozhu
彩包香草	caibaoxiangcao
彩叶草	caiyecao
彩木	caimu
彩椒	caijiao
彩电	caidian
彩画玻璃	caihuaboli
彩礼	caili
彩色大眼鱼	caisedayanyu
彩色小灯	caisexiaodeng
彩色标记笔	caisebiaojibi
彩色玻璃	caiseboli
彩色电视	caisedianshi
彩色的绶带	caisedeshoudai
彩虹	caihong
彩蝶	caidie
彩车	caiche
彩釉	caiyou
彬彬有礼	binbinyouli
彬彬有礼的	binbinyoulide
影剧院	yingjuyuan
影印	yingyin
影响	yingxiang
影响力	yingxiangli
影子	yingzi
影射	yingshe
影树	yingshu
影片	yingpian
影院	yingyuan
影集	yingji
彷徨	panghuang
役奴蚁	yinuyi
役用犬	yiyongquan
役马	yima
彻底击败	chedijibai
彻底检修	chedijianxiu
彻底消除	chedixiaochu
彻底衰竭	chedishuaijie
彼此忠诚	bicizhongcheng
往上冲	wangshangchong
往上飞舞	wangshangfeiwu
往下流	wangxialiu
往下跑	wangxiapao
往右	wangyou
往后倒下	wanghoudaoxia
往后看	wanghoukan
往后退	wanghoutui
往左	wangzuo
征兆	zhengzhao
征兵	zhengbing
征募	zhengmu
征召	zhengzhao
征收	zhengshou
征服	zhengfu
征用	zhengyong
径向速度	jingxiangsudu
径流	jingliu
待	dai
待产的牛	daichandeniu
待人如友	dairenruyou
待修房	daixiufang
待捷盼	daijiepan
待解决的事	daijiejuedeshi
徇私	xunsi
很	hen
很久	henjiu
很久以前	henjiuyiqian
很多	henduo
很大	henda
很小	henxiao
很晚地	henwandi
很短的距离	henduandejuli
很老的人	henlaoderen
很难办的事	hennanbandeshi
很高的价格	hengaodejiage
律师	lushi
徐徐移动	xuxuyidong
徐缓的	xuhuande
徐进	xujin
徒动	tudong
徒弟	tudi
徒步旅行	tubuluxing
徒步的	tubude
得克萨斯州的	dekesasizhoude
得分	defen
得分的发球	defendefaqiu
得到	dedao
得到好处	dedaohaochu
得到娱乐	dedaoyule
得到报应	dedaobaoying
得失相当	deshixiangdang
得学位	dexuewei
得意洋洋	deyiyangyang
得益	deyi
得票数	depiaoshu
得罪	dezui
得自鞣革的	dezirougede
徘徊	paihuai
御夫座	yufuzuo
御宝	yubao
御寒耳罩	yuhanerzhao
循环	xunhuan
循环一周	xunhuanyizhou
循环利用	xunhuanliyong
循环地	xunhuandi
循环基金	xunhuanjijin
循环小数	xunhuanxiaoshu
循环资金	xunhuanzijin
循路而行	xunluerxing
微伏	weifu
微克	weike
微凹	weiao
微分分析器	weifenfenxiqi
微刺	weici
微动	weidong
微动扳机	weidongbanji
微动物	weidongwu
微型化	weixinghua
微型电路	weixingdianlu
微型轿车	weixingjiaoche
微处理器	weichuliqi
微处理机	weichuliji
微孔	weikong
微小	weixiao
微小化	weixiaohua
微巴	weiba
微弧度	weihudu
微弱的	weiruode
微微法拉	weiweifala
微微秒	weiweimiao
微微移动	weiweiyidong
微微米	weiweimi
微恙	weiyang
微暗	weian
微毫米	weihaomi
微波激射器	weibojisheqi
微波炉	weibolu
微波烤箱	weibokaoxiang
微滴	weidi
微点拷贝	weidiankaobei
微烧	weishao
微片	weipian
微生物	weishengwu
微秒	weimiao
微笑	weixiao
微米	weimi
微粒	weili
微粒照片	weilizhaopian
微粒物质	weiliwuzhi
微芯片	weixinpian
微行的	weixingde
微进化	weijinhua
微速的	weisude
微量	weiliang
微风	weifeng
微高斯	weigaosi
微黑	weihei
德他铁	detatie
德国人性格	deguorenxingge
德国小蠊	deguoxiaolian
德国精神	deguojingshen
德国马克	deguomake
德巴利腐霉	debalifumei
德拉克马	delakema
德文牛	dewenniu
德林加枪	delinjiaqiang
德瓦烧瓶	dewashaoping
德语的	deyude
心	xin
心不在焉	xinbuzaiyan
心内膜炎	xinneimoyan
心力衰竭	xinlishuaijie
心动过速	xindongguosu
心包炎	xinbaoyan
心压塞	xinyasai
心叶荆芥	xinyejingjie
心囊炎	xinnangyan
心回波仪	xinhuiboyi
心境	xinjing
心室颤动	xinshichandong
心宿二	xinsuer
心形	xinxing
心形曲线	xinxingquxian
心形物	xinxingwu
心律不整	xinlubuzheng
心律不齐	xinlubuqi
心律失常	xinlushichang
心态	xintai
心悸	xinji
心情	xinqing
心排血量	xinpaixueliang
心搏停止	xinbotingzhi
心智	xinzhi
心智健全	xinzhijianquan
心杂音	xinzayin
心材	xincai
心灵	xinling
心炎	xinyan
心烦	xinfan
心爱的人	xinaideren
心理	xinli
心理健康	xinlijiankang
心理分析师	xinlifenxishi
心理发展	xinlifazhan
心理失常	xinlishichang
心理学	xinlixue
心理学上	xinlixueshang
心理学家	xinlixuejia
心理学者	xinlixuezhe
心理状态	xinlizhuangtai
心瓣膜移植	xinbanmoyizhi
心神稳定	xinshenwending
心绞痛	xinjiaotong
心肌梗死	xinjigengsi
心肌炎	xinjiyan
心肌病	xinjibing
心肥大	xinfeida
心肺机	xinfeiji
心肺运动	xinfeiyundong
心肺锻炼	xinfeiduanlian
心脏	xinzang
心脏停搏	xinzangtingbo
心脏形叶	xinzangxingye
心脏炎	xinzangyan
心脏病	xinzangbing
心脏紊乱	xinzangwenluan
心脏肥大	xinzangfeida
心脏草	xinzangcao
心腐病	xinfubing
心跳	xintiao
心跳节拍	xintiaojiepai
心身症	xinshenzheng
心输出量	xinshuchuliang
必要	biyao
必要的	biyaode
必败无疑的事	bibaiwuyideshi
必需品	bixupin
必需氨基酸	bixuanjisuan
必须	bixu
必须地	bixudi
必须的	bixude
忆起	yiqi
忌讳	jihui
忌食	jishi
忍住	renzhu
忍冬	rendong
忍冬属	rendongshu
忍冬科	rendongke
忍受	renshou
忍耐	rennai
忍耐极限	rennaijixian
忏悔凳	chanhuideng
忏悔室	chanhuishi
忏悔日	chanhuiri
忏悔节	chanhuijie
忘	wang
忘却	wangque
忘忧树	wangyoushu
忘忧草	wangyoucao
忘记	wangji
忙	mang
忙乱	mangluan
忙于	mangyu
忙碌	manglu
忙碌工作	manglugongzuo
忠于	zhongyu
忠告	zhonggao
忠心	zhongxin
忠诚	zhongcheng
忠诚心	zhongchengxin
忠贞	zhongzhen
忧愁	youchou
忧沉	youchen
忧色	youse
忧虑	youlu
忧虑的	youlude
忧郁	youyu
忧郁症	youyuzheng
快	kuai
快乐	kuaile
快克	kuaike
快喷	kuaipen
快感缺乏	kuaiganquefa
快板	kuaiban
快步行军	kuaibuxingjun
快步行走	kuaibuxingzou
快步行进	kuaibuxingjin
快步跑	kuaibupao
快活	kuaihuo
快照	kuaizhao
快艇	kuaiting
快艇帆	kuaitingfan
快行	kuaixing
快走	kuaizou
快跑	kuaipao
快车道	kuaichedao
快进	kuaijin
快速	kuaisu
快速公路	kuaisugonglu
快速发动	kuaisufadong
快速启动	kuaisuqidong
快速帆船	kuaisufanchuan
快速的	kuaisude
快速移动	kuaisuyidong
快速起动	kuaisuqidong
快速道路	kuaisudaolu
快餐	kuaican
念珠	nianzhu
念珠菌病	nianzhujunbing
忽明忽暗	huminghuan
忽略	hulue
忽视	hushi
忿怒	fennu
怀	huai
怀孕	huaiyun
怀孕中期	huaiyunzhongqi
怀抱	huaibao
怀有	huaiyou
怀柔	huairou
怀疑	huaiyi
怀疑主义	huaiyizhuyi
怀疑论	huaiyilun
怀表	huaibiao
态度	taidu
怂恿	songyong
怎么	zenme
怒气	nuqi
怒火	nuhuo
怒视	nushi
怜悯	lianmin
思仙	sixian
思仲	sizhong
思念	sinian
思想	sixiang
思想体系	sixiangtixi
思想家	sixiangjia
思想意识	sixiangyishi
思索	sisuo
思维	siwei
思考	sikao
思考状态	sikaozhuangtai
思考者	sikaozhe
怠惰	daiduo
怠惰地	daiduodi
怠慢	daiman
急切	jiqie
急剧上升	jijushangsheng
急剧下降	jijuxiajiang
急务	jiwu
急弯	jiwan
急弯处	jiwanchu
急急忙忙	jijimangmang
急性胃炎	jixingweiyan
急性舌炎	jixingsheyan
急救室	jijiushi
急救站	jijiuzhan
急救箱	jijiuxiang
急流勇退	jiliuyongtui
急激增加	jijizengjia
急转弯	jizhuanwan
急迫	jipo
急速	jisu
急速上升	jisushangsheng
急速下潜	jisuxiaqian
急速乐曲	jisuyuequ
急速乐章	jisuyuezhang
急速前进	jisuqianjin
急速变化	jisubianhua
急速地敲打	jisudiqiaoda
急速地潜航	jisudiqianhang
急速增加	jisuzengjia
急速小节	jisuxiaojie
急速潜没	jisuqianmei
急速的乐章	jisudeyuezhang
急速运动	jisuyundong
急速进行	jisujinxing
急速高飞	jisugaofei
急降	jijiang
急需	jixu
急驶	jishi
性关系	xingguanxi
性冲动	xingchongdong
性别	xingbie
性别倒错	xingbiedaocuo
性情	xingqing
性感裤	xingganku
性格	xingge
性泛滥	xingfanlan
性活跃	xinghuoyue
性渲染	xingxuanran
性激素	xingjisu
性病	xingbing
性的兴奋	xingdexingfen
性能	xingneng
性质	xingzhi
性需求	xingxuqiu
性骚扰	xingsaorao
怨恨	yuanhen
怪	guai
怪人	guairen
怪异地	guaiyidi
怪模怪样	guaimoguaiyang
怪物	guaiwu
怪病	guaibing
怪诞的	guaidande
总人数	zongrenshu
总会	zonghui
总共赚得	zonggongzuande
总共达	zonggongda
总合烟囱	zongheyancong
总帐	zongzhang
总括	zongkuo
总收入	zongshouru
总收益	zongshouyi
总教堂	zongjiaotang
总数	zongshu
总清账	zongqingzhang
总理公署	zongligongshu
总的看法	zongdekanfa
总管道	zongguandao
总线	zongxian
总结	zongjie
总统	zongtong
总统任期	zongtongrenqi
总统日	zongtongri
总统职位	zongtongzhiwei
总苞	zongbao
总苞忍冬	zongbaorendong
总裁	zongcai
总计	zongji
总账	zongzhang
总部	zongbu
总鳍鱼	zongqiyu
总鳍鱼亚纲	zongqiyuyagang
恋人	lianren
恋爱	lianai
恍惚	huanghu
恐伤症	kongshangzheng
恐光症	kongguangzheng
恐吓	konghe
恐女症	kongnuzheng
恐怖	kongbu
恐怖主义者	kongbuzhuyizhe
恐怖分子	kongbufenzi
恐怖病	kongbubing
恐怖的	kongbude
恐怖统治	kongbutongzhi
恐惧	kongju
恐惧症	kongjuzheng
恐慌	konghuang
恐慌症	konghuangzheng
恐水病	kongshuibing
恐水症	kongshuizheng
恐犬症	kongquanzheng
恐男症	kongnanzheng
恐角兽	kongjiaoshou
恐角目	kongjiaomu
恐高症	konggaozheng
恒星	hengxing
恒星年	hengxingnian
恒星日	hengxingri
恒星时	hengxingshi
恒星月	hengxingyue
恒星系	hengxingxi
恒河猴	henghehou
恒河豚	henghetun
恒河豚科	henghetunke
恒等	hengdeng
恒等式	hengdengshi
恒载	hengzai
恒量	hengliang
恙虫病	yangchongbing
恙螨病	yangmanbing
恢复	huifu
恢复原形	huifuyuanxing
恢复名誉	huifumingyu
恢复平稳	huifupingwen
恢复活力	huifuhuoli
恢复精神	huifujingshen
恢复自由	huifuziyou
恢复药	huifuyao
恨	hen
恨恶	hene
恨死	hensi
恩卡胺	enkaan
恩惠	enhui
恩赦	enshe
恪守惯例	keshouguanli
息票债券	xipiaozhaiquan
息肉	xirou
恰好	qiahao
恰当	qiadang
恰当的	qiadangde
恳切	kenqie
恳求	kenqiu
恳请	kenqing
恳请的	kenqingde
恶作剧	ezuoju
恶劣的气候	eliedeqihou
恶化	ehua
恶化的	ehuade
恶口的	ekoude
恶心	exin
恶心的	exinde
恶性循环	exingxunhuan
恶性淋巴瘤	exinglinbaliu
恶性肿瘤	exingzhongliu
恶性贫血	exingpinxue
恶性高热	exinggaore
恶性高血压	exinggaoxueya
恶意	eyi
恶意并购	eyibinggou
恶意收购	eyishougou
恶梦	emeng
恶棍	egun
恶毒地	edudi
恶液质	eyezhi
恶疾	eji
恶病质	ebingzhi
恶臭	echou
恶臭的	echoude
恶阻	ezu
恺木枯萎病	kaimukuweibing
恼怒	naonu
恼火	naohuo
悄悄地	qiaoqiaodi
悍然不顾	hanranbugu
悖论	beilun
悖谬	beimiu
悠闲	youxian
患斜视	huanxieshi
患病	huanbing
患病津贴	huanbingjintie
患者	huanzhe
患肺结核的	huanfeijiehede
您好	ninhao
悬停	xuanting
悬垂	xuanchui
悬垂着	xuanchuizhe
悬崖	xuanya
悬崖住所	xuanyazhusuo
悬挂	xuangua
悬挂工具	xuanguagongju
悬摆	xuanbai
悬梯	xuanti
悬浮	xuanfu
悬浮液	xuanfuye
悬猴科	xuanhouke
悬着	xuanzhe
悬臂	xuanbi
悬臂桥	xuanbiqiao
悬荡	xuandang
悬赏金	xuanshangjin
悬钩子	xuangouzi
悬钩子属	xuangouzishu
悬铃木	xuanlingmu
悬铃木属	xuanlingmushu
悬铃木科	xuanlingmuke
悬链线	xuanlianxian
悬阶草科	xuanjiecaoke
悲伤	beishang
悲剧	beiju
悲叹	beitan
悲哀	beiai
悲哀地	beiaidi
悲惨的境遇	beicandejingyu
悲痛	beitong
悸动	jidong
情人	qingren
情人节	qingrenjie
情人草	qingrencao
情侣	qinglu
情况	qingkuang
情势	qingshi
情感	qinggan
情感依附	qingganyifu
情感转移	qingganzhuanyi
情感障碍	qingganzhangai
情报	qingbao
情报局	qingbaoju
情报机构	qingbaojigou
情绪	qingxu
情绪依附	qingxuyifu
情绪激动	qingxujidong
情绪激发	qingxujifa
情节	qingjie
情节发展	qingjiefazhan
惊厥	jingjue
惊厥前期	jingjueqianqi
惊吓	jingxia
惊呆的	jingdaide
惊奇	jingqi
惊异	jingyi
惊恐	jingkong
惊讶	jingya
惊跑	jingpao
惊逃	jingtao
惊骇	jinghai
惜比古天蚕	xibigutiancan
惠予	huiyu
惧怕	jupa
惧战症	juzhanzheng
惧猫症	jumaozheng
惨事	canshi
惨案	canan
惩处	chengchu
惩教所	chengjiaosuo
惩罚	chengfa
惩罚器械	chengfaqixie
惩罚女神	chengfanushen
惯例	guanli
惯例付款期	guanlifukuanqi
惯常	guanchang
惯性轮	guanxinglun
惰性气体	duoxingqiti
惰轮	duolun
想	xiang
想像	xiangxiang
想吐的	xiangtude
想当然	xiangdangran
想念	xiangnian
想法	xiangfa
想要	xiangyao
想象	xiangxiang
想象力	xiangxiangli
想起	xiangqi
惹恼	renao
惹起	reqi
愈创木	yuchuangmu
愈吐宁	yutuning
愈疮木	yuchuangmu
愈疮木属	yuchuangmushu
愈疮林材	yuchuanglincai
愈颌目	yuhemu
愉快	yukuai
意义	yiyi
意向	yixiang
意味	yiwei
意味着	yiweizhe
意图	yitu
意外	yiwai
意外出现	yiwaichuxian
意外利润	yiwailirun
意外发现	yiwaifaxian
意外取得	yiwaiqude
意外怀孕	yiwaihuaiyun
意外的	yiwaide
意外获得	yiwaihuode
意大利芹	yidaliqin
意大利蜂	yidalifeng
意大利里拉	yidalilila
意大利钱币	yidaliqianbi
意志	yizhi
意志力	yizhili
意志力丧失	yizhilisangshi
意志消沉	yizhixiaochen
意志缺失	yizhiqueshi
意思	yisi
意思是	yisishi
意指	yizhi
意气消沉	yiqixiaochen
意气相投	yiqixiangtou
意涵	yihan
意见	yijian
意见一致	yijianyizhi
意见不同	yijianbutong
意见分歧	yijianfenqi
意见的一致	yijiandeyizhi
意见相左	yijianxiangzuo
意识	yishi
意识到	yishidao
意识形态	yishixingtai
意译的	yiyide
愚人	yuren
愚人节	yurenjie
愚侏儒病	yuzhurubing
愚侏病	yuzhubing
愚弄	yunong
愚昧	yumei
愚笨的	yubende
愚蠢的	yuchunde
愚蠢的人	yuchunderen
愚钝的	yudunde
感	gan
感伤地	ganshangdi
感光乳剂	ganguangruji
感兴趣	ganxingqu
感冒	ganmao
感冒药	ganmaoyao
感到	gandao
感到口渴	gandaokouke
感到抱歉	gandaobaoqian
感到有趣的	gandaoyouqude
感到痛苦	gandaotongku
感到饥饿	gandaojie
感动	gandong
感化院	ganhuayuan
感受	ganshou
感受到	ganshoudao
感应加热	ganyingjiare
感应器	ganyingqi
感恩的供品	ganendegongpin
感恩节	ganenjie
感悟	ganwu
感情	ganqing
感情疏远	ganqingshuyuan
感情破裂	ganqingpolie
感染	ganran
感染力	ganranli
感激	ganji
感激万分	ganjiwanfen
感知	ganzhi
感知地	ganzhidi
感觉	ganjue
感觉倒错	ganjuedaocuo
感觉减退	ganjuejiantui
感觉到	ganjuedao
感觉异常	ganjueyichang
感觉着是	ganjuezheshi
感觉缺失	ganjuequeshi
感谢	ganxie
愠怒	yunnu
愤怒	fennu
愤恨	fenhen
愤懑	fenmen
愿意	yuanyi
愿望	yuanwang
慈善	cishan
慈善地	cishandi
慈善机构	cishanjigou
慈姑属	cigushu
慈悲	cibei
慈悲地	cibeidi
慈爱	ciai
慈鲷	cidiao
慌乱	huangluan
慌张步伐	huangzhangbufa
慌忙	huangmang
慢	man
慢化剂	manhuaji
慢吞吞地走	mantuntundizou
慢心律	manxinlu
慢性胃炎	manxingweiyan
慢性舌炎	manxingsheyan
慢性鼻炎	manxingbiyan
慢慢前进	manmanqianjin
慢慢地排出	manmandipaichu
慢慢地走	manmandizou
慢慢过去	manmanguoqu
慢慢露出	manmanluchu
慢步走	manbuzou
慢行	manxing
慢跑	manpao
慰藉	weijie
慰问	weiwen
憋闷	biemen
憎	zeng
憎恨	zenghen
憎恶	zengwu
憔悴	qiaocui
憨鲣鸟	hanjianniao
憩室	qishi
憩室炎	qishiyan
憩室病	qishibing
懂	dong
懂得	dongde
懈怠	xiedai
懊恼	aonao
懊悔	aohui
懊悔地	aohuidi
懒	lan
懒惰	landuo
懒散	lansan
懒散地	lansandi
懒熊	lanxiong
懒熊属	lanxiongshu
懒猴属	lanhoushu
懒猴科	lanhouke
懦弱的	nuoruode
懵懂	mengdong
戈尔迪之结	geerdizhijie
戈比	gebi
戊巴比妥	wubabituo
戊糖	wutang
戊酸	wusuan
戊醇	wuchun
戏剧	xiju
戏剧演出季	xijuyanchuji
戏剧演员	xijuyanyuan
戏剧般的	xijubande
戏剧艺术	xijuyishu
戏弄	xinong
戏曲	xiqu
戏水	xishui
戏法	xifa
戏装	xizhuang
戏谑	xixue
成	cheng
成一行	chengyixing
成为	chengwei
成为主流	chengweizhuliu
成为四倍	chengweisibei
成为基督徒	chengweijidutu
成五倍	chengwubei
成交协议	chengjiaoxieyi
成人	chengren
成人教育	chengrenjiaoyu
成人期	chengrenqi
成份	chengfen
成伙伴	chenghuoban
成体	chengti
成分	chengfen
成功	chenggong
成功机会	chenggongjihui
成双	chengshuang
成员	chengyuan
成员资格	chengyuanzige
成品	chengpin
成圈	chengquan
成基督徒	chengjidutu
成套工具	chengtaogongju
成婚	chenghun
成对	chengdui
成就	chengjiu
成就感	chengjiugan
成层	chengceng
成年	chengnian
成年人	chengnianren
成年牡鹿	chengnianmulu
成弓形	chenggongxing
成形	chengxing
成批处理	chengpichuli
成文的	chengwende
成斜视	chengxieshi
成本	chengben
成材	chengcai
成果	chengguo
成核	chenghe
成氨作用	chenganzuoyong
成熟	chengshu
成熟分裂	chengshufenlie
成瘾	chengyin
成瘾毒品	chengyindupin
成皱	chengzhou
成立	chengli
成绩	chengji
成群	chengqun
成群地游	chengqundiyou
成群而行	chengqunerxing
成脊状	chengjizhuang
成虫	chengchong
成见	chengjian
成角	chengjiao
成酸性	chengsuanxing
成长	chengzhang
成长物	chengzhangwu
成长股	chengzhanggu
成鳞状	chenglinzhuang
戒尺	jiechi
戒指	jiezhi
戒毒所	jiedusuo
戒瘾病房	jieyinbingfang
戒瘾诊所	jieyinzhensuo
戒禁	jiejin
戒绝	jiejue
戒酒硫	jiejiuliu
戒酒者	jiejiuzhe
戒除	jiechu
戕杀	qiangsha
或多或少	huoduohuoshao
或然性	huoranxing
战	zhan
战争	zhanzheng
战争基金	zhanzhengjijin
战争权	zhanzhengquan
战争罪	zhanzhengzui
战列舰	zhanliejian
战利品	zhanlipin
战场	zhanchang
战壕	zhanhao
战壕热	zhanhaore
战壕足	zhanhaozu
战士	zhanshi
战役	zhanyi
战斗	zhandou
战斧	zhanfu
战旗	zhanqi
战时	zhanshi
战服	zhanfu
战术	zhanshu
战栗	zhanli
战略	zhanlue
战神	zhanshen
战胜	zhansheng
战舰	zhanjian
战靴	zhanxue
战马	zhanma
戟状叶	jizhuangye
截击机	jiejiji
截取	jiequ
截圆锯	jieyuanju
截头体	jietouti
截头树	jietoushu
截断	jieduan
截止	jiezhi
截止日期	jiezhiriqi
截止时间	jiezhishijian
截止阀	jiezhifa
截然相反	jieranxiangfan
截瘫	jietan
截短的尾巴	jieduandeweiba
截肢	jiezhi
截肢医生	jiezhiyisheng
截肢术	jiezhishu
戳	chuo
戳洞	chuodong
戳穿	chuochuan
戴	dai
戴口络于	daikouluoyu
戴帽子	daimaozi
戴帽猴	daimaohou
戴维斯杯	daiweisibei
戴面具	daimianju
户口检查	hukoujiancha
户外运动	huwaiyundong
房东	fangdong
房价	fangjia
房地产	fangdichan
房子	fangzi
房客	fangke
房屋	fangwu
房檐	fangyan
房租	fangzu
房租补贴	fangzubutie
房间	fangjian
房间价格	fangjianjiage
房顶	fangding
所及	suoji
所属关系地	suoshuguanxidi
所得税	suodeshui
所有东西	suoyoudongxi
所有人	suoyouren
所有地	suoyoudi
所有权	suoyouquan
所有物	suoyouwu
所有财产	suoyoucaichan
所购物	suogouwu
扁叶轴木	bianyezhoumu
扁头鲶鱼	biantounianyu
扁平发夹	bianpingfajia
扁平箱	bianpingxiang
扁平餐具	bianpingcanju
扁拱	biangong
扁斧	bianfu
扁枝衣属	bianzhiyishu
扁枝豆	bianzhidou
扁桃	biantao
扁桃体刀	biantaotidao
扁桃体炎	biantaotiyan
扁桃腺炎	biantaoxianyan
扁桃苷	biantaogan
扁草	biancao
扁豆	biandou
扁豆属	biandoushu
扁轴木属	bianzhoumushu
扁锉	biancuo
扁鲛	bianjiao
扇	shan
扇动	shandong
扇区	shanqu
扇叶菜棕	shanyecaizong
扇尾沙锥	shanweishazhui
扇尾鹬	shanweiyu
扇形	shanxing
扇形格架	shanxinggejia
扇形棕榈	shanxingzonglu
扇椰子	shanyezi
扇贝	shanbei
扇贝属	shanbeishu
扇贝科	shanbeike
扈从	hucong
扉画	feihua
扉页插图	feiyechatu
手	shou
手倒立	shoudaoli
手册	shouce
手制动器	shouzhidongqi
手力割草机	shouligecaoji
手势	shoushi
手压泵	shouyabeng
手头的钱	shoutoudeqian
手套	shoutao
手套皮	shoutaopi
手套革	shoutaoge
手宽	shoukuan
手工制品	shougongzhipin
手工艺品	shougongyipin
手帕	shoupa
手弓	shougong
手弓锯	shougongju
手把	shouba
手拉车	shoulache
手持工具	shouchigongju
手指	shouzhi
手指弯斜	shouzhiwanxie
手指甲	shouzhijia
手指部分	shouzhibufen
手推车	shoutuiche
手提包	shoutibao
手提电脑	shoutidiannao
手提电话	shoutidianhua
手提箱	shoutixiang
手提篮	shoutilan
手提行李	shoutixingli
手提计算机	shoutijisuanji
手摇曲柄	shouyaoqubing
手摇泵	shouyaobeng
手摇车	shouyaoche
手摇铃	shouyaoling
手斧	shoufu
手术	shoushu
手术服	shoushufu
手机	shouji
手杆	shougan
手杖	shouzhang
手枪	shouqiang
手枪皮套	shouqiangpitao
手柄	shoubing
手榴弹	shouliudan
手段	shouduan
手油门	shouyoumen
手法	shoufa
手泵	shoubeng
手泵车	shoubengche
手球	shouqiu
手球场	shouqiuchang
手电筒	shoudiantong
手稿	shougao
手竿	shougan
手织机	shouzhiji
手绢	shoujuan
手续	shouxu
手续费	shouxufei
手腕	shouwan
手臂	shoubi
手舞足蹈	shouwuzudao
手艺	shouyi
手表	shoubiao
手袋	shoudai
手足发绀	shouzufagan
手足抽搐	shouzuchouchu
手轮	shoulun
手钻	shouzuan
手铃	shouling
手铐	shoukao
手铲	shouchan
手锥	shouzhui
手锯	shouju
手镜	shoujing
手镯	shouzhuo
手闸	shouzha
手风琴	shoufengqin
手风琴师	shoufengqinshi
手饰	shoushi
才华	caihua
才干	caigan
才智	caizhi
才能	caineng
扎	zha
扎伊尔	zhayier
扎根	zhagen
扎营	zhaying
扑动	pudong
扑打	puda
扑湿痛	pushitong
扑灭	pumie
扑通落下	putonglaxia
扑面粉	pumianfen
扒骨风	bagufeng
打上烙印	dashanglaoyin
打下	daxia
打伤	dashang
打倒	dadao
打入电话	darudianhua
打入管井	daruguanjing
打击	daji
打击率	dajilu
打包	dabao
打包钢丝	dabaogangsi
打包麻布	dabaomabu
打印机	dayinji
打印范围	dayinfanwei
打听	dating
打哈欠	dahaqian
打响指	daxiangzhi
打喷嚏	dapenti
打嗝	dage
打嗝儿	dageer
打孔	dakong
打官司	daguansi
打开	dakai
打扫	dasao
打扮	daban
打扰	darao
打折扣	dazhekou
打捞	dalao
打探	datan
打搅	dajiao
打断	daduan
打旋	daxuan
打杂	daza
打架	dajia
打气筒	daqitong
打洞	dadong
打滑	dahua
打滑刹车	dahuashache
打火机	dahuoji
打火石	dahuoshi
打烙印于	dalaoyinyu
打猎	dalie
打电话	dadianhua
打的工具	dadigongju
打眼于	dayanyu
打眼钉	dayanding
打破	dapo
打碎	dasui
打碗花	dawanhua
打碗花属	dawanhuashu
打算	dasuan
打结	dajie
打翻	dafan
打蛋器	dadanqi
打裥	dajian
打褶	dazhe
打谷	dagu
打败	dabai
打赌	dadu
打退堂鼓	datuitanggu
打量	daliang
打钟报时	dazhongbaoshi
打闹	danao
打雷	dalei
扔	reng
扔弃	rengqi
扔掉	rengdiao
托	tuo
托付	tuofu
托伊	tuoyi
托住	tuozhu
托座	tuozuo
托德	tuode
托拉斯	tuolasi
托板	tuoban
托架	tuojia
托梁	tuoliang
托盘	tuopan
托管	tuoguan
托管人	tuoguanren
托管基金	tuoguanjijin
托辞闪避	tuocishanbi
托运	tuoyun
托鲁番脂	tuolufanzhi
扣下	kouxia
扣传令	kouchuanling
扣子	kouzi
扣工资	kougongzi
扣押	kouya
扣押令	kouyaling
扣押财物	kouyacaiwu
扣拴物	koushuanwu
扣牢	koulao
扣环	kouhuan
扣留	kouliu
扣眼	kouyan
扣罚	koufa
扣薪水	kouxinshui
扣钩	kougou
扣除	kouchu
扣除额	kouchue
执政的	zhizhengde
执照	zhizhao
执行	zhixing
执行指令	zhixingzhiling
执行时间	zhixingshijian
执行死刑	zhixingsixing
执行私刑	zhixingsixing
执行纪律的	zhixingjilude
执行者	zhixingzhe
执迷不悟的	zhimibuwude
扩充	kuochong
扩充军备	kuochongjunbei
扩大	kuoda
扩孔	kuokong
扩展	kuozhan
扩展范围	kuozhanfanwei
扩开螺栓	kuokailuoshuan
扩张	kuozhang
扩张主义	kuozhangzhuyi
扩张剂	kuozhangji
扩张器	kuozhangqi
扩张药物	kuozhangyaowu
扩散	kuosan
扩散开	kuosankai
扩音器	kuoyinqi
扩音机	kuoyinji
扫	sao
扫射	saoshe
扫尾豪猪	saoweihaozhu
扫帚	saozhou
扫帚柄	saozhoubing
扫帚病	saozhoubing
扫帚糜子	saozhoumeizi
扫把	saoba
扫掠	saolue
扫描	saomiao
扫荡	saodang
扫视	saoshi
扫过	saoguo
扫除	saochu
扫雷	saolei
扫雷舰	saoleijian
扬名	yangming
扬声器	yangshengqi
扬氏模量	yangshimoliang
扭	niu
扭伤	niushang
扭动	niudong
扭屁股	niupigu
扭弯	niuwan
扭摆臀部	niubaitunbu
扭曲	niuqu
扭曲草	niuqucao
扭歪	niuwai
扭秧歌	niuyangge
扭紧	niujin
扮演	banyan
扯	che
扯下	chexia
扯丝皮	chesipi
扯开	chekai
扰乱	raoluan
扰动	raodong
扳机	banji
扳机鱼	banjiyu
扳机鲀属	banjitunshu
扳机鲀科	banjitunke
扶壁	fubi
扶手	fushou
扶手椅	fushouyi
扶手椅子	fushouyizi
扶栏支柱	fulanzhizhu
扶正	fuzheng
批准	pizhun
批准者	pizhunzhe
批准进入	pizhunjinru
批发	pifa
批发折扣	pifazhekou
批处理	pichuli
批评	piping
批评家	pipingjia
扼制	ezhi
扼杀	esha
扼死	esi
扼流线圈	eliuxianquan
扼要重述	eyaochongshu
找	zhao
找出	zhaochu
找到	zhaodao
找寻	zhaoxun
承保	chengbao
承兑	chengdui
承兑人	chengduiren
承办伙食	chengbanhuoshi
承办宴席	chengbanyanxi
承办酒席	chengbanjiuxi
承受	chengshou
承受住	chengshouzhu
承屑盘	chengxiepan
承担	chengdan
承担责任	chengdanzeren
承接	chengjie
承病	chengbing
承租人	chengzuren
承认	chengren
承认失败	chengrenshibai
承诺	chengnuo
承诺的	chengnuode
技工	jigong
技巧	jiqiao
技师	jishi
技术	jishu
技能	jineng
技艺	jiyi
技艺家	jiyijia
抄网	chaowang
抄袭	chaoxi
抄近路	chaojinlu
抉择	jueze
把存入银行	bacunruyinhang
把帐过入	bazhangguoru
把弄熄	banongxi
把戏	baxi
把手	bashou
把持	bachi
把握	bawo
把柄	babing
把目光移开	bamuguangyikai
把脸转开	balianzhuankai
把集中起来	bajizhongqilai
抑制	yizhi
抑制剂	yizhiji
抑制性的	yizhixingde
抑制物	yizhiwu
抑制素	yizhisu
抑压	yiya
抑扬抑格	yiyangyige
抑抑扬格	yiyiyangge
抑菌作用	yijunzuoyong
抑菌剂	yijunji
抑郁	yiyu
抑郁症	yiyuzheng
抑酸剂	yisuanji
抓	zhua
抓住	zhuazhu
抓到	zhuadao
抓取	zhuaqu
抓斗	zhuadou
抓紧	zhuajin
抓紧时机	zhuajinshiji
抓获	zhuahuo
抓钩	zhuagou
投	tou
投保	toubao
投入	touru
投宿	tousu
投宿在	tousuzai
投射	toushe
投币孔	toubikong
投弃	touqi
投弃物	touqiwu
投影	touying
投影屏幕	touyingpingmu
投掷	touzhi
投机	touji
投机事业	toujishiye
投机生意	toujishengyi
投标	toubiao
投棒	toubang
投注	touzhu
投注店	touzhudian
投石器	toushiqi
投石机	toushiji
投票	toupiao
投票人	toupiaoren
投票信托	toupiaoxintuo
投票决定	toupiaojueding
投票反对	toupiaofandui
投票日	toupiaori
投票用纸	toupiaoyongzhi
投票箱	toupiaoxiang
投票选举	toupiaoxuanju
投票选出	toupiaoxuanchu
投篮	toulan
投胎	toutai
投资	touzi
投资回报率	touzihuibaolu
投资的回收	touzidehuishou
投资额	touzie
投递	toudi
投降	touxiang
抖动	doudong
抖缩	dousuo
抗争	kangzheng
抗代谢物	kangdaixiewu
抗代谢药	kangdaixieyao
抗住	kangzhu
抗体	kangti
抗体物质	kangtiwuzhi
抗凝血	kangningxue
抗凝血剂	kangningxueji
抗利尿剂	kangliniaoji
抗刺激剂	kangcijiji
抗原	kangyuan
抗惊厥剂	kangjingjueji
抗抑郁剂	kangyiyuji
抗抑郁药	kangyiyuyao
抗拒	kangju
抗梅毒药	kangmeiduyao
抗梅毒药物	kangmeiduyaowu
抗毒素	kangdusu
抗气胀药	kangqizhangyao
抗氧化剂	kangyanghuaji
抗滴虫药	kangdichongyao
抗炎药	kangyanyao
抗焦虑药	kangjiaoluyao
抗爆剂	kangbaoji
抗爆的	kangbaode
抗生	kangsheng
抗生素	kangshengsu
抗疟药	kangnueyao
抗病毒素	kangbingdusu
抗病毒药	kangbingduyao
抗痉挛剂	kangjingluanji
抗真菌药	kangzhenjunyao
抗磁体	kangciti
抗组织胺剂	kangzuzhianji
抗组织胺药	kangzuzhianyao
抗组胺剂	kangzuanji
抗组胺药	kangzuanyao
抗腹泻药剂	kangfuxieyaoji
抗荷服	kanghefu
抗荷衣	kangheyi
抗菌作用	kangjunzuoyong
抗菌剂	kangjunji
抗菌法	kangjunfa
抗菌物质	kangjunwuzhi
抗菌素	kangjunsu
抗蛇毒素	kangshedusu
抗议	kangyi
抗辩	kangbian
抗酸剂	kangsuanji
抗酸的	kangsuande
抗酸药	kangsuanyao
抗震剂	kangzhenji
抗震的	kangzhende
抗霉素	kangmeisu
抗霉菌药	kangmeijunyao
折	zhe
折中	zhezhong
折价物	zhejiawu
折价费用	zhejiafeiyong
折入	zheru
折凳	zhedeng
折刀	zhedao
折叠	zhedie
折叠床	zhediechuang
折叠椅	zhedieyi
折叠物	zhediewu
折叠门	zhediemen
折射率	zheshelu
折射角	zheshejiao
折扣	zhekou
折断	zheduan
折旧提成	zhejiuticheng
折旧率	zhejiulu
折旧补助	zhejiubuzhu
折旧费	zhejiufei
折曲	zhequ
折术	zheshu
折椅	zheyi
折流板	zheliuban
折痕	zhehen
折磨	zhemo
折篷汽车	zhepengqiche
折褶	zhezhe
折襞	zhebi
折起	zheqi
抚养	fuyang
抚养费	fuyangfei
抚恤基金	fuxujijin
抚恤金	fuxujin
抚慰	fuwei
抚慰地	fuweidi
抚摩	fumo
抚育	fuyu
抛	pao
抛光	paoguang
抛光的	paoguangde
抛光轮	paoguanglun
抛售	paoshou
抛弃	paoqi
抛掷	paozhi
抛物线	paowuxian
抛物面	paowumian
抛石	paoshi
抛空账户	paokongzhanghu
抛锚	paomao
抛锚处	paomaochu
抢	qiang
抢到	qiangdao
抢劫	qiangjie
抢去	qiangqu
抢土地者	qiangtudizhe
抢夺	qiangduo
抢救	qiangjiu
抢救操作	qiangjiucaozuo
护卫	huwei
护卫舰	huweijian
护喉甲胄	huhoujiazhou
护坡道	hupodao
护垫	hudian
护城河	huchenghe
护堤	hudi
护墙板	huqiangban
护壁板	hubiban
护士	hushi
护患关系	huhuanguanxi
护手	hushou
护指套	huzhitao
护指罩	huzhizhao
护教学	hujiaoxue
护照	huzhao
护理	huli
护目镜	humujing
护符	hufu
护肘	huzhou
护胫	hujing
护胫甲	hujingjia
护胸	huxiong
护腕	huwan
护腿	hutui
护腿甲	hutuijia
护膝	huxi
护膝甲	huxijia
护膝部分	huxibufen
护臂	hubi
护航	huhang
护花使者	huhuashizhe
护裆	hudang
护踝	huhuai
护身符	hushenfu
护运	huyun
护送	husong
护门帽钉	humenmaoding
护面具	humianju
护面甲	humianjia
护面罩	humianzhao
报	bao
报仇	baochou
报价	baojia
报价单	baojiadan
报偿	baochang
报告	baogao
报复	baofu
报导	baodao
报幕员	baomuyuan
报应	baoying
报废	baofei
报死窃蠹	baosiqiedu
报章	baozhang
报答	baoda
报纸	baozhi
报警系统	baojingxitong
报道	baodao
报酬	baochou
报酬率	baochoulu
抨击	pengji
披毛犀	pimaoxi
披索	pisuo
披肩	pijian
披针形叶	pizhenxingye
披风	pifeng
抬	tai
抬价	taijia
抬起	taiqi
抬高	taigao
抬高价格	taigaojiage
抱	bao
抱反感	baofangan
抱怨	baoyuan
抱抱	baobao
抱树莲	baoshulian
抱歉	baoqian
抱歉地	baoqiandi
抱紧	baojin
抱茎叶	baojingye
抱负	baofu
抵减税额	dijianshuie
抵制	dizhi
抵御	diyu
抵抗	dikang
抵押	diya
抵押借款	diyajiekuan
抵押债券	diyazhaiquan
抵押凭据	diyapingju
抵押品	diyapin
抵押权益	diyaquanyi
抵押物	diyawu
抵押贷款	diyadaikuan
抵押金	diyajin
抵消	dixiao
抵消关税	dixiaoguanshui
抵消金	dixiaojin
抵触	dichu
抵达	dida
抵达时间	didashijian
抵销	dixiao
抹去	moqu
抹墙粉	moqiangfen
抹布	mabu
抹掉	modiao
抹香鲸	moxiangjing
抹香鲸属	moxiangjingshu
抹香鲸科	moxiangjingke
押头韵	yatouyun
押金	yajin
押韵	yayun
抽出	chouchu
抽出器	chouchuqi
抽出时间	chouchushijian
抽动	choudong
抽取	chouqu
抽取精华	chouqujinghua
抽吸	chouxi
抽头	choutou
抽屉	chouti
抽屉柜	choutigui
抽彩出售	choucaichushou
抽彩售货	choucaishouhuo
抽得出	choudechu
抽打	chouda
抽搐	chouchu
抽条	choutiao
抽样率	chouyanglu
抽气机	chouqiji
抽水	choushui
抽水机	choushuiji
抽水马桶	choushuimatong
抽烟	chouyan
抽痛	choutong
抽筋	choujin
抽签	chouqian
抽花绣	chouhuaxiu
抽象	chouxiang
抽象主义	chouxiangzhuyi
抽象化	chouxianghua
抽象画	chouxianghua
抽象者	chouxiangzhe
抽象艺术	chouxiangyishu
抽风机	choufengji
抿	min
抿吸	minxi
拂晓	fuxiao
担	dan
担任	danren
担任主席	danrenzhuxi
担任代表	danrendaibiao
担任纠察	danrenjiucha
担保	danbao
担保债券	danbaozhaiquan
担保物权	danbaowuquan
担子	danzi
担子菌	danzijun
担子菌亚门	danzijunyamen
担子菌地衣	danzijundiyi
担子菌属	danzijunshu
担子菌纲	danzijungang
担当	dandang
担心	danxin
担忧	danyou
担架车	danjiache
拆卸	chaixie
拆开	chaikai
拆毁	chaihui
拆车场	chaichechang
拇囊炎	munangyan
拇指	muzhi
拉伸	lashen
拉出	lachu
拉刮刀	laguadao
拉塞福	lasaifu
拉屎	lashi
拉广告者	laguanggaozhe
拉开	lakai
拉得	lade
拉拉菀	lalawan
拉拉藤属	lalatengshu
拉拢	lalong
拉提琴的弓	latiqindegong
拉条	latiao
拉比月	labiyue
拉沙热	lashare
拉法	lafa
拉火绳	lahuosheng
拉特	late
拉特兰宫	latelangong
拉皮条	lapitiao
拉米夫定	lamifuding
拉紧	lajin
拉紧绳子	lajinshengzi
拉莱柱	lalaizhu
拉裂	lalie
拉贝洛尔	labeiluoer
拉近观察	lajinguancha
拉里	lali
拉铃索	lalingsuo
拉雪橇的狗	laxueqiaodegou
拉马兹法	lamazifa
拉魁拉	lakuila
拋弃	paoqi
拌嘴	banzui
拍	pai
拍击	paiji
拍动	paidong
拍卖	paimai
拍卖人	paimairen
拍卖台	paimaitai
拍卖商	paimaishang
拍卖行	paimaihang
拍子	paizi
拍子机	paiziji
拍字节	paizijie
拍它字节	paitazijie
拍手	paishou
拍手喝彩	paishouhecai
拍手喝采	paishouhecai
拍打	paida
拍拉息昂	pailaxiang
拍摄	paishe
拐	guai
拐入	guairu
拐带	guaidai
拐弯	guaiwan
拐弯抹角	guaiwanmojiao
拐杖	guaizhang
拐角	guaijiao
拒不承认	jubuchengren
拒冬	judong
拒受	jushou
拒木	jumu
拒绝	jujue
拒绝兑付	jujueduifu
拒绝兑现	jujueduixian
拒绝承认	jujuechengren
拒绝接受	jujuejieshou
拒绝接纳	jujuejiena
拒绝注意	jujuezhuyi
拒绝相信	jujuexiangxin
拒绝购买	jujuegoumai
拓印	tayin
拓宽	tuokuan
拓本	taben
拔出	bachu
拔去羽毛	baquyumao
拔羽毛	bayumao
拔营	baying
拔钉斧	badingfu
拔靴带	baxuedai
拖	tuo
拖住	tuozhu
拖动	tuodong
拖延	tuoyan
拖得很久	tuodehenjiu
拖把柄	tuobabing
拖拉	tuola
拖拽系数	tuozhuaixishu
拖挂房车	tuoguafangche
拖欠	tuoqian
拖沓行走	tuotaxingzou
拖索	tuosuo
拖累	tuolei
拖货车的马	tuohuochedema
拖车住房	tuochezhufang
拖迟	tuochi
拖鞋花	tuoxiehua
拘押	juya
拘捕	jubu
拘束	jushu
拘泥形式	junixingshi
拘留	juliu
拘留所	juliusuo
拘禁	jujin
拘谨的	jujinde
拙劣的画	zhuoliedehua
招供	zhaogong
招待	zhaodai
招待会	zhaodaihui
招待所	zhaodaisuo
招手	zhaoshou
招摇地	zhaoyaodi
招收	zhaoshou
招潮属蟹	zhaochaoshuxie
招潮蟹	zhaochaoxie
招潮蟹属	zhaochaoxieshu
招牌	zhaopai
招致	zhaozhi
招藤	zhaoteng
招豆藤	zhaodouteng
招贴	zhaotie
招魂术士	zhaohunshushi
拜倒	baidao
拜托	baituo
拜神	baishen
拜萨	baisa
拜访	baifang
拟人	niren
拟人论	nirenlun
拟副交感	nifujiaogan
拟南芥	ninanjie
拟南芥菜	ninanjiecai
拟娩	nimian
拟庸鲽属	niyongdieshu
拟李科	nilike
拟柱体	nizhuti
拟栉蚕属	nizhicanshu
拟栉蚕科	nizhicanke
拟步行虫	nibuxingchong
拟熊蜂属	nixiongfengshu
拟石蟹	nishixie
拟石蟹属	nishixieshu
拟石首鱼属	nishishouyushu
拟羊鱼属	niyangyushu
拟美国薄荷	nimeiguobohe
拟芫荽属	niyansuishu
拟西鲱	nixifei
拟隐棘鳚属	niyinjiweishu
拟鲤属	nilishu
拟鲤科	nilike
拣	jian
拥戴	yongdai
拥护	yonghu
拥抱	yongbao
拥挤	yongji
拥有	yongyou
拥有土地	yongyoutudi
拦截机	lanjieji
拦牛木栅	lanniumushan
拦路抢劫	lanluqiangjie
拦路虎	lanluhu
拦阻	lanzu
拧	ning
拧上	ningshang
拧紧	ningjin
拨号	bohao
拨号盘	bohaopan
拨奏地	bozoudi
拨弄	bonong
拨弦键琴	boxianjianqin
拨据奏法地	bojuzoufadi
拨旺	bowang
拨款	bokuan
拨给	bogei
拨赠的土地	bozengdetudi
括号	kuohao
拭去	shiqu
拭除	shichu
拮抗药	jiekangyao
拮据	jieju
拯救	zhengjiu
拱	gong
拱壁	gongbi
拱座	gongzuo
拱廊	gonglang
拱形	gongxing
拱形物	gongxingwu
拱形结构	gongxingjiegou
拱心石	gongxinshi
拱扶垛	gongfuduo
拱桥	gongqiao
拱点	gongdian
拱背线	gongbeixian
拱腹线	gongfuxian
拱道	gongdao
拱门	gongmen
拱顶	gongding
拱顶石	gongdingshi
拳	quan
拳击场	quanjichang
拳击手套	quanjishoutao
拳击设备	quanjishebei
拳头	quantou
拳头部门	quantoubumen
拳师狗	quanshigou
拳打	quanda
拴	shuan
拴牢	shuanlao
拴马杆	shuanmagan
拴马桩	shuanmazhuang
拷打	kaoda
拷贝	kaobei
拷问	kaowen
拼	pin
拼写	pinxie
拼凑	pincou
拼命地干	pinmingdigan
拼命工作	pinminggongzuo
拼命逃走	pinmingtaozou
拼图	pintu
拼字	pinzi
拼搏	pinbo
拼生	pinsheng
拼贴	pintie
拼音化	pinyinhua
拼音文字	pinyinwenzi
拾	shi
拾起	shiqi
拿下	naxia
拿出	nachu
拿回	nahui
拿起	naqi
持	chi
持久	chijiu
持异议	chiyiyi
持有	chiyou
持械抢劫	chixieqiangjie
持续	chixu
持续力	chixuli
持续勃起症	chixuboqizheng
持续时态	chixushitai
持续时间	chixushijian
持续期间	chixuqijian
持续的时间	chixudeshijian
持续飞行	chixufeixing
持股人	chiguren
挂	gua
挂名差事	guamingchaishi
挂帘	gualian
挂廓鞭	guakuobian
挂念	guanian
挂断电话	guaduandianhua
挂肉的钩子	guaroudegouzi
挂衣钩	guayigou
挂金灯	guajindeng
挂钩	guagou
指	zhi
指令	zhiling
指出	zhichu
指出位置	zhichuweizhi
指南	zhinan
指南针	zhinanzhen
指压	zhiya
指向	zhixiang
指天椒	zhitianjiao
指头	zhitou
指头脓炎	zhitounongyan
指孔	zhikong
指定	zhiding
指定用途	zhidingyongtu
指定的	zhidingde
指导	zhidao
指导关系	zhidaoguanxi
指导员	zhidaoyuan
指导教授	zhidaojiaoshou
指导方针	zhidaofangzhen
指导路线	zhidaoluxian
指幅	zhifu
指挥	zhihui
指挥塔	zhihuita
指挥塔台	zhihuitatai
指挥所	zhihuisuo
指挥操舵	zhihuicaoduo
指挥棒	zhihuibang
指挥者	zhihuizhe
指挥舱	zhihuicang
指挥部	zhihuibu
指挥驾驶	zhihuijiashi
指控	zhikong
指摘	zhizhai
指数	zhishu
指数函数	zhishuhanshu
指数化	zhishuhua
指数寄存器	zhishujicunqi
指数曲线	zhishuquxian
指时针	zhishizhen
指明	zhiming
指望	zhiwang
指板	zhiban
指标	zhibiao
指派	zhipai
指猴	zhihou
指猴属	zhihoushu
指猴科	zhihouke
指甲	zhijia
指甲兰	zhijialan
指画	zhihua
指痉病	zhijingbing
指示	zhishi
指示器	zhishiqi
指节铜套	zhijietongtao
指节铜环	zhijietonghuan
指责	zhize
指针	zhizhen
指顶花	zhidinghua
指骨炎	zhiguyan
按地区组成	andiquzucheng
按季度	anjidu
按揭	anjie
按摩	anmo
按摩棒	anmobang
按摩院	anmoyuan
按比例减少	anbilijianshao
按比例分配	anbilifenpei
按比例增减	anbilizengjian
按比例缩减	anbilisuojian
按比例缩小	anbilisuoxiao
按照	anzhao
按路线发送	anluxianfasong
按钟点	anzhongdian
按钮	anniu
按铃	anling
挑出	tiaochu
挑剔	tiaoti
挑卖	tiaomai
挑战	tiaozhan
挑拣	tiaojian
挑檐	tiaoyan
挑衅	tiaoxin
挑衅者	tiaoxinzhe
挑起	tiaoqi
挑选	tiaoxuan
挑逗	tiaodou
挖出	wachu
挖开	wakai
挖战壕	wazhanhao
挖掘	wajue
挖掘的洞	wajuededong
挖斗	wadou
挖核器	waheqi
挖槽器	wacaoqi
挖槽机	wacaoji
挖泥机	waniji
挖泥桶	wanitong
挖泥船	wanichuan
挖洞	wadong
挖洞器	wadongqi
挖穴器	waxueqi
挖空	wakong
挖花刺绣	wahuacixiu
挚爱的	zhiaide
挛缩	luansuo
挞地沙	tadisha
挟剑豆	xiejiandou
挠	nao
挡书板	dangshuban
挡光板	dangguangban
挡板	dangban
挡泥板	dangniban
挡浪板	danglangban
挡雪板	dangxueban
挣	zheng
挣得	zhengde
挣扎	zhengzha
挣扎的	zhengzhade
挤作一团	jizuoyituan
挤入	jiru
挤出	jichu
挤压	jiya
挤压出	jiyachu
挤向	jixiang
挤奶凳	jinaideng
挤奶机	jinaiji
挤满	jiman
挤进	jijin
挥	hui
挥动	huidong
挥手示意	huishoushiyi
挥手致意	huishouzhiyi
挥舞	huiwu
挥霍	huihuo
挥霍无度	huihuowudu
挨近	aijin
挨饿	aie
挨饿状态	aiezhuangtai
挨饿的	aiede
挨骂	aima
挪威克朗	nuoweikelang
挪威枫树	nuoweifengshu
挪威海螯虾	nuoweihaiaoxia
挪威猎狗	nuoweiliegou
挪威老鼠	nuoweilaoshu
挪用	nuoyong
挪用者	nuoyongzhe
挫伤	cuoshang
挫伤元气	cuoshangyuanqi
挫折	cuozhe
挫败	cuobai
振	zhen
振作	zhenzuo
振兴	zhenxing
振动	zhendong
振动板	zhendongban
振荡	zhendang
挺直	tingzhi
挺直身子	tingzhishenzi
挺起	tingqi
挺身而出	tingshenerchu
挽	wan
挽具	wanju
挽回	wanhui
挽救	wanjiu
挽马	wanma
捅	tong
捆	kun
捆扎	kunza
捆束机	kunshuji
捆牢	kunlao
捆石龙	kunshilong
捆绑	kunbang
捆缚用具	kunfuyongju
捉到	zhuodao
捉弄	zhuonong
捍卫	hanwei
捏	nie
捏伤	nieshang
捏制	niezhi
捏褶	niezhe
捏造	niezao
捐助	juanzhu
捐助物	juanzhuwu
捐款	juankuan
捐献	juanxian
捐赠	juanzeng
捐赠人	juanzengren
捐赠基金	juanzengjijin
捐赠者	juanzengzhe
捕人陷阱	burenxianjing
捕手面罩	bushoumianzhao
捕捉	buzhuo
捕获	buhuo
捕获赏金	buhuoshangjin
捕获量	buhuoliang
捕虫堇	buchongjin
捕虫堇属	buchongjinshu
捕虫木科	buchongmuke
捕蝇器	buyingqi
捕蝇幌属	buyinghuangshu
捕蝇幌科	buyinghuangke
捕蝇纸	buyingzhi
捕蝇草	buyingcao
捕蝇草属	buyingcaoshu
捕蝉蜂	buchanfeng
捕食者	bushizhe
捕鲸炮	bujingpao
捕鸟猎犬	buniaoliequan
捕鼠梗犬	bushugengquan
损伤	sunshang
损坏	sunhuai
损坏量	sunhuailiang
损失	sunshi
损失控制	sunshikongzhi
损害	sunhai
损形	sunxing
损毁量	sunhuiliang
损益账	sunyizhang
损耗	sunhao
损耗率	sunhaolu
损耗量	sunhaoliang
捡	jian
捡出	jianchu
捡起	jianqi
换	huan
换主人	huanzhuren
换乘	huancheng
换位	huanwei
换档机构	huandangjigou
换毛	huanmao
换气过度	huanqiguodu
换流器	huanliuqi
换相	huanxiang
换碟机	huandieji
换称	huancheng
换算因数	huansuanyinshu
换羽	huanyu
换能	huanneng
换船	huanchuan
换行	huanhang
换衣车	huanyiche
捣碎器	daosuiqi
捩颈	liejing
据说	jushuo
捶打	chuida
捻	nian
捻成	niancheng
捻缝胶	nianfengjiao
授乳	shouru
授予	shouyu
授予封地	shouyufengdi
授予权利	shouyuquanli
授予权力	shouyuquanli
授予爵位	shouyujuewei
授予称号	shouyuchenghao
授予荣誉	shouyurongyu
授予酬谢	shouyuchouxie
授予采邑	shouyucaiyi
授于	shouyu
授以爵位	shouyijuewei
授勋给	shouxungei
授圣职	shoushengzhi
授权	shouquan
授权信托	shouquanxintuo
授权制作	shouquanzhizuo
授爵	shoujue
授粉者	shoufenzhe
授课日	shoukeri
掉	diao
掉下	diaoxia
掉头	diaotou
掉换	diaohuan
掉落	diaoluo
掉队	diaodui
掌中木偶	zhangzhongmuou
掌叶大黄	zhangyedahuang
掌属	zhangshu
掌握	zhangwo
掌状叶	zhangzhuangye
掌距	zhangju
掌部的	zhangbude
掌骨的	zhanggude
掐	qia
掐不齐	qiabuqi
掐死	qiasi
掐灭	qiamie
排	pai
排便	paibian
排出	paichu
排列	pailie
排卵	pailuan
排卵停止	pailuantingzhi
排卵抑制	pailuanyizhi
排名	paiming
排外	paiwai
排外主义	paiwaizhuyi
排定	paiding
排尿	painiao
排尿困难	painiaokunnan
排尿犹豫	painiaoyouyu
排尿痛	painiaotong
排干	paigan
排序	paixu
排成一行	paichengyixing
排成排	paichengpai
排成线	paichengxian
排成行	paichenghang
排掉水	paidiaoshui
排放	paifang
排斥	paichi
排气	paiqi
排气口	paiqikou
排气扇	paiqishan
排气管	paiqiguan
排气系统	paiqixitong
排气罩	paiqizhao
排气阀	paiqifa
排气集管	paiqijiguan
排水	paishui
排水器	paishuiqi
排水天沟	paishuitiangou
排水孔	paishuikong
排水沟	paishuigou
排水管	paishuiguan
排水系统	paishuixitong
排泄	paixie
排泄失禁	paixieshijin
排泄物	paixiewu
排泄腺	paixiexian
排烟	paiyan
排犹者	paiyouzhe
排空	paikong
排粪	paifen
排练	pailian
排草属	paicaoshu
排走	paizou
排钟	paizhong
排钩	paigou
排锯	paiju
排队	paidui
排队等候	paiduidenghou
排除	paichu
排除异己	paichuyiji
排除污染	paichuwuran
排除集中	paichujizhong
排香草	paixiangcao
排骨虾	paiguxia
排骨虾属	paiguxiashu
掘	jue
掘出	juechu
掘土的动物	juetudedongwu
掘地	juedi
掘足类	juezulei
掘足纲	juezugang
掠夺	lueduo
掠夺物	lueduowu
掠夺者	lueduozhe
掠过	lueguo
探出	tanchu
探听	tanting
探寻水源	tanxunshuiyuan
探戈	tange
探查	tancha
探水杖	tanshuizhang
探测	tance
探测器	tanceqi
探照灯	tanzhaodeng
探知	tanzhi
探矿杖	tankuangzhang
探索	tansuo
探询	tanxun
探问	tanwen
探险	tanxian
探雷器	tanleiqi
接	jie
接到	jiedao
接力棒	jielibang
接受	jieshou
接受批评	jieshoupiping
接受责罚	jieshouzefa
接受遗产	jieshouyichan
接口电路	jiekoudianlu
接合	jiehe
接合剂	jieheji
接合器	jieheqi
接合处	jiehechu
接合孢子	jiehebaozi
接合板	jieheban
接合胶	jiehejiao
接合菌亚纲	jiehejunyagang
接听	jieting
接吻	jiewen
接回	jiehui
接地	jiedi
接待	jiedai
接待室	jiedaishi
接手	jieshou
接手从事	jieshoucongshi
接手处理	jieshouchuli
接收	jieshou
接收效果	jieshouxiaoguo
接收机	jieshouji
接替	jieti
接机口	jiejikou
接水盘	jieshuipan
接油盘	jieyoupan
接界处	jiejiechu
接目镜	jiemujing
接着	jiezhe
接着说	jiezheshuo
接种	jiezhong
接管	jieguan
接纳	jiena
接续草	jiexucao
接触	jiechu
接触酵素	jiechujiaosu
接近	jiejin
接近权	jiejinquan
接近球	jiejinqiu
接连处	jielianchu
接骨木属	jiegumushu
接骨草	jiegucao
控制	kongzhi
控制住	kongzhizhu
控制器	kongzhiqi
控制塔	kongzhita
控制室	kongzhishi
控制操作	kongzhicaozuo
控制权益	kongzhiquanyi
控制杆	kongzhigan
控制棒	kongzhibang
控制电路	kongzhidianlu
控制系统	kongzhixitong
控制股权	kongzhiguquan
控制药物	kongzhiyaowu
控告	konggao
控诉	kongsu
控诉者	kongsuzhe
推	tui
推举	tuiju
推事	tuishi
推出	tuichu
推动	tuidong
推动力	tuidongli
推卸	tuixie
推土机	tuituji
推定信托	tuidingxintuo
推广	tuiguang
推广的	tuiguangde
推敲	tuiqiao
推杆	tuigan
推测	tuice
推理	tuili
推理原则	tuiliyuanze
推翻	tuifan
推荐	tuijian
推论	tuilun
推车	tuiche
推进	tuijin
推进一步	tuijinyibu
推进剂	tuijinji
推进燃料	tuijinranliao
推迟	tuichi
推选	tuixuan
推销	tuixiao
推销业务	tuixiaoyewu
推销的	tuixiaode
推销费	tuixiaofei
掩埋	yanmai
掩护	yanhu
掩盖	yangai
掩蔽	yanbi
掩蔽物	yanbiwu
掩藏	yancang
掩饰	yanshi
掩饰的	yanshide
措施	cuoshi
措辞	cuoci
掮客	qianke
掷	zhi
掷边线球	zhibianxianqiu
掸	dan
掸掉	dandiao
掺假	canjia
掺入物	canruwu
掺和	chanhuo
掺杂	canza
掺杂剂	canzaji
掺杂物	canzawu
掺杂的	canzade
掺杂过的	canzaguode
掺水股	canshuigu
揉	rou
揉成	roucheng
揉搓	roucuo
揉擦	rouca
描写	miaoxie
描绘	miaohui
描述	miaoshu
描迹仪	miaojiyi
提交	tijiao
提交物	tijiaowu
提供	tigong
提供庇护	tigongbihu
提供托臂	tigongtuobi
提供管子	tigongguanzi
提供资金	tigongzijin
提供钥匙	tigongyaoshi
提供铺位	tigongpuwei
提供隐蔽	tigongyinbi
提供食宿	tigongshisu
提倡	tichang
提倡者	tichangzhe
提出	tichu
提出异议	tichuyiyi
提出疑问	tichuyiwen
提出诉讼	tichususong
提到	tidao
提前使用	tiqianshiyong
提升	tisheng
提升泵	tishengbeng
提及	tiji
提取	tiqu
提名	timing
提审	tishen
提恩	tien
提成	ticheng
提拔	tiba
提斯利月	tisiliyue
提早日期	tizaoriqi
提案	tian
提款	tikuan
提灯	tideng
提炼	tilian
提炼出	tilianchu
提示	tishi
提神饮料	tishenyinliao
提纯	tichun
提花	tihua
提花织机	tihuazhiji
提花织物	tihuazhiwu
提薪	tixin
提要	tiyao
提议	tiyi
提讯	tixun
提起	tiqi
提醒	tixing
提醒者	tixingzhe
提问	tiwen
提靴带	tixuedai
提高	tigao
提高赌注	tigaoduzhu
插入	charu
插入物	charuwu
插入画面	charuhuamian
插入管道	charuguandao
插入镜头	charujingtou
插嘴	chazui
插图	chatu
插孔	chakong
插座	chazuo
插手	chashou
插条	chatiao
插板	chaban
插枝	chazhi
插槽	chacao
插画	chahua
插管	chaguan
插话	chahua
揠苗助长	yamiaozhuzhang
握住	wozhu
揩	kai
揩净	kaijing
揩油	kaiyou
揭发	jiefa
揭开	jiekai
揭示	jieshi
揭示板	jieshiban
揭穿	jiechuan
揭露	jielu
援助	yuanzhu
援助之手	yuanzhuzhishou
援救	yuanjiu
揶揄	yeyu
揿	qin
搀	chan
搀假的人	chanjiaderen
搀和石膏	chanhuoshigao
搀扶	chanfu
搀杂	chanza
搀水股本	chanshuiguben
搁放	gefang
搁架	gejia
搁死	gesi
搁置	gezhi
搁脚板	gejiaoban
搂抱	loubao
搂接草	loujiecao
搂搂	loulou
搅	jiao
搅乱	jiaoluan
搅乳器	jiaoruqi
搅动	jiaodong
搅扰	jiaorao
搅拌	jiaoban
搅拌器	jiaobanqi
搅碎机	jiaosuiji
搅糟	jiaozao
搅蛋器	jiaodanqi
搏动	bodong
搏斗	bodou
搓	cuo
搓成	cuocheng
搓揉	cuorou
搓纹革	cuowenge
搔	sao
搜到	soudao
搜寻	souxun
搜寻出	souxunchu
搜寻粮草	souxunliangcao
搜捕	soubu
搜查	soucha
搜查证	souchazheng
搜索	sousuo
搜集	souji
搞坏	gaohuai
搞糟	gaozao
搪瓷器	tangciqi
搪瓷器皿	tangciqimin
搪瓷炊具	tangcichuiju
搬出	banchu
搬家	banjia
搬家费	banjiafei
搬空	bankong
搬迁	banqian
搬运	banyun
搬运器	banyunqi
搬运工	banyungong
搬运工具	banyungongju
搬运费	banyunfei
搭乘飞机	dachengfeiji
搭便车	dabianche
搭扣	dakou
搭接叠覆	dajiediefu
搭接处	dajiechu
搭讪	dashan
搭车	dache
搭配	dapei
搭钩	dagou
携	xie
携带	xiedai
搽	cha
搽剂	chaji
摄像机	shexiangji
摄入	sheru
摄取	shequ
摄影	sheying
摄影师	sheyingshi
摄影术	sheyingshu
摄政时期	shezhengshiqi
摄氏度	sheshidu
摄氏温标	sheshiwenbiao
摄食过度	sheshiguodu
摆	bai
摆动	baidong
摆姿势	baizishi
摆布	baibu
摆架子	baijiazi
摆渡	baidu
摆线	baixian
摆脱	baituo
摆脱压力	baituoyali
摆脱纠缠	baituojiuchan
摆轮	bailun
摇	yao
摇动	yaodong
摇动的	yaodongde
摇头丸	yaotouwan
摇摄	yaoshe
摇摆	yaobai
摇摆不定	yaobaibuding
摇摆症	yaobaizheng
摇摇欲坠	yaoyaoyuzhui
摇摇欲坠的	yaoyaoyuzhuide
摇晃	yaohuang
摇晃的	yaohuangde
摇曳	yaoye
摇曳不定	yaoyebuding
摇桨	yaojiang
摇滚	yaogun
摇滚乐	yaogunyue
摇滚音乐	yaogunyinyue
摇篮	yaolan
摇篮车	yaolanche
摇蚊属	yaowenshu
摇蚊科	yaowenke
摇钻曲柄	yaozuanqubing
摇首	yaoshou
摈弃	binqi
摈绝	binjue
摊子	tanzi
摊还	tanhai
摊销	tanxiao
摔	shuai
摔倒	shuaidao
摔跤	shuaijiao
摔跤场	shuaijiaochang
摘	zhai
摘引	zhaiyin
摘录	zhailu
摘要	zhaiyao
摞合	luohe
摧残儿童	cuicanertong
摧毁	cuihui
摩天轮	motianlun
摩托自行车	motuozixingche
摩托车	motuoche
摩擦	moca
摩擦力	mocali
摩擦生热	mocashengre
摩擦离合器	mocaliheqi
摩擦系数	mocaxishu
摩擦脱色	mocatuose
摩根	mogen
摩根菇	mogengu
摩根马	mogenma
摩洛哥皮	moluogepi
摩洛哥第拉姆	moluogedilamu
摩洛哥革	moluogege
摩登	modeng
摩肯	moken
摩醇	mochun
摩门螽斯	momenzhongsi
摸弄	monong
摸彩袋	mocaidai
摸着是	mozheshi
摸索	mosuo
摸索着	mosuozhe
摹拟	moni
摹本	moben
撅嘴地	juezuidi
撇开	piekai
撑墙	chengqiang
撑篙	chenggao
撑裙箍	chengqungu
撒姆	samu
撒尿	saniao
撒谎	sahuang
撕下	sixia
撕扯	siche
撕掉	sidiao
撕破	sipo
撕碎	sisui
撕脱	situo
撕裂	silie
撞	zhuang
撞倒	zhuangdao
撞击	zhuangji
撞球	zhuangqiu
撞钟	zhuangzhong
撤出	chechu
撤回	chehui
撤回诉讼	chehuisusong
撤消	chexiao
撤消告诉	chexiaogaosu
撤职	chezhi
撤营	cheying
撤资	chezi
撤退	chetui
撬杆	qiaogan
撬棍	qiaogun
播报	bobao
播种	bozhong
播种时期	bozhongshiqi
播种期	bozhongqi
播送	bosong
播音员	boyinyuan
播音室	boyinshi
撮	cuo
撰稿者	zhuangaozhe
撵	nian
擅用者	shanyongzhe
擅自入场	shanziruchang
擅自占用	shanzizhanyong
擅自尝试	shanzichangshi
擅自行动	shanzixingdong
擅自进入	shanzijinru
擅自闯入	shanzichuangru
擅长	shanchang
操作	caozuo
操作上地	caozuoshangdi
操作块	caozuokuai
操场	caochang
操心	caoxin
操纵	caozong
操纵台	caozongtai
操纵台面	caozongtaimian
操纵杆	caozonggan
操纵轮	caozonglun
操练	caolian
操练士兵	caolianshibing
擒纵轮	qinzonglun
擒获	qinhuo
擦亮	caliang
擦亮剂	caliangji
擦伤	cashang
擦光	caguang
擦剂	caji
擦去	caqu
擦子	cazi
擦干	cagan
擦掉	cadiao
擦桌草	cazhuocao
擦洗的	caxide
擦热	care
擦疼	cateng
擦痛	catong
擦脚垫	cajiaodian
擦草	cacao
擦菜板	cacaiban
擦除	cachu
攀升	pansheng
攀登	pandeng
攀缘架	panyuanjia
攀缘植物	panyuanzhiwu
攀附	panfu
攀鲈	panlu
攀鲈属	panlushu
攀鲈科	panluke
攫	jue
攫取	juequ
支	zhi
支付	zhifu
支出	zhichu
支出账目	zhichuzhangmu
支出额	zhichue
支墩	zhidun
支座	zhizuo
支托	zhituo
支承	zhicheng
支持	zhichi
支持价	zhichijia
支持价位	zhichijiawei
支持根	zhichigen
支持物	zhichiwu
支援	zhiyuan
支撑	zhicheng
支撑位	zhichengwei
支撑住	zhichengzhu
支撑物	zhichengwu
支撑的	zhichengde
支架	zhijia
支柱	zhizhu
支气管炎	zhiqiguanyan
支气管镜	zhiqiguanjing
支点	zhidian
支票	zhipiao
支票本	zhipiaoben
支票簿	zhipiaobu
支索	zhisuo
支线	zhixian
支路	zhilu
支部	zhibu
支配	zhipei
支配力	zhipeili
支配地位	zhipeidiwei
支配权	zhipeiquan
收买	shoumai
收买基金	shoumaijijin
收件人	shoujianren
收入	shouru
收入总额	shouruzonge
收养	shouyang
收养者	shouyangzhe
收到	shoudao
收到效果	shoudaoxiaoguo
收割	shouge
收割扎束机	shougezhashuji
收割打捆机	shougedakunji
收割机	shougeji
收割的宽度	shougedekuandu
收割量	shougeliang
收受	shoushou
收听	shouting
收回	shouhui
收回投资	shouhuitouzi
收场	shouchang
收复	shoufu
收容	shourong
收容所	shourongsuo
收工	shougong
收帆	shoufan
收成	shoucheng
收拢	shoulong
收据	shouju
收支清单	shouzhiqingdan
收支记录	shouzhijilu
收敛剂	shoulianji
收方	shoufang
收条	shoutiao
收益	shouyi
收益债券	shouyizhaiquan
收盘	shoupan
收盘价格	shoupanjiage
收看	shoukan
收税	shoushui
收税方法	shoushuifangfa
收紧	shoujin
收缩	shousuo
收获	shouhuo
收获台	shouhuotai
收获月	shouhuoyue
收获期	shouhuoqi
收获机	shouhuoji
收获节	shouhuojie
收藏	shoucang
收藏品	shoucangpin
收购	shougou
收购人	shougouren
收购的企图	shougoudeqitu
收费	shoufei
收进	shoujin
收银台	shouyintai
收银机	shouyinji
收集	shouji
收集古物者	shoujiguwuzhe
收音机	shouyinji
改作俗用	gaizuosuyong
改变	gaibian
改变了的	gaibianlede
改变大小	gaibiandaxiao
改变姿势	gaibianzishi
改变尺度	gaibianchidu
改变性别	gaibianxingbie
改变次序	gaibiancixu
改变航道	gaibianhangdao
改变路线	gaibianluxian
改变量级	gaibianliangji
改名	gaiming
改善	gaishan
改成	gaicheng
改正	gaizheng
改正量	gaizhengliang
改称	gaicheng
改组	gaizu
改编	gaibian
改编本	gaibianben
改舷易辙	gaixianyizhe
改良	gailiang
改良的	gailiangde
改良的牛	gailiangdeniu
改装	gaizhuang
改调料	gaidiaoliao
改过自新	gaiguozixin
改过自新的	gaiguozixinde
改进	gaijin
改选	gaixuan
改造	gaizao
改革	gaige
改革家	gaigejia
攻克	gongke
攻其不备	gongqibubei
攻击	gongji
攻击步枪	gongjibuqiang
攻击者	gongjizhe
攻势	gongshi
攻取	gongqu
攻城战	gongchengzhan
攻城木	gongchengmu
攻角	gongjiao
放	fang
放下	fangxia
放下架子	fangxiajiazi
放于	fangyu
放任	fangren
放低	fangdi
放假	fangjia
放出	fangchu
放出火花	fangchuhuohua
放出管	fangchuguan
放单飞	fangdanfei
放哨	fangshao
放在室内	fangzaishinei
放在附近	fangzaifujin
放大	fangda
放大器	fangdaqi
放大机	fangdaji
放大率	fangdalu
放大镜	fangdajing
放学后	fangxuehou
放宽	fangkuan
放射	fangshe
放射孢子目	fangshebaozimu
放射性	fangshexing
放射性氯	fangshexinglu
放射性碳	fangshexingtan
放射性钍	fangshexingtu
放射病	fangshebing
放射防护	fangshefanghu
放屁甲虫	fangpijiachong
放干	fanggan
放开	fangkai
放弃	fangqi
放弃信仰	fangqixinyang
放弃者	fangqizhe
放心	fangxin
放心一博	fangxinyibo
放慢	fangman
放慢速度	fangmansudu
放手	fangshou
放手架	fangshoujia
放映	fangying
放映机	fangyingji
放晴	fangqing
放松	fangsong
放松一下	fangsongyixia
放气	fangqi
放泄塞	fangxiesai
放火	fanghuo
放火者	fanghuozhe
放热反应	fangrefanying
放牧	fangmu
放电灯	fangdiandeng
放纵	fangzong
放线菌	fangxianjun
放线菌目	fangxianjunmu
放线菌科	fangxianjunke
放线菌素	fangxianjunsu
放置	fangzhi
放置古玩	fangzhiguwan
放肆	fangsi
放荡	fangdang
放逆火	fangnihuo
放逐	fangzhu
放错地方	fangcuodifang
政体	zhengti
政党	zhengdang
政变	zhengbian
政客	zhengke
政府	zhengfu
政府任期	zhengfurenqi
政府大楼	zhengfudalou
政府收入	zhengfushouru
政府机构	zhengfujigou
政权	zhengquan
政治	zhengzhi
政治婚姻	zhengzhihunyin
政治家	zhengzhijia
政治拨款	zhengzhibokuan
政治独立	zhengzhiduli
政治组织	zhengzhizuzhi
政治舞台	zhengzhiwutai
故事	gushi
故伎重演	gujichongyan
故障	guzhang
故障无碍	guzhangwuai
效劳	xiaolao
效忠	xiaozhong
效果	xiaoguo
效法	xiaofa
效率	xiaolu
效用	xiaoyong
敌人	diren
敌军	dijun
敌对	didui
敌对心理	diduixinli
敌对状态	diduizhuangtai
敌对行为	diduixingwei
敌对行动	diduixingdong
敌对证人	diduizhengren
敌得过	dideguo
敌意	diyi
敌手	dishou
敌托邦	dituobang
敌视	dishi
敏化剂	minhuaji
敏性鼻炎	minxingbiyan
敏感化	minganhua
敏感豆	mingandou
敏狐	minhu
敏锐	minrui
敏锐地	minruidi
救世的	jiushide
救儿草	jiuercao
救兵粮	jiubingliang
救出	jiuchu
救助	jiuzhu
救助作业	jiuzhuzuoye
救命粮	jiumingliang
救护工作	jiuhugongzuo
救护站	jiuhuzhan
救护车	jiuhuche
救援	jiuyuan
救活	jiuhuo
救济	jiuji
救济品	jiujipin
救济基金	jiujijijin
救济物	jiujiwu
救济金	jiujijin
救济院	jiujiyuan
救济食品	jiujishipin
救火艇	jiuhuoting
救生圈	jiushengquan
救生带	jiushengdai
救生用具	jiushengyongju
救生筏	jiushengfa
救生索	jiushengsuo
救生船	jiushengchuan
救生艇	jiushengting
救生衣	jiushengyi
救生车	jiushengche
救生颚	jiushenge
教	jiao
教主	jiaozhu
教义	jiaoyi
教会	jiaohui
教会塔	jiaohuita
教会属地	jiaohuishudi
教会帽子	jiaohuimaozi
教会年历	jiaohuinianli
教会财产	jiaohuicaichan
教会附属地	jiaohuifushudi
教化	jiaohua
教区牧师	jiaoqumushi
教唆	jiaosuo
教堂	jiaotang
教堂高坛	jiaotanggaotan
教士领	jiaoshiling
教学	jiaoxue
教学大楼	jiaoxuedalou
教室	jiaoshi
教导	jiaodao
教师	jiaoshi
教授	jiaoshou
教条	jiaotiao
教省	jiaosheng
教科书	jiaokeshu
教练	jiaolian
教练员	jiaolianyuan
教育	jiaoyu
教育学	jiaoyuxue
教训	jiaoxun
教鞭	jiaobian
敞篷客车	changpengkeche
敞篷汽车	changpengqiche
敞篷车	changpengche
敢	gan
敢于	ganyu
敢于承当	ganyuchengdang
敢死队	gansidui
散乱	sanluan
散光	sanguang
散去	sanqu
散发	sanfa
散发出	sanfachu
散囊菌属	sannangjunshu
散囊菌目	sannangjunmu
散射	sanshe
散布	sanbu
散布于	sanbuyu
散布机	sanbuji
散布甲板	sanbujiaban
散开	sankai
散播	sanbo
散步	sanbu
散沫花染剂	sanmohuaranji
散热器格栅	sanreqigezha
散白蚁	sanbaiyi
散白蚁属	sanbaiyishu
散石	sanshi
散穗花序	sansuihuaxu
散端	sanduan
散纱	sansha
散置	sanzhi
散落	sanluo
散裂	sanlie
散黑粉菌	sanheifenjun
数	shu
数个	shuge
数值	shuzhi
数值范围	shuzhifanwei
数字	shuzi
数字上	shuzishang
数字录音带	shuziluyindai
数字表	shuzibiao
数字计算机	shuzijisuanji
数学	shuxue
数学关系	shuxueguanxi
数据处理	shujuchuli
数据挖掘	shujuwajue
数据探索	shujutansuo
数据曲线	shujuquxian
数据率	shujulu
数据磁道	shujucidao
数据速率	shujusulu
数据道	shujudao
数据链路	shujulianlu
数目	shumu
数目超过	shumuchaoguo
数码显示器	shumaxianshiqi
数码相机	shumaxiangji
数词	shuci
数量	shuliang
数麦束节	shumaishujie
敲	qiao
敲响	qiaoxiang
敲弯	qiaowan
敲弯部分	qiaowanbufen
敲打	qiaoda
敲竹杠	qiaozhugang
敲诈	qiaozha
敲诈函	qiaozhahan
整修	zhengxiu
整块的	zhengkuaide
整工作	zhenggongzuo
整形	zhengxing
整改	zhenggai
整数	zhengshu
整枝	zhengzhi
整洁	zhengjie
整流器	zhengliuqi
整理	zhengli
整肃	zhengsu
整速轮	zhengsulun
整队	zhengdui
整除数	zhengchushu
整齐	zhengqi
整齐的	zhengqide
敷布	fubu
敷抹器	fumoqi
敷料	fuliao
敷料器	fuliaoqi
敷用	fuyong
敷着	fuzhe
敷衍	fuyan
敷衍了事	fuyanliaoshi
文书夹	wenshujia
文书欺骗	wenshuqipian
文人	wenren
文件	wenjian
文件夹	wenjianjia
文件服务器	wenjianfuwuqi
文件柜	wenjiangui
文化	wenhua
文字	wenzi
文字字元	wenziziyuan
文字字符	wenzizifu
文学作品	wenxuezuopin
文学协会	wenxuexiehui
文旦	wendan
文昌鱼科	wenchangyuke
文明	wenming
文明化	wenminghua
文明的	wenmingde
文明社会	wenmingshehui
文档	wendang
文法	wenfa
文物	wenwu
文献	wenxian
文盲	wenmang
文石	wenshi
文科副学士	wenkefuxueshi
文章	wenzhang
文竹	wenzhu
文胸	wenxiong
文艺复兴	wenyifuxing
文莱美元	wenlaimeiyuan
文雅化	wenyahua
文雅的	wenyade
文饰作用	wenshizuoyong
斐林液	feilinye
斐波那契数	feibonaqishu
斐济元	feijiyuan
斑嘴巨鸊鷉	banzuijupiti
斑岩	banyan
斑拟隐棘鳚	banniyinjiwei
斑毒芹	banduqin
斑海豹	banhaibao
斑点	bandian
斑点刺河鲀	bandiancihetun
斑点花	bandianhua
斑猫	banmao
斑珠科	banzhuke
斑疹热	banzhenre
斑白的假发	banbaidejiafa
斑纹木贼	banwenmuzei
斑纹漆属	banwenqishu
斑纹蚌	banwenbang
斑胸滨鹬	banxiongbinyu
斑胸田鸡	banxiongtianji
斑胸矶鹬	banxiongjiyu
斑臭鼬属	banchouyoushu
斑蝥	banmao
斑蝶	bandie
斑蝶属	bandieshu
斑蝶科	bandieke
斑螟属	banmingshu
斑铜矿	bantongkuang
斑长脚鹬	banzhangjiaoyu
斑马	banma
斑马线	banmaxian
斑马贝	banmabei
斑马贝属	banmabeishu
斑马贻贝	banmayibei
斑驴	banlu
斑鬣狗	banliegou
斑鬣狗属	banliegoushu
斑鳟属	banzunshu
斑鸻属	banhengshu
斑鹬	banyu
斑黑鲈	banheilu
斑鼯猴	banwuhou
斗争	douzheng
斗争的	douzhengde
斗志	douzhi
斗牛	douniu
斗牛场	douniuchang
斗牛犬	douniuquan
斗牛獒犬	douniuaoquan
斗牛迷	douniumi
斗眼	douyan
斗篷	doupeng
斗鸡眼	doujiyan
料想	liaoxiang
料槽	liaocao
料石	liaoshi
斜	xie
斜三角形	xiesanjiaoxing
斜坡	xiepo
斜坡房屋	xiepofangwu
斜头畸形	xietoujixing
斜接	xiejie
斜接头	xiejietou
斜方形	xiefangxing
斜桁帆	xiehengfan
斜槽	xiecao
斜纹布	xiewenbu
斜线	xiexian
斜视	xieshi
斜视眼	xieshiyan
斜角	xiejiao
斜角刀	xiejiaodao
斜角推土机	xiejiaotuituji
斜角榫	xiejiaosun
斜角规	xiejiaogui
斜角连接	xiejiaolianjie
斜辉石	xiehuishi
斜边	xiebian
斜道	xiedao
斜锆石	xiegaoshi
斜长岩	xiezhangyan
斜长石	xiechangshi
斜面	xiemian
斜面接头	xiemianjietou
斜颈	xiejing
斟酌	zhenzhuo
斤	jin
斥责	chize
斧头	futou
斧头柄	futoubing
斧子	fuzi
斧柄	fubing
斩首	zhanshou
断乳	duanru
断头台	duantoutai
断奶	duannai
断字	duanzi
断开	duankai
断断续续	duanduanxuxu
断流器	duanliuqi
断然地	duanrandi
断然拒绝	duanranjujue
断片	duanpian
断线钳	duanxianqian
断绝	duanjue
断续器	duanxuqi
断言	duanyan
断言者	duanyanzhe
断路器	duanluqi
断路开关	duanlukaiguan
断食	duanshi
斯凯狗	sikaigou
斯坦	sitan
斯塔福德狗	sitafudegou
斯塔福郡狗	sitafujungou
斯大林化	sidalinhua
斯皮茨狗	sipicigou
斯里兰卡卢比	sililankalubi
新	xin
新元	xinyuan
新加坡元	xinjiapoyuan
新历	xinli
新城疫	xinchengyi
新堡病	xinbaobing
新妇	xinfu
新娘	xinniang
新婚旅行	xinhunluxing
新婚第一夜	xinhundiyiye
新币	xinbi
新干线	xinganxian
新年	xinnian
新年之夜	xinnianzhiye
新年夜	xinnianye
新性发生	xinxingfasheng
新月	xinyue
新月形	xinyuexing
新月月相	xinyueyuexiang
新月蕨属	xinyuejueshu
新来的人	xinlaideren
新枝	xinzhi
新殖民主义	xinzhiminzhuyi
新生	xinsheng
新生地	xinshengdi
新的	xinde
新石器时代	xinshiqishidai
新约外传	xinyuewaizhuan
新缬草属	xinxiecaoshu
新艺术	xinyishu
新芽	xinya
新蜡伞	xinlasan
新蜡伞属	xinlasanshu
新行	xinxing
新装	xinzhuang
新西兰元	xinxilanyuan
新闻	xinwen
新闻人员	xinwenrenyuan
新闻报导	xinwenbaodao
新闻报道	xinwenbaodao
新闻杂志	xinwenzazhi
新闻简报	xinwenjianbao
新闻节目	xinwenjiemu
新陈代谢	xinchendaixie
新风轮属	xinfenglunshu
新马	xinma
新鲜	xinxian
新鲜蔬菜	xinxianshucai
方位	fangwei
方位角	fangweijiao
方便	fangbian
方剂学	fangjixue
方向	fangxiang
方块	fangkuai
方块牌	fangkuaipai
方士	fangshi
方头巾	fangtoujin
方头螺钉	fangtouluoding
方头鱼	fangtouyu
方头鱼科	fangtouyuke
方寸	fangcun
方尾鱒	fangweizun
方差分析	fangchafenxi
方布	fangbu
方平织物	fangpingzhiwu
方式	fangshi
方式关系	fangshiguanxi
方形	fangxing
方形物	fangxingwu
方披巾	fangpijin
方材	fangcai
方格纸	fanggezhi
方格网	fanggewang
方案	fangan
方法	fangfa
方法学	fangfaxue
方法论	fangfalun
方石英	fangshiying
方程	fangcheng
方程式	fangchengshi
方舟	fangzhou
方言	fangyan
方豆藤	fangdouteng
方钠石	fangnashi
方铅矿	fangqiankuang
方镁石	fangmeishi
方面	fangmian
方鳍鱼	fangqiyu
施予	shiyu
施予恩惠	shiyuenhui
施事	shishi
施以影响	shiyiyingxiang
施以电刑	shiyidianxing
施催眠术	shicuimianshu
施恩座	shienzuo
施用药物	shiyongyaowu
施肥	shifei
施肥于	shifeiyu
施舍	shishe
施舍盘	shishepan
施舍者	shishezhe
施行洗礼	shixingxili
施赈人员	shizhenrenyuan
施酷刑	shikuxing
施魔力于	shimoliyu
旁听	pangting
旁听生	pangtingsheng
旁弯骨折	pangwanguzhe
旁白	pangbai
旁观	pangguan
旁观者	pangguanzhe
旁边地	pangbiandi
旃那	zhanna
旅客招待所	lukezhaodaisuo
旅居	luju
旅店	ludian
旅游	luyou
旅游业	luyouye
旅游者	luyouzhe
旅社	lushe
旅程	lucheng
旅舍	lushe
旅行	luxing
旅行包	luxingbao
旅行必需品	luxingbixupin
旅行支票	luxingzhipiao
旅行汽车	luxingqiche
旅行津贴	luxingjintie
旅行者	luxingzhe
旅行袋	luxingdai
旅费报销	lufeibaoxiao
旅馆	luguan
旅馆客房	luguankefang
旅鼠	lushu
旅鼠属	lushushu
旋	xuan
旋上	xuanshang
旋动	xuandong
旋壳乌贼	xuankewuzei
旋壳乌贼属	xuankewuzeishu
旋壳乌贼科	xuankewuzeike
旋律	xuanlu
旋曲	xuanqu
旋木	xuanmu
旋毛虫	xuanmaochong
旋紧	xuanjin
旋翼机	xuanyiji
旋翼飞机	xuanyifeiji
旋花属	xuanhuashu
旋花植物	xuanhuazhiwu
旋花科	xuanhuake
旋花科植物	xuanhuakezhiwu
旋角羚	xuanjiaoling
旋转	xuanzhuan
旋转木马	xuanzhuanmuma
旋转磨石	xuanzhuanmoshi
旋转轴	xuanzhuanzhou
旋轮线	xuanlunxian
旋进	xuanjin
旋风草	xuanfengcao
旗子	qizi
旗布	qibu
旗帜	qizhi
旗杆	qigan
旗竿	qigan
旗舰	qijian
旗鱼	qiyu
旗鱼属	qiyushu
旗鱼科	qiyuke
无丝分裂	wusifenlie
无为信托	wuweixintuo
无主埋藏物	wuzhumaicangwu
无主珍宝	wuzhuzhenbao
无乳	wuru
无乳房	wurufang
无产阶级	wuchanjieji
无人区	wurenqu
无人地带	wurendidai
无人居住的	wurenjuzhude
无人飞机	wurenfeiji
无以匹敌的人	wuyipidideren
无价值之物	wujiazhizhiwu
无伴奏	wubanzou
无保障	wubaozhang
无信用的	wuxinyongde
无倾线	wuqingxian
无偏线	wupianxian
无光泽地	wuguangzedi
无免疫性	wumianyixing
无关	wuguan
无关系	wuguanxi
无关紧要	wuguanjinyao
无兴趣	wuxingqu
无刺小黑莓	wucixiaoheimei
无刺甘兰豆	wuciganlandou
无力	wuli
无力偿还	wulichanghuan
无动于衷	wudongyuzhong
无动力	wudongli
无动情期	wudongqingqi
无助	wuzhu
无双亲的	wushuangqinde
无双的人	wushuangderen
无反射	wufanshe
无反应性	wufanyingxing
无可挽救的	wukewanjiude
无可补救的	wukebujiude
无可辩解的	wukebianjiede
无可避免	wukebimian
无叶花属	wuyehuashu
无叶花科	wuyehuake
无名	wuming
无名子	wumingzi
无呼吸	wuhuxi
无回报的	wuhuibaode
无回音室	wuhuiyinshi
无垠地	wuyindi
无墙车库	wuqiangcheku
无声	wusheng
无处不在	wuchubuzai
无头亚目	wutouyamu
无头钉	wutouding
无子宫	wuzigong
无孢霉群	wubaomeiqun
无孩子	wuhaizi
无定形	wudingxing
无定形的	wudingxingde
无家可归	wujiakegui
无宿舍学校	wusushexuexiao
无尾刺豚鼠	wuweicitunshu
无尾感器纲	wuweiganqigang
无尾猿	wuweiyuan
无尾礼服	wuweilifu
无尿	wuniao
无峰驼	wufengtuo
无序	wuxu
无序性	wuxuxing
无底洞	wudidong
无形的资产	wuxingdezichan
无形资产	wuxingzichan
无影无踪	wuyingwuzong
无心畸形	wuxinjixing
无心草	wuxincao
无忧无虑的	wuyouwulude
无忧虑	wuyoulu
无性生殖	wuxingshengzhi
无息债券	wuxizhaiquan
无悔意的	wuhuiyide
无患子	wuhuanzi
无患子属	wuhuanzishu
无患子目	wuhuanzimu
无患子科	wuhuanzike
无情	wuqing
无情欲期	wuqingyuqi
无意义地	wuyiyidi
无感情的	wuganqingde
无感觉	wuganjue
无愧的	wukuide
无所不知	wusuobuzhi
无所事事	wusuoshishi
无报酬的	wubaochoude
无拘无束	wujuwushu
无收差的	wushouchade
无政府主义	wuzhengfuzhuyi
无政府的	wuzhengfude
无教养的	wujiaoyangde
无散光的	wusanguangde
无数	wushu
无数的年代	wushudeniandai
无晶状体	wujingzhuangti
无暇的	wuxiade
无月经	wuyuejing
无期徒刑	wuqituxing
无机磷酸盐	wujilinsuanyan
无条理	wutiaoli
无板亚纲	wubanyagang
无板类	wubanlei
无板纲	wubangang
无根据的	wugenjude
无梦睡眠	wumengshuimian
无水酒精	wushuijiujing
无汗症	wuhanzheng
无法再用的	wufazaiyongde
无法弥补的	wufamibude
无法恢复的	wufahuifude
无法挽救的	wufawanjiude
无法控制的	wufakongzhide
无法无天	wufawutian
无法更新的	wufagengxinde
无法治愈的	wufazhiyude
无法识别地	wufashibiedi
无法辩护的	wufabianhude
无法避免的	wufabimiande
无液晴雨表	wuyeqingyubiao
无液气压计	wuyeqiyaji
无漏子	wulouzi
无烟火药	wuyanhuoyao
无烟煤	wuyanmei
无环鸟苷	wuhuanniaogan
无球粒陨石	wuqiuliyunshi
无理性	wulixing
无理性的	wulixingde
无理数	wulishu
无瓣花	wubanhua
无生殖力	wushengzhili
无生气	wushengqi
无生气的	wushengqide
无生源论	wushengyuanlun
无甲目	wujiamu
无界限地	wujiexiandi
无皱纹的	wuzhouwende
无盖货车	wugaihuoche
无眼	wuyan
无着丝粒的	wuzhuosilide
无睾	wugao
无瞳	wutong
无瞳孔	wutongkong
无知	wuzhi
无知的	wuzhide
无礼	wuli
无礼的	wulide
无礼貌	wulimao
无神	wushen
无神论	wushenlun
无神论者	wushenlunzhe
无秩序	wuzhixu
无秩序的	wuzhixude
无穷	wuqiong
无穷大量	wuqiongdaliang
无穷数	wuqiongshu
无竿钓丝	wugandiaosi
无管理的	wuguanlide
无类别的	wuleibiede
无粮藤果	wuliangtengguo
无精打采	wujingdacai
无精打采的	wujingdacaide
无线条的	wuxiantiaode
无线电	wuxiandian
无线电台	wuxiandiantai
无线电报	wuxiandianbao
无罪	wuzui
无罪的	wuzuide
无罪释放	wuzuishifang
无翼鸟目	wuyiniaomu
无翼鸟科	wuyiniaoke
无肢	wuzhi
无胆汁	wudanzhi
无能	wuneng
无能为力	wunengweili
无能力	wunengli
无脑畸形	wunaojixing
无臂	wubi
无色泽的	wusezede
无花果	wuhuaguo
无花果树叶	wuhuaguoshuye
无菌	wujun
无菌状态	wujunzhuangtai
无蒂息肉	wudixirou
无袖制服	wuxiuzhifu
无袖连衣裙	wuxiulianyiqun
无规律的	wuguilude
无视	wushi
无角螺科	wujiaoluoke
无言	wuyan
无记名票据	wujimingpiaoju
无许可证的	wuxukezhengde
无调性	wudiaoxing
无赖	wulai
无趣味的	wuquweide
无趣地	wuqudi
无辜	wugu
无辜的	wugude
无连通性	wuliantongxing
无配生殖	wupeishengzhi
无间断继续	wujianduanjixu
无限	wuxian
无限量	wuxianliang
无韵的	wuyunde
无须鳕属	wuxuxueshu
无风险	wufengxian
无齿海牛属	wuchihainiushu
无齿蚌属	wuchibangshu
无齿鲳属	wuchichangshu
既得利益	jideliyi
日中	rizhong
日元	riyuan
日光	riguang
日光兰属	riguanglanshu
日光兰科	riguanglanke
日光灯	riguangdeng
日冕	rimian
日出	richu
日历年度	riliniandu
日历日	riliri
日圆	riyuan
日子	rizi
日常事务	richangshiwu
日常必须品	richangbixupin
日志	rizhi
日期	riqi
日期格式	riqigeshi
日本丽金龟	ribenlijingui
日本山茶	ribenshancha
日本式火钵	ribenshihuobo
日本早樱	ribenzaoying
日本木瓜	ribenmugua
日本槭树	ribenqishu
日本樱花	ribenyinghua
日本海棠	ribenhaitang
日本漆	ribenqi
日本猎犬	ribenliequan
日本紫藤	ribenziteng
日没	rimo
日环食	rihuanshi
日班	riban
日程	richeng
日耳曼语的	riermanyude
日落	riluo
日记	riji
日记簿	rijibu
日记账	rijizhang
日间	rijian
日间托儿所	rijiantuoersuo
日鲈属	rilushu
日鲈科	riluke
旧	jiu
旧体制	jiutizhi
旧制度	jiuzhidu
旧历	jiuli
旧石器时代	jiushiqishidai
旧石器晚期	jiushiqiwanqi
旧货店	jiuhuodian
早上	zaoshang
早上好	zaoshanghao
早产	zaochan
早孕反应	zaoyunfanying
早晨	zaochen
早期	zaoqi
早期妊娠	zaoqirenshen
早泄	zaoxie
早熟	zaoshu
早老	zaolao
早衰	zaoshuai
早餐	zaocan
早餐时间	zaocanshijian
早餐桌	zaocanzhuo
早饭	zaofan
旭川	xuchuan
旮旯	gala
旱叶百合属	hanyebaiheshu
旱叶草	hanyecao
旱地莲	handilian
旱季	hanji
旱灾	hanzai
旱獭	hanta
旱獺属	hantashu
旱芹属	hanqinshu
旱荷花	hanhehua
旱莲	hanlian
旱莲花	hanlianhua
旱蕨属	hanjueshu
旱金莲	hanjinlian
旱金莲科	hanjinlianke
时代	shidai
时代思潮	shidaisichao
时代精神	shidaijingshen
时代错误	shidaicuowu
时候	shihou
时刻	shike
时刻表	shikebiao
时尚	shishang
时差感	shichagan
时期	shiqi
时机	shiji
时样锦	shiyangjin
时漏	shilou
时节	shijie
时装店	shizhuangdian
时角	shijiao
时计	shiji
时运	shiyun
时针	shizhen
时钟	shizhong
时间	shijian
时间段	shijianduan
时间消逝	shijianxiaoshi
时间点	shijiandian
时间表	shijianbiao
时间记录	shijianjilu
时间间隔	shijianjiange
时限	shixian
旷工	kuanggong
旺季	wangji
旺季前	wangjiqian
旺起来	wangqilai
昂首阔步	angshoukuobu
昆塔	kunta
昆甲亚纲	kunjiayagang
昆甲类	kunjialei
昆虫	kunchong
昆虫恐怖	kunchongkongbu
昆虫纲	kunchonggang
明信片	mingxinpian
明列子	mingliezi
明天	mingtian
明星地位	mingxingdiwei
明显	mingxian
明显的	mingxiande
明晰的	mingxide
明智	mingzhi
明智的	mingzhide
明树	mingshu
明火枪	minghuoqiang
明白	mingbai
明白事理的	mingbaishilide
明矾	mingfan
明胶	mingjiao
昏倒	hundao
昏厥	hunjue
昏昏睡睡	hunhunshuishui
昏暗	hunan
昏睡	hunshui
昏睡病	hunshuibing
昏聩	hunkui
昏过去	hunguoqu
昏迷	hunmi
易主	yizhu
易于	yiyu
易位	yiwei
易受伤	yishoushang
易受责难	yishouzenan
易变韶子	yibianshaozi
易孕的日子	yiyunderizi
易怒地	yinudi
易性癖	yixingpi
易感性	yiganxing
易懂的	yidongde
易接近的	yijiejinde
易普	yipu
易熔质	yirongzhi
易熔金属	yirongjinshu
易饥症	yijizheng
易饿病	yiebing
昔日	xiri
昔红木	xihongmu
星占	xingzhan
星号	xinghao
星座	xingzuo
星形	xingxing
星形物	xingxingwu
星捧月科	xingpengyueke
星星	xingxing
星期	xingqi
星期一	xingqiyi
星期三	xingqisan
星期二	xingqier
星期五	xingqiwu
星期六	xingqiliu
星期四	xingqisi
星期天	xingqitian
星期日	xingqiri
星条旗	xingtiaoqi
星标	xingbiao
星球日	xingqiuri
星盘	xingpan
星章	xingzhang
星系	xingxi
星罗棋布	xingluoqibu
星群	xingqun
星芹属	xingqinshu
星苹果树	xingpingguoshu
星蕨	xingjue
星蕨属	xingjueshu
星虫	xingchong
映像管	yingxiangguan
映入眼帘	yingruyanlian
映出	yingchu
映射	yingshe
春	chun
春不见	chunbujian
春分	chunfen
春天	chuntian
春季	chunji
春尺蠖	chunchihuo
春药	chunyao
春训	chunxun
春豌豆	chunwandou
昨天	zuotian
昨日	zuori
昭雪	zhaoxue
是	shi
昼盲	zhoumang
显像不足	xianxiangbuzu
显像管	xianxiangguan
显出	xianchu
显影	xianying
显影不足	xianyingbuzu
显得	xiande
显得大	xiandeda
显得逼真	xiandebizhen
显微镜	xianweijing
显现	xianxian
显现出来	xianxianchulai
显现节	xianxianjie
显眼的	xianyande
显着显眼	xianzhexianyan
显示	xianshi
显示器	xianshiqi
显示板	xianshiban
显老	xianlao
显而易见	xianeryijian
显节前夜	xianjieqianye
显著	xianzhu
显著地	xianzhudi
显贵的	xianguide
显赫	xianhe
显赫天牛	xianhetianniu
显露	xianlu
晋升	jinsheng
晒	shai
晒伤	shaishang
晒图纸	shaituzhi
晒成褐色	shaichenghese
晒斑	shaiban
晒熟	shaishu
晒衣夹	shaiyijia
晒衣架	shaiyijia
晒衣绳	shaiyisheng
晒黑	shaihei
晓得	xiaode
晕倒	yundao
晕厥	yunjue
晕机	yunji
晕枯病	yunkubing
晕船	yunchuan
晕车	yunche
晚上	wanshang
晚宴服	wanyanfu
晚山茶	wanshancha
晚年	wannian
晚期妊娠	wanqirenshen
晚期的	wanqide
晚疫病	wanyibing
晚礼服	wanlifu
晚装包	wanzhuangbao
晚霞	wanxia
晚餐时间	wancanshijian
晚香玉属	wanxiangyushu
晨服	chenfu
晨祷	chendao
晨衣	chenyi
普列利土	pulielitu
普尔	puer
普拉	pula
普洛特猎狗	puluoteliegou
普罗米那	puluomina
普通	putong
普通年	putongnian
普通年金	putongnianjin
普通拍子	putongpaizi
普通斑马	putongbanma
普通斧头	putongfutou
普通水平	putongshuiping
普通法婚姻	putongfahunyin
普通炸弹	putongzhadan
普通猞猁	putongsheli
普通的	putongde
普通程度	putongchengdu
普通股	putonggu
普通蝙蝠	putongbianfu
普通豌豆	putongwandou
普通辉石	putonghuishi
普通远志	putongyuanzhi
普通鹱	putonghu
普遍地	pubiandi
普鲁斯病	pulusibing
普鲁涅拉毛葛	pulunielamaoge
景天	jingtian
景天属	jingtianshu
景天科	jingtianke
景气	jingqi
景泰蓝瓷器	jingtailanciqi
景片	jingpian
景色	jingse
景观	jingguan
景象	jingxiang
晴天	qingtian
晴雨表	qingyubiao
晶体	jingti
晶体拾音器	jingtishiyinqi
晶体检波器	jingtijianboqi
晶石	jingshi
晶质玻璃	jingzhiboli
智人	zhiren
智利喇叭花	zhililabahua
智利狐鲣	zhilihujian
智利草莓	zhilicaomei
智力	zhili
智力商数	zhilishangshu
智力比较	zhilibijiao
智力测试题	zhiliceshiti
智力缺陷	zhiliquexian
智力菇	zhiligu
智力衰退	zhilishuaitui
智商	zhishang
智慧之树	zhihuizhishu
智慧财产	zhihuicaichan
智洋顾	zhiyanggu
智能卡	zhinengka
智能厕板	zhinengceban
晾	liang
晾衣厨	liangyichu
暂住	zanzhu
暂住在	zanzhuzai
暂停	zanting
暂停工作	zantinggongzuo
暂停止	zantingzhi
暂停活动	zantinghuodong
暂减	zanjian
暂告结束	zangaojieshu
暂搁	zange
暂时休眠	zanshixiumian
暂时的休息	zanshidexiuxi
暂时的困难	zanshidekunnan
暂时缓解	zanshihuanjie
暂时解雇	zanshijiegu
暂缓	zanhuan
暂记账户	zanjizhanghu
暑期学校	shuqixuexiao
暑期补习班	shuqibuxiban
暖和	nuanhuo
暖气	nuanqi
暖气设备	nuanqishebei
暖炉	nuanlu
暗中监视	anzhongjianshi
暗中观察	anzhongguancha
暗号	anhao
暗地里破坏	andilipohuai
暗室	anshi
暗影	anying
暗指	anzhi
暗晦	anhui
暗杀	ansha
暗杀者	anshazhe
暗榫	ansun
暗灯	andeng
暗点	andian
暗物质	anwuzhi
暗盘菌属	anpanjunshu
暗码锁	anmasuo
暗示	anshi
暗箱	anxiang
暗紫旱蕨	anzihanjue
暗绿色	anluse
暗绿龙舌兰	anlulongshelan
暗色孢科	ansebaoke
暗色狗鱼	ansegouyu
暗足林鼠	anzulinshu
暗送秋波	ansongqiubo
暗门襟	anmenjin
暮色	muse
暴乱	baoluan
暴光表	baoguangbiao
暴光计	baoguangji
暴利	baoli
暴力	baoli
暴动	baodong
暴徒	baotu
暴怒	baonu
暴政	baozheng
暴死	baosi
暴涨	baozhang
暴虐	baonue
暴虐的	baonuede
暴行	baoxing
暴跌	baodie
暴跳	baotiao
暴躁地	baozaodi
暴雪鹱属	baoxuehushu
暴露	baolu
暴风	baofeng
暴风雨	baofengyu
暴风鹱	baofenghu
暴食	baoshi
暴食症	baoshizheng
暹罗猫	xianluomao
曝光	baoguang
曝光不足	baoguangbuzu
曝光表	baoguangbiao
曝光过度	baoguangguodu
曝晒	pushai
曲头钉	qutouding
曲子	quzi
曲射炮	qushepao
曲折	quzhe
曲折而行	quzheerxing
曲折行进	quzhexingjin
曲木	qumu
曲柄	qubing
曲柄轴	qubingzhou
曲棍	qugun
曲棍球	qugunqiu
曲棍球球棍	qugunqiuqiugun
曲棍球赛季	qugunqiusaiji
曲线	quxian
曲终人散	quzhongrensan
曲膝半跪	quxibangui
曲臂悬垂	qubixuanchui
曲菌病	qujunbing
曲螺属	quluoshu
曲解	qujie
曲调	qudiao
曲轴	quzhou
曲轴箱	quzhouxiang
曲霉属	qumeishu
曲霉目	qumeimu
曲霉科	qumeike
更喜欢	gengxihuan
更恶化	gengehua
更换	genghuan
更改结构	genggaijiegou
更新	gengxin
更新费用	gengxinfeiyong
更格卢鼠	genggelushu
更格卢鼠属	genggelushushu
更硬	gengying
更衣室	gengyishi
更长	gengzhang
曼佗罗树	mantuoluoshu
曼多林	manduolin
曼彻斯特狗	manchesitegou
曼德拉草	mandelacao
曼德拉草根	mandelacaogen
曼扎	manzha
曼荼罗	mantuluo
曼达	manda
曼陀林	mantuolin
曼陀罗	mantuoluo
曼陀罗属	mantuoluoshu
曼陀罗木属	mantuoluomushu
曾经习惯	cengjingxiguan
替代	tidai
替代医学	tidaiyixue
替代品	tidaipin
替代能源	tidainengyuan
替换	tihuan
替换者	tihuanzhe
最优时间	zuiyoushijian
最低卖价	zuidimaijia
最低工资	zuidigongzi
最低点	zuididian
最低的女低音	zuididenudiyin
最佳	zuijia
最佳化	zuijiahua
最佳时机	zuijiashiji
最初	zuichu
最后	zuihou
最后一个	zuihouyige
最后一刻	zuihouyike
最后一节	zuihouyijie
最后时刻	zuihoushike
最后期限	zuihouqixian
最后阶段	zuihoujieduan
最大公因子	zuidagongyinzi
最大化	zuidahua
最大容量	zuidarongliang
最大量	zuidaliang
最好	zuihao
最好还是	zuihaohaishi
最小值	zuixiaozhi
最小化	zuixiaohua
最小字间	zuixiaozijian
最少	zuishao
最底点	zuididian
最後	zuihou
最快速地	zuikuaisudi
最新设备	zuixinshebei
最有力的	zuiyoulide
最有势力者	zuiyoushilizhe
最终期限	zuizhongqixian
最近	zuijin
最远点	zuiyuandian
最适宜	zuishiyi
最高权力	zuigaoquanli
最高权威	zuigaoquanwei
最高点	zuigaodian
最高级会议	zuigaojihuiyi
最高纪录	zuigaojilu
最高限度	zuigaoxiandu
月	yue
月亮	yueliang
月份	yuefen
月光花	yueguanghua
月历年度	yueliniandu
月台	yuetai
月圆期	yueyuanqi
月季	yueji
月季花	yuejihua
月月红	yueyuehong
月桂	yuegui
月桂冠	yueguiguan
月桂树	yueguishu
月桂液	yueguiye
月母草	yuemucao
月潮间隙	yuechaojianxi
月牙	yueya
月球	yueqiu
月球日	yueqiuri
月相	yuexiang
月神	yueshen
月经	yuejing
月经周期	yuejingzhouqi
月经困难	yuejingkunnan
月经期	yuejingqi
月经稀发	yuejingxifa
月经草	yuejingcao
月经过多	yuejingguoduo
月经过少	yuejingguoshao
月鱼	yueyu
月鱼属	yueyushu
月鱼科	yueyuke
月鲹	yueshen
有	you
有一点	youyidian
有丝分裂	yousifenlie
有两边的	youliangbiande
有了	youle
有些	youxie
有人居住地	yourenjuzhudi
有修养的	youxiuyangde
有关	youguan
有关系	youguanxi
有准备的	youzhunbeide
有几分	youjifen
有利于	youliyu
有利的机会	youlidejihui
有利税率	youlishuilu
有刺铁丝网	youcitiesiwang
有前途	youqiantu
有力地	youlidi
有助于	youzhuyu
有反应	youfanying
有名无实的	youmingwushide
有吸引力	youxiyinli
有咬劲的	youyaojinde
有喜	youxi
有坡度	youpodu
有声望的	youshengwangde
有大量的	youdaliangde
有头螺栓	youtouluoshuan
有异味	youyiwei
有形资产	youxingzichan
有影响	youyingxiang
有很多	youhenduo
有德行	youdexing
有性繁殖	youxingfanzhi
有意义	youyiyi
有成果	youchengguo
有才华的	youcaihuade
有报偿	youbaochang
有支配力的	youzhipeilide
有效	youxiao
有效位数	youxiaoweishu
有效力地	youxiaolidi
有效的	youxiaode
有教养的	youjiaoyangde
有文化者	youwenhuazhe
有斑点的	youbandiande
有易性癖	youyixingpi
有月经	youyuejing
有期债券	youqizhaiquan
有期限股	youqixiangu
有机体	youjiti
有机化	youjihua
有机化合物	youjihuahewu
有机化组织	youjihuazuzhi
有机硅	youjigui
有机肥料	youjifeiliao
有机进程	youjijincheng
有权势的	youquanshide
有母性地	youmuxingdi
有毒废物	youdufeiwu
有毒棋盘花	youduqipanhua
有毒植物	youduzhiwu
有毒物质	youduwuzhi
有污点的	youwudiande
有法可依的	youfakeyide
有洞察力地	youdongchalidi
有活力的	youhuolide
有浮沫的	youfumode
有浮渣的	youfuzhade
有深情的	youshenqingde
有烦恼	youfannao
有爪科	youzhaoke
有爪类	youzhaolei
有爪纲	youzhaogang
有理数	youlishu
有生气的	youshengqide
有用	youyong
有用于	youyongyu
有病	youbing
有瘾的人	youyinderen
有的	youde
有益	youyi
有益于	youyiyu
有盖桥	yougaiqiao
有盖货车	yougaihuoche
有礼的举止	youlidejuzhi
有礼貌	youlimao
有篷大马车	youpengdamache
有线电视	youxiandianshi
有缓和力的	youhuanhelide
有缺陷	youquexian
有罪	youzui
有翅决明	youchijueming
有耐力的	younailide
有肺亚纲	youfeiyagang
有肺类	youfeilei
有臭味	youchouwei
有色玻璃	youseboli
有节奏	youjiezou
有角	youjiao
有说服力地	youshuofulidi
有贡献于	yougongxianyu
有责任	youzeren
有蹄类	youtilei
有蹄类动物	youtileidongwu
有蹼的脚	youpudejiao
有轨电车	youguidianche
有轨车	youguiche
有辐射的	youfushede
有过失	youguoshi
有造诣的	youzaoyide
有道德	youdaode
有道理	youdaoli
有限审计	youxianshenji
有限责任	youxianzeren
有雅量地	youyaliangdi
有音律	youyinlu
有鼻音的	youbiyinde
朋友	pengyou
服习	fuxi
服从	fucong
服从契约	fucongqiyue
服从的	fucongde
服从要求	fucongyaoqiu
服侍	fushi
服兵役	fubingyi
服务	fuwu
服务减少	fuwujianshao
服务员	fuwuyuan
服务系统	fuwuxitong
服务费	fuwufei
服役	fuyi
服水土	fushuitu
服装	fuzhuang
服装业	fuzhuangye
服装行业	fuzhuanghangye
服饰	fushi
服饰品	fushipin
朔月	shuoyue
朔望月	shuowangyue
朗伯	langbo
望	wang
望塔	wangta
望孔	wangkong
望星鱼科	wangxingyuke
望景楼	wangjinglou
望果	wangguo
望江南	wangjiangnan
望潮	wangchao
望见	wangjian
望远镜	wangyuanjing
朝	chao
朝向	chaoxiang
朝圣日	chaoshengri
朝天椒	chaotianjiao
朝鲜的	chaoxiande
朝鲜蓟	chaoxianji
期中	qizhong
期刊	qikan
期初年金	qichunianjin
期待	qidai
期待的	qidaide
期望	qiwang
期望的东西	qiwangdedongxi
期权	qiquan
期满	qiman
期满后继任	qimanhoujiren
期票	qipiao
期终考试	qizhongkaoshi
期货	qihuo
期货市场	qihuoshichang
期间	qijian
期限	qixian
朦胧	menglong
朦胧的	menglongde
朦胧麻醉	menglongmazui
木个	muge
木乃伊化	munaiyihua
木制小桶	muzhixiaotong
木吉他	mujita
木场	muchang
木塞	musai
木头	mutou
木屐	muji
木属植物	mushuzhiwu
木工刨	mugongpao
木工曲尺	mugongquchi
木患子	muhuanzi
木排路	mupailu
木料	muliao
木料场	muliaochang
木星	muxing
木本曼陀罗	mubenmantuoluo
木本植物	mubenzhiwu
木本植物门	mubenzhiwumen
木本苜蓿	mubenmuxu
木材	mucai
木材场	mucaichang
木条	mutiao
木杵	muchu
木板	muban
木板道	mubandao
木枝挂苦藤	muzhiguakuteng
木桶	mutong
木桶架	mutongjia
木梃	muting
木槌	muchui
木炭	mutan
木炭画	mutanhua
木焦杂酚油	mujiaozafenyou
木球	muqiu
木琴	muqin
木瓜	mugua
木瓜属	muguashu
木瓦	muwa
木番茄	mufanqie
木番薯	mufanshu
木白蚁属	mubaiyishu
木白蚁科	mubaiyike
木绵	mumian
木耳	muer
木耳属	muershu
木耳目	muermu
木耳科	muerke
木莓	mumei
木菠萝属	muboluoshu
木蓝	mulan
木蓝属	mulanshu
木薯	mushu
木薯属	mushushu
木薯淀粉	mushudianfen
木薯粉	mushufen
木虱	mushi
木虱科	mushike
木蚁	muyi
木蜂	mufeng
木蜂属	mufengshu
木角豆	mujiaodou
木豆	mudou
木豆属	mudoushu
木质部	muzhibu
木贼	muzei
木贼属	muzeishu
木贼属植物	muzeishuzhiwu
木贼目	muzeimu
木贼科	muzeike
木贼纲	muzeigang
木贼草	muzeicao
木醋酸	mucusuan
木鞋	muxie
木香油	muxiangyou
木马	muma
木麻黄	mumahuang
未上油的	weishangyoude
未付	weifu
未休息的	weixiuxide
未入册的	weirucede
未出席	weichuxi
未分发的	weifenfade
未分配的	weifenpeide
未列出的	weiliechude
未加工的	weijiagongde
未加油的	weijiayoude
未处理的	weichulide
未婚	weihun
未婚先孕	weihunxianyun
未完成体	weiwanchengti
未履行	weiluxing
未开化的	weikaihuade
未开发	weikaifa
未意识到的	weiyishidaode
未成熟	weichengshu
未扫过的	weisaoguode
未批准的	weipizhunde
未排序的	weipaixude
未提纯的	weitichunde
未来	weilai
未梳理的	weishulide
未治疗的	weizhiliaode
未注意	weizhuyi
未熟的堆肥	weishudeduifei
未熟练	weishulian
未玷污的	weidianwude
未用部分	weiyongbufen
未登记的	weidengjide
未经分析的	weijingfenxide
未经处理的	weijingchulide
未缠绕的	weichanraode
未能	weineng
未被恳求的	weibeikenqiude
未被激发的	weibeijifade
未被要求的	weibeiyaoqiude
未觉察	weijuecha
未赶上	weiganshang
未送出	weisongchu
末名奖品	momingjiangpin
末尾	mowei
末日审判	morishenpan
末期	moqi
末梢的	moshaode
末端	moduan
末端的	moduande
末路	molu
本利滚计	benligunji
本动速度	bendongsudu
本土主义者	bentuzhuyizhe
本地汇票	bendihuipiao
本垒	benlei
本子	benzi
本性	benxing
本旨	benzhi
本生灯	benshengdeng
本能	benneng
本能要求	bennengyaoqiu
本质	benzhi
本质上	benzhishang
本质上地	benzhishangdi
本轮	benlun
本金	benjin
本钱	benqian
本领	benling
术语	shuyu
朱古力	zhuguli
朱庇特神的	zhubiteshende
朱砂	zhusha
朱砂蛾	zhushae
朱砂蛾属	zhushaeshu
朱腾	zhuteng
朱蕉	zhujiao
朱蕉属	zhujiaoshu
朱衣茑萝	zhuyiniaoluo
朱鹭	zhulu
朴树果	pushuguo
朴菇	pugu
朴菰	pugu
机会	jihui
机会感染	jihuiganran
机会成本	jihuichengben
机会期	jihuiqi
机体	jiti
机关	jiguan
机关枪	jiguanqiang
机动车	jidongche
机叶	jiye
机器	jiqi
机器人	jiqiren
机器脚踏车	jiqijiaotache
机器螺钉	jiqiluoding
机场	jichang
机密	jimi
机密性	jimixing
机密文件袋	jimiwenjiandai
机密的	jimide
机床	jichuang
机库	jiku
机座	jizuo
机构	jigou
机枪	jiqiang
机械	jixie
机械人	jixieren
机械利益	jixieliyi
机械制图	jixiezhitu
机械化	jixiehua
机械效益	jixiexiaoyi
机械混合物	jixiehunhewu
机械系统	jixiexitong
机械绘图	jixiehuitu
机械装置	jixiezhuangzhi
机票	jipiao
机票价格	jipiaojiage
机组人员	jizurenyuan
机缘	jiyuan
机罩闩	jizhaoshuan
机翼	jiyi
机能	jineng
机能上	jinengshang
机能不全	jinengbuquan
机能不良	jinengbuliang
机能康复	jinengkangfu
机能障碍	jinengzhangai
机舱	jicang
机身	jishen
机车	jiche
机车头	jichetou
机轴	jizhou
机遇	jiyu
机遇性感染	jiyuxingganran
杀	sha
杀人	sharen
杀人罪	sharenzui
杀人者	sharenzhe
杀价	shajia
杀伤性的	shashangxingde
杀伤炸弹	shashangzhadan
杀害	shahai
杀戮	shalu
杀手	shashou
杀手酬金	shashouchoujin
杀死	shasi
杀病毒剂	shabingduji
杀真菌药	shazhenjunyao
杀菌剂	shajunji
杀虫剂	shachongji
杀蝉泥蜂	shachannifeng
杀螨剂	shamanji
杂七杂八的	zaqizabade
杂乱	zaluan
杂交品种	zajiaopinzhong
杂交种	zajiaozhong
杂合性	zahexing
杂婚	zahun
杂录	zalu
杂志	zazhi
杂志架	zazhijia
杂技	zaji
杂技演员	zajiyanyuan
杂文	zawen
杂木林	zamulin
杂烩	zahui
杂物包	zawubao
杂物堆	zawudui
杂物室	zawushi
杂环化合物	zahuanhuahewu
杂种	zazhong
杂种狗	zazhonggou
杂色呢	zasene
杂色布	zasebu
杂色衣	zaseyi
杂色马	zasema
杂草	zacao
杂话	zahua
杂货	zahuo
杂货商店	zahuoshangdian
杂货市场	zahuoshichang
杂货店	zahuodian
杂质	zazhi
杂集	zaji
杂食动物	zashidongwu
权	quan
权利	quanli
权力	quanli
权力平衡	quanlipingheng
权势	quanshi
权威	quanwei
权宜婚姻	quanyihunyin
权数	quanshu
权杖	quanzhang
权益	quanyi
权衡	quanheng
权重	quanzhong
杆	gan
杆子	ganzi
杆式打印机	ganshidayinji
杆菌肽	ganjuntai
杆菌肽素	ganjuntaisu
杆锁	gansuo
杆黑粉病	ganheifenbing
杉木沫蝉	shamumochan
李叶绣线菊	liyexiuxianju
李属	lishu
李杏	lixing
李树	lishu
杏	xing
杏仁	xingren
杏仁油	xingrenyou
杏仁露	xingrenlu
杏仁饼	xingrenbing
杏子棒	xingzibang
杏子酱	xingzijiang
杏树	xingshu
杏梅	xingmei
杏苷	xinggan
材料	cailiao
村	cun
村子	cunzi
村庄	cunzhuang
村民	cunmin
村舍	cunshe
杓	biao
杓子	biaozi
杓鹬	biaoyu
杓鹬属	biaoyushu
杜仲树	duzhongshu
杜克大学	dukedaxue
杜冷丁	dulengding
杜宾犬	dubinquan
杜父鱼	dufuyu
杜父鱼科	dufuyuke
杜父鱼科属	dufuyukeshu
杜鹃兰属	dujuanlanshu
杞忧	qiyou
杞柳	qiliu
束	shu
束带	shudai
束紧	shujin
束紧腰带	shujinyaodai
束缚	shufu
束缚力	shufuli
束缚物	shufuwu
束薪	shuxin
束马鞍肚带	shumaandudai
杠杆	ganggan
杠杆锁	ganggansuo
杠柳属	gangliushu
杠铃	gangling
杠铃片	ganglingpian
条	tiao
条件	tiaojian
条件反射	tiaojianfanshe
条例	tiaoli
条子	tiaozi
条带	tiaodai
条款	tiaokuan
条状病	tiaozhuangbing
条痕	tiaohen
条约	tiaoyue
条纹	tiaowen
条纹大理岩	tiaowendaliyan
条纹枫	tiaowenfeng
条纹棉布	tiaowenmianbu
条纹石鮨	tiaowenshiyi
条纹羚	tiaowenling
条绒	tiaorong
条蕨属	tiaojueshu
条蕨科	tiaojueke
条顿人的	tiaodunrende
来	lai
来世	laishi
来临	lailin
来回走动	laihuizoudong
来回针脚	laihuizhenjiao
来复枪	laifuqiang
来源	laiyuan
来生	laisheng
来电显示	laidianxianshi
来登瓶	laidengping
来福枪	laifuqiang
来自	laizi
来自东北	laizidongbei
来自于	laiziyu
来访者	laifangzhe
来龙去脉	lailongqumai
杨属	yangshu
杨木	yangmu
杨柳	yangliu
杨柳目	yangliumu
杨柳科	yangliuke
杨树口蘑	yangshukoumo
杨梅属	yangmeishu
杨氏模量	yangshimoliang
杨裳夜蛾	yangshangyee
杭白芷	hangbaizhi
杯	bei
杯伞属	beisanshu
杯垫	beidian
杯子	beizi
杯子形	beizixing
杯形器	beixingqi
杯形器具	beixingqiju
杯状	beizhuang
杯花	beihua
杰作	jiezuo
杰克	jieke
杰克灯	jiekedeng
杰克豆属	jiekedoushu
杰出人物	jiechurenwu
松口蘑	songkoumo
松叶兰	songyelan
松叶草	songyecao
松叶蕨	songyejue
松叶蕨属	songyejueshu
松叶蕨目	songyejuemu
松叶蕨科	songyejueke
松叶蕨纲	songyejuegang
松墨天牛	songmotianniu
松尾属	songweishu
松开	songkai
松弛	songchi
松懈	songxie
松手	songshou
松散的事物	songsandeshiwu
松果体瘤	songguotiliu
松焦油	songjiaoyou
松狮犬	songshiquan
松球蚜	songqiuya
松球蚜属	songqiuyashu
松田鼠	songtianshu
松田鼠属	songtianshushu
松石南属	songshinanshu
松紧线	songjinxian
松脂岩	songzhiyan
松脂石	songzhishi
松节油	songjieyou
松茸	songrong
松茸菌	songrongjun
松菌	songjun
松萝属	songluoshu
松萝科	songluoke
松貂	songdiao
松露	songlu
松馏油	songliuyou
松香	songxiang
松鲷	songdiao
松鲷属	songdiaoshu
松鲷科	songdiaoke
松黑穗病	songheisuibing
松鼠	songshu
松鼠毛皮	songshumaopi
松鼠猴	songshuhou
松鼠猴属	songshuhoushu
松鼠的毛皮	songshudemaopi
松鼠科	songshuke
板	ban
板凳果属	bandengguoshu
板子	banzi
板层砂岩	bancengshayan
板岩	banyan
板材	bancai
板条	bantiao
板油	banyou
板牙铰手	banyajiaoshou
板犁	banli
板球	banqiu
板球拍柳木	banqiupailiumu
板球棒	banqiubang
板球设备	banqiushebei
板簧	banhuang
板英尺	banyingchi
板院	banyuan
极为重视	jiweizhongshi
极低的租金	jididezujin
极佳之物	jijiazhiwu
极值	jizhi
极光	jiguang
极其宝贵的	jiqibaoguide
极其混乱	jiqihunluan
极刑	jixing
极品	jipin
极喜欢	jixihuan
极大化	jidahua
极大的	jidade
极好	jihao
极好的	jihaode
极小量	jixiaoliang
极少	jishao
极度	jidu
极度兴奋	jiduxingfen
极度疲劳	jidupilao
极度痛苦的	jidutongkude
极度的	jidude
极度绝望	jidujuewang
极微小的	jiweixiaode
极性化	jixinghua
极权主义	jiquanzhuyi
极点	jidian
极痛苦	jitongku
极瘦弱	jishouruo
极短的距离	jiduandejuli
极端	jiduan
极端对立	jiduanduili
极端崇拜	jiduanchongbai
极端的部分	jiduandebufen
极精巧的	jijingqiaode
极速	jisu
极长时期	jizhangshiqi
极限	jixian
极限化	jixianhua
极高的	jigaode
构台	goutai
构思	gousi
构想	gouxiang
构成	goucheng
构架	goujia
构菌	goujun
构造	gouzao
构音障碍	gouyinzhangai
枇杷	pipa
枇杷属	pipashu
枇杷树	pipashu
枉然	wangran
析出物	xichuwu
析取液	xiquye
枕头	zhentou
枕套	zhentao
林三趾鹑	linsanzhichun
林仙树皮	linxianshupi
林克机	linkeji
林克训练器	linkexunlianqi
林兔属	lintushu
林可霉素	linkemeisu
林吉特	linjite
林地	lindi
林地水苏	lindishuisu
林地驯鹿	lindixunlu
林奈木	linnaimu
林奈花	linnaihua
林学	linxue
林旅鼠属	linlushushu
林格氏溶液	lingeshirongye
林石蚕	linshican
林羚	linling
林羚属	linlingshu
林肯羊	linkenyang
林肯诞辰	linkendanchen
林肯霉素	linkenmeisu
林荫大道	linyindadao
林荫道	linyindao
林跳鼠	lintiaoshu
林跳鼠科	lintiaoshuke
林鹬	linyu
林鹳	linguan
林鼠	linshu
林鼠属	linshushu
果园	guoyuan
果子	guozi
果实	guoshi
果序	guoxu
果月	guoyue
果木	guomu
果树	guoshu
果树材	guoshucai
果核	guohe
果榜	guobang
果汁	guozhi
果皮	guopi
果糖	guotang
果糖尿	guotangniao
果肉	guorou
果蝇	guoying
果蝇属	guoyingshu
果蝇科	guoyingke
果蝠	guofu
果酱	guojiang
果酱瓶	guojiangping
果阿豆	guoadou
枝	zhi
枝条	zhitiao
枝腋	zhiye
枣儿	zaoer
枣属	zaoshu
枣树	zaoshu
枣椰树	zaoyeshu
枣皮	zaopi
枪	qiang
枪乌贼	qiangwuzei
枪击燧石	qiangjisuishi
枪口	qiangkou
枪套	qiangtao
枪弹	qiangdan
枪支管理	qiangzhiguanli
枪机	qiangji
枪机燧石	qiangjisuishi
枪杀	qiangsha
枪榴弹	qiangliudan
枪毙	qiangbi
枪炮	qiangpao
枪眼	qiangyan
枪眼设备	qiangyanshebei
枪管	qiangguan
枪虾	qiangxia
枪闩	qiangshuan
枪鱼	qiangyu
枪鱼属	qiangyushu
枫子香	fengzixiang
枫属	fengshu
枫树	fengshu
枫茄花	fengjiahua
枫藤	fengteng
枭眼花	xiaoyanhua
枯叶病	kuyebing
枯叶虫	kuyechong
枯叶蛾	kuyee
枯叶蛾之类	kuyeezhilei
枯叶蛾属	kuyeeshu
枯叶蛾科	kuyeeke
枯巴木	kubamu
枯干	kugan
枯枝	kuzhi
枯水季节	kushuijijie
枯燥的	kuzaode
枯竭	kujie
枯草	kucao
枯草热	kucaore
枯萎	kuwei
枯萎病	kuweibing
枳	zhi
枳属	zhishu
枳橙	zhicheng
架	jia
架子	jiazi
架构	jiagou
架桥于	jiaqiaoyu
架豆	jiadou
枷	jia
枷锁	jiasuo
枸刺木	goucimu
枸地芽子	goudiyazi
枸杞	gouqi
枸杞属	gouqishu
枸杞果	gouqiguo
枸杞红实	gouqihongshi
枸杞豆	gouqidou
枸橼树	juyuanshu
枸茄茄	goujiajia
枸蹄子	goutizi
枸骨	gougu
柄	bing
柄灰包目	binghuibaomu
柄节	bingjie
柄锈属	bingxiushu
柄锈科	bingxiuke
柄鳍目	bingqimu
柏拉图年	bolatunian
柏松属	baisongshu
柏油	baiyou
柏辛纤维	baixinxianwei
柏金逊症	baijinxunzheng
某人	mouren
某人或某物	mourenhuomouwu
柑桔	ganju
柑桔木材	ganjumucai
柑桔褐腐疫霉	ganjuhefuyimei
柑橘	ganju
柑橘属	ganjushu
柑橘属果树	ganjushuguoshu
柑橘树	ganjushu
柑橘粉虱	ganjufenshi
柑橘粉虱属	ganjufenshishu
染发剂	ranfaji
染成蓝色	ranchenglanse
染指	ranzhi
染料	ranliao
染料木	ranliaomu
染料衣属	ranliaoyishu
染料衣科	ranliaoyike
染毛剂	ranmaoji
染液	ranye
染眉毛油	ranmeimaoyou
染睫毛油	ranjiemaoyou
染色体异位	ransetiyiwei
染色体断裂	ransetiduanlie
染色体畸变	ransetijibian
染色剂	ranseji
染色工厂	ransegongchang
染色茜草	ranseqiancao
柔和	rouhe
柔和色	rouhese
柔性接头	rouxingjietou
柔板	rouban
柔脑脊膜炎	rounaojimoyan
柔膜菌属	roumojunshu
柔膜菌目	roumojunmu
柔膜菌科	roumojunke
柔软的织物	rouruandezhiwu
柔韧的	rourende
柔顺剂	roushunji
柔鱼	rouyu
柔鱼属	rouyushu
柚	you
柚子	youzi
柚木	youmu
柜	gui
柜台	guitai
柜子	guizi
柞蚕	zuocan
柞蚕丝	zuocansi
柞蚕属	zuocanshu
柠檬	ningmeng
柠檬木	ningmengmu
柠檬林	ningmenglin
柠檬舌鳎	ningmengsheta
柠檬薄荷	ningmengbohe
柠檬酸	ningmengsuan
查出	chachu
查封	chafeng
查尔特隆	chaertelong
查找	chazhao
查找时间	chazhaoshijian
查抄	chachao
查明	chaming
查究	chajiu
查询	chaxun
柩车	jiuche
柯利狗	keligou
柯卡因	kekayin
柯巴脂	kebazhi
柯桠粉	keyafen
柯特尔男外衣	keteernanwaiyi
柯皮卡	kepika
柯罗定	keluoding
柱	zhu
柱上楣构	zhushangmeigou
柱体	zhuti
柱头	zhutou
柱子	zhuzi
柱层析	zhucengxi
柱廊	zhulang
柱形	zhuxing
柱形母线	zhuxingmuxian
柱白鲑	zhubaigui
柱白鲑属	zhubaiguishu
柱色谱法	zhusepufa
柱身	zhushen
柱锈菌属	zhuxiujunshu
柱面	zhumian
柱顶盘	zhudingpan
柱顶部	zhudingbu
柱颈	zhujing
柳	liu
柳丁氨醇	liudinganchun
柳之一种	liuzhiyizhong
柳叶刀	liuyedao
柳叶石楠	liuyeshinan
柳叶野黑樱	liuyeyeheiying
柳寄生	liujisheng
柳属	liushu
柳条	liutiao
柳条篮	liutiaolan
柳枝	liuzhi
柳树	liushu
柳穿鱼	liuchuanyu
柳穿鱼属	liuchuanyushu
柳胺心定	liuanxinding
柳豆	liudou
柳酸	liusuan
柴把	chaiba
柴架	chaijia
柴油	chaiyou
柴油机	chaiyouji
柿子树	shizishu
柿属	shishu
柿树	shishu
柿目	shimu
柿科	shike
栀子	zhizi
栀子属	zhizishu
栅极	shanji
栅栏	zhalan
栅锈菌属	zhaxiujunshu
栅锈菌科	zhaxiujunke
标价	biaojia
标准	biaozhun
标准化	biaozhunhua
标准打数	biaozhundashu
标准杆数	biaozhunganshu
标准温度	biaozhunwendu
标志	biaozhi
标明	biaoming
标明不删	biaomingbushan
标枪	biaoqiang
标点	biaodian
标点符号	biaodianfuhao
标的	biaodi
标竿	biaogan
标签	biaoqian
标记	biaoji
标记元素	biaojiyuansu
标语	biaoyu
标题	biaoti
栈桥	zhanqiao
栈香	zhanxiang
栉	zhi
栉蚕	zhican
栉蚕属	zhicanshu
栉鲳属	zhichangshu
栉鳃	zhisai
栉鳃目	zhisaimu
栉齿	zhichi
栋梁	dongliang
栋科	dongke
栎树	lishu
栎树病	lishubing
栎瘿	liying
栎皮粉	lipifen
栎蕈	lixun
栏	lan
栏杆	langan
栏杆的支柱	langandezhizhu
栏顶板	landingban
树	shu
树冠	shuguan
树叉	shucha
树崇拜	shuchongbai
树干	shugan
树形图	shuxingtu
树心	shuxin
树懒	shulan
树懒属	shulanshu
树懒科	shulanke
树木园	shumuyuan
树木栽培	shumuzaipei
树枝	shuzhi
树梅	shumei
树梢	shushao
树熊猴	shuxionghou
树熊猴属	shuxionghoushu
树番茄属	shufanqieshu
树疤	shuba
树瘤	shuliu
树皮	shupi
树立	shuli
树篱	shuli
树篱修剪机	shulixiujianji
树胶桉	shujiaoan
树胶肿	shujiaozhong
树脂	shuzhi
树脂紫胶	shuzhizijiao
树节	shujie
树花属	shuhuashu
树苗	shumiao
树苜蓿	shumuxu
树莓	shumei
树蕨	shujue
树蕨属	shujueshu
树薯	shushu
树虱	shushi
树螈	shuyuan
树螽	shuzhong
树螽属	shuzhongshu
树蟋	shuxi
树蟋属	shuxishu
树豆	shudou
树顶	shuding
树黄豆	shuhuangdou
树鼩属	shuqushu
树鼩目	shuqumu
树鼩科	shuquke
树鼯	shuwu
栒子属	xunzishu
栒子属植物	xunzishuzhiwu
栓	shuan
栓住	shuanzhu
栓塞	shuanse
栓皮槭	shuanpiqi
栓锁带	shuansuodai
栖息	qixi
栖息地	qixidi
栗猪殃殃	lizhuyangyang
栗疫病	liyibing
栗色马	lisema
栗豆树属	lidoushushu
栗鼠	lishu
栗鼠呢	lishune
栗鼠属	lishushu
校准	jiaozhun
校友	xiaoyou
校正	jiaozheng
校直	xiaozhi
校舍	xiaoshe
校验	jiaoyan
校验位	jiaoyanwei
栩栩如生	xuxurusheng
栩栩如生的	xuxurushengde
样品	yangpin
样子	yangzi
样式	yangshi
样本	yangben
核准	hezhun
核分裂	hefenlie
核动力	hedongli
核反应	hefanying
核反应堆	hefanyingdui
核子	hezi
核子弹头	hezidantou
核子数	hezishu
核子燃料	heziranliao
核子融合	hezironghe
核实	heshi
核对	hedui
核弹头	hedantou
核心	hexin
核果	heguo
核桃木	hetaomu
核溶解	herongjie
核盘菌	hepanjun
核盘菌属	hepanjunshu
核盘菌科	hepanjunke
核算	hesuan
核算资料	hesuanziliao
核糖核酸	hetanghesuan
核聚变	hejubian
核能	heneng
核菌纲	hejungang
核蛋白	hedanbai
核蛋白质	hedanbaizhi
核融合	heronghe
核裂变	heliebian
核酸	hesuan
核酸糖	hesuantang
核黄疸	hehuangdan
核黄素	hehuangsu
根	gen
根冠	genguan
根出条	genchutiao
根据	genju
根据地	genjudi
根据风评	genjufengping
根攀植物	genpanzhiwu
根本	genben
根本上	genbenshang
根本的	genbende
根毛	genmao
根深蒂固的	genshendigude
根源	genyuan
根源在于	genyuanzaiyu
根状茎	genzhuangjing
根用作物	genyongzuowu
根瘤蚜	genliuya
根瘤蚜属	genliuyashu
根瘤蚜科	genliuyake
根肿菌目	genzhongjunmu
根肿菌科	genzhongjunke
根腐烂	genfulan
根腐病	genfubing
根茎	genjing
根茎的	genjingde
根除	genchu
根霉	genmei
根霉属	genmeishu
根须腹菌属	genxufujunshu
根颈	genjing
格令	geling
格利高里历法	geligaolilifa
格子	gezi
格子布	gezibu
格尼帕	genipa
格式化	geshihua
格恩西奶牛	geenxinainiu
格斗	gedou
格构	gegou
格林纳达元	gelinnadayuan
格架	gejia
格氏病	geshibing
格罗西	geluoxi
格言	geyan
格言家	geyanjia
格调	gediao
格里夫那	gelifuna
格鲁刺椰	geluciye
栽培	zaipei
栽培品系	zaipeipinxi
栽培植物	zaipeizhiwu
桁	heng
桂冠	guiguan
桂圆	guiyuan
桂樱	guiying
桂皮	guipi
桃叶珊瑚属	taoyeshanhushu
桃属	taoshu
桃树	taoshu
桃榄	taolan
桃榄属	taolanshu
桃花心木	taohuaxinmu
桃花心木材	taohuaxinmucai
桃花源	taohuayuan
桃蚜	taoya
桃褐斑病	taohebanbing
桃豆	taodou
桄榔	guanglang
桄榔属	guanglangshu
桅	wei
桅头	weitou
桅杆	weigan
桅楼侧支索	weiloucezhisuo
桅肩滑车	weijianhuache
桅脚	weijiao
桅跟	weigen
桅顶	weiding
框子	kuangzi
框架	kuangjia
案件	anjian
案卷	anjuan
案底	andi
案板	anban
案桌	anzhuo
桉叶油	anyeyou
桉树材	anshucai
桉树油	anshuyou
桉油	anyou
桌子	zhuozi
桌面	zhuomian
桎梏	zhigu
桐子树	tongzishu
桐油树	tongyoushu
桐酸	tongsuan
桑寄生	sangjisheng
桑寄生属	sangjishengshu
桑寄生科	sangjishengke
桑提姆	sangtimu
桔味薄荷	juweibohe
桔子	juzi
桔带卷蛾	judaijuane
桔带卷蛾属	judaijuaneshu
桔黄裸伞	juhuangluosan
桡肢	raozhi
桡脚亚纲	raojiaoyagang
桡脚类	raojiaolei
档	dang
档案	dangan
档案室	danganshi
档案柜	dangangui
档案集	danganji
档案馆	danganguan
桤叶唐棣	qiyetangdi
桤木属	qimushu
桥	qiao
桥台	qiaotai
桥墩	qiaodun
桥接物	qiaojiewu
桥接电路	qiaojiedianlu
桥本病	qiaobenbing
桥梁	qiaoliang
桥牌室	qiaopaishi
桥礅	qiaodun
桥管	qiaoguan
桦木的	huamude
桦条	huatiao
桦树的	huashude
桦皮舟	huapizhou
桫椤属	suoluoshu
桫椤科	suoluoke
桶	tong
桶口	tongkou
桶孔	tongkong
桶形	tongxing
桶梁结	tongliangjie
桶装物	tongzhuangwu
梁	liang
梁柱	liangzhu
梅利莎	meilisha
梅太德林	meitaidelin
梅毒	meidu
梅花纸牌	meihuazhipai
梅花草	meihuacao
梅花草属	meihuacaoshu
梅花鹿	meihualu
梅衣属	meiyishu
梅衣科	meiyike
梅迪卡尔	meidikaer
梓属	zishu
梓树	zishu
梗塞	gengse
梗概	genggai
梗节	gengjie
梣叶豆	cenyedou
梦	meng
梦到	mengdao
梦幻般的	menghuanbande
梦惊	mengjing
梦想	mengxiang
梦草	mengcao
梦见	mengjian
梦遗	mengyi
梦魇	mengyan
梨圆蚧	liyuanjie
梨圆蚧属	liyuanjieshu
梨属	lishu
梨果	liguo
梨树	lishu
梨署伤病	lishushangbing
梭子蟹	suozixie
梭子蟹属	suozixieshu
梭子蟹科	suozixieke
梭子鱼	suoziyu
梭椤子	suoluozi
梭椤树	suoluoshu
梭鱼	suoyu
梭鱼类	suoyulei
梭鱼草属	suoyucaoshu
梭鲈属	suolushu
梭鲸	suojing
梯子	tizi
梯度	tidu
梯度单位	tidudanwei
梯式靠背	tishikaobei
梯式靠背椅	tishikaobeiyi
梯形	tixing
梯级山墙	tijishanqiang
梳子	shuzi
梳棉机	shumianji
梾木	laimu
检举	jianju
检修	jianxiu
检喉镜	jianhoujing
检审	jianshen
检果	jianguo
检查	jiancha
检查员	jianchayuan
检查长	jianchazhang
检波器	jianboqi
检流计	jianliuji
检测器	jianceqi
检疫	jianyi
检索	jiansuo
检索资料	jiansuoziliao
检验	jianyan
检验遗嘱	jianyanyizhu
棉	mian
棉子糖	mianzitang
棉小鼠	mianxiaoshu
棉尾兔	mianweitu
棉布	mianbu
棉条	miantiao
棉槐	mianhuai
棉法兰绒	mianfalanrong
棉球病	mianqiubing
棉白杨	mianbaiyang
棉籽饼	mianzibing
棉絮	mianxu
棉纸	mianzhi
棉线	mianxian
棉绒	mianrong
棉绒布	mianrongbu
棉花作物	mianhuazuowu
棉花织物	mianhuazhiwu
棉蝽象	mianchunxiang
棉豆	miandou
棉铃花	mianlinghua
棉铃虫	mianlingchong
棉鼠	mianshu
棉鼠属	mianshushu
棋子	qizi
棋盘	qipan
棋盘花属	qipanhuashu
棋逢对手	qifengduishou
棍	gun
棍棒	gunbang
棒	bang
棒头	bangtou
棒头柱	bangtouzhu
棒柄杯伞	bangbingbeisan
棒柱头花	bangzhutouhua
棒槌草	bangchuicao
棒球	bangqiu
棒球器材	bangqiuqicai
棒球季节	bangqiujijie
棒球帽	bangqiumao
棒球手套	bangqiushoutao
棒球棒	bangqiubang
棒球比赛	bangqiubisai
棒球赛季	bangqiusaiji
棒针	bangzhen
棕塍鹬	zongchengyu
棕尾毒蛾	zongweidue
棕枝全日	zongzhiquanri
棕榈	zonglu
棕榈仁	zongluren
棕榈猫	zonglumao
棕榈猫属	zonglumaoshu
棕榈目	zonglumu
棕榈科	zongluke
棕榈科植物	zonglukezhiwu
棕榈竹	zongluzhu
棕榈蜡	zonglula
棕熊	zongxiong
棕竹	zongzhu
棕竹属	zongzhushu
棕色鼠耳蝠	zongseshuerfu
棕蚁	zongyi
棕蝠	zongfu
棕蝠属	zongfushu
棕鬣狗	zongliegou
棘头动物门	jitoudongwumen
棘头虫	jitouchong
棘头虫纲	jitouchonggang
棘层松解	jicengsongjie
棘层肥厚	jicengfeihou
棘皮动物	jipidongwu
棘皮动物属	jipidongwushu
棘皮动物科	jipidongwuke
棘胫小蠹	jijingxiaodu
棘蛇属	jisheshu
棘豆	jidou
棘豆属	jidoushu
棘质瘤	jizhiliu
棘轮装置	jilunzhuangzhi
棘鬣鱼	jilieyu
棘鱼	jiyu
棘鳍总目	jiqizongmu
棘鳍目鱼	jiqimuyu
棘鳞蛇鲭	jilinsheqing
棚	peng
棚子	pengzi
棚屋	pengwu
棚桥	pengqiao
森咽峡炎	senyanxiayan
森林	senlin
森林书	senlinshu
森林古猿	senlinguyuan
森林地	senlindi
森林开伐	senlinkaifa
森树	senshu
森特纳	sentena
森蚺	senran
棱堡	lengbao
棱尾螺	lengweiluo
棱尾螺科	lengweiluoke
棱柱	lengzhu
棱罗人	lengluoren
棱角	lengjiao
棱角丝瓜	lengjiaosigua
棱锥	lengzhui
棱锥体	lengzhuiti
棺	guan
棺材	guancai
棺材架	guancaijia
椅子	yizi
椅子罩子	yizizhaozi
椅背套	yibeitao
椊	zuo
植入片	zhirupian
植树节	zhishujie
植物	zhiwu
植物产品	zhiwuchanpin
植物凝血素	zhiwuningxuesu
植物器官	zhiwuqiguan
植物园	zhiwuyuan
植物性毒素	zhiwuxingdusu
植物油	zhiwuyou
植物激素	zhiwujisu
植物物料	zhiwuwuliao
植物病	zhiwubing
植物组织	zhiwuzuzhi
植物结构	zhiwujiegou
植物群	zhiwuqun
植物脂	zhiwuzhi
植物蕨纲	zhiwujuegang
植物血凝素	zhiwuxueningsu
植皮	zhipi
植皮刀	zhipidao
植被	zhibei
植豆	zhidou
椎管积液	chuiguanjiye
椒条	jiaotiao
椒薄荷	jiaobohe
椭圆	tuoyuan
椭圆体	tuoyuanti
椭圆叶	tuoyuanye
椭圆形	tuoyuanxing
椭圆形叶	tuoyuanxingye
椭圆线	tuoyuanxian
椭斑马鲛	tuobanmajiao
椭球	tuoqiu
椭面	tuomian
椰壳纤维	yekexianwei
椰子	yezi
椰子属	yezishu
椰枣	yezao
椰菜	yecai
楔	xie
楔子	xiezi
楔状叶	xiezhuangye
楔石	xieshi
楚葵	chukui
楝	lian
楝属	lianshu
楝科	lianke
楣	mei
楣梁	meiliang
楮李	chuli
楸	qiu
楼	lou
楼厅	louting
楼台	loutai
楼台香	loutaixiang
楼地板搁栅	loudibangezha
楼层	louceng
楼板	louban
楼梯	louti
楼梯的一段	loutideyiduan
楼橹	loulu
楼阁	louge
概图	gaitu
概念	gainian
概括	gaikuo
概括者	gaikuozhe
概率	gailu
概略	gailue
概要	gaiyao
概观	gaiguan
概述	gaishu
榄香	lanxiang
榄香脂	lanxiangzhi
榅桲	wenpo
榅桲属	wenposhu
榆叶梅	yuyemei
榆叶鸾枝	yuyeluanzhi
榆枯萎病	yukuweibing
榆梅	yumei
榔头	langtou
榕树蜡	rongshula
榛子	zhenzi
榛属	zhenshu
榛睡鼠	zhenshuishu
榛睡鼠属	zhenshuishushu
榛蘑	zhenmo
榜样	bangyang
榨	zha
榨出	zhachu
榨取	zhaqu
榫接	sunjie
榫槽	suncao
榫眼	sunyan
榴子石	liuzishi
榴弹炮	liudanpao
榴霰弹	liuxiandan
槌	chui
槌棒	chuibang
槌球	chuiqiu
槌球棒	chuiqiubang
槌球设备	chuiqiushebei
槐	huai
槐叶苹	huaiyeping
槐叶苹属	huaiyepingshu
槐叶苹科	huaiyepingke
槐属	huaishu
槐蓝	huailan
槐蓝木	huailanmu
槟榔	binglang
槟榔亚纲	binglangyagang
槟榔子	binglangzi
槟榔属	binglangshu
槟榔果	binglangguo
槟榔科	binglangke
槟榔青	binglangqing
槭属	qishu
槭树	qishu
槭树材	qishucai
槭树科	qishuke
槲寄生	hujisheng
槲寄生属	hujishengshu
槲寄生科	hujishengke
槲蕨	hujue
槽	cao
樗	chu
樗蚕蛾	chucane
樚木	lumu
樟脑	zhangnao
樟脑丸	zhangnaowan
樟脑冰	zhangnaobing
樟脑油	zhangnaoyou
樟脑草	zhangnaocao
模件	mojian
模仿	mofang
模具	muju
模制件	mozhijian
模块	mokuai
模型	moxing
模壳	moke
模子	muzi
模式	moshi
模态	motai
模拟	moni
模拟计算机	monijisuanji
模数	moshu
模板	muban
模样	muyang
模棱两可	molengliangke
模特	mote
模特儿	moteer
模糊	mohu
模糊不清的	mohubuqingde
模糊的	mohude
模范	mofan
模量	moliang
横割锯	henggeju
横向地	hengxiangdi
横坐标	hengzuobiao
横尾翼	hengweiyi
横幅	hengfu
横斜地	hengxiedi
横斜的	hengxiede
横木	hengmu
横杆	henggan
横档	hengdang
横梁	hengliang
横痃的	hengxuande
横笛	hengdi
横纹肌瘤	hengwenjiliu
横翻斤斗	hengfanjindou
横翻跟斗	hengfangendou
横越	hengyue
横跨	hengkua
横轧宽展	hengyakuanzhan
樱代木	yingdaimu
樱叶荚蒾	yingyejiami
樱桃	yingtao
樱桃木	yingtaomu
樱桃李	yingtaoli
樱桃树	yingtaoshu
樱桃爆竹	yingtaobaozhu
樱桃番茄	yingtaofanqie
樱花	yinghua
樱草	yingcao
橄榄子	ganlanzi
橄榄球	ganlanqiu
橄榄球场	ganlanqiuchang
橄榄球赛季	ganlanqiusaiji
橄榄石	ganlanshi
橄榄科	ganlanke
橄榄香皂	ganlanxiangzao
橘子	juzi
橘柚	juyou
橙	cheng
橙剂	chengji
橙子	chengzi
橙尾鸲莺	chengweiquying
橙木	chengmu
橙树	chengshu
橙色	chengse
橙色脱叶剂	chengsetuoyeji
橙花糙苏	chenghuacaosu
橙花豆属	chenghuadoushu
橙黄色	chenghuangse
橡子	xiangzi
橡木	xiangmu
橡树	xiangshu
橡树果实	xiangshuguoshi
橡皮	xiangpi
橡皮奶头	xiangpinaitou
橡皮擦	xiangpica
橡皮擦子	xiangpicazi
橡皮线	xiangpixian
橡胶	xiangjiao
橡胶树	xiangjiaoshu
橱柜	chugui
橱窗	chuchuang
檀树	tanshu
檀梨属	tanlishu
檀香	tanxiang
檀香属	tanxiangshu
檀香木	tanxiangmu
檀香树	tanxiangshu
檀香目	tanxiangmu
檀香科	tanxiangke
檐	yan
檐口	yankou
檐口饰	yankoushi
檐壁	yanbi
檐尖	yanjian
檐槽	yancao
檐状菌	yanzhuangjun
檗木	bomu
檬果	mengguo
檬果檨仔	mengguoshezai
欠	qian
欠债	qianzhai
欠安	qianan
欠帐	qianzhang
欠条	qiantiao
欠款	qiankuan
欠缺的事物	qianquedeshiwu
欠考虑的	qiankaolude
欠钱	qianqian
次中音号	cizhongyinhao
次品	cipin
次序	cixu
次摆圆	cibaiyuan
次数	cishu
次氯酸盐	cilusuanyan
次氯酸钙	cilusuangai
次氯酸钠	cilusuanna
次磷酸	cilinsuan
次级机密的	cijijimide
次要位置	ciyaoweizhi
次要的	ciyaode
次高音歌手	cigaoyingeshou
欢乐	huanle
欢乐时光	huanleshiguang
欢呼	huanhu
欢喜	huanxi
欢天喜地	huantianxidi
欢庆	huanqing
欢度	huandu
欢欣庆祝	huanxinqingzhu
欢跃	huanyue
欢迎	huanying
欣快	xinkuai
欣快剂	xinkuaiji
欣赏	xinshang
欧亚山茱萸	ouyashanzhuyu
欧亚槭	ouyaqi
欧亚甘草	ouyagancao
欧亚花楸	ouyahuaqiu
欧亚薄荷油	ouyaboheyou
欧亚铁角蕨	ouyatiejiaojue
欧元	ouyuan
欧勃氏麻痹	ouboshimabi
欧化	ouhua
欧地笋	oudisun
欧夏至草	ouxiazhicao
欧姆	oumu
欧当归	oudanggui
欧当归属	oudangguishu
欧旅鼠	oulushu
欧楂	ouzha
欧楂属	ouzhashu
欧泽芹	ouzeqin
欧洲	ouzhou
欧洲兔	ouzhoutu
欧洲化	ouzhouhua
欧洲卫矛	ouzhouweimao
欧洲小鸊鷉	ouzhouxiaopiti
欧洲山杨	ouzhoushanyang
欧洲愚人芹	ouzhouyurenqin
欧洲散白蚁	ouzhousanbaiyi
欧洲木莓	ouzhoumumei
欧洲李	ouzhouli
欧洲榆小蠹	ouzhouyuxiaodu
欧洲江鲽	ouzhoujiangdie
欧洲没药属	ouzhoumoyaoshu
欧洲没药草	ouzhoumoyaocao
欧洲球螋	ouzhouqiusou
欧洲琼花	ouzhouqionghua
欧洲盘羊	ouzhoupanyang
欧洲红狐	ouzhouhonghu
欧洲绵鳚	ouzhoumianwei
欧洲美元	ouzhoumeiyuan
欧洲花楸	ouzhouhuaqiu
欧洲草莓	ouzhoucaomei
欧洲荚蒾	ouzhoujiami
欧洲萝卜	ouzhouluobo
欧洲蕨	ouzhoujue
欧洲蕨林	ouzhoujuelin
欧洲货币	ouzhouhuobi
欧洲野兔	ouzhouyetu
欧洲野牛	ouzhouyeniu
欧洲野马	ouzhouyema
欧洲银蛤	ouzhouyinha
欧洲露莓	ouzhoulumei
欧洲鳀	ouzhouti
欧洲鳎	ouzhouta
欧洲麻鸭	ouzhoumaya
欧独活	ouduhuo
欧白英	oubaiying
欧白鲑	oubaigui
欧细辛	ouxixin
欧缬草	ouxiecao
欧美化	oumeihua
欧芜菁	ouwujing
欧芹	ouqin
欧芹属	ouqinshu
欧若拉	ouruola
欧莨菪	oulangdang
欧防风	oufangfeng
欧防风属	oufangfengshu
欧鲽	oudie
欧鳊属	oubianshu
欧黄鼠	ouhuangshu
欲望	yuwang
欲火焚身的	yuhuofenshende
欺凌	qiling
欺树	qishu
欺诈	qizha
欺诈的	qizhade
欺诈行为	qizhaxingwei
欺负	qifu
欺骗	qipian
款冬	kuandong
款式	kuanshi
款待	kuandai
款项	kuanxiang
歇口气	xiekouqi
歇工	xiegong
歇息	xiexi
歇斯底里	xiesidili
歇斯底里爆发	xiesidilibaofa
歇斯底里症	xiesidilizheng
歉意	qianyi
歌剧	geju
歌唱家	gechangjia
歌手	geshou
歌曲	gequ
歌曲集	gequji
止住	zhizhu
止吐剂	zhituji
止呕吐的药	zhioutudeyao
止咳剂	zhikeji
止咳药	zhikeyao
止咳露	zhikelu
止汗剂	zhihanji
止泻宁	zhixiening
止泻药	zhixieyao
止痒剂	zhiyangji
止痒药	zhiyangyao
止痛剂	zhitongji
止痛药	zhitongyao
止血	zhixue
止血带	zhixuedai
止血草	zhixuecao
止血钳	zhixueqian
止血钳子	zhixueqianzi
正义	zhengyi
正交	zhengjiao
正交线	zhengjiaoxian
正八面体	zhengbamianti
正切	zhengqie
正切面	zhengqiemian
正割	zhengge
正午	zhengwu
正反馈	zhengfankui
正四面体	zhengsimianti
正多面体	zhengduomianti
正宗	zhengzong
正对	zhengdui
正尾鳍	zhengweiqi
正常眼	zhengchangyan
正式化	zhengshihua
正式批准	zhengshipizhun
正式放弃	zhengshifangqi
正式的	zhengshide
正弦	zhengxian
正当	zhengdang
正当的	zhengdangde
正投影机	zhengtouyingji
正方形	zhengfangxing
正是时候	zhengshishihou
正极	zhengji
正直	zhengzhi
正直的	zhengzhide
正相反	zhengxiangfan
正规军	zhengguijun
正规化	zhengguihua
正规的	zhengguide
正长石	zhengchangshi
正门	zhengmen
正餐	zhengcan
正餐餐具	zhengcancanju
正马	zhengma
正鲭	zhengqing
步哨	bushao
步履蹒跚的	bulupanshande
步带	budai
步幅	bufu
步度	budu
步枪	buqiang
步步升高	bubushenggao
步行	buxing
步行不能	buxingbuneng
步行的人	buxingderen
步行者	buxingzhe
步行虫	buxingchong
步行虫科	buxingchongke
步行足	buxingzu
步速	busu
步骤	buzhou
步鱼	buyu
武力审查	wulishencha
武器	wuqi
武器交易	wuqijiaoyi
武器仓库	wuqicangku
武器制造者	wuqizhizaozhe
武器库	wuqiku
武器架	wuqijia
武器装备	wuqizhuangbei
武器钚	wuqibu
武士	wushi
武装	wuzhuang
歧视	qishi
歧须鮠	qixuwei
歪像	waixiang
歪头	waitou
歪尾鳍	waiweiqi
歪斜	waixie
歪斜的	waixiede
歪曲	waiqu
死亡	siwang
死亡原因	siwangyuanyin
死亡座	siwangzuo
死亡座位	siwangzuowei
死亡恐惧	siwangkongju
死亡恤金	siwangxujin
死亡率	siwanglu
死亡的节日	siwangdejieri
死产	sichan
死人的面模	sirendemianmo
死信	sixin
死刑	sixing
死刑电椅	sixingdianyi
死去	siqu
死后僵硬	sihoujiangying
死后地	sihoudi
死尸	sishi
死木	simu
死气沉沉的	siqichenchende
死灰复燃	sihuifuran
死牛	siniu
死牢	silao
死胡同	sihutong
死账	sizhang
歼灭者	jianmiezhe
残余	canyu
残余物	canyuwu
残存者	cancunzhe
残害	canhai
残废	canfei
残影	canying
残忍	canren
残暴	canbao
残暴的	canbaode
残杀	cansha
残桩	canzhuang
残油	canyou
残渣	canzha
残疾	canji
残积土	canjitu
残羹冷炙	cangenglengzhi
残酷	canku
残酷地对待	cankudiduidai
残酷的	cankude
残障	canzhang
残骸	canhai
殖民	zhimin
殖民主义	zhiminzhuyi
殖民地	zhimindi
殖民政策	zhiminzhengce
殡仪馆	binyiguan
殡车	binche
段	duan
段落	duanluo
殷勤	yinqin
毁	hui
毁坏	huihuai
毁容	huirong
毁掉	huidiao
毁灭	huimie
毁灭天使	huimietianshi
毁约	huiyue
毁谤	huibang
毁馏	huiliu
毅力	yili
毋庸置疑地	wuyongzhiyidi
母亲	muqin
母亲节	muqinjie
母婴关系	muyingguanxi
母子关系	muziguanxi
母子感情	muziganqing
母校	muxiao
母株	muzhu
母牛	muniu
母狐狸	muhuli
母狗	mugou
母狮	mushi
母狮子	mushizi
母猪	muzhu
母球	muqiu
母系家族	muxijiazu
母线	muxian
母羊	muyang
母虎	muhu
母蜂	mufeng
母豹	mubao
母马	muma
母驴	mulu
母鸡	muji
每三年的	meisanniande
每两周的	meiliangzhoude
每半年的	meibanniande
每周	meizhou
每夜	meiye
每夜出来的	meiyechulaide
每天的	meitiande
每年	meinian
每秒一周	meimiaoyizhou
毒人参	durenshen
毒人参属	durenshenshu
毒伞	dusan
毒力	duli
毒参	ducan
毒参茄	ducanjia
毒品	dupin
毒品中毒	dupinzhongdu
毒堇	dujin
毒害	duhai
毒性	duxing
毒扁豆	dubiandou
毒扁豆属	dubiandoushu
毒扁豆碱	dubiandoujian
毒棘豹蟾鱼	dujibaochanyu
毒橡	duxiang
毒死蜱	dusipi
毒气	duqi
毒气室	duqishi
毒气炮弹	duqipaodan
毒液	duye
毒漆	duqi
毒物	duwu
毒瓦斯	duwasi
毒瘾	duyin
毒砂	dusha
毒粉褶菌	dufenzhejun
毒素	dusu
毒素抗毒素	dusukangdusu
毒芹	duqin
毒芹属	duqinshu
毒苹果	dupingguo
毒药	duyao
毒药草	duyaocao
毒菌	dujun
毒葛	duge
毒蕈	duxun
毒藤皮疹	dutengpizhen
毒蛾	due
毒蛾属	dueshu
毒蛾科	dueke
毒蝇伞	duyingsan
毒蝇鹅膏菌	duyingegaojun
毒血症	duxuezheng
毒马草属	dumacaoshu
毒鮋属	duyoushu
毒鱼草	duyucao
毒鱼藤	duyuteng
毒鱼豆	duyudou
毒鱼豆属	duyudoushu
毒鱼豆木	duyudoumu
毒鹅膏菌	duegaojun
比例	bili
比例尺因子	bilichiyinzi
比值因子	bizhiyinzi
比分	bifen
比利时兔	bilishitu
比利时法郎	bilishifalang
比利牛斯大狗	biliniusidagou
比力棒	bilibang
比哥猎狗	bigeliegou
比啶	biding
比基尼	bijini
比基尼短裤	bijiniduanku
比塞塔	bisaita
比塞瓦	bisaiwa
比尔	bier
比得上	bideshang
比特	bite
比率	bilu
比目鱼	bimuyu
比索	bisuo
比萨斜塔	bisaxieta
比蒂	bidi
比诺葡萄	binuoputao
比赛	bisai
比赛回合	bisaihuihe
比赛用具	bisaiyongju
比赛的人	bisaideren
比赛的第一节	bisaidediyijie
比较	bijiao
比重计	bizhongji
毕业	biye
毕业生	biyesheng
毕宿五	bisuwu
毕尔格猎犬	biergeliequan
毕澄茄	bichengjia
毕茄	bijia
毕豆	bidou
毗邻	pilin
毗邻而居	pilinerju
毗陵茄子	pilingqiezi
毙敌数	bidishu
毛丝鼠	maosishu
毛丝鼠毛皮	maosishumaopi
毛利	maoli
毛刺	maoci
毛发	maofa
毛发直立	maofazhili
毛发竖立	maofashuli
毛口	maokou
毛叶苕子	maoyeshaozi
毛唇蕨类	maochunjuelei
毛囊炎	maonangyan
毛囊癣	maonangxuan
毛囊蕨科	maonangjueke
毛地黄	maodihuang
毛地黄属	maodihuangshu
毛坯	maopi
毛头	maotou
毛头鬼伞	maotouguisan
毛巾	maojin
毛布	maobu
毛式服装	maoshifuzhuang
毛忍冬	maorendong
毛果杨	maoguoyang
毛核木属	maohemushu
毛毛虫	maomaochong
毛毡	maozhan
毛毡衣蛾	maozhanyie
毛毡衣蛾属	maozhanyieshu
毛毯	maotan
毛泽兰	maozelan
毛洋槐	maoyanghuai
毛海织物	maohaizhiwu
毛滴虫病	maodichongbing
毛狐猴	maohuhou
毛狐猴属	maohuhoushu
毛玻璃	maoboli
毛瑟枪	maoseqiang
毛病	maobing
毛癣菌属	maoxuanjunshu
毛皮	maopi
毛皮围巾	maopiweijin
毛皮衣服	maopiyifu
毛石	maoshi
毛细管	maoxiguan
毛织物	maozhiwu
毛翅目	maochimu
毛腿吸血蝠	maotuixixuefu
毛舌	maoshe
毛荔枝	maolizhi
毛药花属	maoyaohuashu
毛萼口红花	maoekouhonghua
毛蕊花	maoruihua
毛蕊花属	maoruihuashu
毛蕨属	maojueshu
毛虫	maochong
毛蠓	maomeng
毛蠓科	maomengke
毛衣	maoyi
毛衣针	maoyizhen
毛豆	maodou
毛车前	maocheqian
毛边	maobian
毛边丝兰	maobiansilan
毛酸浆	maosuanjiang
毛里求斯卢比	maoliqiusilubi
毛野豌豆	maoyewandou
毛雄芯属	maoxiongxinshu
毛霉目	maomeimu
毛霉科	maomeike
毛霉菌	maomeijun
毛霉菌属	maomeijunshu
毛霉菌目	maomeijunmu
毛霉菌科	maomeijunke
毛领鸽	maolingge
毛骨悚然	maogusongran
毛鱼藤	maoyuteng
毛鳞鱼属	maolinyushu
毛齿鱼科	maochiyuke
毛龄鱼科鱼	maolingyukeyu
毛龙眼	maolongyan
毡	zhan
毫不	haobu
毫亨	haoheng
毫享利	haoxiangli
毫伏	haofu
毫伏计	haofuji
毫克	haoke
毫升	haosheng
毫安	haoan
毫安表	haoanbiao
毫安计	haoanji
毫居里	haojuli
毫巴	haoba
毫度	haodu
毫弧度	haohudu
毫微伏	haoweifu
毫微伏特	haoweifute
毫微克	haoweike
毫微微伏	haoweiweifu
毫微微米	haoweiweimi
毫微米	haoweimi
毫无尊严的	haowuzunyande
毫无得失的	haowudeshide
毫法	haofa
毫瓦	haowa
毫秒	haomiao
毫米	haomi
毯	tan
毯子	tanzi
氏族	shizu
民	min
民主化	minzhuhua
民主政治	minzhuzhengzhi
民事结合	minshijiehe
民众组织	minzhongzuzhi
民俗	minsu
民意	minyi
民意测验	minyiceyan
民意调查	minyidiaocha
民族	minzu
民族自治	minzuzizhi
民族舞	minzuwu
民用日	minyongri
民调税	mindiaoshui
民间基础	minjianjichu
民间的	minjiande
民间艺术	minjianyishu
民间音乐	minjianyinyue
民间风俗	minjianfengsu
气体	qiti
气体分液罐	qitifenyeguan
气体处理	qitichuli
气体常数	qitichangshu
气体状态	qitizhuangtai
气促	qicu
气候	qihou
气候变化	qihoubianhua
气候变迁	qihoubianqian
气候改变	qihougaibian
气候转变	qihouzhuanbian
气元素	qiyuansu
气动力	qidongli
气动升力	qidongshengli
气动地	qidongdi
气动锤	qidongchui
气化	qihua
气化过程	qihuaguocheng
气压	qiya
气压表	qiyabiao
气压计	qiyaji
气压过渡舱	qiyaguoducang
气味	qiwei
气喇叭	qilaba
气喘	qichuan
气喘吁吁	qichuanxuxu
气喘状	qichuanzhuang
气喷器	qipenqi
气囊	qinang
气囊蕨	qinangjue
气团	qituan
气圈	qiquan
气垫	qidian
气垫船	qidianchuan
气塞	qisai
气孔	qikong
气孔塞	qikongsai
气性坏疽	qixinghuaiju
气恼	qinao
气愤	qifen
气数	qishu
气杆菌属	qiganjunshu
气枪	qiqiang
气氛	qifen
气泡	qipao
气泡壳	qipaoke
气泵	qibeng
气流	qiliu
气球	qiqiu
气球帆	qiqiufan
气球席	qiqiuxi
气球炸弹	qiqiuzhadan
气生植物	qishengzhiwu
气管插管	qiguanchaguan
气管炎	qiguanyan
气管镜	qiguanjing
气绝	qijue
气缸盖	qiganggai
气肿	qizhong
气胸	qixiong
气脑图	qinaotu
气褥	qiru
气锤	qichui
气闸	qizha
气阱	qijing
气鼓	qigu
氖	nai
氘	dao
氘水	daoshui
氙	xian
氟中毒	fuzhongdu
氟化亚锡	fuhuayaxi
氟化反应	fuhuafanying
氟化处理	fuhuachuli
氟化物	fuhuawu
氟化钠	fuhuana
氟卡胺	fukaan
氟哌丁苯	fupaidingben
氟哌啶醇	fupaidingchun
氟尿苷	funiaogan
氟比洛芬	fubiluofen
氟石	fushi
氟硅酸	fuguisuan
氟硅酸盐	fuguisuanyan
氟硼酸	fupengsuan
氟硼酸盐	fupengsuanyan
氟碳塑料	futansuliao
氟碳铈矿	futanshikuang
氟磷灰石	fulinhuishi
氟磷酸钙	fulinsuangai
氟脲嘧啶	funiaomiding
氟西汀	fuxiting
氟非那嗪	fufeinaqin
氡	dong
氢	qing
氢化裂解	qinghualiejie
氢化钠	qinghuana
氢原子	qingyuanzi
氢吗啡酮	qingmafeitong
氢弹	qingdan
氢气	qingqi
氢氟噻嗪	qingfusaiqin
氢氧化钠	qingyanghuana
氢氧化钡	qingyanghuabei
氢氧化钾	qingyanghuajia
氢氧化铝	qingyanghualu
氢氯化物	qingluhuawu
氢氰酸	qingqingsuan
氢溴酸盐	qingxiusuanyan
氢碘酸	qingdiansuan
氦	hai
氦基	haiji
氧	yang
氧不足	yangbuzu
氧债	yangzhai
氧化	yanghua
氧化作用	yanghuazuoyong
氧化值	yanghuazhi
氧化剂	yanghuaji
氧化数	yanghuashu
氧化氘	yanghuadao
氧化氮	yanghuadan
氧化砷	yanghuashen
氧化钙	yanghuagai
氧化钡	yanghuabei
氧化钴	yanghuagu
氧化铁	yanghuatie
氧化铜	yanghuatong
氧化铝	yanghualu
氧化镁	yanghuamei
氧化镁乳液	yanghuameiruye
氧杂茂	yangzamao
氧负债	yangfuzhai
氧过少	yangguoshao
氨利酮	anlitong
氨化	anhua
氨化作用	anhuazuoyong
氨合	anhe
氨吡酮	anbitong
氨基	anji
氨基化合物	anjihuahewu
氨基塑料	anjisuliao
氨基树脂	anjishuzhi
氨基比林	anjibilin
氨基氰	anjiqing
氨基甲酸	anjijiasuan
氨基甲酸盐	anjijiasuanyan
氨基甲酸铵	anjijiasuanan
氨基苯甲酸	anjibenjiasuan
氨基酸	anjisuan
氨基酸尿	anjisuanniao
氨尿	anniao
氨必西林	anbixilin
氨曲南	anqunan
氨树胶	anshujiao
氨比西林	anbixilin
氨水	anshui
氨甲丙二酯	anjiabingerzhi
氨甲喋呤	anjiadieling
氨甲蝶呤	anjiadieling
氨盐基	anyanji
氨络物	anluowu
氨苯砜	anbenfeng
氨草胶	ancaojiao
氨酰心安	anxianxinan
氨钟	anzhong
氮	dan
氮化合	danhuahe
氮尿	danniao
氮平衡	danpingheng
氮循环	danxunhuan
氮的氧化物	dandeyanghuawu
氮血	danxue
氮血症	danxuezheng
氮饱和	danbaohe
氯丙咪嗪	lubingmiqin
氯丙嗪	lubingqin
氯乙烷	luyiwan
氯乙酰苯	luyixianben
氯仿	lufang
氯化	luhua
氯化作用	luhuazuoyong
氯化物	luhuawu
氯化钠	luhuana
氯化钾	luhuajia
氯化铝	luhualu
氯化铵	luhuaan
氯化银	luhuayin
氯化锡	luhuaxi
氯吡格雷	lubigelei
氯含量	luhanliang
氯喹	lukui
氯噻	lusai
氯噻嗪	lusaiqin
氯噻酮	lusaitong
氯奎	lukui
氯屈米通	luqumitong
氯水	lushui
氯甲	lujia
氯碘喹啉	ludiankuilin
氯苯	luben
氯苯甲嗪	lubenjiaqin
氯酸	lusuan
氯酸盐	lusuanyan
氯酸钠	lusuanna
氯酸钾	lusuanjia
氯霉素	lumeisu
氰	qing
氰亚铁酸	qingyatiesuan
氰化法	qinghuafa
氰化物	qinghuawu
氰化钠	qinghuana
氰化钾	qinghuajia
氰基	qingji
氰尿酸	qingniaosuan
氰胺	qingan
氰酸	qingsuan
水	shui
水上漂	shuishangpiao
水上飞机	shuishangfeiji
水中氯度	shuizhongludu
水井	shuijing
水产业	shuichanye
水仙桃草	shuixiantaocao
水俣病	shuiyubing
水兔	shuitu
水冲过的	shuichongguode
水准	shuizhun
水准仪	shuizhunyi
水凝水泥	shuiningshuini
水凝胶	shuiningjiao
水分	shuifen
水别蕨	shuibiejue
水压机	shuiyaji
水压泵	shuiyabeng
水叶	shuiye
水叶属植物	shuiyeshuzhiwu
水叶科	shuiyeke
水叶草属	shuiyecaoshu
水合	shuihe
水合作用	shuihezuoyong
水合氯醛	shuiheluquan
水囊肿	shuinangzhong
水土流失	shuituliushi
水坝	shuiba
水塘	shuitang
水壶	shuihu
水客妈菜	shuikemacai
水对叶莲	shuiduiyelian
水平	shuiping
水平仪	shuipingyi
水平对流	shuipingduiliu
水平尾翼	shuipingweiyi
水平差	shuipingcha
水平极低	shuipingjidi
水平物	shuipingwu
水平面	shuipingmian
水库	shuiku
水恐怖	shuikongbu
水手	shuishou
水手衫	shuishoushan
水手领	shuishouling
水接骨丹	shuijiegudan
水晶	shuijing
水晶玻璃	shuijingboli
水晶球	shuijingqiu
水晶般的	shuijingbande
水晶饰品	shuijingshipin
水木贼	shuimuzei
水杉红木	shuishanhongmu
水杨柳	shuiyangliu
水杨梅	shuiyangmei
水杨酸	shuiyangsuan
水果	shuiguo
水果车	shuiguoche
水柳	shuiliu
水案板	shuianban
水桐	shuitong
水桐楸	shuitongqiu
水桶	shuitong
水槽	shuicao
水气	shuiqi
水池	shuichi
水污染	shuiwuran
水汽	shuiqi
水沟	shuigou
水沫	shuimo
水泥	shuini
水泥浆	shuinijiang
水流	shuiliu
水流豆	shuiliudou
水渠	shuiqu
水溶液	shuirongye
水灾	shuizai
水烟筒	shuiyantong
水烟袋	shuiyandai
水煤气	shuimeiqi
水牛	shuiniu
水牛属	shuiniushu
水犬	shuiquan
水狗	shuigou
水狗仔	shuigouzai
水獚	shuihuang
水獭	shuita
水獭亚科	shuitayake
水獭属	shuitashu
水獭毛皮	shuitamaopi
水玻璃	shuiboli
水珍鱼	shuizhenyu
水珍鱼属	shuizhenyushu
水珍鱼科	shuizhenyuke
水瓶座	shuipingzuo
水瓶座人	shuipingzuoren
水甘草	shuigancao
水甘草属	shuigancaoshu
水生植物	shuishengzhiwu
水田七	shuitianqi
水田鼠	shuitianshu
水田鼠属	shuitianshushu
水疱	shuipao
水痘	shuidou
水皂角	shuizaojiao
水盆	shuipen
水硬水泥	shuiyingshuini
水禽	shuiqin
水箱	shuixiang
水罐植物	shuiguanzhiwu
水羚	shuiling
水羚属	shuilingshu
水翼	shuiyi
水翼船	shuiyichuan
水老鼠	shuilaoshu
水耗子	shuihaozi
水肺	shuifei
水肿	shuizhong
水胞体	shuibaoti
水脉系	shuimaixi
水脑症	shuinaozheng
水腊虫	shuilachong
水芹	shuiqin
水芹属	shuiqinshu
水芹菜	shuiqincai
水苏属	shuisushu
水苏糖	shuisutang
水苦荬	shuikumai
水苦菜	shuikucai
水英	shuiying
水茄	shuijia
水莴苣	shuiwoju
水菖蒲	shuichangpu
水萝卜	shuiluobo
水蒸气	shuizhengqi
水蒸汽	shuizhengqi
水蓝宝石	shuilanbaoshi
水蔴叶	shuimaye
水蕨	shuijue
水蕨属	shuijueshu
水蕨科	shuijueke
水蕴草	shuiyuncao
水蕴草属	shuiyuncaoshu
水薄荷	shuibohe
水藻	shuizao
水虎鱼	shuihuyu
水虿	shuichai
水蚤	shuizao
水蚤属	shuizaoshu
水蛉科	shuilingke
水蛭	shuizhi
水蛭属	shuizhishu
水蛾	shuie
水蜡虫	shuilachong
水蝽	shuichun
水螅	shuixi
水解产物	shuijiechanwu
水解作用	shuijiezuoyong
水解液	shuijieye
水豚	shuitun
水豚属	shuitunshu
水豚科	shuitunke
水貂	shuidiao
水车轮	shuichelun
水银	shuiyin
水银温度计	shuiyinwenduji
水银灯	shuiyindeng
水银电池	shuiyindianchi
水锰矿	shuimengkuang
水镁矾	shuimeifan
水闸	shuizha
水闸系统	shuizhaxitong
水闸门	shuizhamen
水霉	shuimei
水霉属	shuimeishu
水霉目	shuimeimu
水韭	shuijiu
水韭属	shuijiushu
水韭目	shuijiumu
水韭科	shuijiuke
水马齿	shuimachi
水马齿属	shuimachishu
水马齿科	shuimachike
水鳖	shuibie
水鳖属	shuibieshu
水鳖科	shuibieke
水鳖蕨	shuibiejue
水鸟	shuiniao
水鸡	shuiji
水麦冬属	shuimaidongshu
水麦冬科	shuimaidongke
水麻属	shuimashu
水黄皮	shuihuangpi
水黄皮属	shuihuangpishu
水黾	shuimin
水黾科	shuiminke
水鼠	shuishu
水鼠亚科	shuishuyake
水鼠属	shuishushu
水鼷鹿	shuixilu
水鼷鹿属	shuixilushu
水龙头	shuilongtou
水龙骨	shuilonggu
水龙骨科	shuilongguke
永不再	yongbuzai
永不再会	yongbuzaihui
永世	yongshi
永久惩罚	yongjiuchengfa
永存	yongcun
永恒	yongheng
永生	yongsheng
永磁发电机	yongcifadianji
永远	yongyuan
永远不再	yongyuanbuzai
汁	zhi
汁液	zhiye
求	qiu
求偶草	qiuoucao
求助	qiuzhu
求助于	qiuzhuyu
求和	qiuhe
求婚	qiuhun
求学	qiuxue
求教于	qiujiaoyu
求爱	qiuai
求解	qiujie
汇出	huichu
汇合	huihe
汇总	huizong
汇款	huikuan
汇水	huishui
汇流	huiliu
汇流排	huiliupai
汇流条	huiliutiao
汇率	huilu
汇票	huipiao
汇编程序	huibianchengxu
汇编语言	huibianyuyan
汉	han
汉堡欧芹	hanbaoouqin
汉普夏羊	hanpuxiayang
汉科乌马山	hankewumashan
汗	han
汗分泌过多	hanfenmiguoduo
汗水	hanshui
汗液	hanye
汗衫	hanshan
汞	gong
汞中毒	gongzhongdu
汞制油膏	gongzhiyougao
汞合金	gonghejin
汞气灯	gongqideng
汞溴红	gongxiuhong
汞电池	gongdianchi
汞膏	gonggao
汞软膏	gongruangao
汞齐	gongqi
江	jiang
江南槐	jiangnanhuai
江豚油	jiangtunyou
江鲽属	jiangdieshu
江鳕	jiangxue
江鳕属	jiangxueshu
污垢雪	wugouxue
污染	wuran
污染性物质	wuranxingwuzhi
污染恐怖	wurankongbu
污染物	wuranwu
污染物质	wuranwuzhi
污染的	wurande
污棉虫	wumianchong
污水	wushui
污水坑	wushuikeng
污水渗井	wushuishenjing
污水灌溉	wushuiguangai
污水生物	wushuishengwu
污水道	wushuidao
污泥	wuni
污浊的	wuzhuode
污点	wudian
污物	wuwu
污物碾碎器	wuwuniansuiqi
污秽	wuhui
污秽的	wuhuide
污秽言语	wuhuiyanyu
污蔑	wumie
污褐牛肝菌	wuheniuganjun
污辱	wuru
污迹	wuji
汤	tang
汤匙	tangchi
汤圆	tangyuan
汩汩地流	gugudiliu
汪汪叫	wangwangjiao
汲取	jiqu
汹涌	xiongyong
汽化	qihua
汽化器	qihuaqi
汽化计	qihuaji
汽水	qishui
汽油	qiyou
汽油弹	qiyoudan
汽油机	qiyouji
汽油税	qiyoushui
汽油醇	qiyouchun
汽笛	qidi
汽笛风琴	qidifengqin
汽缸	qigang
汽车	qiche
汽车仪表	qicheyibiao
汽车保险	qichebaoxian
汽车发动机	qichefadongji
汽车响笛	qichexiangdi
汽车图书馆	qichetushuguan
汽车座椅	qichezuoyi
汽车引擎	qicheyinqing
汽车旅馆	qicheluguan
汽车炸弹	qichezhadan
汽车蜡	qichela
汽车贷款	qichedaikuan
汽车车轮	qichechelun
汽车轮渡	qichelundu
汽车轮胎	qicheluntai
汽车运载车	qicheyunzaiche
汽车道	qichedao
汽车镜	qichejing
汽车零件	qichelingjian
沉	chen
沉下	chenxia
沉到底	chendaodi
沉思	chensi
沉思地	chensidi
沉没	chenmo
沉浸	chenjin
沉淀	chendian
沉淀剂	chendianji
沉淀物	chendianwu
沉淀素	chendiansu
沉湎于	chenmianyu
沉溺	chenni
沉溺于	chenniyu
沉滞	chenzhi
沉积	chenji
沉积岩	chenjiyan
沉积物	chenjiwu
沉积粘土	chenjiniantu
沉重	chenzhong
沉重地	chenzhongdi
沉钙作用	chengaizuoyong
沉降	chenjiang
沉陷	chenxian
沉香	chenxiang
沉香木	chenxiangmu
沉香醇	chenxiangchun
沉默	chenmo
沉默寡言	chenmoguayan
沐浴	muyu
沐浴油	muyuyou
沙	sha
沙丁胺醇	shadinganchun
沙丁鱼	shadingyu
沙丁鱼属	shadingyushu
沙丁鱼油	shadingyuyou
沙丘汽车	shaqiuqiche
沙井	shajing
沙发	shafa
沙发床	shafachuang
沙发椅	shafayi
沙司	shasi
沙场	shachang
沙子	shazi
沙孙鲽	shasundie
沙孤	shagu
沙岩	shayan
沙德拉属	shadelashu
沙拉	shala
沙文主义者	shawenzhuyizhe
沙柳	shaliu
沙样瘤	shayangliu
沙樱桃	shayingtao
沙泥岩	shaniyan
沙海螂	shahailang
沙漏	shalou
沙漠	shamo
沙漠化	shamohua
沙漠卷柏	shamojuanbai
沙漠葳属	shamoweishu
沙灯心	shadengxin
沙猫	shamao
沙瑙鱼	shanaoyu
沙瑙鱼属	shanaoyushu
沙眼	shayan
沙砾	shali
沙禽	shaqin
沙粒病毒	shalibingdu
沙纸	shazhi
沙莪粒	shaeli
沙葛	shage
沙蚕	shacan
沙蚤	shazao
沙蚤属	shazaoshu
沙蚤科	shazaoke
沙螽	shazhong
沙螽属	shazhongshu
沙螽科	shazhongke
沙躅	shazhu
沙钱	shaqian
沙锥属	shazhuishu
沙障	shazhang
沙鱼	shayu
沙黑莓	shaheimei
沙鼠	shashu
沙鼠亚科	shashuyake
沙鼠属	shashushu
沙龙	shalong
沟	gou
沟槽	goucao
沟渠	gouqu
沟腹纲	goufugang
没	mei
没人占的	meirenzhande
没收	moshou
没收物	moshouwu
没有	meiyou
没有回报的	meiyouhuibaode
没有生气	meiyoushengqi
没有眼睑	meiyouyanjian
没药	moyao
没药属	moyaoshu
没落时代	moluoshidai
没达到	meidadao
没食子酸	meishizisuan
沥滤	lilu
沥滤法	lilufa
沥青	liqing
沥青砂胶	liqingshajiao
沫蝉	mochan
沫蝉属	mochanshu
沫蝉科	mochanke
沮丧	jusang
河楸	heqiu
河流	heliu
河狸	heli
河狸科	helike
河狸鼠属	helishushu
河狸鼠科	helishuke
河篦梳	hebishu
河蚌	hebang
河蚌属	hebangshu
河蜑螺属	hedanluoshu
河豚	hetun
河豚科	hetunke
河豚菌	hetunjun
河边	hebian
河马	hema
河马属	hemashu
河马科	hemake
河鲈	helu
河鲈属	helushu
河鳗	heman
河鳟	hezun
河鼠	heshu
沸水堆	feishuidui
沸溢	feiyi
沸点测高计	feidiancegaoji
沸腾	feiteng
沸腾地	feitengdi
沸腾而溢出	feitengeryichu
油	you
油印机	youyinji
油压传动	youyachuandong
油压机	youyaji
油口蘑	youkoumo
油性树脂	youxingshuzhi
油性物	youxingwu
油患子	youhuanzi
油果	youguo
油桃	youtao
油桐	youtong
油桐树	youtongshu
油棕	youzong
油棕属	youzongshu
油棕榈	youzonglu
油椰	youye
油椰子	youyezi
油气炸弹	youqizhadan
油气炸药	youqizhayao
油气爆炸物	youqibaozhawu
油润	yourun
油滴盘	youdipan
油漆	youqi
油漆喷雾器	youqipenwuqi
油灰	youhui
油炸锅	youzhaguo
油状物	youzhuangwu
油画布	youhuabu
油箱	youxiang
油罗树	youluoshu
油老虎	youlaohu
油耙菜	youbacai
油脂	youzhi
油膏	yougao
油芜菁	youwujing
油芫菁	youyanjing
油蘑	youmo
油身鱼科	youshenyuke
油量计	youliangji
油门	youmen
油门踏板	youmentaban
油页岩	youyeyan
油鲱	youfei
油鲱属	youfeishu
油鲽属	youdieshu
治	zhi
治喘灵	zhichuanling
治安	zhian
治愈	zhiyu
治理	zhili
治理的	zhilide
治疗	zhiliao
治疗修复	zhiliaoxiufu
治疗学家	zhiliaoxuejia
治疗法	zhiliaofa
沼气	zhaoqi
沼泽	zhaoze
沼泽乳草	zhaozerucao
沼泽土	zhaozetu
沼泽土壤	zhaozeturang
沼泽地	zhaozedi
沼泽地方	zhaozedifang
沼泽旅鼠属	zhaozelushushu
沼泽木贼	zhaozemuzei
沼泽植物	zhaozezhiwu
沼泽问荆	zhaozewenjing
沼泽鸟	zhaozeniao
沼泽鸡	zhaozeji
沼泽鼯	zhaozewu
沼狸	zhaoli
沼萍属	zhaopingshu
沾	zhan
沾污	zhanwu
沿岸	yanan
沿篱豆	yanlidou
沿行	yanxing
沿街叫卖	yanjiejiaomai
沿路走	yanluzou
沿边缘走	yanbianyuanzou
沿革的马	yangedema
泄出	xiechu
泄气	xieqi
泄漏	xielou
泄露	xielou
泉	quan
泉水	quanshui
泊船费	pochuanfei
泌乳	miru
法令	faling
法偿币	fachangbi
法兰片	falanpian
法兰绒	falanrong
法冠	faguan
法国化	faguohua
法国叭喇狗	faguobalagou
法国号	faguohao
法国式门	faguoshimen
法国梧桐	faguowutong
法国磨光漆	faguomoguangqi
法国薰衣草	faguoxunyicao
法国飞鱼	faguofeiyu
法塔赫	fatahe
法官	faguan
法官服	faguanfu
法定价格	fadingjiage
法定信托	fadingxintuo
法定假日	fadingjiari
法定地位	fadingdiwei
法定注销	fadingzhuxiao
法定的	fadingde
法定货币	fadinghuobi
法寻	faxun
法庭	fating
法式弯后跟	fashiwanhougen
法式电话	fashidianhua
法式线结	fashixianjie
法律代表	faludaibiao
法律允许的	faluyunxude
法律关系	faluguanxi
法律地位	faludiwei
法律界	falujie
法律系统	faluxitong
法律规则	faluguize
法律许可的	faluxukede
法律诉讼	falususong
法律费	falufei
法律费用	falufeiyong
法律顾问	faluguwen
法拉	fala
法新	faxin
法治	fazhi
法老蚁	falaoyi
法色草	fasecao
法莫替丁	famotiding
法螺	faluo
法螺科	faluoke
法规	fagui
法语化	fayuhua
法郎	falang
法院	fayuan
法院大楼	fayuandalou
法院的顾问	fayuandeguwen
泛光灯	fanguangdeng
泛域的	fanyude
泛滥	fanlan
泛灵论	fanlinglun
泡	pao
泡儿刺	paoerci
泡制	paozhi
泡沫	paomo
泡沫室	paomoshi
泡沫材料	paomocailiao
泡沫橡胶	paomoxiangjiao
泡沫聚苯乙烯	paomojubenyixi
泡泡草	paopaocao
泡腾	paoteng
泡螺	paoluo
泡螺属	paoluoshu
泡螺科	paoluoke
泡软	paoruan
泡铜	paotong
波佐狗	bozuogou
波动	bodong
波动性	bodongxing
波动的	bodongde
波卡	boka
波叶大黄	boyedahuang
波士顿摇椅	boshidunyaoyi
波士顿狗	boshidungou
波尔多混合物	boerduohunhewu
波尼松龙	bonisonglong
波形	boxing
波形自记器	boxingzijiqi
波形花纹	boxinghuawen
波形钉	boxingding
波斯新年	bosixinnian
波斯春节	bosichunjie
波斯枣	bosizao
波斯猫	bosimao
波斯皂荚	bosizaojia
波斯羔羊	bosigaoyang
波斯羔羊皮	bosigaoyangpi
波斯阿魏	bosiawei
波森莓	bosenmei
波段	boduan
波氏囊鼠	boshinangshu
波氏瓶蕨	boshipingjue
波氏白足鼠	boshibaizushu
波洛领带	boluolingdai
波浪	bolang
波浪形	bolangxing
波涛滚滚	botaogungun
波特	bote
波状热	bozhuangre
波状轮廓	bozhuanglunkuo
波纹丝绸	bowensichou
波纹织物	bowenzhiwu
波纹绸	bowenchou
波罗麻纤维	boluomaxianwei
波美拉尼亚狗	bomeilaniyagou
波腹	bofu
波道	bodao
泥团	nituan
泥土	nitu
泥岭亚目	nilingyamu
泥板岩	nibanyan
泥泞的	niningde
泥浆	nijiang
泥灰土	nihuitu
泥灰岩	nihuiyan
泥炭	nitan
泥煤	nimei
泥盖木屋	nigaimuwu
泥砖	nizhuan
泥腿子赛马	nituizisaima
泥菖蒲	nichangpu
泥蛉	niling
泥蛉属	nilingshu
泥蛉科	nilingke
泥蜂	nifeng
泥蜂属	nifengshu
泥蜂总科	nifengzongke
泥蜂科	nifengke
泥豆	nidou
泥质岩	nizhiyan
注	zhu
注入	zhuru
注入水	zhurushui
注册	zhuce
注册的	zhucede
注册簿	zhucebu
注射	zhushe
注射剂	zhusheji
注意	zhuyi
注意到	zhuyidao
注意力	zhuyili
注意力缺陷	zhuyiliquexian
注意广度	zhuyiguangdu
注意时度	zhuyishidu
注意观察地	zhuyiguanchadi
注气法	zhuqifa
注水	zhushui
注油枪	zhuyouqiang
注满	zhuman
注索引	zhusuoyin
注视	zhushi
注解	zhujie
注解者	zhujiezhe
注释	zhushi
注释者	zhushizhe
注重	zhuzhong
注销	zhuxiao
泪	lei
泪水	leishui
泪液分泌	leiyefenmi
泪滴	leidi
泪滴状物	leidizhuangwu
泪状物	leizhuangwu
泪珠	leizhu
泰	tai
泰国货币	taiguohuobi
泰尔紫	taierzi
泰然自若	tairanziruo
泰特里	taiteli
泰萨二氏病	taisaershibing
泰铢	taizhu
泵	beng
泻	xie
泻出	xiechu
泻盐	xieyan
泻药	xieyao
泼尼松	ponisong
泽兔	zetu
泽勒牛肝菌	zeleiniuganjun
泽泻	zexie
泽泻亚纲	zexieyagang
泽泻属	zexieshu
泽泻目	zexiemu
泽泻科	zexieke
泽漆	zeqi
泽芬	zefen
泽芹	zeqin
泽芹属	zeqinshu
泽西种乳牛	zexizhongruniu
洁净的	jiejingde
洁白	jiebai
洋	yang
洋三七	yangsanqi
洋凌霄	yanglingxiao
洋地黄	yangdihuang
洋地黄苷	yangdihuanggan
洋娃娃	yangwawa
洋彩雀	yangcaique
洋柿子	yangshizi
洋樱桃	yangyingtao
洋樱桃树	yangyingtaoshu
洋水仙	yangshuixian
洋海燕属	yanghaiyanshu
洋琴	yangqin
洋琵琶	yangpipa
洋甘草	yanggancao
洋筋骨草	yangjingucao
洋素馨	yangsuxin
洋紫苏	yangzisu
洋绣球	yangxiuqiu
洋芋蕨	yangyujue
洋芫荽	yangyansui
洋苏木	yangsumu
洋苏草	yangsucao
洋茶	yangcha
洋荷花	yanghehua
洋莓	yangmei
洋菝契根	yangbaqigen
洋葱	yangcong
洋葱头	yangcongtou
洋蓟	yangji
洋金花	yangjinhua
洋香菜	yangxiangcai
洒水	sashui
洒水器	sashuiqi
洒满	saman
洒金榕	sajinrong
洒香水于	saxiangshuiyu
洗出液	xichuye
洗剂	xiji
洗劫	xijie
洗干净的	xiganjingde
洗手果	xishouguo
洗手碗	xishouwan
洗提	xiti
洗海水澡	xihaishuizao
洗涤	xidi
洗涤液	xidiye
洗涤碱	xidijian
洗涤过的	xidiguode
洗液	xiye
洗清	xiqing
洗澡	xizao
洗澡水	xizaoshui
洗濯日	xizhuori
洗瓶刷	xipingshua
洗瘴丹	xizhangdan
洗的衣服	xideyifu
洗盘水	xipanshui
洗眼杯	xiyanbei
洗眼药	xiyanyao
洗碗机	xiwanji
洗碗水	xiwanshui
洗碟布	xidiebu
洗碟机	xidieji
洗碟水	xidieshui
洗碟用盆子	xidieyongpenzi
洗碟盆	xidiepen
洗礼所	xilisuo
洗礼用桶	xiliyongtong
洗礼盆	xilipen
洗脚盆	xijiaopen
洗脸	xilian
洗脸盆	xilianpen
洗色	xise
洗衣店	xiyidian
洗衣房	xiyifang
洗衣日	xiyiri
洗衣粉	xiyifen
洗革	xige
洛林十字	luolinshizi
洛海普诺	luohaipunuo
洞	dong
洞察力	dongchali
洞穴	dongxue
洞穴探险	dongxuetanxian
洞穴运动	dongxueyundong
洞窟	dongku
洞蝠属	dongfushu
洞里仙	donglixian
洞鼠耳蝠	dongshuerfu
津枸杞	jingouqi
津贴	jintie
洪水	hongshui
洪流	hongliu
洪灾	hongzai
活	huo
活人面模	huorenmianmo
活力	huoli
活动	huodong
活动亢进	huodongkangjin
活动房屋	huodongfangwu
活动扳手	huodongbanshou
活动板钳	huodongbanqian
活动结构	huodongjiegou
活动翻板	huodongfanban
活动铁钩	huodongtiegou
活化	huohua
活化剂	huohuaji
活化能	huohuaneng
活受罪	huoshouzui
活埋恐怖	huomaikongbu
活字合金	huozihejin
活度	huodu
活性	huoxing
活性剂	huoxingji
活性区	huoxingqu
活性炭	huoxingtan
活性迁移	huoxingqianyi
活性部位	huoxingbuwei
活扳子	huobanzi
活扳手	huobanshou
活旋钳	huoxuanqian
活期存款	huoqicunkuan
活期贷款	huoqidaikuan
活泼	huopo
活泼的	huopode
活着	huozhe
活结	huojie
活结圈套	huojiequantao
活结无舌鞋	huojiewushexie
活结领带	huojielingdai
活络扳子	huoluobanzi
活血丹	huoxuedan
活血丹属	huoxuedanshu
活血草	huoxuecao
活计	huoji
活负载	huofuzai
活跃性	huoyuexing
活跃起来	huoyueqilai
活过	huoguo
活页簿	huoyebu
洼地	wadi
洽谈	qiatan
派	pai
派克斯玻璃	paikesiboli
派出	paichu
派卡	paika
派定演员	paidingyanyuan
派沙	paisha
派遣	paiqian
流	liu
流亡	liuwang
流亡者	liuwangzhe
流产	liuchan
流产胎	liuchantai
流传	liuchuan
流体	liuti
流入	liuru
流出	liuchu
流动	liudong
流动率	liudonglu
流动资产	liudongzichan
流动资本	liudongziben
流向	liuxiang
流回	liuhui
流干	liugan
流感	liugan
流掉	liudiao
流放	liufang
流明	liuming
流星锤	liuxingchui
流水帐	liushuizhang
流水线	liushuixian
流汗	liuhan
流泪	liulei
流派	liupai
流浪	liulang
流涎	liuxian
流淌	liutang
流网	liuwang
流胶病	liujiaobing
流脓	liunong
流苏	liusu
流苏花边	liusuhuabian
流苏鹬	liusuyu
流苏鹬属	liusuyushu
流血	liuxie
流行地	liuxingdi
流行病	liuxingbing
流行起来	liuxingqilai
流行音乐	liuxingyinyue
流进	liujin
流连	liulian
流通	liutong
流通数	liutongshu
流通票据	liutongpiaoju
流通股	liutonggu
流通蒸汽	liutongzhengqi
流逝	liushi
流逸	liuyi
流量	liuliang
流量盎司	liuliangangsi
浅型浮雕	qianxingfudiao
浅水鱿鱼	qianshuiyouyu
浅浮雕	qianfudiao
浅灰蓝色的	qianhuilansede
浅箱	qianxiang
浅紫色的	qianzisede
浅绿色的	qianlusede
浅苗床	qianmiaochuang
浅蓝色的	qianlansede
浅裂片	qianliepian
浅铬绿	qiangelu
浅间山	qianjianshan
浆	jiang
浆料	jiangliao
浆果	jiangguo
浆果类	jiangguolei
浆糊	jianghu
浆细胞瘤	jiangxibaoliu
浇水于	jiaoshuiyu
测听术	cetingshu
测地线	cedixian
测定	ceding
测径器	cejingqi
测径规	cejinggui
测微计	ceweiji
测斜仪	cexieyi
测智力游戏	cezhiliyouxi
测气管	ceqiguan
测深仪	ceshenyi
测深尺	ceshenchi
测深索	ceshensuo
测程器	cechengqi
测试	ceshi
测谎器	cehuangqi
测辐射热仪	cefushereyi
测量仪器	celiangyiqi
测量杆	celianggan
测量棒	celiangbang
测链	celian
测面仪	cemianyi
测验	ceyan
测高仪	cegaoyi
测高计	cegaoji
济梨	jili
济贫税	jipinshui
浏览	liulan
浑天仪	huntianyi
浑浊化	hunzhuohua
浑然一体的	hunranyitide
浓味粗烟丝	nongweicuyansi
浓度	nongdu
浓烈的	nongliede
浓缩	nongsuo
浣熊	huanxiong
浣熊属	huanxiongshu
浣熊皮毛	huanxiongpimao
浣熊科	huanxiongke
浪	lang
浪花	langhua
浪费	langfei
浪费信托	langfeixintuo
浪费时间	langfeishijian
浮世绘	fushihui
浮出水面	fuchushuimian
浮动	fudong
浮动水雷	fudongshuilei
浮动码头	fudongmatou
浮动船坞	fudongchuanwu
浮动计算法	fudongjisuanfa
浮叶	fuye
浮土	futu
浮士德的	fushidede
浮夸地	fukuadi
浮子	fuzi
浮尘	fuchen
浮岩	fuyan
浮木	fumu
浮桥	fuqiao
浮水气球	fushuiqiqiu
浮点型数	fudianxingshu
浮点运算	fudianyunsuan
浮现	fuxian
浮球旋塞	fuqiuxuansai
浮球阀	fuqiufa
浮石	fushi
浮码头	fumatou
浮筒锚链	futongmaolian
浮筒飞机	futongfeiji
浮肿	fuzhong
浮船坞	fuchuanwu
浮质	fuzhi
浮雕	fudiao
浮雕艺术	fudiaoyishu
浴场	yuchang
浴室	yushi
浴室亚麻布	yushiyamabu
浴室清洁	yushiqingjie
浴室设备	yushishebei
浴巾	yujin
浴椅	yuyi
浴水	yushui
浴盆	yupen
浴盐	yuyan
浴缸	yugang
浴缸里的水	yuganglideshui
浴衣	yuyi
海上掠夺	haishanglueduo
海仙花	haixianhua
海兔	haitu
海兔属	haitushu
海兔科	haituke
海关	haiguan
海关税	haiguanshui
海军	haijun
海军部	haijunbu
海力蒙	hailimeng
海加布	haijiabu
海参	haishen
海参属	haishenshu
海参科	haishenke
海参纲	haishengang
海员	haiyuan
海图	haitu
海地人的	haidirende
海地生丁	haidishengding
海外地	haiwaidi
海外的	haiwaide
海寿	haishou
海岸	haian
海岸侵蚀	haianqinshi
海岸水虱	haianshuishi
海带	haidai
海带草	haidaicao
海底生物	haidishengwu
海底隧道	haidisuidao
海扇	haishan
海扇类	haishanlei
海扇贝	haishanbei
海报用纸	haibaoyongzhi
海拔	haiba
海斌刺芹	haibinciqin
海星	haixing
海星纲	haixinggang
海月	haiyue
海月属	haiyueshu
海月贝	haiyuebei
海枣	haizao
海枣树	haizaoshu
海棕	haizong
海棠	haitang
海椒	haijiao
海榄雌	hailanci
海水	haishui
海沫	haimo
海泡石	haipaoshi
海洋	haiyang
海洋之露	haiyangzhilu
海洋扇贝	haiyangshanbei
海洋贻贝	haiyangyibei
海洛因	hailuoyin
海浪飞沫	hailangfeimo
海港	haigang
海湾	haiwan
海湾扇贝	haiwanshanbei
海滨	haibin
海滨别墅	haibinbieshu
海滨服装	haibinfuzhuang
海滨气球	haibinqiqiu
海滨洋葱	haibinyangcong
海滩	haitan
海滩侵蚀	haitanqinshi
海滩李	haitanli
海滩毛巾	haitanmaojin
海滩球	haitanqiu
海滩装	haitanzhuang
海潜球	haiqianqiu
海熊	haixiong
海燕	haiyan
海燕属	haiyanshu
海燕科	haiyanke
海燕类	haiyanlei
海牛	hainiu
海牛属	hainiushu
海牛目	hainiumu
海牛科	hainiuke
海牛类	hainiulei
海狗	haigou
海狗属	haigoushu
海狮	haishi
海狮科	haishike
海狸	haili
海狸属	hailishu
海狸毛皮	hailimaopi
海狸皮大礼帽	hailipidalimao
海狸鼠	hailishu
海獭	haita
海獭属	haitashu
海百合	haibaihe
海百合属	haibaiheshu
海百合类	haibaihelei
海百合纲	haibaihegang
海盗旗	haidaoqi
海盗船	haidaochuan
海盗行为	haidaoxingwei
海盗黑旗	haidaoheiqi
海石竹	haishizhu
海石蕊	haishirui
海程	haicheng
海笋	haisun
海笋属	haisunshu
海笋科	haisunke
海索草	haisuocao
海红豆	haihongdou
海红豆碱	haihongdoujian
海绵	haimian
海绵乳胶	haimianrujiao
海绵薄	haimianbao
海绿石	hailushi
海绿石砂	hailushisha
海羊齿	haiyangchi
海羊齿属	haiyangchishu
海羊齿科	haiyangchike
海胆	haidan
海胆纲	haidangang
海胡桃	haihutao
海芋	haiyu
海芋植物	haiyuzhiwu
海茄苳	haijiadong
海茄苳属	haijiadongshu
海茄苳科	haijiadongke
海草	haicao
海葱	haicong
海葱属	haicongshu
海葵	haikui
海葵属	haikuishu
海葵目	haikuimu
海葵鱼	haikuiyu
海蓝宝石	hailanbaoshi
海薯	haishu
海藻	haizao
海蚯蚓	haiqiuyin
海蛇尾	haishewei
海蛤蝓	haihayu
海蛤蝓属	haihayushu
海螂属	hailangshu
海螂科	hailangke
海螯虾属	haiaoxiashu
海螯虾科	haiaoxiake
海螺	hailuo
海螺壳	hailuoke
海角樱草	haijiaoyingcao
海豆	haidou
海豚	haitun
海豚属	haitunshu
海豚油	haitunyou
海豚科	haitunke
海象	haixiang
海象属	haixiangshu
海象科	haixiangke
海豹	haibao
海豹属	haibaoshu
海豹油	haibaoyou
海豹皮	haibaopi
海豹科	haibaoke
海贝	haibei
海贝壳	haibeike
海里	haili
海里链	haililian
海金沙	haijinsha
海金沙科	haijinshake
海雀	haique
海雀属	haiqueshu
海雀科	haiqueke
海雀类	haiquelei
海鞘类	haiqiaolei
海鞘纲	haiqiaogang
海马蔺	haimalin
海驴	hailu
海驴属	hailushu
海鬣鳞蜥属	hailielinxishu
海鲈	hailu
海鲢	hailian
海鲢属	hailianshu
海鲢科	hailianke
海鲫	haiji
海鲫属	haijishu
海鲫科	haijike
海鲶	hainian
海鲶属	hainianshu
海鲶科	hainianke
海鲷属	haidiaoshu
海鳕	haixue
海鳗	haiman
海鳗之类	haimanzhilei
海鳝	haishan
海鳝科	haishanke
海鳟	haizun
海鸟	hainiao
海鸟粪	hainiaofen
海鸠	haijiu
海鸠之类	haijiuzhilei
海鸡冠亚目	haijiguanyamu
海鸡冠目	haijiguanmu
海鸥	haiou
海鸦	haiya
海鸦属	haiyashu
海鸽	haige
海鸽属	haigeshu
海鹦	haiying
海鹦属	haiyingshu
浸	jin
浸一下	jinyixia
浸入水中	jinrushuizhong
浸提	jinti
浸析作用	jinxizuoyong
浸水	jinshui
浸没	jinmo
浸泡	jinpao
浸渍	jinzi
浸软	jinruan
浸透	jintou
浸量尺	jinliangchi
涂上	tushang
涂层	tuceng
涂底	tudi
涂底料	tudiliao
涂抹	tumo
涂抹剂	tumoji
涂抹器	tumoqi
涂料	tuliao
涂料纸	tuliaozhi
涂染眉毛油	turanmeimaoyou
涂油	tuyou
涂油的人	tuyouderen
涂漆	tuqi
涂漆层	tuqiceng
涂饰	tushi
涂鸦	tuya
涅槃	niepan
涅盘	niepan
消亡	xiaowang
消像散的	xiaoxiangsande
消化	xiaohua
消化不良	xiaohuabuliang
消化液缺乏	xiaohuayequefa
消化道	xiaohuadao
消去	xiaoqu
消去反应	xiaoqufanying
消声室	xiaoshengshi
消失	xiaoshi
消息	xiaoxi
消散	xiaosan
消极信托	xiaojixintuo
消毒剂	xiaoduji
消毒盖布	xiaodugaibu
消沉	xiaochen
消灭	xiaomie
消炎痛	xiaoyantong
消炎的药	xiaoyandeyao
消炎药	xiaoyanyao
消瘦	xiaoshou
消瘦下去	xiaoshouxiaqu
消磁	xiaoci
消磨	xiaomo
消磨时光	xiaomoshiguang
消磨时间	xiaomoshijian
消耗	xiaohao
消色	xiaose
消融	xiaorong
消费	xiaofei
消费信贷	xiaofeixindai
消费品	xiaofeipin
消费税	xiaofeishui
消费者	xiaofeizhe
消费贷款	xiaofeidaikuan
消退	xiaotui
消逝	xiaoshi
消遣	xiaoqian
消防云梯	xiaofangyunti
消防员	xiaofangyuan
消防斧	xiaofangfu
消防栓	xiaofangshuan
消防游戏	xiaofangyouxi
消防站	xiaofangzhan
消防艇	xiaofangting
消防车	xiaofangche
消除	xiaochu
消除剂	xiaochuji
消除污染	xiaochuwuran
消除滋扰	xiaochuzirao
消除疑虑	xiaochuyilu
消除石棉	xiaochushimian
消除隔阂	xiaochugehe
涉及	sheji
涉嫌	shexian
涉水	sheshui
涉水鸟	sheshuiniao
涉爆单位	shebaodanwei
涉猎	shelie
涉禽	sheqin
涉禽类	sheqinlei
涌入	yongru
涌出	yongchu
涌流	yongliu
涌现	yongxian
涌现出来	yongxianchulai
涌起	yongqi
涌进	yongjin
涎腺炎	xianxianyan
涝豆	laodou
涡动	wodong
涡喷发动机	wopenfadongji
涡轮风扇	wolunfengshan
涤纶	dilun
涤纶纤维	dilunxianwei
润丝精	runsijing
润发油	runfayou
润唇膏	runchungao
润手乳液	runshouruye
润滑	runhua
润滑剂	runhuaji
润滑油	runhuayou
润滑物	runhuawu
润滑系统	runhuaxitong
润肤剂	runfuji
润肤香脂	runfuxiangzhi
涨潮	zhangchao
涩味	sewei
液体	yeti
液体传动	yetichuandong
液体单位	yetidanwei
液体肥皂	yetifeizao
液体贮存器	yetizhucunqi
液体驱动泵	yetiqudongbeng
液力制动器	yelizhidongqi
液化	yehua
液化石油气	yehuashiyouqi
液压传动	yeyachuandong
液压机	yeyaji
液压泵	yeyabeng
液压系统	yeyaxitong
液态	yetai
液态氧	yetaiyang
液滴	yedi
液量单位	yeliangdanwei
涵洞	handong
淀粉	dianfen
淀粉分解	dianfenfenjie
淀粉质	dianfenzhi
淀粉酶	dianfenmei
淋巴尿	linbaniao
淋巴瘤	linbaliu
淋巴管炎	linbaguanyan
淋巴管瘤	linbaguanliu
淋巴线肿	linbaxianzhong
淋巴结核	linbajiehe
淋巴结炎	linbajieyan
淋巴结病	linbajiebing
淋巴腺炎	linbaxianyan
淋洗	linxi
淋浴器	linyuqi
淋滤	linlu
淋病	linbing
淌	tang
淑女似的	shunushide
淘汰	taotai
淡季	danji
淡水	danshui
淡水笠螺科	danshuililuoke
淡水蚌	danshuibang
淡水螯虾	danshuiaoxia
淡淡的	dandande
淡红蜡伞	danhonglasan
淡色	danse
淤泥	yuni
淤血	yuxue
淫乱地	yinluandi
淫妇	yinfu
淫秽地	yinhuidi
淫秽的	yinhuide
淬火	cuihuo
淬硬	cuiying
深入	shenru
深入地	shenrudi
深入研究	shenruyanjiu
深入调查	shenrudiaocha
深切	shenqie
深夜	shenye
深层瘤	shencengliu
深度计	shenduji
深思	shensi
深思熟虑	shensishulu
深水炸弹	shenshuizhadan
深浮雕	shenfudiao
深海鼬鱼	shenhaiyouyu
深渊	shenyuan
深渊地带	shenyuandidai
深潜器	shenqianqi
深灰色	shenhuise
深红色	shenhongse
深绿玉髓	shenluyusui
深绿色	shenluse
深茜红	shenqianhong
深蓝色	shenlanse
深褐色	shenhese
混乱	hunluan
混入	hunru
混入物	hunruwu
混凝土	hunningtu
混合	hunhe
混合器	hunheqi
混合料	hunheliao
混合物	hunhewu
混合画	hunhehua
混合芽	hunheya
混合起来	hunheqilai
混成一体	hunchengyiti
混战	hunzhan
混日子	hunrizi
混杂	hunza
混沌	hundun
混淆	hunxiao
混蛋	hundan
混账东西	hunzhangdongxi
混频器	hunpinqi
混骗	hunpian
淹死	yansi
淹没	yanmo
添	tian
添入物	tianruwu
添加	tianjia
添加剂	tianjiaji
添加物	tianjiawu
添臭	tianchou
清偿	qingchang
清扫	qingsao
清教徒的	qingjiaotude
清早	qingzao
清明柳	qingmingliu
清晨	qingchen
清晰的	qingxide
清水墙	qingshuiqiang
清洁	qingjie
清洁剂	qingjieji
清洁器	qingjieqi
清洁垫	qingjiedian
清洁工具	qingjiegongju
清洗盆	qingxipen
清点存货	qingdiancunhuo
清理	qingli
清白	qingbai
清白的	qingbaide
清真寺	qingzhensi
清算	qingsuan
清脆豌豆	qingcuiwandou
清蛋白	qingdanbai
清血	qingxue
清道夫	qingdaofu
清醒	qingxing
清除	qingchu
清除剂	qingchuji
清除石棉	qingchushimian
渊博	yuanbo
渎神的	dushende
渐变	jianbian
渐圆的	jianyuande
渐慢地	jianmandi
渐渐移动	jianjianyidong
渐满	jianman
渐满的	jianmande
渐盈	jianying
渐近线	jianjinxian
渐进时态	jianjinshitai
渐速乐段	jiansuleduan
渐速音	jiansuyin
渔人结	yurenjie
渔夫	yufu
渔民	yumin
渔汛期	yuxunqi
渔网	yuwang
渔船	yuchuan
渗	shen
渗入	shenru
渗出	shenchu
渗出液	shenchuye
渗开	shenkai
渗析	shenxi
渗析器	shenxiqi
渗滤	shenlu
渗漏	shenlou
渗漏物	shenlouwu
渗漏的物质	shenloudewuzhi
渗碳体	shentanti
渗透	shentou
渗透产物	shentouchanwu
渗透作用	shentouzuoyong
渗透地	shentoudi
渗透蒸发	shentouzhengfa
渠化	quhua
渡槽	ducao
渡船	duchuan
渡过	duguo
渡过难关	duguonanguan
渣油	zhayou
渣滓量	zhaziliang
温	wen
温和	wenhe
温和的	wenhede
温室	wenshi
温室气体	wenshiqiti
温室粉虱	wenshifenshi
温床	wenchuang
温度	wendu
温度单位	wendudanwei
温度变化	wendubianhua
温度指数	wenduzhishu
温度改变	wendugaibian
温度梯度	wendutidu
温文尔雅的	wenweneryade
温暖	wennuan
温泉	wenquan
温湿草	wenshicao
温石棉	wenshimian
温莎绿	wenshalu
港	gang
港元	gangyuan
港口	gangkou
港圆	gangyuan
港币	gangbi
港湾	gangwan
渴望	kewang
渴望的	kewangde
渴睡症	keshuizheng
游乐园	youleyuan
游乐场	youlechang
游人	youren
游击队	youjidui
游击队员	youjiduiyuan
游动精子	youdongjingzi
游历	youli
游客	youke
游山杖	youshanzhang
游廊	youlang
游戏	youxi
游戏器材	youxiqicai
游戏围栏	youxiweilan
游戏板	youxiban
游戏棒	youxibang
游戏规则	youxiguize
游水	youshui
游水足	youshuizu
游泳	youyong
游泳帽	youyongmao
游滑轮	youhualun
游离尾蝠	youliweifu
游移不定	youyibuding
游船	youchuan
游艇	youting
游艇帆	youtingfan
游艺	youyi
游艺会	youyihui
游荡	youdang
游螺属	youluoshu
游行	youxing
游行亚目	youxingyamu
游览	youlan
游说	youshui
游说团	youshuituan
游说议员	youshuiyiyuan
游说集团	youshuijituan
游遍	youbian
游鸻	youheng
游鸻属	youhengshu
游龙	youlong
渺小	miaoxiao
湍流	tuanliu
湖上住宅	hushangzhuzhai
湖区矮犬	huquaiquan
湖泊	hupo
湖白鲑	hubaigui
湖红点鲑	huhongdiangui
湮没	yanmo
湾	wan
湿	shi
湿地	shidi
湿地白杨	shidibaiyang
湿壁画	shibihua
湿度	shidu
湿度计	shiduji
湿气	shiqi
湿润	shirun
湿润器	shirunqi
湿疹	shizhen
湿草原土	shicaoyuantu
湿阴	shiyin
溃散	kuisan
溃烂	kuilan
溃疡	kuiyang
溃疡疫病	kuiyangyibing
溃退	kuitui
溅	jian
溅出量	jianchuliang
溅开	jiankai
源	yuan
源泉	yuanquan
溜	liu
溜之大吉	liuzhidaji
溜冰	liubing
溜冰场	liubingchang
溜冰鞋	liubingxie
溜掉	liudiao
溜滑的鱼	liuhuadeyu
溜走	liuzou
溜蹄的马	liutidema
溢价债券	yijiazhaiquan
溢光灯	yiguangdeng
溢出	yichu
溢出物	yichuwu
溢出量	yichuliang
溢血	yixue
溪红点鲑	xihongdiangui
溪谷	xigu
溯流而上	suliuershang
溯源	suyuan
溲疏属	soushushu
溲疏属植物	soushushuzhiwu
溴	xiu
溴化物	xiuhuawu
溴化钾	xiuhuajia
溴化银	xiuhuayin
溴酚蓝	xiufenlan
溴酸	xiusuan
溶于甘油	rongyuganyou
溶体	rongti
溶剂	rongji
溶剂化	rongjihua
溶剂化物	rongjihuawu
溶化	ronghua
溶原化	rongyuanhua
溶原性	rongyuanxing
溶度	rongdu
溶栓	rongshuan
溶液	rongye
溶细胞素	rongxibaosu
溶胞作用	rongbaozuoyong
溶菌作用	rongjunzuoyong
溶血	rongxue
溶解	rongjie
溶解剂	rongjieji
溶解物	rongjiewu
溶质	rongzhi
溶骨作用	rongguzuoyong
溷浊	hunzhuo
溺死	nisi
溺水	nishui
溺爱	niai
溺褥	niru
滇紫草属	dianzicaoshu
滋养	ziyang
滋养物	ziyangwu
滋味	ziwei
滑	hua
滑倒	huadao
滑冰	huabing
滑冰场	huabingchang
滑动	huadong
滑动台架	huadongtaijia
滑囊炎	huanangyan
滑奏法	huazoufa
滑梯	huati
滑槽	huacao
滑槽板	huacaoban
滑水	huashui
滑水板	huashuiban
滑石	huashi
滑石粉	huashifen
滑移	huayi
滑稽动作	huajidongzuo
滑稽地	huajidi
滑翔	huaxiang
滑翔机	huaxiangji
滑菇	huagu
滑落	hualuo
滑行	huaxing
滑跤	huajiao
滑轮组	hualunzu
滑过	huaguo
滑道	huadao
滑雪	huaxue
滑雪术	huaxueshu
滑雪板	huaxueban
滑雪橇	huaxueqiao
滑雪环境	huaxuehuanjing
滑雪蜡	huaxuela
滑雪运动	huaxueyundong
滑鼠	huashu
滚动	gundong
滚存	guncun
滚开	gunkai
滚木材	gunmucai
滚条	guntiao
滚翻	gunfan
滚草	guncao
滚边	gunbian
滚锐刀	gunruidao
滞涨	zhizhang
滞留	zhiliu
滞留费	zhiliufei
满	man
满口	mankou
满屋	manwu
满屋子	manwuzi
满意	manyi
满房间	manfangjian
满月	manyue
满月蛤科	manyuehake
满期	manqi
满条红	mantiaohong
满杯	manbei
满槽	mancao
满江红	manjianghong
满江红科	manjianghongke
满溢	manyi
满满一铲子	manmanyichanzi
满脑袋	mannaodai
满足	manzu
满足地注视	manzudizhushi
满足地看	manzudikan
满足要求	manzuyaoqiu
满达	manda
滤光器	luguangqi
滤器	luqi
滤气器	luqiqi
滤水池	lushuichi
滤油器	luyouqi
滤液	luye
滤渣	luzha
滤纸	luzhi
滤膜分析器	lumofenxiqi
滤过	luguo
滤过液	luguoye
滥用	lanyong
滥花	lanhua
滨枣	binzao
滨浪鹬	binlangyu
滨海鹬	binhaiyu
滨紫草属	binzicaoshu
滨藜属	binlishu
滨螺属	binluoshu
滨螺科	binluoke
滨鸟	binniao
滨鹬	binyu
滨鹬属	binyushu
滨鼠属	binshushu
滨鼠科	binshuke
滴下	dixia
滴水圈	dishuiquan
滴水垫	dishuidian
滴水板	dishuiban
滴水槽	dishuicao
滴水石	dishuishi
滴注器	dizhuqi
滴滴涕	diditi
滴答响	didaxiang
滴答地响	didadixiang
滴管	diguan
滴落	diluo
漂亮	piaoliang
漂净	piaojing
漂泊	piaobo
漂流	piaoliu
漂流木	piaoliumu
漂流物	piaoliuwu
漂流船	piaoliuchuan
漂浮	piaofu
漂浮物	piaofuwu
漂液	piaoye
漂清	piaoqing
漂白剂	piaobaiji
漂白土	piaobaitu
漂白液	piaobaiye
漂白粉	piaobaifen
漂白粘土	piaobainiantu
漂移	piaoyi
漂网	piaowang
漂送	piaosong
漂鹬	piaoyu
漂鹬属	piaoyushu
漆器	qiqi
漆树	qishu
漆树属	qishushu
漆树皮炎	qishupiyan
漆树科	qishuke
漆皮	qipi
漆茎	qijing
漆黑	qihei
漏	lou
漏做	louzuo
漏出	louchu
漏掉	loudiao
漏接	loujie
漏斗	loudou
漏斗状物	loudouzhuangwu
漏斗网	loudouwang
漏气轮胎	louqiluntai
漏看	loukan
漏锅	louguo
演习	yanxi
演出	yanchu
演出法	yanchufa
演变	yanbian
演变成	yanbiancheng
演员	yanyuan
演奏	yanzou
演奏者	yanzouzhe
演奏钢琴	yanzougangqin
演戏	yanxi
演戏的	yanxide
演替	yanti
演示	yanshi
演示广告	yanshiguanggao
演练	yanlian
演讲	yanjiang
演讲厅	yanjiangting
演说	yanshuo
漠不关心	mobuguanxin
漠境植物	mojingzhiwu
漠斑牙鲆	mobanyaping
漠视	moshi
漩涡	xuanwo
漫无目标地	manwumubiaodi
漫步	manbu
漫游	manyou
漫画	manhua
漭果	mangguo
漱口水	shukoushui
潜伏	qianfu
潜伏时间	qianfushijian
潜伏期	qianfuqi
潜伏着	qianfuzhe
潜力	qianli
潜叶蛾	qianyee
潜叶蛾属	qianyeeshu
潜在	qianzai
潜在的	qianzaide
潜在问题	qianzaiwenti
潜步跟踪	qianbugenzong
潜水	qianshui
潜水服	qianshuifu
潜水球	qianshuiqiu
潜水钟	qianshuizhong
潜没	qianmei
潜泳	qianyong
潜箱	qianxiang
潜育期	qianyuqi
潜能	qianneng
潜藏	qiancang
潜蚤属	qianzaoshu
潜质	qianzhi
潜近	qianjin
潜逃	qiantao
潜逃者	qiantaozhe
潜鸟	qianniao
潜鸟属	qianniaoshu
潜鸟目	qianniaomu
潜鸟科	qianniaoke
潮	chao
潮汐	chaoxi
潮湿	chaoshi
潮虫	chaochong
潮虫属	chaochongshu
潮虫科	chaochongke
潮解	chaojie
潺潺而流	chanchanerliu
澄清	chengqing
澄茄	chengjia
澡堂	zaotang
澡盆	zaopen
澳元	aoyuan
澳大利亚	aodaliya
澳大利亚人	aodaliyaren
澳大利亚元	aodaliyayuan
澳大利亚州	aodaliyazhou
澳大利亚沙漠	aodaliyashamo
澳大利亚蒲葵	aodaliyapukui
澳大利亚野犬	aodaliyayequan
澳大拉西亚	aodalaxiya
澳洲	aozhou
澳洲人	aozhouren
澳洲土著语	aozhoutuzhuyu
澳洲大蠊	aozhoudalian
澳洲斑鸠	aozhoubanjiu
澳洲林鼠	aozhoulinshu
澳洲栗	aozhouli
澳洲海狮	aozhouhaishi
澳洲火树	aozhouhuoshu
澳洲石南	aozhoushinan
澳洲肺鱼	aozhoufeiyu
澳洲肺鱼属	aozhoufeiyushu
澳洲茄	aozhoujia
澳洲蒲葵	aozhoupukui
澳洲野犬	aozhouyequan
澳洲野狗	aozhouyegou
澳洲野马	aozhouyema
澳白蚁属	aobaiyishu
澳白蚁科	aobaiyike
澳门圆	aomenyuan
澳门币	aomenbi
激光	jiguang
激光唱机	jiguangchangji
激光器	jiguangqi
激光打印机	jiguangdayinji
激光雷达	jiguangleida
激动	jidong
激动剂	jidongji
激励	jili
激励作用	jilizuoyong
激励手段	jilishouduan
激励计划	jilijihua
激发	jifa
激增	jizeng
激怒	jinu
激情	jiqing
激昂	jiang
激活	jihuo
激活剂	jihuoji
激活能	jihuoneng
激烈	jilie
激烈化	jiliehua
激肽	jitai
激起	jiqi
激起感情	jiqiganqing
激进主义	jijinzhuyi
激进分子	jijinfenzi
激进组织	jijinzuzhi
濑鱼	laiyu
濒临	binlin
濒于	binyu
濯足节	zhuozujie
瀑布	pubu
瀑布似地落下	pubushidilaxia
瀑布般落下	pububanlaxia
灌	guan
灌丛鸟科	guancongniaoke
灌木	guanmu
灌木丛	guanmucong
灌木五蕊花	guanmuwuruihua
灌木树篱	guanmushuli
灌木胡枝子	guanmuhuzhizi
灌注器	guanzhuqi
灌洗器	guanxiqi
火	huo
火元素	huoyuansu
火力装备	huolizhuangbei
火化	huohua
火印	huoyin
火器	huoqi
火室	huoshi
火山	huoshan
火山玻璃	huoshanboli
火引子	huoyinzi
火把	huoba
火把果	huobaguo
火把树科	huobashuke
火把莲	huobalian
火把莲属	huobalianshu
火攻船	huogongchuan
火星	huoxing
火星塞	huoxingsai
火枪	huoqiang
火柴	huochai
火柴杆	huochaigan
火柴盒	huochaihe
火树	huoshu
火棉	huomian
火棉胶	huomianjiao
火棘	huoji
火棘属	huojishu
火气	huoqi
火油	huoyou
火泥	huoni
火漆	huoqi
火炉	huolu
火炉围栏	huoluweilan
火炉栏	huolulan
火炊	huochui
火炬	huoju
火炬刺桐	huojucitong
火炬花	huojuhua
火炬花属	huojuhuashu
火炮	huopao
火炮射程	huopaoshecheng
火烈鸟	huolieniao
火焰	huoyan
火焰刺桐	huoyancitong
火焰喷射器	huoyanpensheqi
火焰恐怖	huoyankongbu
火焰草	huoyancao
火焰草属	huoyancaoshu
火盆	huopen
火箭	huojian
火箭炮	huojianpao
火箭燃料	huojianranliao
火箭筒	huojiantong
火绳杆	huoshenggan
火绳枪	huoshengqiang
火腿	huotui
火腿肉	huotuirou
火舌	huoshe
火药	huoyao
火药筒	huoyaotong
火葬	huozang
火葬场	huozangchang
火蚁	huoyi
火蚁属	huoyishu
火蛋白石	huodanbaishi
火警铃	huojingling
火车	huoche
火车头	huochetou
火车机头	huochejitou
火车费	huochefei
火车费用	huochefeiyong
火钩	huogou
火钳	huoqian
火锅	huoguo
火险	huoxian
火鸡	huoji
火鸡属	huojishu
火鸡栎	huojili
火鹤	huohe
火麻草	huomacao
火龙	huolong
灭活	miehuo
灭滴灵	miediling
灭火器	miehuoqi
灭火塞	miehuosai
灭疥癣药	miejiexuanyao
灭绝	miejue
灭蛹剂	mieyongji
灯	deng
灯丝	dengsi
灯台草	dengtaicao
灯塔	dengta
灯心草篓	dengxincaolou
灯泡	dengpao
灯火管制	denghuoguanzhi
灯笼	denglong
灯笼头	denglongtou
灯笼果	denglongguo
灯笼椒	denglongjiao
灯笼花	denglonghua
灯笼草	denglongcao
灯笼薇	denglongwei
灯笼裤	denglongku
灯笼鱼	denglongyu
灯罩	dengzhao
灯船	dengchuan
灯芯绒	dengxinrong
灯蛾	denge
灯蛾毛虫	dengemaochong
灯蛾科	dengeke
灰	hui
灰光柄菇	huiguangbinggu
灰光灯	huiguangdeng
灰兔褐色马	huituhesema
灰包目	huibaomu
灰化土	huihuatu
灰土化	huituhua
灰壤	huirang
灰尘	huichen
灰尘污染	huichenwuran
灰末	huimo
灰松鼠	huisongshu
灰毛柳	huimaoliu
灰毛豆	huimaodou
灰毛豆属	huimaodoushu
灰泥	huini
灰泥板	huiniban
灰泥镘刀	huinimandao
灰浆	huijiang
灰浆桶	huijiangtong
灰海豚	huihaitun
灰海豚属	huihaitunshu
灰烬	huijin
灰熊	huixiong
灰狐	huihu
灰狐属	huihushu
灰狗	huigou
灰狼	huilang
灰白色	huibaise
灰皿	huimin
灰盘	huipan
灰盘挡板	huipandangban
灰砂斗	huishadou
灰笛鲷	huididiao
灰红树杨	huihongshuyang
灰翅喇叭鸟	huichilabaniao
灰腹肢鮃	huifuzhiping
灰色的	huisede
灰色衣服	huiseyifu
灰色马	huisema
灰蝶	huidie
灰蝶属	huidieshu
灰蝶科	huidieke
灰质粘土	huizhiniantu
灰锤属	huichuishu
灰锤科	huichuike
灰饰盖布	huishigaibu
灰鲸	huijing
灰鲸属	huijingshu
灰鲸科	huijingke
灰黄徽	huihuanghui
灰黄霉素	huihuangmeisu
灰鼠	huishu
灰鼠呢	huishune
灰鼠毛皮	huishumaopi
灰鼬属	huiyoushu
灵丹妙药	lingdanmiaoyao
灵巧	lingqiao
灵感	linggan
灵敏度	lingmindu
灵机一动	lingjiyidong
灵柩台	lingjiutai
灵活处理	linghuochuli
灵活的	linghuode
灵猫属	lingmaoshu
灵猫科	lingmaoke
灵车	lingche
灵长目	lingzhangmu
灵香草	lingxiangcao
灵魂	linghun
灶火	zaohuo
灸	jiu
灼	zhuo
灼伤	zhuoshang
灼烧	zhuoshao
灼痛	zhuotong
灾害	zaihai
灾星	zaixing
灾祸	zaihuo
灾难	zainan
灾难险	zainanxian
灿烂	canlan
灿烂夺目	canlanduomu
灿烂的	canlande
炉前的地毯	luqiandeditan
炉子	luzi
炉子间	luzijian
炉捐	lujuan
炉格栅	lugezha
炉渣砖	luzhazhuan
炉火	luhuo
炉煤气	lumeiqi
炉甘石液	luganshiye
炉石	lushi
炉衬	luchen
炉角	lujiao
炊具	chuiju
炎热期	yanreqi
炎症	yanzheng
炒饭	chaofan
炔属的	guishude
炔诺酮	guinuotong
炔雌醇甲醚	guicichunjiami
炫耀	xuanyao
炫耀地	xuanyaodi
炭烤	tankao
炭画笔	tanhuabi
炭疽	tanju
炭疽热	tanjure
炭疽病	tanjubing
炭砖	tanzhuan
炭笔	tanbi
炭精电弧	tanjingdianhu
炭角菌属	tanjiaojunshu
炭角菌科	tanjiaojunke
炭黑	tanhei
炮兵	paobing
炮台	paotai
炮合金	paohejin
炮塔	paota
炮墩	paodun
炮弹	paodan
炮弹果	paodanguo
炮手	paoshou
炮支架	paozhijia
炮架	paojia
炮火	paohuo
炮艇	paoting
炮铜	paotong
炮门	paomen
炮闩	paoshuan
炮骨	paogu
炸古基	zhaguji
炸土豆片	zhatudoupian
炸弹	zhadan
炸弹巨无霸	zhadanjuwuba
炸弹架	zhadanjia
炸破	zhapo
炸胶	zhajiao
炸苹果饼	zhapingguobing
炸药	zhayao
点	dian
点亮	dianliang
点制	dianzhi
点唱机	dianchangji
点头	diantou
点头哈腰	diantouhayao
点头示意	diantoushiyi
点心	dianxin
点心用匙	dianxinyongshi
点数制度	dianshuzhidu
点滴	diandi
点滴器	diandiqi
点火	dianhuo
点火器	dianhuoqi
点火开关	dianhuokaiguan
点火钥匙	dianhuoyaoshi
点燃	dianran
点系统	dianxitong
点缀	dianzhui
点起	dianqi
点金石	dianjinshi
点钟	dianzhong
炼狱	lianyu
炼金术	lianjinshu
炼金术士	lianjinshushi
炼钢	liangang
烂泥	lanni
烃基	tingji
烈性炸药	liexingzhayao
烈火	liehuo
烘	hong
烘托	hongtuo
烘烤用具	hongkaoyongju
烘箱	hongxiang
烙印	laoyin
烙铁	laotie
烛	zhu
烛光节	zhuguangjie
烛台	zhutai
烛心	zhuxin
烛果树	zhuguoshu
烛煤	zhumei
烛芯	zhuxin
烛花	zhuhua
烟	yan
烟云	yanyun
烟囱	yancong
烟头	yantou
烟斗	yandou
烟曲霉	yanqumei
烟枯萎病	yankuweibing
烟树	yanshu
烟水晶	yanshuijing
烟渣	yanzha
烟灰缸	yanhuigang
烟煤	yanmei
烟熏	yanxun
烟瘾	yanyin
烟盒香椿	yanhexiangchun
烟碱	yanjian
烟管斗	yanguandou
烟粉虱	yanfenshi
烟花	yanhua
烟草	yancao
烟草叶	yancaoye
烟草天蛾	yancaotiane
烟草属	yancaoshu
烟草粉螟	yancaofenming
烟蒂	yandi
烟雾	yanwu
烟雾污染	yanwuwuran
烟雾质	yanwuzhi
烤	kao
烤晒	kaoshai
烤架	kaojia
烤炉	kaolu
烤焦	kaojiao
烤盘	kaopan
烤肉架	kaoroujia
烤肉馆	kaorouguan
烤面包	kaomianbao
烦乱	fanluan
烦恼	fannao
烦恼地	fannaodi
烦扰	fanrao
烦扰地	fanraodi
烦渴	fanke
烦燥	fanzao
烦躁不安	fanzaobuan
烧	shao
烧亮	shaoliang
烧伤	shaoshang
烧伤的	shaoshangde
烧光	shaoguang
烧制木炭炉	shaozhimutanlu
烧坏	shaohuai
烧完	shaowan
烧尽	shaojin
烧开	shaokai
烧得很旺	shaodehenwang
烧心	shaoxin
烧成灰	shaochenghui
烧掉	shaodiao
烧断	shaoduan
烧死	shaosi
烧毁	shaohui
烧灼	shaozhuo
烧灼剂	shaozhuoji
烧焦	shaojiao
烧焦物	shaojiaowu
烧瓶	shaoping
烧砖炉	shaozhuanlu
烧碱	shaojian
烧起	shaoqi
烧起来	shaoqilai
烧酒	shaojiu
烫伤	tangshang
烫洗	tangxi
烫衣板	tangyiban
烫过的衣服	tangguodeyifu
热交换器	rejiaohuanqi
热凝固	reninggu
热切	reqie
热力发动机	relifadongji
热原	reyuan
热合剂	reheji
热处理	rechuli
热导导弹	redaodaodan
热带皮肤病	redaipifubing
热带脾大	redaipida
热带鸟	redainiao
热平衡	repingheng
热度过高	reduguogao
热心	rexin
热心市民	rexinshimin
热性痛觉	rexingtongjue
热情	reqing
热情起来	reqingqilai
热战	rezhan
热散逸	resanyi
热月	reyue
热望	rewang
热核反应	rehefanying
热核弹头	rehedantou
热气	reqi
热气球	reqiqiu
热气腾腾地	reqitengtengdi
热水瓶	reshuiping
热水袋	reshuidai
热污染	rewuran
热泵	rebeng
热浴盆	reyupen
热消散	rexiaosan
热点	redian
热爱	reai
热爱飞行者	reaifeixingzhe
热电子发射	redianzifashe
热病	rebing
热离子发射	relizifashe
热素	resu
热线	rexian
热解的	rejiede
热身赛	reshensai
热轴	rezhou
热量计	reliangji
热门股	remengu
热门股票	remengupiao
烯丙基	xibingji
烯丙基树脂	xibingjishuzhi
烯丙左吗喃	xibingzuomanan
烯丙醇	xibingchun
烯烃	xiting
烯胺	xian
烯醇	xichun
烷基	wanji
烷基苯	wanjiben
烹调	pengtiao
烹调用具	pengtiaoyongju
烹调用炉	pengtiaoyonglu
烹饪用具	pengrenyongju
烹饪锅	pengrenguo
焊料	hanliao
焊趾裂纹	hanzhiliewen
焙烤浅盘	beikaoqianpan
焙盘	beipan
焙粉	beifen
焚化	fenhua
焚化炉	fenhualu
焚尸炉	fenshilu
焚毁	fenhui
焚烧	fenshao
焚烧炉	fenshaolu
焚香	fenxiang
焦急	jiaoji
焦急不安	jiaojibuan
焦木素	jiaomusu
焦木酸	jiaomusuan
焦棓酸	jiaobangsuan
焦比	jiaobi
焦炭	jiaotan
焦点	jiaodian
焦点发作	jiaodianfazuo
焦煤	jiaomei
焦磷酸	jiaolinsuan
焦磷酸盐	jiaolinsuanyan
焦磷酸钠	jiaolinsuanna
焦糖色的	jiaotangsede
焦纤维素	jiaoxianweisu
焦耳	jiaoer
焦虑	jiaolu
焦虑不安	jiaolubuan
焦虑不安的	jiaolubuande
焦虑地	jiaoludi
焦虑症	jiaoluzheng
焦虫病	jiaochongbing
焦距比数	jiaojubishu
焦酚	jiaofen
煅烧	duanshao
煎	jian
煎煮	jianzhu
煎熬	jianao
煎锅	jianguo
煎鱼锅铲	jianyuguochan
煞费苦心	shafeikuxin
煞费苦心地	shafeikuxindi
煤	mei
煤仓	meicang
煤坑	meikeng
煤库	meiku
煤末	meimo
煤气	meiqi
煤气厂	meiqichang
煤气喷嘴	meiqipenzui
煤气总管	meiqizongguan
煤气灯	meiqideng
煤气灶	meiqizao
煤气炉	meiqilu
煤气罐	meiqiguan
煤气表	meiqibiao
煤气装置	meiqizhuangzhi
煤气设备	meiqishebei
煤油	meiyou
煤渣跑道	meizhapaodao
煤炭	meitan
煤烟	meiyan
煤球	meiqiu
煤矿	meikuang
煤矿场	meikuangchang
煤砖	meizhuan
煤粉	meifen
煤肺病	meifeibing
煤车	meiche
煤量名	meiliangming
煤铲	meichan
煤锹	meiqiao
煤饼	meibing
照	zhao
照亮	zhaoliang
照准仪	zhaozhunyi
照天意地	zhaotianyidi
照应语	zhaoyingyu
照料	zhaoliao
照旧进行	zhaojiujinxing
照明	zhaoming
照明单位	zhaomingdanwei
照明器材	zhaomingqicai
照明度	zhaomingdu
照明弹	zhaomingdan
照片	zhaopian
照相	zhaoxiang
照相师	zhaoxiangshi
照相机	zhaoxiangji
照看	zhaokan
照管	zhaoguan
照耀	zhaoyao
照顾	zhaogu
照顾婴儿	zhaoguyinger
煮	zhu
煮开	zhukai
煮沸	zhufei
煮蛋计时器	zhudanjishiqi
煮解	zhujie
煮解器	zhujieqi
煽动	shandong
煽动者	shandongzhe
熄火	xihuo
熄灭	ximie
熄烛器	xizhuqi
熊	xiong
熊属	xiongshu
熊果属	xiongguoshu
熊果树	xiongguoshu
熊爪	xiongzhao
熊狸	xiongli
熊狸属	xionglishu
熊猫	xiongmao
熊皮	xiongpi
熊科	xiongke
熊葱	xiongcong
熊蜂	xiongfeng
熊蜂属	xiongfengshu
熏	xun
熏咸肉	xunxianrou
熏牙子	xunyazi
熏肉	xunrou
熏蒸	xunzheng
熏蒸剂	xunzhengji
熏衣草	xunyicao
熏过的	xunguode
熔丝管	rongsiguan
熔化	ronghua
熔合	ronghe
熔接	rongjie
熔渣	rongzha
熔炉	ronglu
熔罐	rongguan
熔融	rongrong
熔融石	rongrongshi
熔解	rongjie
熟人	shuren
熟化	shuhua
熟悉	shuxi
熟的	shude
熟练	shulian
熟虑	shulu
熟视无睹	shushiwudu
熟读	shudu
熟食店	shushidian
熨斗	yundou
熨衣板	yunyiban
熬煮	aozhu
燃料	ranliao
燃料油	ranliaoyou
燃料消耗	ranliaoxiaohao
燃料电池	ranliaodianchi
燃料过滤器	ranliaoguoluqi
燃料量计	ranliaoliangji
燃气机	ranqiji
燃气涡轮	ranqiwolun
燃油油位	ranyouyouwei
燃油液面	ranyouyemian
燃油滤清器	ranyouluqingqi
燃油系统	ranyouxitong
燃油表	ranyoubiao
燃烧	ranshao
燃烧器	ranshaoqi
燃烧室	ranshaoshi
燃烧弹	ranshaodan
燃烧灌木	ranshaoguanmu
燃烧起来	ranshaoqilai
燃眉之急	ranmeizhiji
燃素	ransu
燃耗	ranhao
燃起	ranqi
燕卵	yanluan
燕尾服	yanweifu
燕面	yanmian
燕鸥	yanou
燕鸥亚科	yanouyake
燕鸥属	yanoushu
燕鸻属	yanhengshu
燕鸻科	yanhengke
燕麦细胞瘤	yanmaixibaoliu
燕麦草	yanmaicao
燧发枪	suifaqiang
燧石	suishi
爆发	baofa
爆发点	baofadian
爆后气体	baohouqiti
爆开	baokai
爆炸	baozha
爆炸化合物	baozhahuahewu
爆炸外伤	baozhawaishang
爆炸物	baozhawu
爆炸胶	baozhajiao
爆燃	baoran
爆燃过程	baoranguocheng
爆破筒	baopotong
爆竹	baozhu
爆竹柳	baozhuliu
爆胎	baotai
爆裂	baolie
爆裂药	baolieyao
爆鸣	baoming
爪	zhao
爪哇猿人	zhaowayuanren
爪哇野牛	zhaowayeniu
爪子	zhuazi
爪形足	zhaoxingzu
爬上	pashang
爬升	pasheng
爬墙虎	paqianghu
爬山虎	pashanhu
爬岩板	payanban
爬树蕨属	pashujueshu
爬泳	payong
爬满	paman
爬虫	pachong
爬虫动物	pachongdongwu
爬虫类	pachonglei
爬行	paxing
爬行亚目	paxingyamu
爬行动物	paxingdongwu
爱人	airen
爱国主义	aiguozhuyi
爱国心	aiguoxin
爱国日	aiguori
爱国精神	aiguojingshen
爱国者	aiguozhe
爱国草	aiguocao
爱好	aihao
爱好者	aihaozhe
爱尔兰梗	aierlangeng
爱尔兰磅	aierlanbang
爱尔兰节	aierlanjie
爱尔兰谍犬	aierlandiequan
爱情	aiqing
爱情草	aiqingcao
爱慕	aimu
爱慕者	aimuzhe
爱戴	aidai
爱斯基摩划子	aisijimohuazi
爱斯基摩杓鹬	aisijimobiaoyu
爱斯基摩犬	aisijimoquan
爱斯基摩狗	aisijimogou
爱杯	aibei
爱死病	aisibing
爱滋病	aizibing
爱琴海	aiqinhai
爱琴海岛屿	aiqinhaidaoyu
爱的对象	aideduixiang
爱筵	aiyan
爱道美	aidaomei
爵士	jueshi
爵士乐	jueshiyue
爵床	juechuang
爵床属	juechuangshu
爵床科	juechuangke
爵梅	juemei
父亲	fuqin
父亲或母亲	fuqinhuomuqin
父亲的	fuqinde
父亲的身份	fuqindeshenfen
父亲节	fuqinjie
父代母育	fudaimuyu
父子关系	fuziguanxi
父方的人	fufangderen
父母的	fumude
父系	fuxi
爷爷	yeye
爸爸	baba
爹	die
爹爹	diedie
片	pian
片刻	pianke
片岩	pianyan
片断	pianduan
片段	pianduan
片簧	pianhuang
片麻岩	pianmayan
版图	bantu
版本	banben
版本形式	banbenxingshi
版权	banquan
版画工艺	banhuagongyi
版税	banshui
牌	pai
牌子	paizi
牌照	paizhao
牌照税	paizhaoshui
牌照费	paizhaofei
牙买加元	yamaijiayuan
牙买加苦树	yamaijiakushu
牙医	yayi
牙周溃坏	yazhoukuihuai
牙周炎	yazhouyan
牙套	yatao
牙本质	yabenzhi
牙槽扩张	yacaokuozhang
牙槽炎	yacaoyan
牙槽骨吸收	yacaoguxishou
牙痛	yatong
牙痛子	yatongzi
牙科医生	yakeyisheng
牙箍	yagu
牙粉	yafen
牙线	yaxian
牙质	yazhi
牙钻	yazuan
牙香树	yaxiangshu
牙鲆	yaping
牙鲆属	yapingshu
牙鳕	yaxue
牙齿	yachi
牙龈炎	yayinyan
牙龈病	yayinbing
牙龈过紧	yayinguojin
牛	niu
牛亚科	niuyake
牛仔帽	niuzaimao
牛仔裤	niuzaiku
牛仔靴	niuzaixue
牛佤头	niuwatou
牛头犬	niutouquan
牛奶	niunai
牛奶厂	niunaichang
牛奶泡	niunaipao
牛奶病	niunaibing
牛奶罐	niunaiguan
牛尾	niuwei
牛属	niushu
牛属动物	niushudongwu
牛房	niufang
牛排	niupai
牛排菌	niupaijun
牛族	niuzu
牛李	niuli
牛栏	niulan
牛油	niuyou
牛津灰白色	niujinhuibaise
牛牯草	niugucao
牛犊	niudu
牛疫	niuyi
牛痘	niudou
牛瘟	niuwen
牛百叶	niubaiye
牛皂子	niuzaozi
牛的臀骨肉	niudetungurou
牛的足迹	niudezuji
牛皮	niupi
牛皮癣	niupixuan
牛皮纸	niupizhi
牛皮鞭	niupibian
牛磺酸	niuhuangsuan
牛科	niuke
牛科动物	niukedongwu
牛筋子	niujinzi
牛粪	niufen
牛粪肥	niufenfei
牛羊油	niuyangyou
牛羚	niuling
牛耳草	niuercao
牛肉	niurou
牛肝菌	niuganjun
牛肝菌属	niuganjunshu
牛肝菌科	niuganjunke
牛背鹭	niubeilu
牛背鹭属	niubeilushu
牛脂	niuzhi
牛至属	niuzhishu
牛至草	niuzhicao
牛舌草	niushecao
牛舌草属	niushecaoshu
牛舌菌	niushejun
牛舌菌属	niushejunshu
牛舌菌科	niushejunke
牛舌黄	niushehuang
牛舍	niushe
牛草	niucao
牛蒡属	niubangshu
牛虻	niumeng
牛血树	niuxueshu
牛角树	niujiaoshu
牛角花	niujiaohua
牛诮子	niuqiaozi
牛车	niuche
牛铃	niuling
牛顿	niudun
牛黄黄	niuhuanghuang
牡蛎	muli
牡蛎卵	muliluan
牡蛎属	mulishu
牡蛎科	mulike
牡蛎类	mulilei
牡蛎苗	mulimiao
牡蛎豆蟹	mulidouxie
牡马	muma
牢房	laofang
牦牛	maoniu
牧养	muyang
牧地山黧豆	mudishanlidou
牧场	muchang
牧场沫蝉	muchangmochan
牧师	mushi
牧师住宅	mushizhuzhai
牧师公馆	mushigongguan
牧师的俸禄	mushidefenglu
牧师职	mushizhi
牧月	muyue
牧牛马	muniuma
牧羊	muyang
牧羊杖	muyangzhang
牧羊犬	muyangquan
牧羊狗	muyanggou
牧群	muqun
牧草	mucao
牧蓿	muxu
牧豆树	mudoushu
物主	wuzhu
物主身份	wuzhushenfen
物体	wuti
物力	wuli
物品	wupin
物料	wuliao
物活论	wuhuolun
物物交换	wuwujiaohuan
物理学	wulixue
物神	wushen
物种	wuzhong
物系	wuxi
物质	wuzhi
物质状态	wuzhizhuangtai
物质界	wuzhijie
物资	wuzi
物资的短缺	wuzideduanque
物镜	wujing
物镜盖	wujinggai
牲口棚	shengkoupeng
牲畜	shengchu
牲畜栏	shengchulan
牵	qian
牵引带	qianyindai
牵引系数	qianyinxishu
牵涉痛	qianshetong
牵牛子	qianniuzi
牵牛星	qianniuxing
牵牛花	qianniuhua
牵连	qianlian
牵鞍兜带	qianandoudai
特价商品	tejiashangpin
特免	temian
特写镜头	texiejingtou
特别受益费	tebieshouyifei
特别恩典	tebieendian
特别税捐	tebieshuijuan
特别红利	tebiehongli
特化	tehua
特化作用	tehuazuoyong
特因	teyin
特定事件	tedingshijian
特定场合	tedingchanghe
特异质	teyizhi
特征	tezheng
特性	texing
特技	teji
特拉姆	telamu
特斯拉	tesila
特有的	teyoude
特权	tequan
特权阶级	tequanjieji
特殊化	teshuhua
特氟纶	tefulun
特氟隆	tefulong
特点	tedian
特等包厢	tedengbaoxiang
特罗马属	teluomashu
特色	tese
特许	texu
特许权税	texuquanshui
特许状	texuzhuang
特质	tezhi
特赦	teshe
特里碧帽	telibimao
特长	techang
牺牲	xisheng
牺牲的	xishengde
牺牲者	xishengzhe
犀牛	xiniu
犀牛属	xiniushu
犀白蚁科	xibaiyike
犀科	xike
犁侧板	liceban
犁刀	lidao
犁形番茄	lixingfanqie
犁板	liban
犁沟	ligou
犄角	jijiao
犉	chun
犬	quan
犬吠	quanfei
犬属	quanshu
犬牙饰	quanyashi
犬瘟热	quanwenre
犬科	quanke
犬科动物	quankedongwu
犬羚	quanling
犬舍	quanshe
犬蔷薇	quanqiangwei
犬蝠	quanfu
犬蝠属	quanfushu
犬齿赤莲	quanchichilian
犯	fan
犯人	fanren
犯法	fanfa
犯罪	fanzui
犯罪率	fanzuilu
犯罪行为	fanzuixingwei
犯罪记录	fanzuijilu
犯错	fancuo
犯错误	fancuowu
犰狳	qiuyu
犰狳属	qiuyushu
犰狳科	qiuyuke
状况	zhuangkuang
状态	zhuangtai
状语词组	zhuangyucizu
犹因他兽科	youyintashouke
犹太八月节	youtaibayuejie
犹太历	youtaili
犹太历月	youtailiyue
犹太圣节	youtaishengjie
犹太新年	youtaixinnian
犹太节日	youtaijieri
犹太赎罪日	youtaishuzuiri
犹豫	youyu
犹豫不决	youyubujue
狂乱	kuangluan
狂喜	kuangxi
狂奔	kuangben
狂怒	kuangnu
狂暴	kuangbao
狂暴的	kuangbaode
狂欢	kuanghuan
狂欢作乐	kuanghuanzuole
狂欢日	kuanghuanri
狂欢节	kuanghuanjie
狂烈	kuanglie
狂热	kuangre
狂热者	kuangrezhe
狂犬病	kuangquanbing
狂蝇	kuangying
狂蝇属	kuangyingshu
狂蝇科	kuangyingke
狄吉妥辛	dijituoxin
狍	pao
狍属	paoshu
狐尾石松	huweishisong
狐属	hushu
狐松鼠	husongshu
狐狸	huli
狐狸皮	hulipi
狐狼	hulang
狐猴	huhou
狐猴亚目	huhouyamu
狐猴属	huhoushu
狐猴科	huhouke
狐獴	humeng
狐獴属	humengshu
狐蝠	hufu
狐蝠属	hufushu
狐鲣	hujian
狐鲣属	hujianshu
狐鼬	huyou
狐鼬属	huyoushu
狒狒	feifei
狒狒属	feifeishu
狗	gou
狗咬伤	gouyaoshang
狗奶子	gounaizi
狗尾巴花	gouweibahua
狗屋	gouwu
狗屎花	goushihua
狗屎萝卜	goushiluobo
狗屎蓝花	goushilanhua
狗房	goufang
狗拉的小车	gouladexiaoche
狗收容所	goushourongsuo
狗杂种	gouzazhong
狗核桃	gouhetao
狗母鱼科	goumuyuke
狗牙堇	gouyajin
狗牙风	gouyafeng
狗獾	gouhuan
狗獾属	gouhuanshu
狗的项圈	goudexiangquan
狗窝	gouwo
狗脊蕨	goujijue
狗舌藤	gousheteng
狗舍	goushe
狗蚤	gouzao
狗蛇头菌	goushetoujun
狗蝇草	gouyingcao
狗钮子	gouniuzi
狗鱼	gouyu
狗鱼属	gouyushu
狗鱼科	gouyuke
狗鳕	gouxue
狙击枪	jujiqiang
狞猫	ningmao
狠毒地	hendudi
狡猾	jiaohua
狨	rong
狨属	rongshu
狨猴	ronghou
狨科	rongke
狩猎	shoulie
狩猎季节	shouliejijie
狩猎袋	shouliedai
独占	duzhan
独唱	duchang
独唱曲	duchangqu
独块巨石	dukuaijushi
独奏	duzou
独尾草科	duweicaoke
独居石	dujushi
独指手套	duzhishoutao
独木舟	dumuzhou
独桅艇	duweiting
独活属	duhuoshu
独特性	dutexing
独特的	dutede
独眼畸形	duyanjixing
独立	duli
独立国	duliguo
独立大厅	dulidating
独立式住宅	dulishizhuzhai
独立日	duliri
独立纪念日	dulijinianri
独立自主	dulizizhu
独立钟	dulizhong
独角仙	dujiaoxian
独角鲸	dujiaojing
独身	dushen
独轮车	dulunche
狭下摆裙	xiaxiabaiqun
狭叶泽泻	xiayezexie
狭叶泽芹	xiayezeqin
狭孔	xiakong
狭小通道	xiaxiaotongdao
狭槽	xiacao
狭窄	xiazhai
狭窄甬道	xiazhaiyongdao
狭路	xialu
狭隘的	xiaaide
狭鼻类的猿	xiabileideyuan
狮	shi
狮子	shizi
狮子尾属	shiziweishu
狮子尾巴	shiziweiba
狮子狗	shizigou
狮子花	shizihua
狮子鱼	shiziyu
狮子鱼属	shiziyushu
狮子鱼科	shiziyuke
狮牙钳	shiyaqian
狮狨	shirong
狮耳草	shiercao
狮虎	shihu
狷羚	juanling
狸藻属	lizaoshu
狸藻属植物	lizaoshuzhiwu
狸藻科	lizaoke
狼	lang
狼吞虎咽	langtunhuyan
狼尾蕨	langweijue
狼牙花	langyahua
狼獾	langhuan
狼疮	langchuang
狼鱼	langyu
狼鳚属	langweishu
狼鳚科	langweike
猎人	lieren
猎兔犬	lietuquan
猎兔狗	lietugou
猎刀	liedao
猎取	liequ
猎女巫	lienuwu
猎水獭狗	lieshuitagou
猎物	liewu
猎犬	liequan
猎狐犬	liehuquan
猎狗	liegou
猎狼犬	lielangquan
猎獚	liehuang
猎用表	lieyongbiao
猎用鱼	lieyongyu
猎禽	lieqin
猎艳	lieyan
猎虎	liehu
猎虎属	liehushu
猎蝽属	liechunshu
猎豹	liebao
猎豹属	liebaoshu
猎鸟	lieniao
猎鹿帽	lielumao
猎鹿犬	lieluquan
猕抗体	mikangti
猕猴	mihou
猕猴因子	mihouyinzi
猕猴属	mihoushu
猕猴桃	mihoutao
猕猴桃科	mihoutaoke
猕猴科	mihouke
猛冲	mengchong
猛击	mengji
猛地落下	mengdilaxia
猛增	mengzeng
猛扑	mengpu
猛打	mengda
猛扭	mengniu
猛抓	mengzhua
猛投	mengtou
猛拍翅膀	mengpaichibang
猛挥鳍	menghuiqi
猛推	mengtui
猛掷	mengzhi
猛提高	mengtigao
猛撞	mengzhuang
猛涨	mengzhang
猛炸药	mengzhayao
猛烈	menglie
猛烈的	mengliede
猛然掉落	mengrandiaoluo
猛犬	mengquan
猛犸	mengma
猛犸象	mengmaxiang
猛犸象属	mengmaxiangshu
猛砍	mengkan
猛落	mengluo
猛袭	mengxi
猛进	mengjin
猜想	caixiang
猜测	caice
猜疑	caiyi
猝死	cusi
猝睡症	cushuizheng
猞猁	sheli
猞猁属	shelishu
猢狲	husun
猥亵	weixie
猥亵地	weixiedi
猥亵的	weixiede
猩猩	xingxing
猩猩属	xingxingshu
猩猩木	xingxingmu
猩猩科	xingxingke
猩猩草	xingxingcao
猩红热	xinghongre
猪	zhu
猪一样地	zhuyiyangdi
猪一般地	zhuyibandi
猪仔笼	zhuzailong
猪屎豆	zhushidou
猪屎豆属	zhushidoushu
猪属	zhushu
猪拱菌	zhugongjun
猪殃殃	zhuyangyang
猪殃殃属	zhuyangyangshu
猪流感	zhuliugan
猪牙花属	zhuyahuashu
猪獾	zhuhuan
猪獾属	zhuhuanshu
猪瘟	zhuwen
猪皮	zhupi
猪皮革	zhupige
猪科	zhuke
猪秧秧属	zhuyangyangshu
猪笼草	zhulongcao
猪笼草科	zhulongcaoke
猪耳菌	zhuerjun
猪肉	zhurou
猪肝菌	zhuganjun
猪肠豆	zhuchangdou
猪脚	zhujiao
猪舌菌	zhushejun
猪蹄	zhuti
猪鱼	zhuyu
猪麻	zhuma
猫	mao
猫仔	maozai
猫儿刺	maoerci
猫儿菊	maoerju
猫咪	maomi
猫头鹰	maotouying
猫尾巴香	maoweibaxiang
猫属	maoshu
猫熊	maoxiong
猫猴	maohou
猫眼	maoyan
猫眼石	maoyanshi
猫眼草	maoyancao
猫砂	maosha
猫科	maoke
猫科动物	maokedongwu
猫科的动物	maokededongwu
猫箱	maoxiang
猫耳眼	maoeryan
猫草	maocao
猫薄荷	maobohe
猫蚤	maozao
猫鼬	maoyou
猬团海胆	weituanhaidan
猬实	weishi
猬实属	weishishu
献出	xianchu
献殷勤	xianyinqin
献殿节	xiandianjie
献祭	xianji
献身	xianshen
猴子	houzi
猴子埕	houzicheng
猴板栗	houbanli
猴水瓶	houshuiping
猴面犬	houmianquan
猿人	yuanren
猿人属	yuanrenshu
猿或猴子	yuanhuohouzi
猿科动物	yuankedongwu
獒犬	aoquan
獚	huang
獠牙狨	liaoyarong
獭猫	tamao
獴	meng
獴属	mengshu
獾	huan
獾亚科	huanyake
獾臭鼬屬	huanchouyoushu
玄参	xuancan
玄参属	xuancanshu
玄参目	xuancanmu
玄参科	xuancanke
玄台	xuantai
玄妙	xuanmiao
玄学	xuanxue
玄武岩	xuanwuyan
玄武玻璃	xuanwuboli
玄狐	xuanhu
率先	shuaixian
率直地	shuaizhidi
率领	shuailing
玉叠梅	yudiemei
玉柏	yubai
玉柏石松	yubaishisong
玉珊瑚	yushanhu
玉石	yushi
玉竹	yuzhu
玉筋鱼	yujinyu
玉筋鱼属	yujinyushu
玉筋鱼科	yujinyuke
玉簪属	yuzanshu
玉簪科	yuzanke
玉簪花	yuzanhua
玉米	yumi
玉米天蚕蛾	yumitiancane
玉米淀粉	yumidianfen
玉米的外壳	yumidewaike
玉米皮	yumipi
玉米穗壳	yumisuike
玉米葡萄糖	yumiputaotang
玉米螟	yumiming
玉米象属	yumixiangshu
玉米面包	yumimianbao
玉米饼	yumibing
玉米黄质	yumihuangzhi
玉米黑粉病	yumiheifenbing
玉蜀黍疹	yushushuzhen
玉蝶梅	yudiemei
玉螺	yuluo
玉螺科	yuluoke
玉铃花	yulinghua
玉髓	yusui
玉黍螺科	yushuluoke
王	wang
王企鹅	wangqie
王企鹅属	wangqieshu
王八蛋	wangbadan
王冠	wangguan
王冠蕨	wangguanjue
王国	wangguo
王妃	wangfei
王子	wangzi
王孙	wangsun
王室	wangshi
王室内库	wangshineiku
王室领地	wangshilingdi
王宫	wanggong
王座	wangzuo
王木	wangmu
王权	wangquan
王棕	wangzong
王棕属	wangzongshu
王水	wangshui
王浆	wangjiang
王牌	wangpai
王紫萁	wangziqi
王者之剑	wangzhezhijian
玛瑙	manao
玛瑙贝	manaobei
玩	wan
玩偶	wanou
玩偶之家	wanouzhijia
玩偶匣	wanouxia
玩儿	waner
玩具	wanju
玩具屋	wanjuwu
玩具房子	wanjufangzi
玩具梗犬	wanjugengquan
玩具气球	wanjuqiqiu
玩具猎鹬犬	wanjulieyuquan
玩女人	wannuren
玩弄	wannong
玩弄女性	wannongnuxing
玩戏法	wanxifa
玩水	wanshui
玩笑	wanxiao
玩耍	wanshua
玩跷跷板	wanqiaoqiaoban
玩闹	wannao
玫瑰	meigui
玫瑰实	meiguishi
玫瑰属	meiguishu
玫瑰晶	meiguijing
玫瑰杰里科	meiguijielike
玫瑰果实	meiguiguoshi
玫瑰油	meiguiyou
玫瑰石英	meiguishiying
玫瑰糠疹	meiguikangzhen
玫瑰红	meiguihong
环	huan
环丙烷	huanbingwan
环丝氨酸	huansiansuan
环动	huandong
环圈结	huanquanjie
环境	huanjing
环尾狐猴	huanweihuhou
环己醇	huanjichun
环带	huandai
环形	huanxing
环形公路	huanxinggonglu
环形殿	huanxingdian
环形路	huanxinglu
环抱的	huanbaode
环柄菇	huanbinggu
环柄菇属	huanbinggushu
环柄菇科	huanbingguke
环氧化酶	huanyanghuamei
环氧酶	huanyangmei
环流	huanliu
环状物	huanzhuangwu
环状领	huanzhuangling
环礁	huanjiao
环索	huansuo
环线	huanxian
环绕	huanrao
环缘	huanyuan
环节	huanjie
环节动物	huanjiedongwu
环苯扎林	huanbenzhalin
环行	huanxing
环路	huanlu
环轮	huanlun
环面	huanmian
环面物	huanmianwu
现代	xiandai
现代主义	xiandaizhuyi
现代人	xiandairen
现代作风	xiandaizuofeng
现代化	xiandaihua
现代思想	xiandaisixiang
现代派	xiandaipai
现在	xianzai
现在的	xianzaide
现实	xianshi
现实主义	xianshizhuyi
现实存在	xianshicunzai
现形	xianxing
现时的	xianshide
现款	xiankuan
现状	xianzhuang
现行的	xianxingde
现象	xianxiang
现货价格	xianhuojiage
现货促进	xianhuocujin
现金	xianjin
现金出纳机	xianjinchunaji
现金制	xianjinzhi
现金卡	xianjinka
现金帐户	xianjinzhanghu
现金支付	xianjinzhifu
现金流	xianjinliu
现钞	xianchao
玲甲花	lingjiahua
玳瑁	daimao
玷污	dianwu
玷辱	dianru
玻璃	boli
玻璃丝	bolisi
玻璃保护片	bolibaohupian
玻璃假眼	bolijiayan
玻璃制品	bolizhipin
玻璃化	bolihua
玻璃厂	bolichang
玻璃器皿	boliqimin
玻璃工厂	boligongchang
玻璃杯	bolibei
玻璃棉	bolimian
玻璃橱	bolichu
玻璃灯罩	bolidengzhao
玻璃球花	boliqiuhua
玻璃纤维	bolixianwei
玻璃纸	bolizhi
玻璃绒	bolirong
玻璃苣属	bolijushu
玻璃陈列橱	bolichenliechu
玻璃鱼缸	boliyugang
玻陨石	boyunshi
珂巴脂	kebazhi
珊瑚	shanhu
珊瑚刺桐	shanhucitong
珊瑚子	shanhuzi
珊瑚樱	shanhuying
珊瑚菌科	shanhujunke
珊瑚藤	shanhuteng
珊瑚虫	shanhuchong
珊瑚钟	shanhuzhong
珍品	zhenpin
珍宝	zhenbao
珍爱	zhenai
珍珠	zhenzhu
珍珠壳贻贝	zhenzhukeyibei
珍珠母	zhenzhumu
珍珠灰	zhenzhuhui
珍珠贝	zhenzhubei
珍珠贝属	zhenzhubeishu
珍珠贝科	zhenzhubeike
珍珠鱼	zhenzhuyu
珍珠鱼科	zhenzhuyuke
珍视	zhenshi
珍贵物	zhenguiwu
珍重	zhenzhong
珠	zhu
珠子	zhuzi
珠宝	zhubao
珠宝箱	zhubaoxiang
珠母层	zhumuceng
珠母贝	zhumubei
珠母贝属	zhumubeishu
珠细工	zhuxigong
珠色剃刀鱼	zhusetidaoyu
珠莫萨	zhumosa
珠蕨属	zhujueshu
珠蚌	zhubang
珠蚌属	zhubangshu
珠蚌科	zhubangke
珠饰	zhushi
珠饰细工	zhushixigong
珠鸡斑贝母	zhujibanbeimu
班	ban
班卓琴	banzhuoqin
班房	banfang
班期	banqi
班机	banji
班蝥	banmao
班轮	banlun
球	qiu
球体	qiuti
球兰	qiulan
球兰属	qiulanshu
球员区	qiuyuanqu
球员席	qiuyuanxi
球场	qiuchang
球壳菌目	qiukejunmu
球头属	qiutoushu
球头锤	qiutouchui
球子蕨	qiuzijue
球子蕨属	qiuzijueshu
球形	qiuxing
球形物	qiuxingwu
球形突出物	qiuxingtuchuwu
球形角	qiuxingjiao
球形阀	qiuxingfa
球心花饰	qiuxinhuashi
球拍	qiupai
球杆	qiugan
球果植物	qiuguozhiwu
球果菌科	qiuguojunke
球根	qiugen
球棍	qiugun
球棒	qiubang
球洞	qiudong
球潮虫	qiuchaochong
球潮虫科	qiuchaochongke
球物	qiuwu
球状体	qiuzhuangti
球状物	qiuzhuangwu
球状的	qiuzhuangde
球盖菇属	qiugaigushu
球盖菌科	qiugaijunke
球窝接头	qiuwojietou
球篮	qiulan
球类运动	qiuleiyundong
球网	qiuwang
球节	qiujie
球花甘蓝	qiuhuaganlan
球芽	qiuya
球茎	qiujing
球茎植物	qiujingzhiwu
球菌肺炎	qiujunfeiyan
球虫病	qiuchongbing
球蚜	qiuya
球蚜属	qiuyashu
球蚜科	qiuyake
球蛋白	qiudanbai
球螋属	qiusoushu
球螋科	qiusouke
球链	qiulian
球门	qiumen
球门口	qiumenkou
球阀	qiufa
球队	qiudui
球霉菌病	qiumeijunbing
球面	qiumian
球面度	qiumiandu
球面的	qiumiande
球鞋	qiuxie
理事	lishi
理事会	lishihui
理会	lihui
理发	lifa
理发店	lifadian
理发椅	lifayi
理应	liying
理念	linian
理想化	lixianghua
理想国	lixiangguo
理想配比	lixiangpeibi
理智	lizhi
理智化	lizhihua
理由	liyou
理由充足的	liyouchongzude
理算	lisuan
理解	lijie
理解不当	lijiebudang
理解力	lijieli
理论	lilun
理论化	lilunhua
理论家	lilunjia
理赔代理人	lipeidailiren
琉特琴	liuteqin
琉璃繁缕属	liulifanlushu
琉璃苣	liuliju
琉璃草属	liulicaoshu
琐碎地	suosuidi
琥珀	hupo
琥珀色	hupose
琥珀酸	huposuan
琥珀金	hupojin
琵琶	pipa
琵鹭	pilu
琵鹭科	piluke
琶音	payin
琼脂	qiongzhi
瑕疵	xiaci
瑞典克朗	ruidiankelang
瑞士法郎	ruishifalang
瑞士褐牛	ruishiheniu
瑞尔	ruier
瑞格楠	ruigenan
瓜儿豆属	guaerdoushu
瓜地马拉货币	guadimalahuobi
瓜子松	guazisong
瓜子黄杨	guazihuangyang
瓜尔豆	guaerdou
瓜尔豆属	guaerdoushu
瓜氨酸	guaansuan
瓜皮椒草	guapijiaocao
瓠瓜木	huguamu
瓢	piao
瓢虫	piaochong
瓢虫属	piaochongshu
瓢虫科	piaochongke
瓣炎	banyan
瓣膜不完全	banmobuwanquan
瓣豆	bandou
瓣蹼鹬	banpuyu
瓣蹼鹬属	banpuyushu
瓣蹼鹬科	banpuyuke
瓣阀	banfa
瓣鳃	bansai
瓣鳃动物	bansaidongwu
瓦器	waqi
瓦垅钢皮	walonggangpi
瓦工锤	wagongchui
瓦拉	wala
瓦斯	wasi
瓦楞纸板	walengzhiban
瓦檐饰	wayanshi
瓦氏赤羚	washichiling
瓦片鱼	wapianyu
瓦片鱼属	wapianyushu
瓦特	wate
瓦特小时	watexiaoshi
瓦特时	wateshi
瓦砾	wali
瓦筒花	watonghua
瓦罐	waguan
瓦解	wajie
瓮染料	wengranliao
瓮音的	wengyinde
瓯柑	ougan
瓶	ping
瓶塞	pingsai
瓶塞起子	pingsaiqizi
瓶子	pingzi
瓶子草	pingzicao
瓶子草属	pingzicaoshu
瓶子草目	pingzicaomu
瓶子草科	pingzicaoke
瓶子草类	pingzicaolei
瓶帽	pingmao
瓶盖	pinggai
瓶菌属	pingjunshu
瓶蕨属	pingjueshu
瓶颈	pingjing
瓷制的餐具	cizhidecanju
瓷器	ciqi
瓷土	citu
瓷漆	ciqi
瓷砖	cizhuan
甘地主义的	gandizhuyide
甘椒	ganjiao
甘氨酸	ganansuan
甘油	ganyou
甘油凝胶	ganyouningjiao
甘油剂	ganyouji
甘油基	ganyouji
甘油明胶	ganyoumingjiao
甘油溶液	ganyourongye
甘油胶	ganyoujiao
甘油酯	ganyouzhi
甘油酸	ganyousuan
甘油醛	ganyouquan
甘特测链	gantecelian
甘草属	gancaoshu
甘草根	gancaogen
甘草蕨	gancaojue
甘蓝豆属	ganlandoushu
甘蔗渣	ganzhezha
甘蔗渣肺	ganzhezhafei
甘薯	ganshu
甘薯粉虱	ganshufenshi
甘醇酸	ganchunsuan
甘露	ganlu
甘露地衣	ganludiyi
甘露醇	ganluchun
甚	shen
甜品匙	tianpinshi
甜品厂	tianpinchang
甜墨角兰	tianmojiaolan
甜度单位	tiandudanwei
甜心	tianxin
甜木薯	tianmushu
甜柠檬	tianningmeng
甜椒	tianjiao
甜橙	tiancheng
甜海冬根	tianhaidonggen
甜点	tiandian
甜点心匙	tiandianxinshi
甜点盘	tiandianpan
甜目坎	tianmukan
甜碗豆	tianwandou
甜茴香	tianhuixiang
甜菜夜蛾	tiancaiyee
甜菜夜蛾属	tiancaiyeeshu
甜菜子	tiancaizi
甜菜渣	tiancaizha
甜菜碱	tiancaijian
甜菜糖	tiancaitang
甜辣椒	tianlajiao
甜食	tianshi
甜食店	tianshidian
甜黄芪	tianhuangqi
生产	shengchan
生产力	shengchanli
生产率	shengchanlu
生产痛	shengchantong
生产线	shengchanxian
生产量	shengchanliang
生动起来	shengdongqilai
生化武器	shenghuawuqi
生化的	shenghuade
生发油	shengfayou
生叶	shengye
生命	shengming
生命力	shengmingli
生命线	shengmingxian
生存	shengcun
生存能力	shengcunnengli
生态学	shengtaixue
生态龛位	shengtaikanwei
生意	shengyi
生成物	shengchengwu
生效的	shengxiaode
生日	shengri
生日礼物	shengriliwu
生机勃勃的	shengjibobode
生根	shenggen
生殖	shengzhi
生气	shengqi
生气勃勃的	shengqibobode
生氨	shengan
生活	shenghuo
生活区	shenghuoqu
生活周期	shenghuozhouqi
生活费	shenghuofei
生活资料	shenghuoziliao
生牛皮	shengniupi
生物	shengwu
生物主义	shengwuzhuyi
生物侵权	shengwuqinquan
生物公害	shengwugonghai
生物剽窃	shengwupiaoqie
生物区系	shengwuquxi
生物危险	shengwuweixian
生物合成	shengwuhecheng
生物安全	shengwuanquan
生物掠夺	shengwulueduo
生物武器	shengwuwuqi
生物碱	shengwujian
生物群落	shengwuqunluo
生物芯片	shengwuxinpian
生物质能	shengwuzhineng
生物量	shengwuliang
生理缺陷	shengliquexian
生病	shengbing
生石灰	shengshihui
生硝	shengxiao
生硬地	shengyingdi
生脓	shengnong
生腻	shengni
生色团	shengsetuan
生计	shengji
生还者	shenghuanzhe
生铁	shengtie
生铅	shengqian
生锈	shengxiu
生长	shengzhang
生长期	shengzhangqi
生长物	shengzhangwu
生长痛	shengzhangtong
生长素	shengzhangsu
生面团	shengmiantuan
生齿	shengchi
用	yong
用作	yongzuo
用具	yongju
用刀切割	yongdaoqiege
用刀割伤	yongdaogeshang
用力扔	yonglireng
用力挥击	yonglihuiji
用力撞	yonglizhuang
用力过度	yongliguodu
用力过猛	yongliguomeng
用去	yongqu
用坏	yonghuai
用埃净	yongaijing
用尽	yongjin
用户	yonghu
用户界面	yonghujiemian
用抽机抽	yongchoujichou
用拨奏	yongbozou
用拳猛击	yongquanmengji
用撬搬运	yongqiaobanyun
用旧的衣服	yongjiudeyifu
用氯处理	yongluchuli
用泥铲涂	yongnichantu
用泵抽	yongbengchou
用烙器灼	yonglaoqizhuo
用烙器烧	yonglaoqishao
用烟熏出	yongyanxunchu
用笑摆脱	yongxiaobaituo
用笑驱除	yongxiaoquchu
用诡计	yongguiji
用诡计获得	yongguijihuode
用语	yongyu
用车送	yongchesong
用铁路运	yongtieluyun
用铜板包	yongtongbanbao
用餐	yongcan
用餐区域	yongcanquyu
用香焚	yongxiangfen
用香熏	yongxiangxun
用鼻吸	yongbixi
用鼻掘	yongbijue
甩	shuai
甩上	shuaishang
甩卖	shuaimai
甩掉	shuaidiao
甬道	yongdao
田	tian
田七	tianqi
田凫	tianfu
田地	tiandi
田基麻科	tianjimake
田字苹	tianziping
田径	tianjing
田径赛	tianjingsai
田旋花	tianxuanhua
田芝麻棵	tianzhimake
田菁	tianjing
田菁属	tianjingshu
田野	tianye
田野猎犬	tianyeliequan
田鳖	tianbie
田鸡	tianji
田鸡属	tianjishu
田鼠	tianshu
田鼠属	tianshushu
甲减	jiajian
甲喹酮	jiakuitong
甲地孕酮	jiadiyuntong
甲型肝炎	jiaxingganyan
甲基多巴	jiajiduoba
甲基橙	jiajicheng
甲基苯丙胺	jiajibenbingan
甲壳	jiaqiao
甲壳动物	jiaqiaodongwu
甲壳类	jiaqiaolei
甲壳纲	jiaqiaogang
甲壳质	jiaqiaozhi
甲巴比妥	jiababituo
甲松离	jiasongli
甲板	jiaban
甲板突出部	jiabantuchubu
甲板躺椅	jiabantangyi
甲橙	jiacheng
甲氟喹	jiafukui
甲氧西林	jiayangxilin
甲氨蝶呤	jiaandieling
甲氰咪胺	jiaqingmian
甲沟炎	jiagouyan
甲灭酸	jiamiesuan
甲烯蓝	jiaxilan
甲甘氨酸	jiaganansuan
甲病	jiabing
甲病毒属	jiabingdushu
甲癣	jiaxuan
甲真菌病	jiazhenjunbing
甲睾酮	jiagaotong
甲硝哒唑	jiaxiaodazuo
甲第	jiadi
甲等的铺位	jiadengdepuwei
甲胄	jiazhou
甲胺	jiaan
甲芬那酸	jiafennasuan
甲苯咪唑	jiabenmizuo
甲苯哒唑	jiabendazuo
甲苯巴比妥	jiabenbabituo
甲苯酸盐	jiabensuanyan
甲虫	jiachong
甲虫目	jiachongmu
甲酚	jiafen
甲酸	jiasuan
甲醇	jiachun
甲醛	jiaquan
甲醛溶液	jiaquanrongye
甲鱼	jiayu
甲鱼属	jiayushu
甲鲶	jianian
甲鲶科	jianianke
甲龙亚目	jialongyamu
申报	shenbao
申请	shenqing
申请人	shenqingren
申请表	shenqingbiao
申辩	shenbian
申述	shenshu
电	dian
电位计	dianweiji
电冰箱	dianbingxiang
电击	dianji
电刷	dianshua
电刻器	diankeqi
电力单位	dianlidanwei
电力干线	dianliganxian
电力测功计	dianlicegongji
电力设备	dianlishebei
电功率计	diangongluji
电动机	diandongji
电动牙刷	diandongyashua
电动车	diandongche
电吉他	dianjita
电唱机	dianchangji
电喇叭	dianlaba
电器厂	dianqichang
电器插座	dianqichazuo
电子	dianzi
电子二极管	dianzierjiguan
电子仪器	dianziyiqi
电子伏特	dianzifute
电子加速器	dianzijiasuqi
电子器件	dianziqijian
电子图象	dianzituxiang
电子天平	dianzitianping
电子学	dianzixue
电子枪	dianziqiang
电子炸弹	dianzizhadan
电子琴	dianziqin
电子计算机	dianzijisuanji
电子设备	dianzishebei
电子透镜	dianzitoujing
电容单位	dianrongdanwei
电容器	dianrongqi
电导单位	diandaodanwei
电影	dianying
电影院	dianyingyuan
电感单位	diangandanwei
电感系数	dianganxishu
电报	dianbao
电摩托	dianmotuo
电暖气	diannuanqi
电木	dianmu
电极	dianji
电极淀积	dianjidianji
电枢	dianshu
电梯	dianti
电梯车厢	diantichexiang
电气插头	dianqichatou
电气机车	dianqijiche
电气系统	dianqixitong
电池	dianchi
电沉积	dianchenji
电泳	dianyong
电流	dianliu
电流强度	dianliuqiangdu
电流计	dianliuji
电测力计	dianceliji
电源插座	dianyuanchazuo
电灯	diandeng
电灯杆	diandenggan
电灯泡	diandengpao
电灯电路	diandengdianlu
电灶	dianzao
电炉	dianlu
电烤盘	diankaopan
电烧伤	dianshaoshang
电热器	dianreqi
电热垫	dianredian
电热毯	dianretan
电热煮沸器	dianrezhufeiqi
电热疗机	dianreliaoji
电煎锅	dianjianguo
电瓶水	dianpingshui
电瓷瓦	dianciwa
电疗机	dianliaoji
电石气	dianshiqi
电磁亨利	diancihengli
电磁伏特	diancifute
电磁体	dianciti
电磁单位	diancidanwei
电磁安培	diancianpei
电磁库仑	diancikulun
电磁欧	dianciou
电磁法拉	diancifala
电磁炸弹	diancizhadan
电磁瓦特	dianciwate
电磁石	diancishi
电离	dianli
电离作用	dianlizuoyong
电离常数	dianlichangshu
电离箱	dianlixiang
电缆	dianlan
电缆车	dianlanche
电脑	diannao
电脑备份	diannaobeifen
电脑蠕虫	diannaoruchong
电脑部件	diannaobujian
电荷	dianhe
电表	dianbiao
电视	dianshi
电视机	dianshiji
电解	dianjie
电解槽	dianjiecao
电解液	dianjieye
电解电池	dianjiedianchi
电解质	dianjiezhi
电话	dianhua
电话分机	dianhuafenji
电话卡	dianhuaka
电话号码	dianhuahaoma
电话告知	dianhuagaozhi
电话地区号	dianhuadiquhao
电话局	dianhuaju
电话机	dianhuaji
电话磁卡	dianhuacika
电话答录机	dianhuadaluji
电话线	dianhuaxian
电话线路	dianhuaxianlu
电话联系	dianhualianxi
电话联络	dianhualianluo
电贝斯	dianbeisi
电路	dianlu
电路图	dianlutu
电路故障	dianluguzhang
电路板	dianluban
电车	dianche
电车费	dianchefei
电载体	dianzaiti
电钟	dianzhong
电钻	dianzuan
电铃	dianling
电铃按钮	dianlinganniu
电链锯	dianlianju
电锤	dianchui
电锯	dianju
电镀物品	dianduwupin
电阻炉	dianzulu
电阻的	dianzude
电雕刻器	diandiaokeqi
电震	dianzhen
电风扇	dianfengshan
电鮎属	diannianshu
电鲇	diannian
男人	nanren
男修道院	nanxiudaoyuan
男像柱	nanxiangzhu
男厕	nance
男子	nanzi
男子假发	nanzijiafa
男孩	nanhai
男孩子	nanhaizi
男式夜礼服	nanshiyelifu
男性化	nanxinghua
男性秃顶	nanxingtuding
男性素	nanxingsu
男爵的领地	nanjuedelingdi
男爵领地	nanjuelingdi
男裤下体盖	nankuxiatigai
画	hua
画像	huaxiang
画儿	huaer
画册	huace
画图	huatu
画图纸	huatuzhi
画室	huashi
画家	huajia
画展	huazhan
画布	huabu
画廊	hualang
画架	huajia
画画	huahua
画笔	huabi
画面	huamian
甾类化合物	zaileihuahewu
甾类激素	zaileijisu
甾酮	zaitong
甾醇	zaichun
畅快	changkuai
畅饮	changyin
界定	jieding
界线	jiexian
界限	jiexian
畏光	weiguang
畏惧	weiju
畏缩	weisuo
畏缩的	weisuode
留	liu
留下	liuxia
留下印象	liuxiayinxiang
留住	liuzhu
留兰香	liulanxiang
留在室内	liuzaishinei
留声机	liushengji
留存	liucun
留待	liudai
留心	liuxin
留恋	liulian
留恋徘徊	liulianpaihuai
留意	liuyi
留有	liuyou
留本基金	liubenjijin
留神	liushen
留神观察	liushenguancha
留置权	liuzhiquan
留间隔	liujiange
留驻	liuzhu
畚箕	benji
畜产品	xuchanpin
畜牧业	xumuye
畜生	chusheng
畜疥	chujie
略图	luetu
略微	luewei
略语	lueyu
略语表	lueyubiao
略读	luedu
略过	lueguo
番木鳖碱	fanmubiejian
番枣	fanzao
番椒	fanjiao
番白芷	fanbaizhi
番红精	fanhongjing
番芫荽	fanyansui
番茄	fanqie
番茄属	fanqieshu
番茄红素	fanqiehongsu
番荔枝属	fanlizhishu
番荔枝科	fanlizhike
番薯	fanshu
番薯属	fanshushu
番豆	fandou
番鸟	fanniao
番鸟属	fanniaoshu
番麻	fanma
畸形	jixing
畸形人	jixingren
畸形物	jixingwu
畸形瘤	jixingliu
畸形的	jixingde
畸胎形成	jitaixingcheng
疆界	jiangjie
疏忽	shuhu
疏怠职责	shudaizhize
疏散	shusan
疏缝	shufeng
疏远	shuyuan
疏远者	shuyuanzhe
疑云	yiyun
疑心病	yixinbing
疑惑	yihuo
疑病症	yibingzheng
疑问	yiwen
疑问语气	yiwenyuqi
疑难病症	yinanbingzheng
疔	ding
疔疮	dingchuang
疖	jie
疖病	jiebing
疗养地	liaoyangdi
疗养所	liaoyangsuo
疗养院	liaoyangyuan
疗法	liaofa
疙瘩	geda
疝气	shanqi
疟疾	nueji
疟蚊	nuewen
疟蚊属	nuewenshu
疣	you
疣猪	youzhu
疣猪属	youzhushu
疣猴	youhou
疣猴属	youhoushu
疣足	youzu
疤痕	bahen
疥疮	jiechuang
疥癣	jiexuan
疥癣病	jiexuanbing
疥蛤蟆	jiehama
疫霉属	yimeishu
疯人院	fengrenyuan
疯子	fengzi
疯狂	fengkuang
疯草	fengcao
疱疫病	paoyibing
疱疹	paozhen
疱疹脑炎	paozhennaoyan
疲倦	pijuan
疲劳	pilao
疲惫	pibei
疲惫不堪	pibeibukan
疹	zhen
疼	teng
疼痛	tengtong
疼痛单位	tengtongdanwei
疼痛恐怖	tengtongkongbu
疾病	jibing
疾病模仿	jibingmofang
疾病潜伏期	jibingqianfuqi
疾病补助费	jibingbuzhufei
疾走	jizou
疾过	jiguo
疾驰	jichi
病	bing
病人	bingren
病倒	bingdao
病假工资	bingjiagongzi
病势减退	bingshijiantui
病床	bingchuang
病征	bingzheng
病态	bingtai
病患	binghuan
病房	bingfang
病毒	bingdu
病毒感染	bingduganran
病毒血症	bingduxuezheng
病状	bingzhuang
病理	bingli
病理过程	bingliguocheng
病症	bingzheng
病痛	bingtong
症	zheng
症候群	zhenghouqun
症状	zhengzhuang
痈	yong
痉挛	jingluan
痉挛的	jingluande
痊愈	quanyu
痒	yang
痒疹	yangzhen
痒病	yangbing
痒见消	yangjianxiao
痔	zhi
痔疮	zhichuang
痔疾	zhiji
痕迹	henji
痘	dou
痘痕	douhen
痛	tong
痛击	tongji
痛单位	tongdanwei
痛恨	tonghen
痛斥	tongchi
痛经	tongjing
痛苦	tongku
痛觉测验计	tongjueceyanji
痛觉缺失	tongjuequeshi
痛觉计	tongjueji
痛风	tongfeng
痛饮	tongyin
痢疾	liji
痣	zhi
痤疮	cuochuang
痱子	feizi
痴呆	chidai
痴呆着看	chidaizhekan
瘀斑	yuban
瘀点	yudian
瘀血	yuxue
瘃	zhu
瘌痢	lali
瘘	lou
瘘管	louguan
瘟疫	wenyi
瘠懒猴	jilanhou
瘢痕疙瘩	banhengeda
瘢痕瘤	banhenliu
瘤	liu
瘤可宁	liukening
瘤型麻风	liuxingmafeng
瘤子	liuzi
瘤座孢科	liuzuobaoke
瘤座霉属	liuzuomeishu
瘤形成	liuxingcheng
瘤牛	liuniu
瘤胃	liuwei
瘦果	shouguo
瘦长的	shouchangde
瘫痪	tanhuan
瘫痪症	tanhuanzheng
瘭疽	biaoju
瘴气	zhangqi
瘾	yin
瘾君子	yinjunzi
瘾头	yintou
瘿蚊	yingwen
瘿蚊科	yingwenke
瘿蜂	yingfeng
瘿蜂属	yingfengshu
瘿蜂科	yingfengke
瘿蝇	yingying
癌症	aizheng
癌肉瘤	airouliu
癔病	yibing
癖好者	pihaozhe
癞病	laibing
癞蛤蟆	laihama
癣	xuan
癣草	xuancao
癫狂	diankuang
癫痫	dianxian
癫痫发作	dianxianfazuo
癫痫症	dianxianzheng
癸二酸	guiersuan
癸酸	guisuan
登上	dengshang
登出	dengchu
登基	dengji
登山家	dengshanjia
登山杖	dengshanzhang
登岸	dengan
登广告	dengguanggao
登录	denglu
登月舱	dengyuecang
登机	dengji
登机口	dengjikou
登机门	dengjimen
登王位	dengwangwei
登记	dengji
登记入册	dengjiruce
登记表	dengjibiao
登记过的	dengjiguode
登陆	denglu
登陆艇	dengluting
登陆车	dengluche
登革热	denggere
登高	denggao
白	bai
白丑	baichou
白云岩	baiyunyan
白云母	baiyunmu
白云石	baiyunshi
白内障	baineizhang
白利甜度	bailitiandu
白前科	baiqianke
白前科植物	baiqiankezhiwu
白化病	baihuabing
白化病者	baihuabingzhe
白变病	baibianbing
白吃	baichi
白吃白喝	baichibaihe
白合金	baihejin
白喉	baihou
白嘴西猯	baizuixituan
白土	baitu
白垩	baie
白垩矿场	baiekuangchang
白夜丁香	baiyedingxiang
白天	baitian
白头翁	baitouweng
白头翁鱼	baitouwengyu
白姑鱼	baiguyu
白尾杰克兔	baiweijieketu
白屈菜	baiqucai
白斑	baiban
白斑狗鱼	baibangouyu
白斑病	baibanbing
白旃檀	baizhantan
白旗鱼	baiqiyu
白星海	baixinghai
白昼	baizhou
白木	baimu
白木耳	baimuer
白木耳属	baimuershu
白木香	baimuxiang
白杨	baiyang
白杨木	baiyangmu
白板	baiban
白果木	baiguomu
白柳	bailiu
白栎	baili
白桦	baihua
白比诺	baibinuo
白毛皮	baimaopi
白熊	baixiong
白犀	baixi
白犀属	baixishu
白狐	baihu
白猪牙花	baizhuyahua
白珍珠	baizhenzhu
白班	baiban
白球	baiqiu
白甘筍	baigansun
白痢	baili
白痴病	baichibing
白癫风	baidianfeng
白眉猴	baimeihou
白眉猴属	baimeihoushu
白种乳草	baizhongrucao
白粉菌	baifenjun
白粉菌属	baifenjunshu
白粉菌目	baifenjunmu
白粉菌科	baifenjunke
白粘土	bainiantu
白纹伊蚊	baiwenyiwen
白纹铗蝶	baiwenjiadie
白罩袍	baizhaopao
白羊宫	baiyanggong
白羊座	baiyangzuo
白羊座人	baiyangzuoren
白羽扇豆	baiyushandou
白老鼠	bailaoshu
白腰杓鹬	baiyaobiaoyu
白膜	baimo
白臀野牛	baitunyeniu
白臣	baichen
白色糠疹	baisekangzhen
白色薄棉布	baisebaomianbu
白芋	baiyu
白花藤	baihuateng
白花藤萝	baihuatengluo
白花马薄荷	baihuamabohe
白芷	baizhi
白莓鲈	baimeilu
白菖蒲	baichangpu
白薯	baishu
白藓	baixian
白蚁	baiyi
白蚁属	baiyishu
白蚁科	baiyike
白蛉	bailing
白蛉属	bailingshu
白蛋白	baidanbai
白蛱蝶	baijiadie
白蛾属	baieshu
白蜡	baila
白蜡木	bailamu
白蜡树	bailashu
白蜡蚧	bailajie
白蝴蝶	baihudie
白蟾	baichan
白血病	baixuebing
白警犬	baijingquan
白谢宁	baixiening
白象	baixiang
白足鼠	baizushu
白足鼠属	baizushushu
白金	baijin
白鑞	baila
白钨矿	baiwukuang
白铁	baitie
白铃热	bailingre
白铅矿	baiqiankuang
白铜	baitong
白银时代	baiyinshidai
白锈属	baixiushu
白锈科	baixiuke
白锈菌	baixiujun
白长袍	baichangpao
白革	baige
白額鸌	baiehu
白颈鼬	baijingyou
白颈鼬属	baijingyoushu
白颊鸟类	baijianiaolei
白骨顶	baiguding
白骨顶属	baigudingshu
白骨顶科	baigudingke
白鬼笔	baiguibi
白鲈	bailu
白鲈属	bailushu
白鲑	baigui
白鲑属	baiguishu
白鲑科	baiguike
白鲜	baixian
白鲜属	baixianshu
白鲟	baixun
白鲟属	baixunshu
白鲟科	baixunke
白鲳属	baichangshu
白鲳科	baichangke
白鲸	baijing
白鲸属	baijingshu
白鲻鱼	baiziyu
白鸥	baiou
白鹈鹕	baitihu
白鹤藤属	baihetengshu
白鹭	bailu
白鹭属	bailushu
白鹳	baiguan
白麻属植物	baimashuzhiwu
白麻布僧衣	baimabusengyi
白鼬	baiyou
白鼬皮	baiyoupi
百	bai
百万	baiwan
百万分之一	baiwanfenzhiyi
百万吨级	baiwandunji
百万瓦特	baiwanwate
百万的立方	baiwandelifang
百万行	baiwanxing
百万赫	baiwanhe
百个	baige
百克	baike
百分之	baifenzhi
百分之一	baifenzhiyi
百分之五十	baifenzhiwushi
百分数	baifenshu
百分比	baifenbi
百分率	baifenlu
百升	baisheng
百华花楸	baihuahuaqiu
百叶窗	baiyechuang
百叶窗板	baiyechuangban
百合	baihe
百合大浮叶	baihedafuye
百合花	baihehua
百姓	baixing
百子莲	baizilian
百年	bainian
百忧解	baiyoujie
百慕大帆具	baimudafanju
百慕大短裤	baimudaduanku
百慕达美元	baimudameiyuan
百日咳	bairike
百日红	bairihong
百灵科	bailingke
百灵类	bailinglei
百眼巨人	baiyanjuren
百磅	baibang
百米	baimi
百脉根	baimaigen
百衲被	bainabei
百货公司	baihuogongsi
百足草	baizucao
百进制的	baijinzhide
百里香	bailixiang
百里香属	bailixiangshu
百鸟不停	bainiaobuting
百鸢科	baiyuanke
皂化	zaohua
皂化作用	zaohuazuoyong
皂李	zaoli
皂石	zaoshi
皂素	zaosu
皂苷	zaogan
皂草苷	zaocaogan
皂荚属	zaojiashu
皂鲈属	zaolushu
的士	dishi
皇企鹅	huangqie
皇室	huangshi
皇室费	huangshifei
皇家法院	huangjiafayuan
皇帝豆	huangdidou
皇带鱼	huangdaiyu
皇带鱼属	huangdaiyushu
皇带鱼科	huangdaiyuke
皇族	huangzu
皇牌	huangpai
皇蛾	huange
皇蛾属	huangeshu
皈依	guiyi
皈依基督教	guiyijidujiao
皮下注射器	pixiazhusheqi
皮克病	pikebing
皮刀	pidao
皮刺	pici
皮包	pibao
皮大衣	pidayi
皮契茄	piqijia
皮契茄属	piqijiashu
皮孔	pikong
皮带	pidai
皮带扣	pidaikou
皮帽	pimao
皮弗娄牛	pifulouniu
皮手套	pishoutao
皮炎	piyan
皮犊纹皮	piduwenpi
皮疹	pizhen
皮瘤蝇	piliuying
皮真菌病	pizhenjunbing
皮短裤	piduanku
皮硬化病	piyinghuabing
皮秒	pimiao
皮索	pisuo
皮线	pixian
皮翼目	piyimu
皮肌炎	pijiyan
皮肤	pifu
皮肤干燥病	pifuganzaobing
皮肤擦除术	pifucachushu
皮肤灼热痛	pifuzhuoretong
皮肤炎	pifuyan
皮肤病	pifubing
皮肤癌	pifuai
皮肤肥厚	pifufeihou
皮脂囊肿	pizhinangzhong
皮脂溢	pizhiyi
皮艇	piting
皮蝇属	piyingshu
皮蝇科	piyingke
皮蠹科	piduke
皮质甾类	pizhizailei
皮质甾酮	pizhizaitong
皮质类固醇	pizhileiguchun
皮质酮	pizhitong
皮质醇	pizhichun
皮霉菌病	pimeijunbing
皮革	pige
皮革制品	pigezhipin
皮靴	pixue
皮鞭	pibian
皱	zhou
皱叶红紫苏	zhouyehongzisu
皱唇蝠属	zhouchunfushu
皱波珠蕨	zhoubozhujue
皱状	zhouzhuang
皱球盖菇	zhouqiugaigu
皱痕	zhouhen
皱皮木瓜	zhoupimugua
皱眉	zhoumei
皱纹	zhouwen
皱胃	zhouwei
皱褶	zhouzhe
皱马鞍菌	zhoumaanjun
皲裂	junlie
皲裂疮	junliechuang
盂盆	yupen
盆	pen
盆景	penjing
盆景植物	penjingzhiwu
盆栽	penzai
盈亏账目	yingkuizhangmu
盈余	yingyu
盈出	yingchu
益处	yichu
益明	yiming
益母	yimu
益母艾	yimuai
益母草	yimucao
益母草属	yimucaoshu
益母蒿	yimuhao
盎司	angsi
盎格鲁人	anggeluren
盎格鲁语	anggeluyu
盐	yan
盐卤	yanlu
盐水	yanshui
盐沼紫菀	yanzhaoziwan
盐皮质激素	yanpizhijisu
盐皮质素类	yanpizhisulei
盐肤木	yanfumu
盐肤木属	yanfumushu
盐豆木	yandoumu
盐豆木属	yandoumushu
盐酸氟西泮	yansuanfuxipan
监制	jianzhi
监听	jianting
监护	jianhu
监护人的	jianhurende
监护者义务	jianhuzheyiwu
监控器	jiankongqi
监测	jiance
监牢	jianlao
监狱	jianyu
监狱拘留所	jianyujuliusuo
监督	jiandu
监督者	jianduzhe
监禁	jianjin
监禁室	jianjinshi
监考	jiankao
监视	jianshi
监视器	jianshiqi
盒子	hezi
盒式录音机	heshiluyinji
盒式磁带	heshicidai
盔	kui
盔子	kuizi
盔瓣	kuiban
盔甲	kuijia
盔甲披肩	kuijiapijian
盔的一种	kuideyizhong
盔罩	kuizhao
盖	gai
盖印	gaiyin
盖垫密片	gaidianmipian
盖子	gaizi
盖尔	gaier
盖尼式床	gainishichuang
盖板	gaiban
盖果	gaiguo
盖格计数管	gaigejishuguan
盖洛威牛	gailuoweiniu
盖满浮渣的	gaimanfuzhade
盖然性的	gairanxingde
盖片	gaipian
盖达组织	gaidazuzhi
盖革计数器	gaigejishuqi
盖革计数管	gaigejishuguan
盗	dao
盗印地	daoyindi
盗版	daoban
盗用	daoyong
盗用者	daoyongzhe
盗窃	daoqie
盗窃罪	daoqiezui
盗窃行为	daoqiexingwei
盗窃财物	daoqiecaiwu
盘	pan
盘子	panzi
盘旋	panxuan
盘旋前进	panxuanqianjin
盘绕	panrao
盘羊	panyang
盘菌	panjun
盘菌属	panjunshu
盘菌目	panjunmu
盘菌科	panjunke
盘菌纲	panjungang
盘诘	panji
盘问	panwen
盛产	shengchan
盛夏	shengxia
盛宴	shengyan
盛怒	shengnu
盛筵	shengyan
盛装	shengzhuang
盟友	mengyou
盟国	mengguo
盟约	mengyue
盟邦	mengbang
盥洗室	guanxishi
目不识丁者	mubushidingzhe
目击	muji
目击者	mujizhe
目前	muqian
目录	mulu
目录价格	mulujiage
目标	mubiao
目疡	muyang
目的	mudi
目的地	mudidi
目睹	mudu
目瞪口呆地	mudengkoudaidi
目瞪口呆的	mudengkoudaide
目空一切的	mukongyiqiede
目镜	mujing
盯	ding
盯住看	dingzhukan
盯着看	dingzhekan
盲	mang
盲人	mangren
盲点	mangdian
盲目信托	mangmuxintuo
盲目模仿的	mangmumofangde
盲蝽	mangchun
盲蝽属	mangchunshu
盲蝽科	mangchunke
盲角	mangjiao
直	zhi
直升机	zhishengji
直升飞机	zhishengfeiji
直射	zhishe
直尺	zhichi
直径	zhijing
直接信托	zhijiexintuo
直接分裂	zhijiefenlie
直接对照	zhijieduizhao
直接染料	zhijieranliao
直接核分裂	zhijiehefenlie
直接税	zhijieshui
直接贷款	zhijiedaikuan
直根	zhigen
直毛猎狗	zhimaoliegou
直生刀豆	zhishengdaodou
直盯着的	zhidingzhede
直立	zhili
直立人	zhiliren
直立地	zhilidi
直立婆婆纳	zhilipopona
直立筋骨草	zhilijingucao
直线	zhixian
直翅目	zhichimu
直肠炎	zhichangyan
直肠痛	zhichangtong
直肠突出	zhichangtuchu
直观信息	zhiguanxinxi
直观教具	zhiguanjiaoju
直觉	zhijue
直角	zhijiao
直言不讳地	zhiyanbuhuidi
直起	zhiqi
直起腰来	zhiqiyaolai
直边锉	zhibiancuo
直达列车	zhidalieche
直达快车	zhidakuaiche
直闪石	zhishanshi
直陈语气	zhichenyuqi
相一致	xiangyizhi
相互	xianghu
相互作用	xianghuzuoyong
相互依存	xianghuyicun
相互关系	xianghuguanxi
相互垂直	xianghuchuizhi
相互性	xianghuxing
相互理解	xianghulijie
相互练习	xianghulianxi
相交	xiangjiao
相似	xiangsi
相似之处	xiangsizhichu
相似性	xiangsixing
相似物	xiangsiwu
相似者	xiangsizhe
相信	xiangxin
相像	xiangxiang
相公	xianggong
相关	xiangguan
相关性	xiangguanxing
相切	xiangqie
相劝	xiangquan
相反	xiangfan
相反事物	xiangfanshiwu
相变	xiangbian
相同	xiangtong
相对值	xiangduizhi
相对基金	xiangduijijin
相对多数	xiangduiduoshu
相对极	xiangduiji
相对湿度	xiangduishidu
相应	xiangying
相异	xiangyi
相当	xiangdang
相思豆	xiangsidou
相机	xiangji
相比	xiangbi
相混合	xianghunhe
相片	xiangpian
相称	xiangchen
相等	xiangdeng
相见	xiangjian
相角	xiangjiao
相识	xiangshi
相识的人	xiangshideren
相调和	xiangtiaohe
相貌	xiangmao
相通	xiangtong
相遇	xiangyu
相配	xiangpei
盼念	pannian
盼望	panwang
盾	dun
盾徽	dunhui
盾状叶	dunzhuangye
盾状物	dunzhuangwu
盾蚧	dunjie
盾蚧科	dunjieke
盾螺	dunluo
省	sheng
省份	shengfen
省却	shengque
省字符	shengzifu
省沽油属	shengguyoushu
省沽油科	shengguyouke
省略	shenglue
省略符号	shengluefuhao
省藤	shengteng
省藤属	shengtengshu
省长	shengzhang
省音	shengyin
眉下垂	meixiachui
眉毛	meimao
眉目传情	meimuchuanqing
眉笔	meibi
看	kan
看一下	kanyixia
看一看	kanyikan
看一眼	kanyiyan
看不到	kanbudao
看不见	kanbujian
看出	kanchu
看别的地方	kanbiededifang
看到	kandao
看守	kanshou
看家狗	kanjiagou
看家电话	kanjiadianhua
看待	kandai
看得懂	kandedong
看护	kanhu
看护者	kanhuzhe
看望	kanwang
看来	kanlai
看来好像	kanlaihaoxiang
看板	kanban
看果	kanguo
看法	kanfa
看法相同	kanfaxiangtong
看清楚	kanqingchu
看漏	kanlou
看看	kankan
看穿	kanchuan
看管	kanguan
看见	kanjian
看起来	kanqilai
看透	kantou
看重影	kanzhongying
看错	kancuo
看门人	kanmenren
看门狗	kanmengou
看麦娘属	kanmainiangshu
真	zhen
真主	zhenzhu
真分数	zhenfenshu
真孢子囊	zhenbaozinang
真实	zhenshi
真实存在	zhenshicunzai
真实性	zhenshixing
真实描绘	zhenshimiaohui
真实描述	zhenshimiaoshu
真檀	zhentan
真正的	zhenzhengde
真珠蛤属	zhenzhuhashu
真理	zhenli
真的	zhende
真相	zhenxiang
真确	zhenque
真空	zhenkong
真空泵	zhenkongbeng
真胃	zhenwei
真芦荟	zhenluhui
真菌	zhenjun
真菌地衣	zhenjundiyi
真菌类	zhenjunlei
真菌纲	zhenjungang
真菌门	zhenjunmen
真蕨目	zhenjuemu
真诚地	zhenchengdi
真骨亚纲	zhenguyagang
真鲷	zhendiao
真鲷属	zhendiaoshu
眠尔通	mianertong
眠起	mianqi
眨	zha
眨眼	zhayan
眨眼以除去	zhayanyichuqu
眨眼睛	zhayanjing
眨眼间	zhayanjian
眩晕	xuanyun
眷恋	juanlian
眷恋的	juanliande
眺望	tiaowang
眺望台	tiaowangtai
眺远亭	tiaoyuanting
眼	yan
眼前利益	yanqianliyi
眼力	yanli
眼子菜	yanzicai
眼子菜属	yanzicaishu
眼子菜科	yanzicaike
眼库	yanku
眼影	yanying
眼影粉	yanyingfen
眼斑雉	yanbanzhi
眼泪	yanlei
眼炎	yanyan
眼球突出	yanqiutuchu
眼球速动期	yanqiusudongqi
眼疲劳	yanpilao
眼病	yanbing
眼皮	yanpi
眼眉	yanmei
眼睑	yanjian
眼睑炎	yanjianyan
眼睛	yanjing
眼睛疲劳	yanjingpilao
眼线液	yanxianye
眼线笔	yanxianbi
眼线膏	yanxiangao
眼罩	yanzhao
眼肌瘫痪	yanjitanhuan
眼花	yanhua
眼花缭乱	yanhualiaoluan
眼药水	yanyaoshui
眼蕈蚊属	yanxunwenshu
眼蕈蚊科	yanxunwenke
眼蝶科	yandieke
眼角皱纹	yanjiaozhouwen
眼镜	yanjing
眼镜猴	yanjinghou
眼镜猴亚目	yanjinghouyamu
眼镜猴属	yanjinghoushu
眼镜猴科	yanjinghouke
着丝粒的	zhesilide
着手	zhuoshou
着手处理	zhuoshouchuli
着火	zhaohuo
着生植物	zheshengzhiwu
着色不足	zhuosebuzu
着色剂	zhuoseji
着迷	zhaomi
着重	zhuozhong
着陆	zhuolu
着陆器	zhuoluqi
着陆撬	zhuoluqiao
着陆舱	zhuolucang
着陆襟翼	zhuolujinyi
睑	jian
睑痉挛	jianjingluan
睡一小觉	shuiyixiaojue
睡意	shuiyi
睡掉	shuidiao
睡眠	shuimian
睡眠恐怖	shuimiankongbu
睡眠过度	shuimianguodu
睡眠错	shuimiancuo
睡莲叶子	shuilianyezi
睡菜	shuicai
睡菜属	shuicaishu
睡菜科	shuicaike
睡袋	shuidai
睡觉	shuijiao
睡醒	shuixing
睡鱼属	shuiyushu
睡鼠	shuishu
睡鼠属	shuishushu
睡鼠科	shuishuke
睥睨	pini
睪丸炎	yiwanyan
睫毛膏	jiemaogao
睾丸激素	gaowanjisu
睾丸炎	gaowanyan
睾丸痛	gaowantong
睾丸粘连	gaowanzhanlian
睾酮	gaotong
瞄准	miaozhun
瞄准仪	miaozhunyi
瞄准器	miaozhunqi
瞄准的角	miaozhundejiao
瞌睡	keshui
瞎	xia
瞎弄	xianong
瞎鼠	xiashu
瞎鼠科	xiashuke
瞒	man
瞒报	manbao
瞒骗	manpian
瞥见	piejian
瞧	qiao
瞪眼	dengyan
瞪羚	dengling
瞪羚属	denglingshu
瞬时计	shunshiji
瞬间	shunjian
瞭望台	liaowangtai
瞭解	liaojie
瞳孔	tongkong
瞻养	zhanyang
瞻生鱼	zhanshengyu
矛吻蝠	maowenfu
矛尾鱼	maoweiyu
矛尾鱼属	maoweiyushu
矛尾鱼科	maoweiyuke
矛状耳蕨	maozhuangerjue
矛盾	maodun
矛盾命题	maodunmingti
矛盾的事物	maodundeshiwu
矢	shi
矢量	shiliang
知内情者	zhineiqingzhe
知情人	zhiqingren
知觉	zhijue
知觉地	zhijuedi
知识	zhishi
知识产权	zhishichanquan
知道	zhidao
矩尺	juchi
矩形	juxing
矩形体	juxingti
矩阵	juzhen
矫揉造作	jiaorouzaozuo
矫正	jiaozheng
短上衣	duanshangyi
短信	duanxin
短内裤	duanneiku
短刀	duandao
短刨	duanpao
短剑	duanjian
短叶丝兰	duanyesilan
短吨	duandun
短吻丝鲹	duanwensishen
短吻鳄	duanwene
短吻鳄皮革	duanwenepige
短吻鳄鳄鱼皮	duanweneeyupi
短喙半蹼鹬	duanhuibanpuyu
短嘴半蹼鹬	duanzuibanpuyu
短处	duanchu
短外套	duanwaitao
短夹克	duanjiake
短少	duanshao
短尾	duanwei
短尾亚目	duanweiyamu
短尾巴	duanweiba
短尾派	duanweipai
短尾猫	duanweimao
短尾猿	duanweiyuan
短尾贼鸥	duanweizeiou
短弯刀	duanwandao
短指	duanzhi
短指畸形	duanzhijixing
短斗篷	duandoupeng
短暂休息	duanzanxiuxi
短曲	duanqu
短期帐户	duanqizhanghu
短杆菌肽	duanganjuntai
短果回芹	duanguohuiqin
短枝疫病	duanzhiyibing
短柄半斧	duanbingbanfu
短柄斧	duanbingfu
短棒	duanbang
短氅	duanchang
短盖豆属	duangaidoushu
短翅水鸡	duanchishuiji
短肢畸形	duanzhijixing
短脚蝗	duanjiaohuang
短腿马	duantuima
短舌头	duanshetou
短节目	duanjiemu
短茄克衫	duanjiakeshan
短袖	duanxiu
短袜	duanwa
短裙	duanqun
短裤	duanku
短角牛	duanjiaoniu
短角鹿属	duanjiaolushu
短趾	duanzhi
短路	duanlu
短链	duanlian
短锯	duanju
短额负蝗	duanefuhuang
矮凳	aideng
矮小	aixiao
矮山茱萸	aishanzhuyu
矮接骨草	aijiegucao
矮柳	ailiu
矮树丛	aishucong
矮栗	aili
矮棕竹	aizongzhu
矮灌木	aiguanmu
矮牵牛	aiqianniu
矮瓜	aigua
矮矢拱	aishigong
矮种马	aizhongma
矮麝香鹿	aishexianglu
石	shi
石云茶	shiyuncha
石兰	shilan
石决明	shijueming
石刀	shidao
石刁柏	shidiaobai
石刻刀	shikedao
石剑	shijian
石化	shihua
石化作用	shihuazuoyong
石吸	shixi
石器时代	shiqishidai
石基	shiji
石墨	shimo
石墨芯	shimoxin
石壁梅	shibimei
石头	shitou
石室坟墓	shishifenmu
石寄生	shijisheng
石尿症	shiniaozheng
石居	shiju
石山羊	shishanyang
石思仙	shisixian
石房蛤毒素	shifanghadusu
石斑鱼	shibanyu
石斑鱼属	shibanyushu
石景天	shijingtian
石松	shisong
石松属	shisongshu
石松科	shisongke
石松纲	shisonggang
石板	shiban
石林珠	shilinzhu
石柏	shibai
石栗属	shilishu
石栗树	shilishu
石棉	shimian
石棉肺	shimianfei
石棉肺病	shimianfeibing
石棚	shipeng
石楠属	shinanshu
石榴石	shiliushi
石榴色紫胶	shiliusezijiao
石油沥青	shiyouliqing
石油钻台	shiyouzuantai
石油钻塔	shiyouzuanta
石濡	shiru
石灰	shihui
石灰化	shihuihua
石灰搽剂	shihuichaji
石灰油乳剂	shihuiyouruji
石灰窑	shihuiyao
石灰肺	shihuifei
石炭酸	shitansuan
石生植物	shishengzhiwu
石皮	shipi
石盐	shiyan
石窟	shiku
石竹病	shizhubing
石美人	shimeiren
石背柳	shibeiliu
石膏	shigao
石膏绷带	shigaobengdai
石芥	shijie
石花	shihua
石苇	shiwei
石苇属	shiweishu
石英	shiying
石英岩	shiyingyan
石英晶体	shiyingjingti
石英片	shiyingpian
石荷叶	shiheye
石蒜科	shisuanke
石蕊	shirui
石蕊属	shiruishu
石蕊科	shiruike
石蕊花	shiruihua
石蚕	shican
石蚕属	shicanshu
石蚕属植物	shicanshuzhiwu
石蛃	shibing
石蛃科	shibingke
石蛾	shie
石蜂	shifeng
石蜈蚣	shiwugong
石蜡	shila
石蝇	shiying
石蟹	shixie
石蟹属	shixieshu
石蟹科	shixieke
石豇豆	shijiangdou
石貂	shidiao
石雕	shidiao
石韦	shiwei
石首鱼	shishouyu
石首鱼属	shishouyushu
石首鱼科	shishouyuke
石鱼	shiyu
石鲈	shilu
石鲈属	shilushu
石鲈科	shiluke
石鲈鱼	shiluyu
石鳖	shibie
石鸡属	shijishu
石鸻	shiheng
石鸻属	shihengshu
石鸻科	shihengke
石龙须	shilongxu
矶鹞	jiyao
矶鹞之类	jiyaozhilei
矶鹬	jiyu
矽肺	xifei
矽肺病	xifeibing
矽质粘土岩	xizhiniantuyan
矾	fan
矾土	fantu
矾根属	fangenshu
矾根草	fangencao
矾鞣革	fanrouge
矿井	kuangjing
矿井瓦斯	kuangjingwasi
矿夫	kuangfu
矿工	kuanggong
矿泥	kuangni
矿浆	kuangjiang
矿渣	kuangzha
矿物	kuangwu
矿物棉	kuangwumian
矿物燃料	kuangwuranliao
矿物颜料	kuangwuyanliao
矿石	kuangshi
矿粉	kuangfen
矿脂	kuangzhi
矿质	kuangzhi
矿金石	kuangjinshi
码头	matou
码头税	matoushui
码头费	matoufei
码头鼠	matoushu
砂	sha
砂囊	shanang
砂子草	shazicao
砂岩	shayan
砂布	shabu
砂浆托板	shajiangtuoban
砂海螂	shahailang
砂砾	shali
砂砾层	shaliceng
砂糖椰子	shatangyezi
砂纸	shazhi
砂质岩	shazhiyan
砂轮	shalun
砂金	shajin
砂锅	shaguo
砂鳎	shata
砌人行道于	qirenxingdaoyu
砌炉的石块	qiludeshikuai
砌砖镘刀	qizhuanmandao
砌道	qidao
砍	kan
砍头	kantou
砍痕	kanhen
砍肉刀	kanroudao
砑光机	yaguangji
砒霜	pishuang
研制周期	yanzhizhouqi
研碎	yansui
研磨	yanmo
研磨器	yanmoqi
研磨料	yanmoliao
研磨机	yanmoji
研究	yanjiu
研究会	yanjiuhui
研究员	yanjiuyuan
研究室	yanjiushi
研究班	yanjiuban
研究者	yanjiuzhe
研究院	yanjiuyuan
研讨会	yantaohui
研钵	yanbo
砖	zhuan
砖厂	zhuanchang
砖块	zhuankuai
砖头	zhuantou
砖斗	zhuandou
砖泥斗	zhuannidou
砖瓦	zhuanwa
砖砌部分	zhuanqibufen
砖窑	zhuanyao
砗磲属	chequshu
砗磲科	chequke
砧座	zhenzuo
砧木	zhenmu
砧板	zhenban
砰地一声	pengdiyisheng
砰地落下	pengdilaxia
砰然地响	pengrandixiang
破产	pochan
破产事件	pochanshijian
破产事例	pochanshili
破伤风	poshangfeng
破冰斧	pobingfu
破冰船	pobingchuan
破坏	pohuai
破坏密封	pohuaimifeng
破坏者	pohuaizhe
破坏阻织	pohuaizuzhi
破城槌	pochengchui
破布木属	pobumushu
破开	pokai
破拱	pogong
破损费	posunfei
破损量	posunliang
破旧的旅馆	pojiudeluguan
破晓	poxiao
破格文体	pogewenti
破浪前进	polangqianjin
破烂的	polande
破碎	posui
破裂	polie
破车	poche
破釜沉舟	pofuchenzhou
砷	shen
砷化氢	shenhuaqing
砷化物	shenhuawu
砷酸	shensuan
砷酸盐	shensuanyan
砷酸酯	shensuanzhi
砷酸铅	shensuanqian
砷钴矿	shengukuang
砸碎	zasui
砾岩	liyan
砾石	lishi
硅	gui
硅化物	guihuawu
硅树脂	guishuzhi
硅橡胶	guixiangjiao
硅氧烷	guiyangwan
硅石	guishi
硅肺	guifei
硅肺病	guifeibing
硅胶	guijiao
硅藻土	guizaotu
硅酮树脂	guitongshuzhi
硅酮聚合物	guitongjuhewu
硅酸	guisuan
硅酸盐	guisuanyan
硅铍钇矿	guipiyikuang
硅铝层	guiluceng
硅铝带	guiludai
硅镁层	guimeiceng
硅镁带	guimeidai
硅镁镍矿	guimeiniekuang
硅青铜	guiqingtong
硒酸	xisuan
硕大	shuoda
硕鳞毛蕨	shuolinmaojue
硝化作用	xiaohuazuoyong
硝化甘油	xiaohuaganyou
硝基	xiaoji
硝石	xiaoshi
硝苯磷酯	xiaobenlinzhi
硝酸	xiaosuan
硝酸戊酯	xiaosuanwuzhi
硝酸根	xiaosuangen
硝酸甘油	xiaosuanganyou
硝酸盐	xiaosuanyan
硝酸钙	xiaosuangai
硝酸钠	xiaosuanna
硝酸钾	xiaosuanjia
硝酸铵	xiaosuanan
硝酸银	xiaosuanyin
硝铵	xiaoan
硝铵炸药	xiaoanzhayao
硫	liu
硫代二苯胺	liudaierbenan
硫化	liuhua
硫化物	liuhuawu
硫化铁矿	liuhuatiekuang
硫氮杂苯	liudanzaben
硫的氧化物	liudeyanghuawu
硫磺	liuhuang
硫酸盐	liusuanyan
硫酸钠	liusuanna
硫酸钡粉	liusuanbeifen
硫酸铜	liusuantong
硫银锗矿	liuyinzhekuang
硫镁矾	liumeifan
硫镉矿	liugekuang
硫黄	liuhuang
硬件	yingjian
硬化	yinghua
硬化橡皮	yinghuaxiangpi
硬化粘土	yinghuaniantu
硬叶槲蕨	yingyehujue
硬固燃料	yingguranliao
硬块	yingkuai
硬壳海蟹	yingkehaixie
硬壳蛤属	yingkehashu
硬币	yingbi
硬布	yingbu
硬披肩	yingpijian
硬斑病	yingbanbing
硬木大酒碗	yingmudajiuwan
硬橡胶	yingxiangjiao
硬毛黑莓	yingmaoheimei
硬焊料	yinghanliao
硬煤	yingmei
硬玉	yingyu
硬皮病	yingpibing
硬皮豆	yingpidou
硬皮豆属	yingpidoushu
硬皮马勃属	yingpimaboshu
硬皮马勃目	yingpimabomu
硬皮马勃科	yingpimaboke
硬盘	yingpan
硬砖	yingzhuan
硬碟	yingdie
硬粗布	yingcubu
硬纸板	yingzhiban
硬纸盒	yingzhihe
硬脂酸	yingzhisuan
硬脂酸钙	yingzhisuangai
硬膜外麻醉	yingmowaimazui
硬节	yingjie
硬草帽	yingcaomao
硬蛋白	yingdanbai
硬衬布	yingchenbu
硬说	yingshuo
硬质地层	yingzhidiceng
硬质粘土	yingzhiniantu
硬通货	yingtonghuo
硬逼	yingbi
硬铝	yinglu
硬锰矿	yingmengkuang
硬顶汽车	yingdingqiche
硬颊目	yingjiamu
硬骨鱼	yingguyu
硬骨鱼纲	yingguyugang
硬鳞层	yinglinceng
硬鳞鱼	yinglinyu
硬鳞鱼类	yinglinyulei
硬麻布	yingmabu
确保	quebao
确信	quexin
确定	queding
确定路线	quedingluxian
确实性	queshixing
确立	queli
确认	queren
确认的事物	querendeshiwu
确证	quezheng
硼	peng
硼电离室	pengdianlishi
硼的	pengde
硼砂	pengsha
硼硅酸盐	pengguisuanyan
硼计数管	pengjishuguan
硼酸	pengsuan
硼酸盐	pengsuanyan
硼酸酯	pengsuanzhi
碉堡	diaobao
碎	sui
碎冰船	suibingchuan
碎冰锥	suibingzhui
碎屑	suixie
碎布优质纸	suibuyouzhizhi
碎片	suipian
碎石	suishi
碎米蕨	suimijue
碎米蕨属	suimijueshu
碎米蕨类	suimijuelei
碎肉器	suirouqi
碎花纸	suihuazhi
碎裂	suilie
碗	wan
碗柜	wangui
碗橱	wanchu
碗碟架	wandiejia
碗碟柜	wandiegui
碗蕨属	wanjueshu
碗蕨科	wanjueke
碘	dian
碘仿	dianfang
碘化	dianhua
碘化作用	dianhuazuoyong
碘化钠	dianhuana
碘化钾	dianhuajia
碘化银	dianhuayin
碘氯羟喹	dianluqiangkui
碘蛋白	diandanbai
碟	die
碟口	diekou
碟子	diezi
碟形马鞍菌	diexingmaanjun
碧冬茄属	bidongjiashu
碰	peng
碰上	pengshang
碰击	pengji
碰到	pengdao
碰巧	pengqiao
碰巧的	pengqiaode
碰撞	pengzhuang
碰碰车	pengpengche
碰碰香	pengpengxiang
碰运气	pengyunqi
碱	jian
碱中毒	jianzhongdu
碱化剂	jianhuaji
碱土族	jiantuzu
碱土金属	jiantujinshu
碱基对	jianjidui
碱尿	jianniao
碱性渣	jianxingzha
碱性炉渣	jianxingluzha
碱性铁	jianxingtie
碱石灰	jianshihui
碱蜂	jianfeng
碱血症	jianxuezheng
碱质	jianzhi
碱金属	jianjinshu
碱青	jianqing
碲化物	dihuawu
碳	tan
碳化	tanhua
碳化作用	tanhuazuoyong
碳化物	tanhuawu
碳化硅	tanhuagui
碳化钙	tanhuagai
碳化铁	tanhuatie
碳印法	tanyinfa
碳原子	tanyuanzi
碳循环	tanxunhuan
碳氟化合物	tanfuhuahewu
碳水化合物	tanshuihuahewu
碳环	tanhuan
碳素钢	tansugang
碳纳米管	tannamiguan
碳酰	tanxian
碳酰氯	tanxianlu
碳酸	tansuan
碳酸气	tansuanqi
碳酸氢盐	tansuanqingyan
碳酸氢钠	tansuanqingna
碳酸氢钾	tansuanqingjia
碳酸盐	tansuanyan
碳酸酯	tansuanzhi
碳酸钾	tansuanjia
碳酸铵	tansuanan
碳酸饮料	tansuanyinliao
碳酸饱和	tansuanbaohe
碳钢	tangang
碳霉素	tanmeisu
碳黑	tanhei
碴儿	chaer
碾碎	niansui
磁体	citi
磁倾仪	ciqingyi
磁偏角	cipianjiao
磁力单位	cilidanwei
磁力计	ciliji
磁化	cihua
磁化作用	cihuazuoyong
磁化强度	cihuaqiangdu
磁区	ciqu
磁头	citou
磁子	cizi
磁带	cidai
磁带盒	cidaihe
磁强计	ciqiangji
磁心	cixin
磁性合金	cixinghejin
磁性录音机	cixingluyinji
磁性水雷	cixingshuilei
磁探测器	citanceqi
磁控管	cikongguan
磁条	citiao
磁棒	cibang
磁泡存储器	cipaocunchuqi
磁玄岩	cixuanyan
磁瓶	ciping
磁电机	cidianji
磁电管	cidianguan
磁盘	cipan
磁盘控制器	cipankongzhiqi
磁盘机	cipanji
磁盘驱动器	cipanqudongqi
磁碟	cidie
磁罗盘	ciluopan
磁芯	cixin
磁蟹科	cixieke
磁通计	citongji
磁通量	citongliang
磁道	cidao
磁针	cizhen
磁钢	cigang
磅	bang
磅达	bangda
磋商	cuoshang
磕头	ketou
磨伤	moshang
磨光	moguang
磨光器	moguangqi
磨光机	moguangji
磨光的	moguangde
磨坊	mofang
磨子	mozi
磨成粉	mochengfen
磨损	mosun
磨损率	mosunlu
磨料	moliao
磨炼	molian
磨石	moshi
磨砂玻璃	moshaboli
磨碎	mosui
磨碎机	mosuiji
磨粉厂	mofenchang
磨耗	mohao
磨耗作用	mohaozuoyong
磨耗率	mohaolu
磨蚀剂	moshiji
磨蹭	moceng
磨蹭时间	mocengshijian
磨难	monan
磨齿兽	mochishou
磨齿兽属	mochishoushu
磨齿兽科	mochishouke
磷	lin
磷化氢	linhuaqing
磷朊	linruan
磷氯铅矿	linluqiankuang
磷灰石	linhuishi
磷脂	linzhi
磷虾	linxia
磷虾目	linxiamu
磷蛋白	lindanbai
磷蛋白质	lindanbaizhi
磷酸	linsuan
磷酸盐	linsuanyan
磷酸肌酸	linsuanjisuan
磷酸酶	linsuanmei
磷酸钙	linsuangai
磷酸钠	linsuanna
磷铝锂石	linlulishi
磷青铜	linqingtong
磺胺酸	huangansuan
磺酸	huangsuan
磺酸盐	huangsuanyan
磺酸钙	huangsuangai
礤床	cachuang
示例一致	shiliyizhi
示号器	shihaoqi
示威	shiwei
示威游行	shiweiyouxing
示威者	shiweizhe
示威运动	shiweiyundong
示威集会	shiweijihui
示意图	shiyitu
示范	shifan
礼仪	liyi
礼仪年	liyinian
礼冠	liguan
礼制	lizhi
礼品店	lipindian
礼品税	lipinshui
礼堂	litang
礼帽	limao
礼拜	libai
礼拜一	libaiyi
礼拜三	libaisan
礼拜二	libaier
礼拜五	libaiwu
礼拜六	libailiu
礼拜四	libaisi
礼拜堂	libaitang
礼拜天	libaitian
礼拜寺	libaisi
礼拜日	libairi
礼服	lifu
礼服制服	lifuzhifu
礼物	liwu
礼节	lijie
礼让	lirang
礼貌	limao
社交场合	shejiaochanghe
社交聚会	shejiaojuhui
社交舞会	shejiaowuhui
社会	shehui
社会团体	shehuituanti
社会地位	shehuidiwei
社会契约	shehuiqiyue
社会学	shehuixue
社会的	shehuide
社会福利	shehuifuli
社会等级	shehuidengji
社会进程	shehuijincheng
社会阶级	shehuijieji
社长	shezhang
祈使语气	qishiyuqi
祈愿语态	qiyuanyutai
祈愿语气	qiyuanyuqi
祈求	qiqiu
祈求的	qiqiude
祈祷	qidao
祈祷时间	qidaoshijian
祖传	zuchuan
祖传家产	zuchuanjiachan
祖传财产	zuchuancaichan
祖传遗物	zuchuanyiwu
祖先	zuxian
祖宗	zuzong
祖母	zumu
祖母绿	zumulu
祖父	zufu
祖父条款	zufutiaokuan
祖龙	zulong
祛痰剂	qutanji
祝福	zhufu
祝贺	zhuhe
祝酒杯	zhujiubei
神	shen
神像	shenxiang
神召会	shenzhaohui
神奇疗法	shenqiliaofa
神学	shenxue
神志昏迷	shenzhihunmi
神明	shenming
神殿	shendian
神气地	shenqidi
神的使者	shendeshizhe
神的智慧	shendezhihui
神的食物	shendeshiwu
神秘	shenmi
神秘仪式	shenmiyishi
神秘学	shenmixue
神秘的	shenmide
神秘解释	shenmijieshi
神经	shenjing
神经刺激	shenjingciji
神经压迫法	shenjingyapofa
神经支配	shenjingzhipei
神经根炎	shenjinggenyan
神经梅毒	shenjingmeidu
神经毒素	shenjingdusu
神经炎	shenjingyan
神经病	shenjingbing
神经症	shenjingzheng
神经痛	shenjingtong
神经瘤	shenjingliu
神经肉瘤	shenjingrouliu
神经质	shenjingzhi
神经过敏	shenjingguomin
神话	shenhua
神风突击机	shenfengtujiji
神食	shenshi
神香草	shenxiangcao
神魂颠倒	shenhundiandao
票	piao
票房	piaofang
票房收入	piaofangshouru
票据期限	piaojuqixian
票箱	piaoxiang
票面价值	piaomianjiazhi
票面金额	piaomianjine
票面额	piaomiane
祭典	jidian
祭坛	jitan
祭坛侍童	jitanshitong
祭坛助手	jitanzhushou
祭祖	jizu
祷告	daogao
祷告日	daogaori
祷告时间	daogaoshijian
祸患	huohuan
祸根	huogen
禀性	bingxing
禁令	jinling
禁品	jinpin
禁律	jinlu
禁得起	jindeqi
禁欲	jinyu
禁欲主义	jinyuzhuyi
禁欲者	jinyuzhe
禁止	jinzhi
禁止使用	jinzhishiyong
禁毒法	jindufa
禁用	jinyong
禁运	jinyun
禁酒时期	jinjiushiqi
禁锢	jingu
禁闭	jinbi
禁闭室	jinbishi
禁食	jinshi
禁食日	jinshiri
禅让	shanrang
福乐花	fulehua
福利	fuli
福尔马林	fuermalin
福岛樱	fudaoying
福禄考	fulukao
福禄考属	fulukaoshu
福禄花	fuluhua
离别	libie
离去	liqu
离合器	liheqi
离合器踏板	liheqitaban
离合诗	liheshi
离境税	lijingshui
离奇的	liqide
离婚	lihun
离子交换	lizijiaohuan
离子化	lizihua
离子发动机	lizifadongji
离子泵	lizibeng
离子电荷	lizidianhe
离开	likai
离开住处	likaizhuchu
离开编队	likaibiandui
离开群体	likaiqunti
离异	liyi
离弃	liqi
离心抽机	lixinchouji
离心机	lixinji
离心泵	lixinbeng
离心率	lixinlu
离心过滤	lixinguolu
离散相	lisanxiang
离机	liji
离格	lige
离群索居	liqunsuoju
离职	lizhi
离解	lijie
离解常数	lijiechangshu
离谱的要求	lipudeyaoqiu
离辐的	lifude
离间	lijian
离队	lidui
离题	liti
禽	qin
禽兽的外皮	qinshoudewaipi
禽疫	qinyi
禽舍	qinshe
禽蛔属	qinhuishu
禾木树脂	hemushuzhi
禾木胶属	hemujiaoshu
禾木胶树	hemujiaoshu
禾木胶科	hemujiaoke
禾本科植物	hebenkezhiwu
禾柄锈菌	hebingxiujun
禾镰子	helianzi
秀	xiu
私事专栏	sishizhuanlan
私人财产	sirencaichan
私人车道	sirenchedao
私刑	sixing
私卖	simai
私吞	situn
私奔	siben
私室	sishi
私有化	siyouhua
私有物	siyouwu
私有财产	siyoucaichan
私生子	sishengzi
私立中学	silizhongxue
私运	siyun
私通	sitong
私通者	sitongzhe
秃发	tufa
秃头症	tutouzheng
秃猴	tuhou
秃猴属	tuhoushu
秃顶	tuding
秃鹳	tuguan
秃鹳属	tuguanshu
秆菇	gangu
秉承	bingcheng
秋	qiu
秋分	qiufen
秋千	qiuqian
秋天	qiutian
秋季	qiuji
秋季夜盗蛾	qiujiyedaoe
秋尺蠖	qiuchihuo
秋星尺蠖	qiuxingchihuo
秋月	qiuyue
秋水仙	qiushuixian
秋水仙属	qiushuixianshu
秋水仙科	qiushuixianke
秋牡丹	qiumudan
秋老虎	qiulaohu
秋葵子	qiukuizi
秋葵属	qiukuishu
秋蝉	qiuchan
秋蝉属	qiuchanshu
种	zhong
种内进化	zhongneijinhua
种外进化	zhongwaijinhua
种子储备	zhongzichubei
种子基金	zhongzijijin
种子象	zhongzixiang
种族	zhongzu
种族免疫	zhongzumianyi
种族歧视	zhongzuqishi
种族隔离	zhongzugeli
种族隔离制	zhongzugelizhi
种植	zhongzhi
种植园	zhongzhiyuan
种植场	zhongzhichang
种毛	zhongmao
种田	zhongtian
种痘	zhongdou
种虾	zhongxia
种马	zhongma
科伊狗	keyigou
科学	kexue
科学协会	kexuexiehui
科学家	kexuejia
科尔瓦多皮革	keerwaduopige
科斯	kesi
科泼力克氏斑	kepolikeshiban
科研大厦	keyandasha
科研室	keyanshi
科茨沃尔德羊	keciwoerdeyang
科迪亚克熊	kediyakexiong
科郎	kelang
秒	miao
秒钟	miaozhong
秘书	mishu
秘密	mimi
秘密公积金	mimigongjijin
秘密地消灭	mimidixiaomie
秘密地除去	mimidichuqu
秘密的	mimide
秘密盈余	mimiyingyu
秘密行动	mimixingdong
秘鲁苦蘵	bilukuzhi
秘鲁香树	biluxiangshu
秘鲁香脂	biluxiangzhi
租价	zujia
租借	zujie
租出	zuchu
租地制度	zudizhidu
租契	zuqi
租户	zuhu
租期	zuqi
租物	zuwu
租用	zuyong
租用汽车	zuyongqiche
租约	zuyue
租赁	zulin
租赁图书店	zulintushudian
租金	zujin
租金收入	zujinshouru
租金收益	zujinshouyi
秤	cheng
秦归	qingui
秦椒	qinjiao
秧李	yangli
秧鸡	yangji
秧鸡之类	yangjizhilei
秧鸡科	yangjike
秧鸡类	yangjilei
秧鹤	yanghe
秧鹤属	yangheshu
秩序	zhixu
秩序井然的	zhixujingrande
积存	jicun
积攒	jizan
积木	jimu
积极分娩	jijifenmian
积极性	jijixing
积极抗辩	jijikangbian
积极的人	jijideren
积累	jilei
积聚	jiju
积脓	jinong
积脓症	jinongzheng
积蓄	jixu
积血	jixue
积雪	jixue
称为	chengwei
称作	chengzuo
称分量	chengfenliang
称号	chenghao
称呼	chenghu
称王	chengwang
称许	chengxu
称赞	chengzan
称量	chengliang
移交	yijiao
移位	yiwei
移位骨折	yiweiguzhe
移入	yiru
移动	yidong
移动掩蔽物	yidongyanbiwu
移动电话	yidongdianhua
移动路线	yidongluxian
移动速度	yidongsudu
移向	yixiang
移居	yiju
移居于殖民地	yijuyuzhimindi
移居入境	yijurujing
移居国外	yijuguowai
移居外国	yijuwaiguo
移往新居	yiwangxinju
移植	yizhi
移植物	yizhiwu
移植铲	yizhichan
移民	yimin
移民者	yiminzhe
移流	yiliu
移置	yizhi
移置作用	yizhizuoyong
移转	yizhuan
秽亵言语	huixieyanyu
秽语症	huiyuzheng
秽语癖	huiyupi
稀土属元素	xitushuyuansu
稀有物	xiyouwu
稀疏	xishu
稀薄的	xibode
稀血症	xixuezheng
稀释	xishi
稀释剂	xishiji
稀释液	xishiye
稀释溶液	xishirongye
程序	chengxu
程度	chengdu
稍事休息	shaoshixiuxi
稍息	shaoxi
税	shui
税后所得	shuihousuode
税基	shuiji
税收	shuishou
税收利益	shuishouliyi
税率	shuilu
税金	shuijin
税额优惠	shuieyouhui
税额减免	shuiejianmian
稗	bai
稗草	baicao
稠李	chouli
稳固	wengu
稳固的	wengude
稳定	wending
稳定剂	wendingji
稳定器	wendingqi
稳定地	wendingdi
稳定性	wendingxing
稳定的秩序	wendingdezhixu
稳流电阻器	wenliudianzuqi
稻壳	daoke
稻米	daomi
稻绿核菌	daoluhejun
稻草	daocao
稻鼠	daoshu
稻鼠属	daoshushu
稽查员	jichayuan
穆拉比特人	mulabiteren
穗	sui
穗乌毛蕨	suiwumaojue
穗叶远志	suiyeyuanzhi
穗熏衣草油	suixunyicaoyou
穗状花序	suizhuanghuaxu
穗花槐	suihuahuai
穗花薄荷	suihuabohe
穗花薄荷油	suihuaboheyou
穗菝葜	suibaqia
穴	xue
穴兔属	xuetushu
穴居人的	xuejurende
穴蝠	xuefu
穷	qiong
穷困	qiongkun
穷困时期	qiongkunshiqi
穹顶	qiongding
空	kong
空中	kongzhong
空中巴士	kongzhongbashi
空中掩护	kongzhongyanhu
空中缆椅	kongzhonglanyi
空乘	kongcheng
空位期	kongweiqi
空余量	kongyuliang
空军	kongjun
空军基地	kongjunjidi
空军大队	kongjundadui
空军新兵	kongjunxinbing
空军武官	kongjunwuguan
空包弹	kongbaodan
空地	kongdi
空地导弹	kongdidaodan
空处	kongchu
空头支票	kongtouzhipiao
空头账户	kongtouzhanghu
空容器	kongrongqi
空心墙	kongxinqiang
空心草	kongxincao
空想主义	kongxiangzhuyi
空想家	kongxiangjia
空房率	kongfanglu
空投	kongtou
空投鱼雷	kongtouyulei
空格符	konggefu
空气	kongqi
空气传播	kongqichuanbo
空气动力	kongqidongli
空气压缩机	kongqiyasuoji
空气垫	kongqidian
空气密封	kongqimifeng
空气枪	kongqiqiang
空气栓塞	kongqishuanse
空气污染	kongqiwuran
空气浮力	kongqifuli
空气软管	kongqiruanguan
空气过滤器	kongqiguoluqi
空气锤	kongqichui
空炸	kongzha
空白	kongbai
空白支票	kongbaizhipiao
空白页边	kongbaiyebian
空盒气压表	kongheqiyabiao
空着的	kongzhede
空空导弹	kongkongdaodan
空等	kongdeng
空缺率	kongquelu
空翻	kongfan
空肠炎	kongchangyan
空腔	kongqiang
空腹	kongfu
空花绣	konghuaxiu
空虚	kongxu
空袭	kongxi
空袭警报	kongxijingbao
空调	kongtiao
空调器	kongtiaoqi
空调设备	kongtiaoshebei
空车	kongche
空转轮	kongzhuanlun
空运	kongyun
空速	kongsu
空闲	kongxian
空间	kongjian
空降场	kongjiangchang
空隙	kongxi
空齿鹿属	kongchilushu
穿	chuan
穿入	chuanru
穿刺	chuanci
穿孔于	chuankongyu
穿山甲	chuanshanjia
穿山甲科	chuanshanjiake
穿心佩兰	chuanxinpeilan
穿插	chuancha
穿梭	chuansuo
穿皮潜蚤	chuanpiqianzao
穿着	chuanzhe
穿索针	chuansuozhen
穿茎叶	chuanjingye
穿衣	chuanyi
穿衣镜	chuanyijing
穿过	chuanguo
穿透	chuantou
突减	tujian
突出	tuchu
突出物	tuchuwu
突出表现	tuchubiaoxian
突出部分	tuchubufen
突击	tuji
突击步枪	tujibuqiang
突刺	tuci
突升	tusheng
突厥蔷薇	tujueqiangwei
突发	tufa
突发火焰	tufahuoyan
突变	tubian
突尼斯第拉姆	tunisidilamu
突尼斯第纳尔	tunisidinaer
突拱	tugong
突然伸出	turanshenchu
突然出来	turanchulai
突然出现	turanchuxian
突然发现	turanfaxian
突然发生	turanfasheng
突然发病	turanfabing
突然地	turandi
突然地出现	turandichuxian
突然开始	turankaishi
突然打断	turandaduan
突然投掷	turantouzhi
突然折断	turanzheduan
突然抬起	turantaiqi
突然明白	turanmingbai
突然来到	turanlaidao
突然消失	turanxiaoshi
突然炸开	turanzhakai
突然燃烧	turanranshao
突然的	turande
突然离去	turanliqu
突然离开	turanlikai
突然移动	turanyidong
突然行动	turanxingdong
突然袭击	turanxiji
突然装出	turanzhuangchu
突然进入	turanjinru
突然迸发	turanbengfa
突然逃跑	turantaopao
突然降临	turanjianglin
突然高升	turangaosheng
突生进化	tushengjinhua
突袭	tuxi
突起	tuqi
突起物	tuqiwu
突进	tujin
突进物	tujinwu
突进者	tujinzhe
突降	tujiang
突降法	tujiangfa
窃	qie
窃取	qiequ
窃听	qieting
窃听器	qietingqi
窃听情报	qietingqingbao
窃听的	qietingde
窃笑的	qiexiaode
窃虫	qiechong
窃虫科	qiechongke
窃蠹科	qieduke
窄化	zhaihua
窍漏症	qiaolouzheng
窑	yao
窒息	zhixi
窒息状态	zhixizhuangtai
窒息瓦斯	zhixiwasi
窒息空气	zhixikongqi
窒息而死	zhixiersi
窖藏	jiaocang
窖藏费	jiaocangfei
窗	chuang
窗口	chuangkou
窗口凳	chuangkoudeng
窗子	chuangzi
窗帘	chuanglian
窗户	chuanghu
窗蛤属	chuanghashu
窘	jiong
窘促	jiongcu
窘境	jiongjing
窘迫	jiongpo
窘迫地	jiongpodi
窜鼠属	cuanshushu
窥孔	kuikong
窥探	kuitan
窥视	kuishi
窥视孔	kuishikong
窦炎	douyan
窨井	xunjing
窸窣作响	xisuzuoxiang
立为女王	liweinuwang
立位舞蹈病	liweiwudaobing
立体	liti
立体交叉	litijiaocha
立体弧度	litihudu
立体形状	litixingzhuang
立体照片	litizhaopian
立体角	litijiao
立体镜的	litijingde
立克次氏体痘	likecishitidou
立分	lifen
立场	lichang
立契约	liqiyue
立宪	lixian
立方	lifang
立方体	lifangti
立方公里	lifanggongli
立方根	lifanggen
立方毫米	lifanghaomi
立方码	lifangma
立方英寸	lifangyingcun
立方英尺	lifangyingchi
立法	lifa
立法会议	lifahuiyi
立法机关	lifajiguan
立特	lite
立经式织机	lijingshizhiji
立视图	lishitu
立足点	lizudian
立面	limian
竖井	shujing
竖琴	shuqin
竖琴状叶	shuqinzhuangye
竖直	shuzhi
竖笛	shudi
竖起	shuqi
竖锯	shuju
站	zhan
站台	zhantai
站在	zhanzai
站岗	zhangang
站得住脚	zhandezhujiao
站立	zhanli
站立不能	zhanlibuneng
站起	zhanqi
竞争	jingzheng
竞争者	jingzhengzhe
竞争问题	jingzhengwenti
竞卖	jingmai
竞技	jingji
竞技场	jingjichang
竞赛	jingsai
竞赛者	jingsaizhe
竞走	jingzou
竞选	jingxuan
竞选者	jingxuanzhe
章	zhang
章节	zhangjie
章鱼	zhangyu
章鱼属	zhangyushu
章鱼目	zhangyumu
章鱼科	zhangyuke
童帽	tongmao
童年	tongnian
童年时期	tongnianshiqi
童贞	tongzhen
童车	tongche
竭力维持	jieliweichi
竭尽	jiejin
端	duan
端口	duankou
端坐	duanzuo
端坐呼吸	duanzuohuxi
端庄的	duanzhuangde
端接	duanjie
端点	duandian
端粒酶	duanlimei
端足目	duanzumu
端足目动物	duanzumudongwu
竹刀鱼	zhudaoyu
竹刀鱼属	zhudaoyushu
竹刀鱼科	zhudaoyuke
竹园荽	zhuyuansui
竹杖	zhuzhang
竹筴鱼属	zhuceyushu
竹节虫	zhujiechong
竹节虫属	zhujiechongshu
竹节虫目	zhujiechongmu
竹芋粉	zhuyufen
竹茎	zhujing
竹荚鱼	zhujiayu
竹蛏	zhucheng
竹蛏属	zhuchengshu
竹蛏科	zhuchengke
笃香	duxiang
笆斗柳	badouliu
笑	xiao
笑容	xiaorong
笑料	xiaoliao
笑柄	xiaobing
笑话	xiaohua
笑靥花	xiaoyehua
笔尾树鼩	biweishuqu
笔尾树鼩属	biweishuqushu
笔尾獴	biweimeng
笔者	bizhe
笔记本	bijiben
笔记本电脑	bijibendiannao
笕嘴	jianzui
笛卡尔空间	dikaerkongjian
笛鲷	didiao
笛鲷属	didiaoshu
笛鲷科	didiaoke
笛鲷鱼	didiaoyu
笛鸻	diheng
笞刑	chixing
笞杖	chizhang
笠螺科	liluoke
符号	fuhao
符号表	fuhaobiao
符号表现	fuhaobiaoxian
符合	fuhe
符合法律的	fuhefalude
符合要求	fuheyaoqiu
符咒	fuzhou
笨拙的	benzhuode
笨拙的处理	benzhuodechuli
笨蛋	bendan
第一	diyi
第一位	diyiwei
第一兆	diyizhao
第一千	diyiqian
第一层	diyiceng
第一档	diyidang
第一步	diyibu
第一流的	diyiliude
第一百	diyibai
第一百一十	diyibaiyishi
第一百一十五	diyibaiyishiwu
第一百七十	diyibaiqishi
第一百七十五	diyibaiqishiwu
第一百万	diyibaiwan
第一百三十	diyibaisanshi
第一百九十	diyibaijiushi
第一百二十	diyibaiershi
第一百二十五	diyibaiershiwu
第一百五十	diyibaiwushi
第一百五十五	diyibaiwushiwu
第一百八十	diyibaibashi
第一百六十	diyibailiushi
第一百四十	diyibaisishi
第一百四十五	diyibaisishiwu
第一百零一	diyibailingyi
第一百零五	diyibailingwu
第一颈椎	diyijingchui
第七	diqi
第七十	diqishi
第七十五	diqishiwu
第三	disan
第三十	disanshi
第三十一	disanshiyi
第三十七	disanshiqi
第三十三	disanshisan
第三十九	disanshijiu
第三十二	disanshier
第三十五	disanshiwu
第三十八	disanshiba
第三十六	disanshiliu
第三十四	disanshisi
第三态	disantai
第三档	disandang
第三百	disanbai
第三祷告时	disandaogaoshi
第三者	disanzhe
第两百	diliangbai
第九	dijiu
第九十	dijiushi
第九十五	dijiushiwu
第二	dier
第二十	diershi
第二十一	diershiyi
第二十七	diershiqi
第二十三	diershisan
第二十九	diershijiu
第二十二	diershier
第二十五	diershiwu
第二十八	diershiba
第二十六	diershiliu
第二十四	diershisi
第二天性	diertianxing
第二宇宙速度	dieryuzhousudu
第二斜桅	dierxiewei
第二节	dierjie
第五	diwu
第五十	diwushi
第五十五	diwushiwu
第五百	diwubai
第五种要素	diwuzhongyaosu
第八	diba
第八十	dibashi
第八十五	dibashiwu
第六	diliu
第六十	diliushi
第六十五	diliushiwu
第十	dishi
第十一	dishiyi
第十七	dishiqi
第十三	dishisan
第十九	dishijiu
第十二	dishier
第十五	dishiwu
第十亿	dishiyi
第十八	dishiba
第十六	dishiliu
第十四	dishisi
第四	disi
第四十	disishi
第四十一	disishiyi
第四十七	disishiqi
第四十三	disishisan
第四十九	disishijiu
第四十二	disishier
第四十五	disishiwu
第四十八	disishiba
第四十六	disishiliu
第四十四	disishisi
第四百	disibai
第四胃	disiwei
第纳尔	dinaer
笼	long
笼头	longtou
笼头菌属	longtoujunshu
笼头菌科	longtoujunke
笼子	longzi
笼罩	longzhao
等	deng
等一下	dengyixia
等于	dengyu
等价关系	dengjiaguanxi
等候	denghou
等候室	denghoushi
等同	dengtong
等差数列	dengchashulie
等式	dengshi
等待	dengdai
等待时间	dengdaishijian
等渗溶液	dengshenrongye
等离子体	dengliziti
等离子态	denglizitai
等称发育	dengchengfayu
等等	dengdeng
等级	dengji
等级制度	dengjizhidu
等翅目	dengchimu
等腰的	dengyaode
等足目	dengzumu
等距	dengju
等轴	dengzhou
等轴性	dengzhouxing
等重	dengzhong
筋头竹	jintouzhu
筋斗	jindou
筋疲力尽	jinpilijin
筋肉	jinrou
筋膜	jinmo
筋骨草属	jingucaoshu
筏运	fayun
筐柳	kuangliu
筐蛇尾属	kuangsheweishu
筑公路于	zhugongluyu
筑堤	zhudi
筑巢	zhuchao
筒	tong
筒仓	tongcang
筒形物	tongxingwu
筒形锯	tongxingju
答复	dafu
答应	daying
答录机	daluji
答疑者	dayizhe
答覆	dafu
答谢	daxie
答辩	dabian
策划	cehua
策略	celue
筛	shai
筛去	shaiqu
筛子	shaizi
筛管	shaiguan
筛绢	shaijuan
筵席	yanxi
筷儿	kuaier
筷子	kuaizi
筷子芥	kuaizijie
筹码	chouma
筹集	chouji
筹集资金	choujizijin
签	qian
签准	qianzhun
签名	qianming
签字	qianzi
签字放弃	qianzifangqi
签条	qiantiao
签约雇用	qianyueguyong
签署	qianshu
简便钓丝	jianbiandiaosi
简写	jianxie
简化	jianhua
简单	jiandan
简图	jiantu
简易	jianyi
简易机场	jianyijichang
简易浴室	jianyiyushi
简朴的	jianpiaode
简洁地	jianjiedi
简洁有力地	jianjieyoulidi
简直不	jianzhibu
简直没有	jianzhimeiyou
简陋小屋	jianlouxiaowu
简陋的	jianloude
算	suan
算入	suanru
算出总数	suanchuzongshu
算子	suanzi
算术	suanshu
算术家	suanshujia
算术平均	suanshupingjun
算术级数	suanshujishu
算术运算	suanshuyunsuan
算法	suanfa
算法规则	suanfaguize
算法语言	suanfayuyan
算法错误	suanfacuowu
算盘	suanpan
算账	suanzhang
箝制言论	qianzhiyanlun
管	guan
管乐队	guanyuedui
管制药物	guanzhiyaowu
管土	guantu
管子	guanzi
管子扳手	guanzibanshou
管孕	guanyun
管家	guanjia
管底酵母	guandijiaomu
管弦乐队	guanxianyuedui
管扳手	guanbanshou
管教所	guanjiaosuo
管水母	guanshuimu
管状	guanzhuang
管理	guanli
管理不当	guanlibudang
管理人	guanliren
管理员	guanliyuan
管理家务	guanlijiawu
管理控制	guanlikongzhi
管理的	guanlide
管理者	guanlizhe
管理者的	guanlizhede
管结	guanjie
管胞	guanbao
管足	guanzu
管辖	guanxia
管辖期间	guanxiaqijian
管道	guandao
管钳	guanqian
管风琴	guanfengqin
管骨	guangu
管鼻果蝠	guanbiguofu
管鼻果蝠属	guanbiguofushu
管齿目	guanchimu
箩筐树	luokuangshu
箭	jian
箭匠	jianjiang
箭叶旋花	jianyexuanhua
箭头	jiantou
箭头符号	jiantoufuhao
箭木	jianmu
箭术	jianshu
箭根薯科	jiangenshuke
箭矢	jianshi
箭石	jianshi
箭石目	jianshimu
箭石科	jianshike
箭镞	jianzu
箭鱼	jianyu
箭鱼属	jianyushu
箭鱼科	jianyuke
箱	xiang
箱子	xiangzi
箱形梁	xiangxingliang
箱根樱	xianggenying
箱笼	xianglong
箱魨	xiangtun
箱魨属	xiangtunshu
箱魨科	xiangtunke
箴言	zhenyan
箸	zhu
篝灯	goudeng
篡夺	cuanduo
篡改	cuangai
篦鹭	bilu
篦麻毒素	bimadusu
篮子	lanzi
篮板	lanban
篮球	lanqiu
篮球器材	lanqiuqicai
篮球场	lanqiuchang
篮球季	lanqiuji
篮球比赛	lanqiubisai
篱墙	liqiang
篱天剑	litianjian
篱槭	liqi
篱笆	liba
篱笆修剪机	libaxiujianji
篷车	pengche
簧乐器	huangyueqi
簪	zan
簸箕	boji
簸箕柳	bojiliu
簿子	buzi
米利姆	milimu
米哈拉布	mihalabu
米妮	mini
米尺	michi
米屎菰	mishigu
米德湖	midehu
米拉霉素	milameisu
米罐子	miguanzi
米老鼠	milaoshu
米诺地尔	minuodier
米诺斯迷宫	minuosimigong
米诺环素	minuohuansu
米豆	midou
米象	mixiang
米迦勒节	mijialeijie
米非司酮	mifeisitong
米面翁	mimianweng
米面蓊属	mimianwengshu
米饭	mifan
类人动物	leirendongwu
类人猿	leirenyuan
类人猿亚目	leirenyuanyamu
类人的	leirende
类似	leisi
类似情况	leisiqingkuang
类别	leibie
类别的	leibiede
类同	leitong
类固醇	leiguchun
类固醇激素	leiguchunjisu
类型	leixing
类并	leibing
类推	leitui
类推者	leituizhe
类推论者	leituilunzhe
类毒素	leidusu
类比	leibi
类比推理者	leibituilizhe
类紫胶	leizijiao
类肉瘤病	leirouliubing
类胆红素	leidanhongsu
类胡萝卜素	leihuluobosu
类醛	leiquan
类韵	leiyun
粉	fen
粉刺	fenci
粉化	fenhua
粉叶蕨	fenyejue
粉叶蕨属	fenyejueshu
粉斑螟属	fenbanmingshu
粉末	fenmo
粉末技术	fenmojishu
粉末摄影	fenmosheying
粉煤	fenmei
粉煤灰	fenmeihui
粉盒	fenhe
粉砂岩	fenshayan
粉碎	fensui
粉笔	fenbi
粉笔灰	fenbihui
粉笔画的线	fenbihuadexian
粉红琵鹭	fenhongpilu
粉红琵鹭属	fenhongpilushu
粉翅蛾	fenchie
粉薯	fenshu
粉虱	fenshi
粉虱属	fenshishu
粉虱科	fenshike
粉蚧	fenjie
粉蚧属	fenjieshu
粉蚧科	fenjieke
粉蝶	fendie
粉蝶属	fendieshu
粉蝶科	fendieke
粉螟属	fenmingshu
粉褶伞属	fenzhesanshu
粉褶伞科	fenzhesanke
粉饰	fenshi
粒子	lizi
粒子加速器	lizijiasuqi
粒细胞缺乏	lixibaoquefa
粗俗作品	cusuzuopin
粗俗的	cusude
粗刨	cupao
粗劣品	culiepin
粗地蜡	cudila
粗尾猿	cuweiyuan
粗尾猿属	cuweiyuanshu
粗尾羊羔皮	cuweiyanggaopi
粗斜棉布	cuxiemianbu
粗暴对待	cubaoduidai
粗暴行为	cubaoxingwei
粗树枝	cushuzhi
粗毛毯	cumaotan
粗毛海豹	cumaohaibao
粗灰泥	cuhuini
粗烟丝	cuyansi
粗石	cushi
粗石蜡	cushila
粗砂石	cushashi
粗碎屑岩	cusuixieyan
粗磨	cumo
粗笨的	cubende
粗管短号	cuguanduanhao
粗糖	cutang
粗线丝期	cuxiansiqi
粗绳	cusheng
粗肋草类	culecaolei
粗鄙的	cubide
粗野的	cuyede
粗针	cuzhen
粗铜	cutong
粗骨土	cugutu
粗鲁	culu
粗鲁的	culude
粗鳍鱼	cuqiyu
粗鳍鱼属	cuqiyushu
粗鳍鱼科	cuqiyuke
粗麻布	cumabu
粗麻布袋	cumabudai
粗黑字体的	cuheizitide
粘住	zhanzhu
粘合	zhanhe
粘合剂	nianheji
粘合材料	zhanhecailiao
粘土	niantu
粘土岩	niantuyan
粘土管	niantuguan
粘度单位	zhandudanwei
粘性之物	zhanxingzhiwu
粘性末端	zhanxingmoduan
粘性物质	zhanxingwuzhi
粘接剂	zhanjieji
粘板岩	zhanbanyan
粘泥	zhanni
粘液囊炎	nianyenangyan
粘液瘤	nianyeliu
粘液瘤病	nianyeliubing
粘液素	nianyesu
粘液缺乏	nianyequefa
粘液酸	nianyesuan
粘滞系数	zhanzhixishu
粘着	zhanzhe
粘粘袜	zhanzhanwa
粘结	nianjie
粘结团	nianjietuan
粘胶剂	zhanjiaoji
粘膜疹	zhanmozhen
粘菌	zhanjun
粘菌属	zhanjunshu
粘菌纲	zhanjungang
粘菌门	zhanjunmen
粘著	zhanzhu
粘虫	zhanchong
粘虫属	zhanchongshu
粘蛋白	zhandanbai
粘蝇纸	zhanyingzhi
粘连	zhanlian
粘酸	zhansuan
粘附	zhanfu
粘鸟胶	zhanniaojiao
粘鸟胶于	zhanniaojiaoyu
粟粒性结核	sulixingjiehe
粟蚕蛾幼虫	sucaneyouchong
粥	zhou
粪	fen
粪便	fenbian
粪便肥料	fenbianfeiliao
粪污的	fenwude
粪的	fende
粪肥	fenfei
粪胆素原	fendansuyuan
粪金龟	fenjingui
粪金龟子	fenjinguizi
粪门	fenmen
粮仓	liangcang
精制	jingzhi
精制的	jingzhide
精力	jingli
精囊炎	jingnangyan
精妙的	jingmiaode
精子减少	jingzijianshao
精子发生	jingzifasheng
精子器柄	jingziqibing
精子数	jingzishu
精密	jingmi
精密时计	jingmishiji
精度	jingdu
精明的人	jingmingderen
精氨酸	jingansuan
精油	jingyou
精液	jingye
精湛的	jingzhande
精炼地	jingliandi
精炼的	jingliande
精疲力尽	jingpilijin
精疲力竭	jingpilijie
精确	jingque
精神	jingshen
精神病	jingshenbing
精神迷乱	jingshenmiluan
精简	jingjian
精索炎	jingsuoyan
精练	jinglian
精细的	jingxide
精美的	jingmeide
精致	jingzhi
精致的	jingzhide
精英	jingying
精蛋白	jingdanbai
精装书	jingzhuangshu
精装本	jingzhuangben
精读	jingdu
精选	jingxuan
精通	jingtong
精通的	jingtongde
精馏	jingliu
精髓	jingsui
糊口工资	hukougongzi
糊涂的	hutude
糊涂虫	hutuchong
糊粉	hufen
糖	tang
糖刺果	tangciguo
糖原质	tangyuanzhi
糖尿病	tangniaobing
糖果	tangguo
糖果厂	tangguochang
糖果店	tangguodian
糖树	tangshu
糖棕	tangzong
糖棕属	tangzongshu
糖槭	tangqi
糖槭林	tangqilin
糖橘子	tangjuzi
糖生成	tangshengcheng
糖皮质激素	tangpizhijisu
糖类	tanglei
糖罐	tangguan
糖荚豌豆	tangjiawandou
糖莺子	tangyingzi
糖蛋白	tangdanbai
糖蛾	tange
糖衣药丸	tangyiyaowan
糖解	tangjie
糖质酸	tangzhisuan
糖酵解	tangjiaojie
糙苏属	caosushu
糙苏属植物	caosushuzhiwu
糜子菜	meizicai
糜费	mifei
糟蹋	zaota
糠	kang
糠疹	kangzhen
糠虾	kangxia
糠虾属	kangxiashu
糠虾目	kangxiamu
糠虾科	kangxiake
糠醛	kangquan
系刀绳	xidaosheng
系列	xilie
系带	jidai
系数	xishu
系泊	jibo
系泊灯	jibodeng
系泊索	jibosuo
系泊缆	jibolan
系泊锚	jibomao
系浮标投物	xifubiaotouwu
系牢	xilao
系留塔	xiliuta
系索	xisuo
系索栓	xisuoshuan
系索耳	xisuoer
系统	xitong
系缆	xilan
系船柱	xichuanzhu
系铃羊	xilingyang
紅背鼠	hongbeishu
紊乱	wenluan
素因子	suyinzi
素因数	suyinshu
素数	sushu
素食主义者	sushizhuyizhe
素食者	sushizhe
素馨属	suxinshu
索	suo
索价	suojia
索价过低	suojiaguodi
索价过高	suojiaguogao
索取	suoqu
索姆	suomu
索引	suoyin
索曼	suoman
索梯	suoti
索端	suoduan
索道车辆	suodaocheliang
紧固件	jingujian
紧密地结合	jinmidijiehe
紧密的结合	jinmidejiehe
紧张	jinzhang
紧张不安的	jinzhangbuande
紧张症	jinzhangzheng
紧张的	jinzhangde
紧张起来	jinzhangqilai
紧急	jinji
紧急事情	jinjishiqing
紧急事故	jinjishigu
紧急出口	jinjichukou
紧急情况	jinjiqingkuang
紧急着陆	jinjizhuolu
紧急警报	jinjijingbao
紧急降落	jinjijiangluo
紧抓	jinzhua
紧抱	jinbao
紧握	jinwo
紧缩	jinsuo
紧缩指数	jinsuozhishu
紧缩银根	jinsuoyingen
紧要关头	jinyaoguantou
紧身内衣	jinshenneiyi
紧身夹克衣	jinshenjiakeyi
紧身底衣	jinshendiyi
紧身短裤	jinshenduanku
紧身衣	jinshenyi
紧身裤	jinshenku
紧身褡	jinshenda
紧迫	jinpo
紧迫情况	jinpoqingkuang
紧钳	jinqian
紧随	jinsui
紫丹	zidan
紫云英	ziyunying
紫云英属	ziyunyingshu
紫凤梨	zifengli
紫叶属	ziyeshu
紫叶草	ziyecao
紫威藤	ziweiteng
紫斑病	zibanbing
紫景天	zijingtian
紫晶蟒	zijingmang
紫杏	zixing
紫株	zizhu
紫根	zigen
紫檀	zitan
紫檀属	zitanshu
紫檀木	zitanmu
紫毛蕊花	zimaoruihua
紫水晶	zishuijing
紫水鸡	zishuiji
紫水鸡属	zishuijishu
紫矿属	zikuangshu
紫穗槐	zisuihuai
紫穗槐属	zisuihuaishu
紫箕科	zijike
紫绒丝膜菌	zirongsimojun
紫羚	ziling
紫翠玉	zicuiyu
紫胶	zijiao
紫胶染料	zijiaoranliao
紫胶红色素	zijiaohongsesu
紫胶色素	zijiaosesu
紫色染料	ziseranliao
紫色虎耳草	zisehuercao
紫花凤梨	zihuafengli
紫花树	zihuashu
紫花梨	zihuali
紫花苜蓿	zihuamuxu
紫花豌豆	zihuawandou
紫花马利筋	zihuamalijin
紫芺	ziao
紫苏属	zisushu
紫苜蓿	zimuxu
紫苜蓿酚	zimuxufen
紫茎泽兰	zijingzelan
紫荆	zijing
紫荆属	zijingshu
紫草	zicao
紫草属	zicaoshu
紫草根	zicaogen
紫草根子	zicaogenzi
紫草科	zicaoke
紫草科植物	zicaokezhiwu
紫草茸	zicaorong
紫药水	ziyaoshui
紫菀	ziwan
紫萁	ziqi
紫萁贯众	ziqiguanzhong
紫萼路边青	zielubianqing
紫葳	ziwei
紫葳属	ziweishu
紫葳科	ziweike
紫蓝色宝石	zilansebaoshi
紫蕨	zijue
紫藤	ziteng
紫藤属	zitengshu
紫貂	zidiao
紫质症	zizhizheng
紫贻贝	ziyibei
紫述香	zishuxiang
紫金牛属	zijinniushu
紫铆	zimao
紫闪蛱蝶	zishanjiadie
紫雀花	ziquehua
紫雀花属	ziquehuashu
紫露草	zilucao
紫露草属	zilucaoshu
紫青水鸡	ziqingshuiji
紫鸭趾草	ziyazhicao
累	lei
累加器	leijiaqi
累积	leiji
累积优先股	leijiyouxiangu
累积赌注	leijiduzhu
累计优先股	leijiyouxiangu
累计额	leijie
累赘	leizhui
累赘之物	leizhuizhiwu
絮凝	xuning
絮状物	xuzhuangwu
絮结	xujie
繁分数	fanfenshu
繁忙	fanmang
繁殖	fanzhi
繁殖力	fanzhili
繁荣	fanrong
繁重地	fanzhongdi
纠正	jiuzheng
纠正过度	jiuzhengguodu
纠纷	jiufen
纠缠	jiuchan
纠缠不清	jiuchanbuqing
红	hong
红丝草	hongsicao
红丹	hongdan
红内消	hongneixiao
红切叶蜂	hongqieyefeng
红利	hongli
红包	hongbao
红厚壳	honghouke
红叶树	hongyeshu
红叶病	hongyebing
红叶铁树	hongyetieshu
红喇叭菌	honglabajun
红嘴鸥	hongzuiou
红外	hongwai
红外热灯	hongwairedeng
红大马哈鱼	hongdamahayu
红姑娘	hongguniang
红娘华	hongnianghua
红宝石	hongbaoshi
红宝石色	hongbaoshise
红尾鸟	hongweiniao
红心	hongxin
红斑	hongban
红旗	hongqi
红木	hongmu
红条紫草	hongtiaozicao
红果	hongguo
红果子	hongguozi
红果接骨木	hongguojiegumu
红栎木	honglimu
红根草	honggencao
红桐草	hongtongcao
红棕色的马	hongzongsedema
红棕马	hongzongma
红椤	hongluo
红榴石	hongliushi
红橡木	hongxiangmu
红檀香	hongtanxiang
红毛丹	hongmaodan
红汞	honggong
红灌木	hongguanmu
红点鲑	hongdiangui
红点鲑属	hongdianguishu
红熊猫	hongxiongmao
红牧蚁	hongmuyi
红狼	honglang
红猫	hongmao
红玄武土	hongxuanwutu
红玉髓	hongyusui
红玛瑙	hongmanao
红珊瑚	hongshanhu
红瓦松	hongwasong
红疹	hongzhen
红皮柳	hongpiliu
红皮病	hongpibing
红石根	hongshigen
红竹	hongzhu
红粘土	hongniantu
红紫草	hongzicao
红绿色盲	honglusemang
红耳坠	hongerzhui
红肿	hongzhong
红背鼠属	hongbeishushu
红脚鹬	hongjiaoyu
红腹滨鹬	hongfubinyu
红色	hongse
红色盲	hongsemang
红色石鱼	hongseshiyu
红芋	hongyu
红花楹	honghuaying
红花楹树	honghuayingshu
红花槐	honghuahuai
红花益母草	honghuayimucao
红花矾根	honghuafangen
红花缬草	honghuaxiecao
红花艾	honghuaai
红花草	honghuacao
红花菜豆	honghuacaidou
红苕	hongshao
红茶	hongcha
红草	hongcao
红药水	hongyaoshui
红莓	hongmei
红莲灯	hongliandeng
红菇目	honggumu
红菇科	hongguke
红萝卜	hongluobo
红葛	hongge
红葡萄藤	hongputaoteng
红蓝花	honglanhua
红蓼	hongliao
红薯	hongshu
红藤	hongteng
红藿毛草	honghuomaocao
红虫	hongchong
红蚯蚓	hongqiuyin
红蛱蝶	hongjiadie
红蝽属	hongchunshu
红蝽科	hongchunke
红豆	hongdou
红豆属	hongdoushu
红赭石	hongzheshi
红醋栗	hongculi
红野麻	hongyema
红铃虫	honglingchong
红铅	hongqian
红铅油灰	hongqianyouhui
红雀掌	hongquezhang
红雀珊瑚	hongqueshanhu
红霉素	hongmeisu
红霜石	hongshuangshi
红青椒	hongqingjiao
红鳞口蘑	honglinkoumo
红鹤	honghe
红鹳科	hongguanke
纤匐枝	xianfuzhi
纤细的	xianxide
纤维	xianwei
纤维板	xianweiban
纤维症	xianweizheng
纤维瘤	xianweiliu
纤维素	xianweisu
纤维素酯	xianweisuzhi
纤维织物	xianweizhiwu
纤维肌炎	xianweijiyan
纤维腺瘤	xianweixianliu
纤维蛋白	xianweidanbai
纤维镜	xianweijing
约书亚树	yueshuyashu
约会	yuehui
约克郡犬	yuekejunquan
约塔运河	yuetayunhe
约定	yueding
约定的	yuedingde
约摸	yuemo
约数	yueshu
约束	yueshu
约束力	yueshuli
约束自己	yueshuziji
约柜	yuegui
约略提及	yueluetiji
约等于的	yuedengyude
约请	yueqing
级别	jibie
级联变压器	jilianbianyaqi
级联液化器	jilianyehuaqi
纪元	jiyuan
纪律严明的	jiluyanmingde
纪律松弛	jilusongchi
纪念	jinian
纪念品	jinianpin
纪念堂	jiniantang
纪念巨碑	jinianjubei
纪念日	jinianri
纪念柱	jinianzhu
纪念碑	jinianbei
纪念章	jinianzhang
纪念邮戳	jinianyouchuo
纬起毛织物	weiqimaozhiwu
纯净	chunjing
纯利	chunli
纯利润	chunlirun
纯动产	chundongchan
纯合性	chunhexing
纯碱	chunjian
纯粹	chuncui
纯虚数	chunxushu
纯银	chunyin
纱	sha
纱布	shabu
纱窗	shachuang
纱线	shaxian
纱罗	shaluo
纲蝽科	gangchunke
纳什均衡	nashenjunheng
纳入	naru
纳吾肉孜节	nawurouzijie
纳尔	naer
纳秒	namiao
纳税义务	nashuiyiwu
纳税人	nashuiren
纳米	nami
纳粹化	nacuihua
纳茜菜	naqiancai
纳茜菜属	naqiancaishu
纳长石	nachangshi
纵列	zonglie
纵容	zongrong
纵射	zongshe
纵帆	zongfan
纵帆船	zongfanchuan
纵情	zongqing
纵情于	zongqingyu
纵横比	zonghengbi
纵欲地	zongyudi
纵火	zonghuo
纵火犯	zonghuofan
纵逆火	zongnihuo
纷乱	fenluan
纷撒	fensa
纸	zhi
纸上损失	zhishangsunshi
纸巢蜂	zhichaofeng
纸币	zhibi
纸张	zhizhang
纸杯	zhibei
纸板	zhiban
纸板火柴	zhibanhuochai
纸桦	zhihua
纸烟	zhiyan
纸牌	zhipai
纸牌游戏板	zhipaiyouxiban
纸电泳	zhidianyong
纸电泳法	zhidianyongfa
纸盒	zhihe
纸色谱分析	zhisepufenxi
纸色谱法	zhisepufa
纸钞	zhichao
纹样	wenyang
纹理	wenli
纹白蝶	wenbaidie
纹盾	wendun
纹章	wenzhang
纹章模型	wenzhangmoxing
纹蛱蝶属	wenjiadieshu
纺纱杆	fangshagan
纺织	fangzhi
纺织厂	fangzhichang
纺织品	fangzhipin
纺织娘	fangzhiniang
纺足目	fangzumu
纺锤蛳	fangchuisi
纽孔	niukong
纽孔花束	niukonghuashu
纽带	niudai
纽扣	niukou
纽扣蕨	niukoujue
纽芬兰犬	niufenlanquan
纽西兰元	niuxilanyuan
线	xian
线人	xianren
线叶苹属	xianyepingshu
线圈	xianquan
线性单位	xianxingdanwei
线束	xianshu
线条	xiantiao
线状叶	xianzhuangye
线疫病	xianyibing
线索	xiansuo
线虫	xianchong
线虫属	xianchongshu
线虫科	xianchongke
线虫类	xianchonglei
线蛱蝶属	xianjiadieshu
线轴	xianzhou
线锯	xianju
线雕凸版	xiandiaotuban
线雕画	xiandiaohua
线鳚	xianwei
线鳚科	xianweike
练习	lianxi
练习室	lianxishi
练声曲	lianshengqu
组件	zujian
组合	zuhe
组合物	zuhewu
组合玩具	zuhewanju
组合语言	zuheyuyan
组成	zucheng
组成对	zuchengdui
组成工会	zuchenggonghui
组成部分	zuchengbufen
组织	zuzhi
组织上地	zuzhishangdi
组织严密的	zuzhiyanmide
组织地	zuzhidi
组织的破坏	zuzhidepohuai
组织蛋白	zuzhidanbai
组装部件	zuzhuangbujian
绅士	shenshi
绅士般地	shenshibandi
细丝工艺	xisigongyi
细分	xifen
细发条	xifatiao
细叶凤梨	xiyefengli
细叶卷柏	xiyejuanbai
细叶猫儿眼	xiyemaoeryan
细密梳	ximishu
细察	xicha
细小	xixiao
细小的	xixiaode
细尘污染	xichenwuran
细尾带鱼	xiweidaiyu
细平布	xipingbu
细微差别	xiweichabie
细心	xixin
细想	xixiang
细晶岩	xijingyan
细木家具	ximujiaju
细木工制品	ximugongzhipin
细枝	xizhi
细枝病	xizhibing
细柄凿	xibingzao
细柑木	xiganmu
细查	xicha
细棉布	ximianbu
细流	xiliu
细环柄菇	xihuanbinggu
细目	ximu
细看	xikan
细究	xijiu
细粉	xifen
细粒	xili
细粒槭树	xiliqishu
细纹斑马	xiwenbanma
细纺	xifang
细线期	xixianqi
细线细工	xixianxigong
细细地流	xixidiliu
细绳	xisheng
细胞	xibao
细胞光度计	xibaoguangduji
细胞分裂	xibaofenlie
细胞分裂素	xibaofenliesu
细胞发生	xibaofasheng
细胞因子	xibaoyinzi
细胞增大	xibaozengda
细胞核溶解	xibaoherongjie
细胞毒性	xibaoduxing
细胞毒素	xibaodusu
细胞溶解	xibaorongjie
细胞结构	xibaojiegou
细胞缺失	xibaoqueshi
细胞色素	xibaosesu
细胞衰老	xibaoshuailao
细胞过多	xibaoguoduo
细臂	xibi
细节	xijie
细菌凝块	xijunningkuai
细菌分解	xijunfenjie
细菌抑制	xijunyizhi
细菌抑制剂	xijunyizhiji
细菌毒素	xijundusu
细菌滤床	xijunluchuang
细薄布	xibaobu
细薄毛织物	xibaomaozhiwu
细蛾	xie
细蛾科	xieke
细褶皱	xizhezhou
细读	xidu
细辛	xixin
细长酒杯	xichangjiubei
细须石首鱼	xixushishouyu
细颈大坛	xijingdatan
细颈瓶	xijingping
细香葱	xixiangcong
细鳞圆鲹	xilinyuanshen
细鳞白云母	xilinbaiyunmu
细鳞胡瓜鱼	xilinhuguayu
细麻布	ximabu
细齿	xichi
织	zhi
织布机	zhibuji
织机	zhiji
织物	zhiwu
织补线迹	zhibuxianji
织补针	zhibuzhen
织锦	zhijin
终了	zhongliao
终于发生	zhongyufasheng
终变期	zhongbianqi
终归	zhonggui
终极	zhongji
终止	zhongzhi
终止起诉	zhongzhiqisu
终点	zhongdian
终端	zhongduan
终端机	zhongduanji
终结	zhongjie
终速	zhongsu
绉呢	zhoune
绉纱	zhousha
绉纸	zhouzhi
绉绸	zhouchou
绉胶	zhoujiao
绊倒	bandao
绊钩	bangou
经久耐用	jingjiunaiyong
经产	jingchan
经典	jingdian
经历	jingli
经受	jingshou
经受住	jingshouzhu
经商	jingshang
经常账	jingchangzhang
经得起	jingdeqi
经得起移植	jingdeqiyizhi
经期	jingqi
经济	jingji
经济人	jingjiren
经济体系	jingjitixi
经济作物	jingjizuowu
经济分析家	jingjifenxijia
经济危机	jingjiweiji
经济地租	jingjidizu
经济学	jingjixue
经济学家	jingjixuejia
经济实力	jingjishili
经济担保	jingjidanbao
经济损失	jingjisunshi
经济援助	jingjiyuanzhu
经济活动	jingjihuodong
经济租金	jingjizujin
经济获益	jingjihuoyi
经济萧条	jingjixiaotiao
经济薄弱	jingjiboruo
经济过程	jingjiguocheng
经济餐馆	jingjicanguan
经理	jingli
经纪业	jingjiye
经纪人	jingjiren
经纬仪	jingweiyi
经营	jingying
经营批发业	jingyingpifaye
经营时期	jingyingshiqi
经血	jingxue
经费	jingfei
经过	jingguo
经销	jingxiao
经销商	jingxiaoshang
经销处	jingxiaochu
经验	jingyan
绑	bang
绑带	bangdai
绑架	bangjia
绑票	bangpiao
绑腿	bangtui
绒布	rongbu
绒毛	rongmao
绒毛狗	rongmaogou
绒毛白蜡	rongmaobaila
绒毛花属	rongmaohuashu
绒线刺绣	rongxiancixiu
绒面呢	rongmianne
绒面革	rongmiange
绒鼠	rongshu
绒鼠属	rongshushu
绒鼠毛皮	rongshumaopi
绒鼠科	rongshuke
结	jie
结为一体	jieweiyiti
结为朋友	jieweipengyou
结交	jiejiao
结冰	jiebing
结合	jiehe
结合体	jieheti
结合剂	jieheji
结合点	jiehedian
结合蛋白质	jiehedanbaizhi
结块	jiekuai
结垂迹	jiechuiji
结壳	jieke
结婚	jiehun
结婚仪式	jiehunyishi
结婚年龄	jiehunnianling
结婚生活	jiehunshenghuo
结婚礼服	jiehunlifu
结婚礼物	jiehunliwu
结婚纪念日	jiehunjinianri
结实	jieshi
结实的	jieshide
结尾	jiewei
结局	jieju
结巴	jieba
结帐	jiezhang
结成外壳	jiechengwaike
结扎线	jiezaxian
结晶	jiejing
结晶紫	jiejingzi
结有深交	jieyoushenjiao
结束	jieshu
结构	jiegou
结构图	jiegoutu
结构用铁	jiegouyongtie
结构钢	jiegougang
结果	jieguo
结果为	jieguowei
结果实	jieguoshi
结果成为	jieguochengwei
结果是	jieguoshi
结核	jiehe
结核病	jiehebing
结核节	jiehejie
结清	jieqing
结点	jiedian
结点板	jiedianban
结盟	jiemeng
结石	jieshi
结石病	jieshibing
结硬块	jieyingkuai
结硬皮	jieyingpi
结穗	jiesui
结穗花饰	jiesuihuashi
结算	jiesuan
结约之柜	jieyuezhigui
结结巴巴	jiejiebaba
结网	jiewang
结网虫	jiewangchong
结肠	jiechang
结肠炎	jiechangyan
结肠癌	jiechangai
结肠镜	jiechangjing
结膜炎	jiemoyan
结节	jiejie
结论	jielun
结转	jiezhuan
结转金额	jiezhuanjine
结霜	jieshuang
绕着走	raozhezou
绕行	raoxing
绕路而行	raoluerxing
绕转	raozhuan
绕道	raodao
绕道而行	raodaoerxing
绘	hui
绘制	huizhi
绘图	huitu
绘图仪器	huituyiqi
绘图桌	huituzhuo
绘图纸	huituzhi
绘画	huihua
给	gei
给与补助金	jiyubuzhujin
给予	jiyu
给予生机	jiyushengji
给予签证	jiyuqianzheng
给以特权	geiyitequan
给以白眼	geiyibaiyan
给以荣誉	geiyirongyu
给作预退色	geizuoyutuise
给小费	geixiaofei
给量	geiliang
给钱	geiqian
绛红	jianghong
络活他汀	luohuotating
络艾塞半	luoaisaiban
绝不	juebu
绝境	juejing
绝壁	juebi
绝密的	juemide
绝对事物	jueduishiwu
绝对亨利	jueduihengli
绝对值	jueduizhi
绝对库伦	jueduikulun
绝对欧姆	jueduioumu
绝对法拉	jueduifala
绝对离格	jueduilige
绝对论	jueduilun
绝对阈值	jueduiyuzhi
绝尘室	juechenshi
绝望	juewang
绝热材料	juerecailiao
绝热过程	juereguocheng
绝种	juezhong
绝缘体	jueyuanti
绝缘套管	jueyuantaoguan
绝缘胶布	jueyuanjiaobu
绝迹	jueji
绞刑架	jiaoxingjia
绞台	jiaotai
绞收索	jiaoshousuo
绞死	jiaosi
绞盘	jiaopan
绞碎器	jiaosuiqi
绞窄	jiaozhai
绞索	jiaosuo
绞肉机	jiaorouji
统一	tongyi
统一的	tongyide
统帅	tongshuai
统楼面	tongloumian
统治	tongzhi
统治时期	tongzhishiqi
统治期	tongzhiqi
统治权	tongzhiquan
统治者	tongzhizhe
统率	tongshuai
统觉	tongjue
统计	tongji
统计学	tongjixue
统计表	tongjibiao
统辖	tongxia
统驭账目	tongyuzhangmu
绢毛柳	juanmaoliu
绢毛猴	juanmaohou
绢毛猴属	juanmaohoushu
绣球属植物	xiuqiushuzhiwu
绣球科	xiuqiuke
绣球花	xiuqiuhua
绣球花属	xiuqiuhuashu
绣线菊属	xiuxianjushu
绦虫感染	taochongganran
继任	jiren
继发性经闭	jifaxingjingbi
继承	jicheng
继承人	jichengren
继承权	jichengquan
继承税	jichengshui
继承财产	jichengcaichan
继续	jixu
继续下去	jixuxiaqu
继续向前	jixuxiangqian
继续存在	jixucunzai
继续演奏	jixuyanzou
继续讲下去	jixujiangxiaqu
继续说	jixushuo
继续进行	jixujinxing
绩优股	jiyougu
绩效工资	jixiaogongzi
绪言	xuyan
续发症	xufazheng
续随子	xusuizi
绯色百合	feisebaihe
绯鲵鲣	feinijian
绲边	gunbian
绳	sheng
绳圈	shengquan
绳套	shengtao
绳子	shengzi
绳扣	shengkou
绳摩擦	shengmoca
绳梯	shengti
绳索	shengsuo
绳绒线	shengrongxian
绳绒织物	shengrongzhiwu
绳结	shengjie
维他命	weitaming
维兹拉犬	weizilaquan
维护	weihu
维持	weichi
维持价	weichijia
维持原判	weichiyuanpan
维持点	weichidian
维生素	weishengsu
维生设备	weishengshebei
维管射线	weiguanshexian
维管束	weiguanshu
维管组织	weiguanzuzhi
绵枣儿属	mianzaoershu
绵柳	mianliu
绵毛荚蒾	mianmaojiami
绵火药	mianhuoyao
绵羊	mianyang
绵羊皮革	mianyangpige
绵蚜	mianya
绵蚜属	mianyashu
绵马属	mianmashu
绵鳚	mianwei
绵鳚属	mianweishu
绵鳚科	mianweike
绶带	shoudai
绷带	bengdai
绷紧	bengjin
绷紧的	bengjinde
绷脸	benglian
绺	liu
综合大楼	zonghedalou
综合征	zonghezheng
综合画	zonghehua
综合症	zonghezheng
综述	zongshu
绿内障	luneizhang
绿刚玉	lugangyu
绿化	luhua
绿叶	luye
绿叶绿花草	luyeluhuacao
绿头苍蝇	lutoucangying
绿婢鲈	lubilu
绿子	luzi
绿宝石	lubaoshi
绿帽菌	lumaojun
绿干柏	luganbai
绿核菌属	luhejunshu
绿泥石	lunishi
绿玉	luyu
绿玉色的	luyusede
绿玉藤	luyuteng
绿玉藤属	luyutengshu
绿玉髓	luyusui
绿砂	lusha
绿篱用树	luliyongshu
绿肥	lufei
绿腺	luxian
绿色	luse
绿色盲	lusemang
绿色组织	lusezuzhi
绿色金	lusejin
绿花叶	luhuaye
绿花心	luhuaxin
绿茵	luyin
绿葱	lucong
绿藜芦	lulilu
绿蝇属	luyingshu
绿裸鳚	luluowei
绿裸鳚属	luluoweishu
绿褶菇	luzhegu
绿豆	ludou
绿金	lujin
绿长尾猴	luzhangweihou
绿鳕	luxue
绿黑穗病	luheisuibing
缄口钱	jiankouqian
缄默	jianmo
缄默症	jianmozheng
缅元	mianyuan
缅分	mianfen
缅因龙虾	mianyinlongxia
缅甸币	miandianbi
缅甸猫	miandianmao
缅甸紫檀	miandianzitan
缆柱头	lanzhutou
缆柱栓	lanzhushuan
缆索	lansuo
缆索铁路	lansuotielu
缆绳	lansheng
缆车	lanche
缆车铁路	lanchetielu
缎子	duanzi
缎带	duandai
缎木	duanmu
缎木属	duanmushu
缎木木材	duanmumucai
缓冲	huanchong
缓冲剂	huanchongji
缓冲器	huanchongqi
缓冲液	huanchongye
缓刑	huanxing
缓刑期	huanxingqi
缓召	huanzhao
缓和	huanhe
缓和剂	huanheji
缓和时间	huanheshijian
缓慢消失	huanmanxiaoshi
缓慢离开	huanmanlikai
缓期执行	huanqizhixing
缓缓移动	huanhuanyidong
缓行漫步	huanxingmanbu
缓解	huanjie
缔合	dihe
缔结	dijie
缔结盟约	dijiemengyue
缔造	dizao
编	bian
编入	bianru
编入词汇	bianrucihui
编制上地	bianzhishangdi
编制地	bianzhidi
编年史	biannianshi
编成团	bianchengtuan
编目处理	bianmuchuli
编码	bianma
编织	bianzhi
编织机	bianzhiji
编织物	bianzhiwu
编织针	bianzhizhen
编织针法	bianzhizhenfa
编选集	bianxuanji
编造	bianzao
编队	biandui
缘膜	yuanmo
缘蝽	yuanchun
缘蝽属	yuanchunshu
缘蝽科	yuanchunke
缘饰	yuanshi
缝上饰物	fengshangshiwu
缝合摺	fenghezhe
缝边	fengbian
缝隙	fengxi
缝饰	fengshi
缟椰子猫	gaoyezimao
缟椰子猫属	gaoyezimaoshu
缟臭鼬	gaochouyou
缟鬣狗	gaoliegou
缠住	chanzhu
缠带靴	chandaixue
缠绕	chanrao
缠腰布	chanyaobu
缠腰带	chanyaodai
缠龙子	chanlongzi
缨尾亚目	yingweiyamu
缨尾目	yingweimu
缩写	suoxie
缩写者	suoxiezhe
缩减	suojian
缩多氨酸	suoduoansuan
缩小	suoxiao
缩帆	suofan
缩影	suoying
缩微平片	suoweipingpian
缩微胶片	suoweijiaopian
缩氨酸	suoansuan
缩瞳症	suotongzheng
缩短	suoduan
缬草	xiecao
缬草属	xiecaoshu
缰绳	jiangsheng
缴什一税	jiaoshenyishui
缴付不足	jiaofubuzu
缴费率	jiaofeilu
缸	gang
缺	que
缺乏	quefa
缺乏理智的	quefalizhide
缺乏生气	quefashengqi
缺乏规范的	quefaguifande
缺刻	queke
缺勤	queqin
缺勤率	queqinlu
缺口拱	quekougong
缺少	queshao
缺席	quexi
缺席时间	quexishijian
缺席者	quexizhe
缺弓亚纲	quegongyagang
缺指	quezhi
缺损	quesun
缺氧	queyang
缺氧症	queyangzheng
缺点	quedian
缺甲鱼	quejiayu
缺甲鱼目	quejiayumu
缺绿病	quelubing
缺肢	quezhi
缺规	quegui
缺量	queliang
缺量供给	quelianggongji
缺钱	queqian
缺陷	quexian
缺额	quee
罂子桐	yingzitong
罐	guan
罐头	guantou
罐子	guanzi
网吧	wangba
网孔	wangkong
网格球顶	wanggeqiuding
网格银耳	wanggeyiner
网爱	wangai
网状物	wangzhuangwu
网球	wangqiu
网球肘	wangqiuzhou
网眼织物	wangyanzhiwu
网站	wangzhan
网络	wangluo
网络色情	wangluoseqing
网翅目	wangchimu
网膜状	wangmozhuang
网蝽	wangchun
罗勒	luole
罗勒子	luolezi
罗勒属	luoleshu
罗奥拉	luoaola
罗布斯塔种	luobusitazhong
罗摩节	luomojie
罗晃子	luohuangzi
罗晃子属	luohuangzishu
罗望子	luowangzi
罗氮芥	luodanjie
罗汉豆	luohandou
罗浮宫	luofugong
罗特尔	luoteer
罗特韦尔狗	luoteweiergou
罗甘莓	luoganmei
罗盘箱	luopanxiang
罗盘针柜	luopanzhengui
罗经刻度盘	luojingkedupan
罗经座	luojingzuo
罗经柜	luojinggui
罗缎	luoduan
罗网藤	luowangteng
罗舍耳粉	luosheerfen
罗谢尔盐	luoxieeryan
罗谢尔粉	luoxieerfen
罗非鱼属	luofeiyushu
罗马日历	luomarili
罗马的和平	luomadeheping
罗马英里	luomayingli
罗马计时	luomajishi
罚款	fakuan
罚球区	faqiuqu
罚金	fajin
罢免	bamian
罢工	bagong
罢工津贴	bagongjintie
罢黜	bachu
罩住	zhaozhu
罩单	zhaodan
罩袍	zhaopao
罪	zui
罪恶	zuie
罪犯	zuifan
罪状	zuizhuang
罪疚	zuijiu
罪行	zuixing
置	zhi
置于狗舍	zhiyugoushe
置存成本	zhicunchengben
置换	zhihuan
署名	shuming
罹病的	libingde
羁押	jiya
羊	yang
羊史子	yangshizi
羊圈	yangjuan
羊头芦鲷	yangtouludiao
羊属	yangshu
羊快疫	yangkuaiyi
羊明	yangming
羊毛织物	yangmaozhiwu
羊毛脂	yangmaozhi
羊毛衣	yangmaoyi
羊毛衫	yangmaoshan
羊水过多	yangshuiguoduo
羊狂蝇	yangkuangying
羊皮	yangpi
羊皮纸	yangpizhi
羊皮纸书	yangpizhishu
羊眼豆	yangyandou
羊石子	yangshizi
羊绒织物	yangrongzhiwu
羊羔	yanggao
羊羚	yangling
羊群	yangqun
羊肚菌	yangdujun
羊肚菌属	yangdujunshu
羊肚菌科	yangdujunke
羊肚菜	yangducai
羊肠线	yangchangxian
羊胡子	yanghuzi
羊脚	yangjiao
羊膜	yangmo
羊膜动物	yangmodongwu
羊膜的	yangmode
羊舍	yangshe
羊蘑	yangmo
羊虱	yangshi
羊角	yangjiao
羊角芹	yangjiaoqin
羊角蕨属	yangjiaojueshu
羊角锤	yangjiaochui
羊蹄	yangti
羊蹄甲	yangtijia
羊蹄甲属	yangtijiashu
羊驼	yangtuo
羊驼毛	yangtuomao
羊鱼	yangyu
羊鱼属	yangyushu
羊鱼科	yangyuke
羊鲷	yangdiao
羊鲷属	yangdiaoshu
羊鸣	yangming
美丽瓶蕨	meilipingjue
美丽马利筋	meilimalijin
美人痣	meirenzhi
美人蕉	meirenjiao
美元	meiyuan
美克洛嗪	meikeluoqin
美其敏	meiqimin
美制	meizhi
美制量滴	meizhiliangdi
美化	meihua
美味草菇	meiweicaogu
美国主义	meiguozhuyi
美国五叶松	meiguowuyesong
美国人	meiguoren
美国体系	meiguotixi
美国内战	meiguoneizhan
美国冬青	meiguodongqing
美国冷杉	meiguolengshan
美国凌霄	meiguolingxiao
美国化	meiguohua
美国升麻	meiguoshengma
美国国旗	meiguoguoqi
美国国玺	meiguoguoxi
美国山杨	meiguoshanyang
美国树莓	meiguoshumei
美国栗子	meiguolizi
美国梧桐	meiguowutong
美国榆	meiguoyu
美国河鸟	meiguoheniao
美国特色	meiguotese
美国珠蕨	meiguozhujue
美国甘松	meiguogansong
美国白蛾	meiguobaie
美国百合	meiguobaihe
美国的州	meiguodezhou
美国稠李	meiguochouli
美国紫荆	meiguozijing
美国紫藤	meiguoziteng
美国红枫	meiguohongfeng
美国英语	meiguoyingyu
美国葡萄	meiguoputao
美国薄荷属	meiguoboheshu
美国风俗	meiguofengsu
美国黑人	meiguoheiren
美国龙虾	meiguolongxia
美学	meixue
美容店	meirongdian
美容院	meirongyuan
美展	meizhan
美属萨摩亚	meishusamoya
美工师	meigongshi
美式英语	meishiyingyu
美式足球	meishizuqiu
美德	meide
美托洛尔	meituoluoer
美服培酮	meifupeitong
美术家	meishujia
美术纸	meishuzhi
美术课	meishuke
美术馆	meishuguan
美槲寄生	meihujisheng
美沙吡林	meishabilin
美沙比妥	meishabituo
美沙酮	meishatong
美法仑	meifalun
美洲	meizhou
美洲丘鹬	meizhouqiuyu
美洲人	meizhouren
美洲卫矛	meizhouweimao
美洲史料	meizhoushiliao
美洲叶鼻蝠	meizhouyebifu
美洲喜鹊	meizhouxique
美洲土著	meizhoutuzhu
美洲大蠊	meizhoudalian
美洲婆婆纳	meizhoupopona
美洲山猫	meizhoushanmao
美洲拟狮	meizhounishi
美洲旱獭	meizhouhanta
美洲朴	meizhoupu
美洲李	meizhouli
美洲杜父鱼	meizhoudufuyu
美洲椴树	meizhouduanshu
美洲河狸	meizhouheli
美洲瀑布	meizhoupubu
美洲獾	meizhouhuan
美洲獾属	meizhouhuanshu
美洲甘草	meizhougancao
美洲白鲟	meizhoubaixun
美洲皂荚	meizhouzaojia
美洲石蚕	meizhoushican
美洲胡瓜鱼	meizhouhuguayu
美洲花椒	meizhouhuajiao
美洲花楸	meizhouhuaqiu
美洲蓼属	meizhouliaoshu
美洲螯虾	meizhouaoxia
美洲蟾蜍	meizhouchanchu
美洲西鲱	meizhouxifei
美洲豹	meizhoubao
美洲貂	meizhoudiao
美洲赤狗	meizhouchigou
美洲赤鹿	meizhouchilu
美洲野牛	meizhouyeniu
美洲飞鼠	meizhoufeishu
美洲驼	meizhoutuo
美洲驼属	meizhoutuoshu
美洲鮰	meizhouhui
美洲鲇鱼	meizhounianyu
美洲鲥	meizhoushi
美洲鹅耳枥	meizhoueerli
美洲鹤	meizhouhe
美洲鹳	meizhouguan
美洲麻鹭	meizhoumalu
美洲黄栌	meizhouhuanglu
美洲黑杨	meizhouheiyang
美玉	meiyu
美索巴莫	meisuobamo
美胜瓶	meishengping
美芬妥英	meifentuoying
美苏冷战	meisulengzhan
美莓	meimei
美西律	meixilu
美语手语	meiyushouyu
美远志	meiyuanzhi
美远志根	meiyuanzhigen
美食街	meishijie
美高鳍	meigaoqi
羔皮	gaopi
羔羊皮	gaoyangpi
羚牛	lingniu
羚牛属	lingniushu
羚羊	lingyang
羚羊属	lingyangshu
羚羊皮	lingyangpi
羞愧	xiukui
羞耻	xiuchi
羞辱	xiuru
羟化氯喹	qianghualukui
羟嗪	qiangqin
羟基乙酸	qiangjiyisuan
羟基苯酸	qiangjibensuan
羟胆碱	qiangdanjian
羟腈	qiangjing
群	qun
群丛	quncong
群射	qunshe
群岛	qundao
群星	qunxing
群集	qunji
羧化酶	suohuamei
羧基	suoji
羧酸	suosuan
羰	tang
羰基	tangji
羱羊	yuanyang
羽叶棕榈	yuyezonglu
羽叶槭	yuyeqi
羽叶豆	yuyedou
羽扇豆	yushandou
羽扇豆属	yushandoushu
羽星科	yuxingke
羽毛	yumao
羽毛状地	yumaozhuangdi
羽毛球器材	yumaoqiuqicai
羽毛球场	yumaoqiuchang
羽毛球拍	yumaoqiupai
羽毛褥垫	yumaorudian
羽状叶	yuzhuangye
羽状地	yuzhuangdi
羽管键琴	yuguanjianqin
羽绒被	yurongbei
羽节蕨属	yujiejueshu
羽饰	yushi
翅	chi
翅摇	chiyao
翅瓣	chiban
翅脉	chimai
翅膀	chibang
翅荚决明	chijiajueming
翅萼树科	chieshuke
翎夜蛾	lingyee
翎夜蛾属	lingyeeshu
翎管	lingguan
翘辫子	qiaobianzi
翘鳞伞	qiaolinsan
翠榴石	cuiliushi
翠绿色的	cuilusede
翠绿锂浑石	cuilulihunshi
翠菊	cuiju
翠蕨属	cuijueshu
翠鸟属	cuiniaoshu
翠鸟科	cuiniaoke
翡翠	feicui
翡翠石	feicuishi
翡翠色的	feicuisede
翮羽	heyu
翱翔	aoxiang
翻	fan
翻书页	fanshuye
翻修	fanxiu
翻倒	fandao
翻出	fanchu
翻动	fandong
翻动书页	fandongshuye
翻印	fanyin
翻印本	fanyinben
翻土	fantu
翻折部分	fanzhebufen
翻斤斗	fanjindou
翻滚	fangun
翻版	fanban
翻白草	fanbaicao
翻石鹬	fanshiyu
翻石鹬属	fanshiyushu
翻筋斗	fanjindou
翻覆	fanfu
翻译	fanyi
翻跟头	fangentou
翻跟斗	fangendou
翻车鱼	fancheyu
翻车鱼属	fancheyushu
翻车鲀	fanchetun
翻转	fanzhuan
翻过	fanguo
翻阅	fanyue
翻领	fanling
翼加载	yijiazai
翼手目	yishoumu
翼状地	yizhuangdi
翼琴	yiqin
翼豆	yidou
翼面	yimian
耀眼豆	yaoyandou
耀花豆	yaohuadou
耀花豆属	yaohuadoushu
老	lao
老于世故的	laoyushigude
老公	laogong
老兵	laobing
老刚铁号	laogangtiehao
老外	laowai
老大妈	laodama
老头乐	laotoule
老婆	laopo
老师	laoshi
老年	laonian
老年人	laonianren
老弱	laoruo
老战士	laozhanshi
老挝基普	laowojipu
老朽	laoxiu
老来娇	laolaijiao
老板	laoban
老爷汽车	laoyeqiche
老牛筋	laoniujin
老花	laohua
老花眼	laohuayan
老虎	laohu
老虎刺	laohuci
老虎刺尖	laohucijian
老虎姜	laohujiang
老虎机	laohuji
老虎窗	laohuchuang
老虎草	laohucao
老虎须	laohuxu
老贯筋	laoguanjin
老资格	laozige
老迈	laomai
老马	laoma
老鸦嘴	laoyazui
老鹰	laoying
老鹰球	laoyingqiu
老鹳嘴	laoguanzui
老鹳草	laoguancao
老鹳草属	laoguancaoshu
老麻子	laomazi
老鼠	laoshu
老龄化	laolinghua
考包	kaobao
考古学	kaoguxue
考古学家	kaoguxuejia
考察	kaocha
考察团	kaochatuan
考察队	kaochadui
考得	kaode
考特尔	kaoteer
考胡棕	kaohuzong
考虑	kaolu
考虑周到	kaoluzhoudao
考试	kaoshi
考试不及格	kaoshibujige
考验	kaoyan
耍弄	shuanong
耍花招	shuahuazhao
耐冬	naidong
耐力的考验	nailidekaoyan
耐印力	naiyinli
耐嚼的	naijuede
耐得住	naidezhu
耐性	naixing
耐洗	naixi
耐火土	naihuotu
耐火石	naihuoshi
耐火砖	naihuozhuan
耐热玻璃	naireboli
耐用	naiyong
耐用品	naiyongpin
耐磨	naimo
耐磨损	naimosun
耐磨钉	naimoding
耐移植	naiyizhi
耐酸的	naisuande
耐风火柴	naifenghuochai
耐飞性	naifeixing
耕作	gengzuo
耕地	gengdi
耕犁马	genglima
耕田机	gengtianji
耖	chao
耗减	haojian
耗失	haoshi
耗子	haozi
耗尽	haojin
耗损	haosun
耗费	haofei
耙子	pazi
耦合器	ouheqi
耳叶大戟	eryedaji
耳坠菜	erzhuicai
耳塞	ersai
耳套	ertao
耳扇	ershan
耳朵	erduo
耳朵红	erduohong
耳机	erji
耳栓	ershuan
耳根软的	ergenruande
耳液溢	eryeyi
耳炎	eryan
耳环	erhuan
耳痛	ertong
耳硬化症	eryinghuazheng
耳穗	ersui
耳罩	erzhao
耳聋	erlong
耳草属	ercaoshu
耳蕨	erjue
耳蕨属	erjueshu
耳语	eryu
耳饰	ershi
耳鸣	erming
耶稣再临论	yesuzailinlun
耶稣受难日	yesushounanri
耶稣受难节	yesushounanjie
耶稣的受难	yesudeshounan
耶稣纪元后	yesujiyuanhou
耶稣纪元年	yesujiyuannian
耶诞树	yedanshu
耶诞节	yedanjie
耶诞节前夕	yedanjieqianxi
耸	song
耸立	songli
耸肩	songjian
耻	chi
耻辱	chiru
耽乐	danle
耽搁	dange
耽搁的时间	dangedeshijian
耽误	danwu
耿直的	gengzhide
聂帕榈	niepalu
聆听	lingting
聋	long
职业	zhiye
职业伤害	zhiyeshanghai
职业复健	zhiyefujian
职业复原	zhiyefuyuan
职业康复	zhiyekangfu
职业更新	zhiyegengxin
职业病	zhiyebing
职位	zhiwei
职务	zhiwu
职员	zhiyuan
职场	zhichang
职责	zhize
联	lian
联会	lianhui
联号	lianhao
联合	lianhe
联合主演	lianhezhuyan
联合企业	lianheqiye
联合体	lianheti
联合器	lianheqi
联合国日	lianheguori
联合大企业	lianhedaqiye
联合收割机	lianheshougeji
联合署名	lianheshuming
联式房屋	lianshifangwu
联想	lianxiang
联想主义	lianxiangzhuyi
联手	lianshou
联接	lianjie
联接器	lianjieqi
联步	lianbu
联珠法	lianzhufa
联盟	lianmeng
联系	lianxi
联结	lianjie
联结点	lianjiedian
联结物	lianjiewu
联络	lianluo
联胺	lianan
联营	lianying
联营事业	lianyingshiye
联运	lianyun
联邦	lianbang
联邦代理	lianbangdaili
联邦化	lianbanghua
联邦条例	lianbangtiaoli
聘	pin
聘礼	pinli
聘请定金	pinqingdingjin
聘金	pinjin
聚丁烯	judingxi
聚丙烯	jubingxi
聚乙烯	juyixi
聚众斗殴	juzhongdouou
聚会	juhui
聚伞花序	jusanhuaxu
聚光器	juguangqi
聚变	jubian
聚合	juhe
聚合体	juheti
聚合物	juhewu
聚合电解质	juhedianjiezhi
聚合草	juhecao
聚合草属	juhecaoshu
聚四氟乙烯	jusifuyixi
聚拢	julong
聚氯乙烯	juluyixi
聚焦	jujiao
聚甲醛	jujiaquan
聚磷酸	julinsuan
聚磷酸盐	julinsuanyan
聚积	juji
聚粘菌纲	juzhanjungang
聚结	jujie
聚脂	juzhi
聚苯乙烯	jubenyixi
聚质期	juzhiqi
聚酯纤维	juzhixianwei
聚酯薄膜	juzhibaomo
聚集	juji
聚集在碉堡	jujizaidiaobao
肃静	sujing
肆意从事	siyicongshi
肉	rou
肉体	routi
肉冻	roudong
肉叶草属	rouyecaoshu
肉座菌目	rouzuojunmu
肉座菌科	rouzuojunke
肉排	roupai
肉杯菌科	roubeijunke
肉枣	rouzao
肉样瘤病	rouyangliubing
肉桂	rougui
肉毒中毒	rouduzhongdu
肉毒胺	rouduan
肉毒菌	roudujun
肉温度计	rouwenduji
肉牛	rouniu
肉瘤	rouliu
肉盘菌	roupanjun
肉眼的	rouyande
肉穗花序	rousuihuaxu
肉类市场	rouleishichang
肉红玉髓	rouhongyusui
肉色香蘑	rousexiangmo
肉芽组织	rouyazuzhi
肉芽肿	rouyazhong
肉茎	roujing
肉蝇	rouying
肉蝇属	rouyingshu
肉质植物	rouzhizhiwu
肉赘	rouzhui
肉食	roushi
肋痛	letong
肋肌痛	lejitong
肋膜肺炎	lemofeiyan
肋骨	leigu
肌动蛋白	jidongdanbai
肌弛缓	jichihuan
肌强直	jiqiangzhi
肌无力	jiwuli
肌束颤搐	jishuchanchu
肌氨酸	jiansuan
肌炎	jiyan
肌球蛋白	jiqiudanbai
肌电描记器	jidianmiaojiqi
肌病	jibing
肌痛	jitong
肌瘤	jiliu
肌紧张	jijinzhang
肌红蛋白	jihongdanbai
肌肉	jirou
肌肉弹性	jiroutanxing
肌肉抽搐	jirouchouchu
肌肉抽筋	jirouchoujin
肌肉收缩	jiroushousuo
肌肉痉挛	jiroujingluan
肌肉瘤	jirouliu
肌肉的弹性	jiroudetanxing
肌肉素	jirousu
肌肉组织	jirouzuzhi
肌肉萎缩	jirouweisuo
肌酸	jisuan
肌阵挛	jizhenluan
肖像	xiaoxiang
肘	zhou
肘关节	zhouguanjie
肘尺	zhouchi
肘管	zhouguan
肘部	zhoubu
肘靠	zhoukao
肚兜	dudou
肚子	duzi
肚子痛	duzitong
肛欲期	gangyuqi
肛欲阶段	gangyujieduan
肛门	gangmen
肝	gan
肝吸虫病	ganxichongbing
肝毒素	gandusu
肝气失调的	ganqishitiaode
肝炎	ganyan
肝病	ganbing
肝癌	ganai
肝硬化	ganyinghua
肝磷脂	ganlinzhi
肝素	gansu
肝细胞瘤	ganxibaoliu
肝肿大	ganzhongda
肝脏	ganzang
肝脏绒	ganzangrong
肠	chang
肠下垂	changxiachui
肠扭结	changniujie
肠扭转	changniuzhuan
肠梗阻	changgengzu
肠毒素	changdusu
肠激酶	changjimei
肠炎	changyan
肠狭窄	changxiazhai
肠病	changbing
肠石病	changshibing
肠管	changguan
肠线	changxian
肠胃炎	changweiyan
肠道炎	changdaoyan
肠阻塞	changzuse
股东	gudong
股份	gufen
股利	guli
股利单	gulidan
股动脉脉搏	gudongmaimaibo
股息	guxi
股息券	guxiquan
股息单	guxidan
股本	guben
股本净值	gubenjingzhi
股本总额	gubenzonge
股权	guquan
股权委托	guquanweituo
股痛	gutong
股癣	guxuan
股票	gupiao
股票值	gupiaozhi
股票回购	gupiaohuigou
股票市值	gupiaoshizhi
股票期权	gupiaoqiquan
股票股息	gupiaoguxi
肢	zhi
肢痛	zhitong
肢肌强直	zhijiqiangzhi
肤蝇	fuying
肥	fei
肥大	feida
肥婆丝兰	feiposilan
肥料	feiliao
肥沃	feiwo
肥皂	feizao
肥皂果树	feizaoguoshu
肥皂精	feizaojing
肥皂荚属	feizaojiashu
肥皂鱼	feizaoyu
肥育地	feiyudi
肥胖	feipang
肩	jian
肩带	jiandai
肩扛	jiankang
肩甲	jianjia
肩章	jianzhang
肩胛骨	jianjiagu
肩膀	jianbang
肫	zhun
肮脏	angzang
肮脏地	angzangdi
肯定	kending
肯定地说	kendingdishuo
肯定的	kendingde
肯定的回答	kendingdehuida
肯德尔绿	kendeerlu
肯德尔绿色	kendeerluse
肯氏鳞龟	kenshilingui
肱	gong
育婴室	yuyingshi
育婴箱	yuyingxiang
育种	yuzhong
肺	fei
肺不张	feibuzhang
肺储备	feichubei
肺充血	feichongxue
肺尘症	feichenzheng
肺栓塞	feishuanse
肺气肿	feiqizhong
肺泡	feipao
肺活量	feihuoliang
肺炎	feiyan
肺炭疽	feitanju
肺病	feibing
肺病患者	feibinghuanzhe
肺病治疗	feibingzhiliao
肺癌	feiai
肺筋草	feijincao
肺结核	feijiehe
肺脏	feizang
肺螺亚纲	feiluoyagang
肺螺目	feiluomu
肺鱼	feiyu
肺鱼亚纲	feiyuyagang
肺鼠疫	feishuyi
肼苯哒嗪	jingbendaqin
肽	tai
肽酶	taimei
肾	shen
肾下垂	shenxiachui
肾毒素	shendusu
肾炎	shenyan
肾病	shenbing
肾痛	shentong
肾盂积水	shenyujishui
肾盂肾炎	shenyushenyan
肾石病	shenshibing
肾硬化	shenyinghua
肾素	shensu
肾绞痛	shenjiaotong
肾脏	shenzang
肾衰竭	shenshuaijie
肾鳞蕨属	shenlinjueshu
肿块	zhongkuai
肿大	zhongda
肿手棵	zhongshouke
肿物	zhongwu
肿疡	zhongyang
肿痛	zhongtong
肿瘤	zhongliu
肿胀	zhongzhang
肿起	zhongqi
胀	zhang
胀气	zhangqi
胁腹	xiefu
胁迫	xiepo
胃	wei
胃内消化	weineixiaohua
胃气胀	weiqizhang
胃液缺乏	weiyequefa
胃溃疡	weikuiyang
胃灼热	weizhuore
胃炎	weiyan
胃痛	weitong
胃磨	weimo
胃窥器	weikuiqi
胃肠炎	weichangyan
胃蝇	weiying
胃蝇属	weiyingshu
胃蝇科	weiyingke
胃酸缺乏	weisuanquefa
胃镜	weijing
胆囊炎	dannangyan
胆固醇	danguchun
胆大	danda
胆怯者	danqiezhe
胆敢	dangan
胆汁盐	danzhiyan
胆汁缺乏	danzhiquefa
胆汁酸	danzhisuan
胆盐	danyan
胆石病	danshibing
胆矾	danfan
胆碱	danjian
胆碱酯酶	danjianzhimei
胆管炎	danguanyan
胆红素	danhongsu
胆道炎	dandaoyan
胆酸	dansuan
胆量	danliang
背	bei
背书人	beishuren
背侧屈	beicequ
背冰覆盖	beibingfugai
背出	beichu
背包	beibao
背叛	beipan
背后	beihou
背囊	beinang
背屈	beiqu
背带	beidai
背弃	beiqi
背景	beijing
背景幕	beijingmu
背曲	beiqu
背点	beidian
背甲属	beijiashu
背甲目	beijiamu
背甲科	beijiake
背疼	beiteng
背痛	beitong
背离	beili
背纹枪鱼	beiwenqiangyu
背街	beijie
背负式运输	beifushiyunshu
背部	beibu
背锯	beiju
背面	beimian
背风侧	beifengce
背风面	beifengmian
背骨	beigu
背鳍	beiqi
胍那苄	guanabian
胎	tai
胎位低	taiweidi
胎体	taiti
胎便	taibian
胎儿	taier
胎儿监测器	taierjianceqi
胎儿窘迫	taierjiongpo
胎儿镜	taierjing
胎动	taidong
胎动初感	taidongchugan
胎动初觉	taidongchujue
胎头血肿	taitouxuezhong
胎痣	taizhi
胎盘分离	taipanfenli
胎粪	taifen
胎蛋白	taidanbai
胎鳚科	taiweike
胖	pang
胖的	pangde
胗	zhen
胚细胞瘤	peixibaoliu
胚胎	peitai
胚胎性癌	peitaixingai
胚胎植入	peitaizhiru
胚部	peibu
胜人一筹	shengrenyichou
胜任	shengren
胜利	shengli
胜利者	shenglizhe
胜诉费	shengsufei
胜过	shengguo
胞嘧啶	baomiding
胞子叶	baoziye
胞衣	baoyi
胞质分裂	baozhifenlie
胞质变动	baozhibiandong
胡乱处理	huluanchuli
胡佛大坝	hufudaba
胡克绿	hukelu
胡卢巴属	hulubashu
胡同	hutong
胡子	huzi
胡枝子属	huzhizishu
胡桃病	hutaobing
胡棒子	hubangzi
胡椒	hujiao
胡椒目	hujiaomu
胡椒碱	hujiaojian
胡椒科	hujiaoke
胡椒粉	hujiaofen
胡椒薄荷	hujiaobohe
胡椒藤	hujiaoteng
胡狼	hulang
胡瓜魚	huguayu
胡瓜魚属	huguayushu
胡瓜魚科	huguayuke
胡瓜鱼	huguayu
胡菜	hucai
胡萝卜	huluobo
胡萝卜七	huluoboqi
胡萝卜属	huluoboshu
胡萝卜素	huluobosu
胡萝卜醇	huluobochun
胡薄荷油	huboheyou
胡蜂	hufeng
胡蜂属	hufengshu
胡蜂科	hufengke
胡言乱语	huyanluanyu
胡豆	hudou
胡闹	hunao
胡须	huxu
胡麻	huma
胡麻科	humake
胨	dong
胫步甲属	jingbujiashu
胫步甲虫	jingbujiachong
胫甲	jingjia
胭脂	yanzhi
胭脂红	yanzhihong
胭脂鱼	yanzhiyu
胭蚧属	yanjieshu
胭蚧科	yanjieke
胰岛素反应	yidaosufanying
胰液素	yiyesu
胰腺炎	yixianyan
胰腺癌	yixianai
胰酶	yimei
胳肢	gezhi
胳膊	gebo
胳臂	gebei
胶	jiao
胶乳	jiaoru
胶乳漆	jiaoruqi
胶体	jiaoti
胶体溶液	jiaotirongye
胶凝物	jiaoningwu
胶卷暗盒	jiaojuananhe
胶原酶	jiaoyuanmei
胶合剂	jiaoheji
胶合铺料	jiaohepuliao
胶囊	jiaonang
胶土	jiaotu
胶布绷带	jiaobubengdai
胶带	jiaodai
胶木	jiaomu
胶木属	jiaomushu
胶棉	jiaomian
胶水	jiaoshui
胶浆	jiaojiang
胶溶	jiaorong
胶片	jiaopian
胶版	jiaoban
胶状物	jiaozhuangwu
胶画	jiaohua
胶画颜料	jiaohuayanliao
胶粘	jiaozhan
胶虫树	jiaochongshu
胶质	jiaozhi
胶质菌	jiaozhijun
胶鞋	jiaoxie
胸	xiong
胸像	xiongxiang
胸带	xiongdai
胸怀	xionghuai
胸甲	xiongjia
胸痛	xiongtong
胸罩	xiongzhao
胸腔	xiongqiang
胸膛	xiongtang
胸膜炎	xiongmoyan
胸膜痛	xiongmotong
胸膜积水	xiongmojishui
胸膜肺炎	xiongmofeiyan
胸节	xiongjie
胸部	xiongbu
胸针	xiongzhen
胸铠	xiongkai
胸鳍	xiongqi
胺卤氮化合物	anludanhuahewu
胺碘达隆	andiandalong
胺酸	ansuan
胼胝	pianzhi
胼胝体	pianzhiti
能	neng
能人	nengren
能力	nengli
能力障碍	nenglizhangai
能和谐的	nenghexiede
能复原的	nengfuyuande
能够	nenggou
能够达到	nenggoudadao
能干的	nenggande
能手	nengshou
能抵挡的	nengdidangde
能控制	nengkongzhi
能控制的	nengkongzhide
能提供	nengtigong
能滴干的	nengdigande
能痊愈的	nengquanyude
能管理的	nengguanlide
能给予	nengjiyu
能耐	nengnai
能自已	nengziyi
能被译出	nengbeiyichu
能装	nengzhuang
能购得	nenggoude
脂	zhi
脂族化合物	zhizuhuahewu
脂母细胞瘤	zhimuxibaoliu
脂沉积	zhichenji
脂溢性皮炎	zhiyixingpiyan
脂环化合物	zhihuanhuahewu
脂肪	zhifang
脂肪代谢	zhifangdaixie
脂肪栓塞	zhifangshuanse
脂肪疝	zhifangshan
脂肪痢	zhifangli
脂肪瘤	zhifangliu
脂肪肉瘤	zhifangrouliu
脂肪肝	zhifanggan
脂肪酸	zhifangsuan
脂血	zhixue
脂血症	zhixuezheng
脂鲤	zhili
脂鲤科	zhilike
脂麻属	zhimashu
脆弱的	cuiruode
脆的东西	cuidedongxi
脆铁线蕨	cuitiexianjue
脉冲灯	maichongdeng
脉动	maidong
脉孢菌属	maibaojunshu
脉律定	mailuding
脉搏	maibo
脉管学	maiguanxue
脉管炎	maiguanyan
脉翅目	maichimu
脊尾麻醉	jiweimazui
脊柱	jizhu
脊柱侧凸	jizhucetu
脊柱前凸	jizhuqiantu
脊柱后凸	jizhuhoutu
脊柱裂	jizhulie
脊椎	jizhui
脊椎动物	jizhuidongwu
脊椎滑脱	jizhuihuatuo
脊椎炎	jizhuiyan
脊椎麻醉	jizhuimazui
脊瓦	jiwa
脊膜突出	jimotuchu
脊骨	jigu
脊髓灰质炎	jisuihuizhiyan
脊髓炎	jisuiyan
脊髓痨	jisuilao
脊髓脊膜突出	jisuijimotuchu
脊髓麻醉	jisuimazui
脏地	zangdi
脏水	zangshui
脏污	zangwu
脐突出	qituchu
脐膨出	qipengchu
脑	nao
脑内啡	naoneifei
脑出血	naochuxie
脑啡肽	naofeitai
脑回波图仪	naohuibotuyi
脑壳	naoke
脑子糊涂	naozihutu
脑性瘫痪	naoxingtanhuan
脑性麻痹	naoxingmabi
脑水肿	naoshuizhong
脑海	naohai
脑炎	naoyan
脑电图仪	naodiantuyi
脑病	naobing
脑瘤	naoliu
脑瘫	naotan
脑白质炎	naobaizhiyan
脑积水	naojishui
脑突出	naotuchu
脑脊膜突出	naojimotuchu
脑脊髓炎	naojisuiyan
脑脊髓膜炎	naojisuimoyan
脑膜炎	naomoyan
脑膜瘤	naomoliu
脑膜脑炎	naomonaoyan
脑膨出	naopengchu
脑血栓	naoxueshuan
脑袋	naodai
脑麻痹	naomabi
脓	nong
脓尿	nongniao
脓性粪	nongxingfen
脓溢	nongyi
脓漏	nonglou
脓疮	nongchuang
脓疱	nongpao
脓疱病	nongpaobing
脓癣	nongxuan
脓肿	nongzhong
脓肿头	nongzhongtou
脓胸	nongxiong
脓血症	nongxuezheng
脖子	bozi
脚	jiao
脚凳	jiaodeng
脚刹车	jiaoshache
脚台	jiaotai
脚后跟	jiaohougen
脚尖	jiaojian
脚弓	jiaogong
脚板	jiaoban
脚气	jiaoqi
脚气病	jiaoqibing
脚灯	jiaodeng
脚爪	jiaozhao
脚痛的	jiaotongde
脚盆	jiaopen
脚腕子	jiaowanzi
脚趾	jiaozhi
脚趾甲	jiaozhijia
脚跟	jiaogen
脚踏板	jiaotaban
脚踏起动器	jiaotaqidongqi
脚踏车	jiaotache
脚踝	jiaohuai
脚蹬横木	jiaodenghengmu
脚蹼	jiaopu
脚部	jiaobu
脚酸的	jiaosuande
脚镣	jiaoliao
脚镯	jiaozhuo
脚闸	jiaozha
脯氨酸	puansuan
脱	tuo
脱位	tuowei
脱党	tuodang
脱去衣服	tuoquyifu
脱发	tuofa
脱发剂	tuofaji
脱叶剂	tuoyeji
脱垂	tuochui
脱敏作用	tuominzuoyong
脱毛	tuomao
脱毛剂	tuomaoji
脱毛症	tuomaozheng
脱毛的蜡	tuomaodela
脱毛药	tuomaoyao
脱氧核糖	tuoyanghetang
脱水	tuoshui
脱水剂	tuoshuiji
脱水吗啡	tuoshuimafei
脱水收缩	tuoshuishousuo
脱皮	tuopi
脱盐作用	tuoyanzuoyong
脱离	tuoli
脱离正道	tuolizhengdao
脱离速度	tuolisudu
脱离部落化	tuolibuluohua
脱离预期	tuoliyuqi
脱粒	tuoli
脱羧作用	tuosuozuoyong
脱脂棉	tuozhimian
脱臼	tuojiu
脱色	tuose
脱落	tuoluo
脱衣服	tuoyifu
脱角	tuojiao
脱身	tuoshen
脱轨	tuogui
脱逃	tuotao
脱钙	tuogai
脱附作用	tuofuzuoyong
脱靴器	tuoxueqi
脱髓鞘	tuosuiqiao
脲醛树脂	niaoquanshuzhi
脸	lian
脸痉挛	lianjingluan
脸皮	lianpi
脸盆	lianpen
脸红	lianhong
脸腺炎	lianxianyan
脸蛋	liandan
脸蛋子	liandanzi
脸颊	lianjia
脾大	pida
脾气	piqi
脾炎	piyan
脾瘟	piwen
脾肿大	pizhongda
脾脱疽	pituoju
腈	jing
腊肠	lachang
腊肠树	lachangshu
腊肠犬	lachangquan
腋下	yexia
腋下除汗剂	yexiachuhanji
腋瓣	yeban
腋窝	yewo
腐化	fuhua
腐坏	fuhuai
腐朽	fuxiu
腐植页岩	fuzhiyeyan
腐泥土	funitu
腐泥岩	funiyan
腐烂	fulan
腐生物	fushengwu
腐生生物	fushengshengwu
腐胺	fuan
腐蚀	fushi
腐蚀剂	fushiji
腐蚀物	fushiwu
腐败	fubai
腐质土化	fuzhituhua
腐蹄病	futibing
腐霉属	fumeishu
腐霉科	fumeike
腐霉菌	fumeijun
腐香豌豆	fuxiangwandou
腔棘鱼	qiangjiyu
腔调	qiangdiao
腕	wan
腕关节	wanguanjie
腕子	wanzi
腕尺	wanchi
腕带	wandai
腕木	wanmu
腕环	wanhuan
腕足动物	wanzudongwu
腕足门	wanzumen
腥黑穗病	xingheisuibing
腥黑粉菌	xingheifenjun
腭裂	elie
腮	sai
腮帮子	saibangzi
腮托	saituo
腮腺炎	saixianyan
腰	yao
腰包	yaobao
腰围	yaowei
腰子	yaozi
腰布	yaobu
腰带	yaodai
腰果属	yaoguoshu
腰果树	yaoguoshu
腰痛	yaotong
腰腿	yaotui
腰部	yaobu
腰链	yaolian
腱炎	jianyan
腱膜	jianmo
腱鞘炎	jianqiaoyan
腹壁	fubi
腹孕	fuyun
腹带	fudai
腹式呼吸	fushihuxi
腹水	fushui
腹泻	fuxie
腹点	fudian
腹牛肝菌属	funiuganjunshu
腹甲	fujia
腹痛	futong
腹肌	fuji
腹股沟疝气	fugugoushanqi
腹肢鮃属	fuzhipingshu
腹脏突出	fuzangtuchu
腹腔	fuqiang
腹腔妊娠	fuqiangrenshen
腹腔镜	fuqiangjing
腹膜炎	fumoyan
腹菌	fujun
腹菌目	fujunmu
腹足动物	fuzudongwu
腹足类动物	fuzuleidongwu
腹足纲	fuzugang
腹部	fubu
腹部疾病	fubujibing
腹部瘤	fubuliu
腹部的	fubude
腹部鼓胀	fubuguzhang
腹鳍	fuqi
腺体增大	xiantizengda
腺泡	xianpao
腺炎	xianyan
腺疫	xianyi
腺病	xianbing
腺病毒	xianbingdu
腺瘤	xianliu
腺癌	xianai
腺节	xianjie
腺苷	xiangan
腺苷酸	xiangansuan
腻子	nizi
腻烦	nifan
腻烦的	nifande
腾出	tengchu
腾跃	tengyue
腿甲	tuijia
腿肉	tuirou
腿腕子	tuiwanzi
膀胱炎	pangguangyan
膀胱积血	pangguangjixue
膀胱螺	pangguangluo
膀胱螺科	pangguangluoke
膀胱麻痹	pangguangmabi
膏桐	gaotong
膏药	gaoyao
膜叶蕨属	moyejueshu
膜叶蕨科	moyejueke
膜状物	mozhuangwu
膜盒气压计	moheqiyaji
膜翅目	mochimu
膜蕨	mojue
膜质乐器	mozhiyueqi
膜鸣乐器	momingyueqi
膝关节	xiguanjie
膝内翻	xineifan
膝板	xiban
膝盖	xigai
膝盖囊肿	xigainangzhong
膝盖积水	xigaijishui
膝部	xibu
膦	lin
膨润土	pengruntu
膨皮豆	pengpidou
膨胀	pengzhang
膨胀系数	pengzhangxishu
膨胀部分	pengzhangbufen
膳宿	shansu
膽星鱼科	danxingyuke
臀	tun
臀部	tunbu
臂力锻炼	biliduanlian
臂带	bidai
臂状物	bizhuangwu
臂状突起	bizhuangtuqi
臂状部分	bizhuangbufen
臂环	bihuan
臂章	bizhang
臂膀	bibang
臂铠	bikai
臆羚	yiling
臌胀	guzhang
自主	zizhu
自主权	zizhuquan
自体免疫	zitimianyi
自体抗原	zitikangyuan
自体调节	zititiaojie
自供	zigong
自保	zibao
自信	zixin
自信心	zixinxin
自信训练	zixinxunlian
自修课	zixiuke
自倾货车	ziqinghuoche
自养植物	ziyangzhiwu
自切	ziqie
自制力	zizhili
自割	zige
自力更生	ziligengsheng
自办保险	zibanbaoxian
自动催化	zidongcuihua
自动免疫	zidongmianyi
自动化	zidonghua
自动发射	zidongfashe
自动取款机	zidongqukuanji
自动变速器	zidongbiansuqi
自动巡航	zidongxunhang
自动扶梯	zidongfuti
自动控制	zidongkongzhi
自动提款机	zidongtikuanji
自动操作	zidongcaozuo
自动机	zidongji
自动机器	zidongjiqi
自动楼梯	zidonglouti
自动步枪	zidongbuqiang
自动武器	zidongwuqi
自动洗衣店	zidongxiyidian
自动火器	zidonghuoqi
自动电梯	zidongdianti
自动电话	zidongdianhua
自动调温	zidongtiaowen
自动贩卖机	zidongfanmaiji
自动道车	zidongdaoche
自动钢琴	zidonggangqin
自动链梯	zidonglianti
自动阻气门	zidongzuqimen
自动驾驶	zidongjiashi
自动驾驶仪	zidongjiashiyi
自助	zizhu
自助洗衣店	zizhuxiyidian
自助餐	zizhucan
自助餐厅	zizhucanting
自卫机能	ziweijineng
自反性	zifanxing
自发着火	zifazhaohuo
自变量	zibianliang
自告奋勇	zigaofenyong
自圆其说	ziyuanqishuo
自在	zizai
自大的态度	zidadetaidu
自夸	zikua
自始至终	zishizhizhong
自娱	ziyu
自寻麻烦	zixunmafan
自导装置	zidaozhuangzhi
自尊	zizun
自尊心	zizunxin
自愈植物	ziyuzhiwu
自感	zigan
自感系数	ziganxishu
自愿	ziyuan
自愿参加	ziyuancanjia
自愿者	ziyuanzhe
自成一类的	zichengyileide
自我	ziwo
自我中心的	ziwozhongxinde
自我保险	ziwobaoxian
自我催眠	ziwocuimian
自我分解	ziwofenjie
自我平衡	ziwopingheng
自我扩张	ziwokuozhang
自我控制	ziwokongzhi
自我毁灭	ziwohuimie
自我注射器	ziwozhusheqi
自找苦吃	zizhaokuchi
自找麻烦	zizhaomafan
自救	zijiu
自旋	zixuan
自杀	zisha
自来水费	zilaishuifei
自毁	zihui
自治	zizhi
自溶	zirong
自然	ziran
自然免疫力	ziranmianyili
自然分娩	ziranfenmian
自然发生	ziranfasheng
自然增值	ziranzengzhi
自然排列	ziranpailie
自然数	ziranshu
自然法	ziranfa
自然法则	ziranfaze
自然流产	ziranliuchan
自然淘汰	zirantaotai
自然演替	ziranyanti
自然界	ziranjie
自然硫	ziranliu
自然语言	ziranyuyan
自然资源	ziranziyuan
自然过程	ziranguocheng
自然选择	ziranxuanze
自然面	ziranmian
自燃	ziran
自生	zisheng
自由	ziyou
自由主义化	ziyouzhuyihua
自由化	ziyouhua
自由地悬挂	ziyoudixuangua
自由帽	ziyoumao
自由泳	ziyouyong
自由簧	ziyouhuang
自由簧器具	ziyouhuangqiju
自由轮	ziyoulun
自由速度	ziyousudu
自由飞轮	ziyoufeilun
自白	zibai
自相残杀	zixiangcansha
自相矛盾	zixiangmaodun
自私地	zisidi
自私地行事	zisidixingshi
自私的利用	zisideliyong
自秽恐怖	zihuikongbu
自立	zili
自立更生	ziligengsheng
自给自足	zijizizu
自行处理	zixingchuli
自行车	zixingche
自行车架	zixingchejia
自行车轮	zixingchelun
自讨苦吃	zitaokuchi
自谋生计	zimoushengji
自豪	zihao
自负	zifu
自贬	zibian
自身催化	zishencuihua
自身免疫	zishenmianyi
自身抗体	zishenkangti
自身溶解	zishenrongjie
自身调节	zishentiaojie
臭名	chouming
臭味	chouwei
臭夏至草	chouxiazhicao
臭李子	choulizi
臭梧桐	chouwutong
臭椿	chouchun
臭椿属	chouchunshu
臭气	chouqi
臭氧化物	chouyanghuawu
臭油桐	chouyoutong
臭秽	chouhui
臭耳子	chouerzi
臭菖蒲	chouchangpu
臭菜	choucai
臭虫	chouchong
臭虫属	chouchongshu
臭虫科	chouchongke
臭角菌	choujiaojun
臭豆	choudou
臭豆属	choudoushu
臭鼬	chouyou
臭鼬亚科	chouyouyake
臭鼬属	chouyoushu
臭鼻症	choubizheng
至	zhi
至上	zhishang
至交	zhijiao
至圣所	zhishengsuo
至日	zhiri
至点	zhidian
致乏库蚊	zhifakuwen
致伤	zhishang
致使	zhishi
致冷	zhileng
致力	zhili
致力于	zhiliyu
致吐剂	zhituji
致命	zhiming
致命剂量	zhimingjiliang
致幻剂	zhihuanji
致死剂量	zhisijiliang
致污物	zhiwuwu
致病	zhibing
致痒蚤	zhiyangzao
致癌物质	zhiaiwuzhi
致腐败的	zhifubaide
致謝	zhixie
致词	zhici
致醉药物	zhizuiyaowu
臻蘑	zhenmo
臼	jiu
臼齿动物	jiuchidongwu
舀出	yaochu
舀取	yaoqu
舅妈	jiuma
舅母	jiumu
舅父	jiufu
舅舅	jiujiu
舆论	yulun
舆论调查	yulundiaocha
舌	she
舌下垂	shexiachui
舌叶	sheye
舌头	shetou
舌炎	sheyan
舌瓣花	shebanhua
舌痛	shetong
舌苔	shetai
舌蝇	sheying
舌蝇属	sheyingshu
舌蝇科	sheyingke
舌鳎	sheta
舌鳎科	shetake
舍尔邦月	sheerbangyue
舍弃	sheqi
舐	shi
舒喘宁	shuchuanning
舒喘灵	shuchuanling
舒展	shuzhan
舒筋草	shujincao
舒经酚	shujingfen
舒适	shushi
舔	tian
舔舐	tianshi
舞会礼服	wuhuilifu
舞剧	wuju
舞厅	wuting
舞台	wutai
舞台布景	wutaibujing
舞场	wuchang
舞毒蛾	wudue
舞池	wuchi
舞草	wucao
舞草属	wucaoshu
舞蹈	wudao
舞蹈病	wudaobing
舞蹈症	wudaozheng
舞鹤草属	wuhecaoshu
舟	zhou
舟贝	zhoubei
舟贝属	zhoubeishu
舟贝科	zhoubeike
舟鰤	zhoushi
舟鰤属	zhoushishu
航天	hangtian
航天员	hangtianyuan
航天时代	hangtianshidai
航母	hangmu
航海	hanghai
航海图	hanghaitu
航海测链	hanghaicelian
航班	hangban
航程	hangcheng
航空	hangkong
航空公司	hangkonggongsi
航空包裹	hangkongbaoguo
航空医学	hangkongyixue
航空器	hangkongqi
航空图	hangkongtu
航空学	hangkongxue
航空宇宙	hangkongyuzhou
航空术	hangkongshu
航空母舰	hangkongmujian
航空运输	hangkongyunshu
航空邮寄	hangkongyouji
航空队	hangkongdui
航线	hangxian
航行	hangxing
航运	hangyun
航道	hangdao
舭龙骨	bilonggu
舰队	jiandui
舰队司令	jianduisiling
舰队小组	jianduixiaozu
舰首小旗	jianshouxiaoqi
舱	cang
舱口栏板	cangkoulanban
舱口盖	cangkougai
舱壁	cangbi
舱室	cangshi
舱底水井	cangdishuijing
舱底积水	cangdijishui
舱房	cangfang
舱门	cangmen
舱面室	cangmianshi
舵效航速	duoxiaohangsu
舵效速度	duoxiaosudu
舵效速率	duoxiaosulu
舵柄	duobing
舵羽	duoyu
舵轮	duolun
舵鱼	duoyu
舵鱼属	duoyushu
舶茴香	bohuixiang
舷侧	xiance
舷墙	xianqiang
舷梯	xianti
舷缘	xianyuan
舷边	xianbian
船	chuan
船体	chuanti
船只	chuanzhi
船嘴鹭	chuanzuilu
船嘴鹭属	chuanzuilushu
船壳	chuanke
船头	chuantou
船屋	chuanwu
船底龙骨	chuandilonggu
船形碟	chuanxingdie
船桅	chuanwei
船桥	chuanqiao
船用胶	chuanyongjiao
船舱	chuancang
船舶	chuanbo
船蛆	chuanqu
船蛆属	chuanqushu
船蛆科	chuanquke
船蛸	chuanshao
船蛸属	chuanshaoshu
船蛸科	chuanshaoke
船货	chuanhuo
船长	chuanzhang
船长椅	chuanzhangyi
船首	chuanshou
船首帆	chuanshoufan
船首系索	chuanshouxisuo
船龙骨	chuanlonggu
艉楼栅栏	weilouzhalan
艏斜帆	shouxiefan
艏斜帆桁	shouxiefanheng
艏楼	shoulou
艏系索	shouxisuo
艮他霉素	gentameisu
良久	liangjiu
良好秩序	lianghaozhixu
良姜属	liangjiangshu
良序的	liangxude
良心	liangxin
良种马	liangzhongma
艰巨地	jianjudi
艰苦	jianku
艰难	jiannan
艰难局面	jiannanjumian
色原	seyuan
色子	shaizi
色尔法月	seerfayue
色差	secha
色度计	seduji
色彩	secai
色情利用	seqingliyong
色拉	sela
色料	seliao
色母	semu
色淀	sedian
色淀颜料	sedianyanliao
色盲	semang
色素	sesu
色素减退	sesujiantui
色素沉着	sesuchenzhuo
色谱	sepu
色谱法	sepufa
艳丽火焰草	yanlihuoyancao
艳山姜	yanshanjiang
艺人	yiren
艺术	yishu
艺术体操	yishuticao
艺术创作	yishuchuangzuo
艺术史学	yishushixue
艺术品	yishupin
艺术学校	yishuxuexiao
艺术学生	yishuxuesheng
艺术学院	yishuxueyuan
艺术家	yishujia
艺术形式	yishuxingshi
艺术指导	yishuzhidao
艺术活动	yishuhuodong
艺术老师	yishulaoshi
艾伯塔	aibota
艾佛烈	aifulie
艾克思开里伯	aikesikailibo
艾可玛维语	aikemaweiyu
艾司唑仑	aisizuolun
艾司洛尔	aisiluoer
艾奇逊法	aiqixunfa
艾尔夏牛	aierxianiu
艾尔河	aierhe
艾尔达犬	aierdaquan
艾比利尼	aibilini
艾滋病	aizibing
艾滋病毒	aizibingdu
艾菲尔铁塔	aifeiertieta
艾虎	aihu
艾黎	aili
节	jie
节俭	jiejian
节制	jiezhi
节奏	jiezou
节孢子	jiebaozi
节庆	jieqing
节录	jielu
节拍器	jiepaiqi
节日	jieri
节柄科	jiebingke
节毛蕨属	jiemaojueshu
节流阀	jieliufa
节点	jiedian
节略	jielue
节疤	jieba
节目	jiemu
节目主持人	jiemuzhuchiren
节目单	jiemudan
节省	jiesheng
节礼日	jieliri
节约	jieyue
节约度日	jieyueduri
节肢动物	jiezhidongwu
节肢动物科	jiezhidongwuke
节节寒	jiejiehan
节节草	jiejiecao
节铠船蛆	jiekaichuanqu
节间	jiejian
节食	jieshi
节骨草	jiegucao
芒	mang
芒刺	mangci
芒喜	mangxi
芒果	mangguo
芒果属	mangguoshu
芒果树	mangguoshu
芒柄花属	mangbinghuashu
芒硝	mangxiao
芒硝盐	mangxiaoyan
芒萁属	mangqishu
芙蓉树	furongshu
芜菁科	wujingke
芝士	zhishi
芝麻	zhima
芝麻花	zhimahua
芣苢	fuyi
芣菜	fucai
芥	jie
芦枝	luzhi
芦橘	luju
芦竹	luzhu
芦笋	lusun
芦荟属	luhuishu
芦荟科	luhuike
芦藜花	lulihua
芫荽	yansui
芫荽根茎	yansuigenjing
芫香	yanxiang
芬兰马克	fenlanmake
芬芳	fenfang
芬芳紫菀	fenfangziwan
芬郁	fenyu
芬酞尼	fentaini
芬香	fenxiang
芭蕉蜡	bajiaola
芭蕾	balei
芭蕾舞	baleiwu
芭蕾舞短裙	baleiwuduanqun
芭蕾舞裙	baleiwuqun
芯片	xinpian
花	hua
花体的	huatide
花冠大戟	huaguandaji
花剑	huajian
花去	huaqu
花叶病	huayebing
花名册	huamingce
花园	huayuan
花圃	huapu
花坛植物	huatanzhiwu
花尾蝠	huaweifu
花尾蝠属	huaweifushu
花岗岩	huagangyan
花岗石	huagangshi
花布	huabu
花床	huachuang
花序梗	huaxugeng
花序轴	huaxuzhou
花店	huadian
花彩	huacai
花得起	huadeqi
花托	huatuo
花押字	huayazi
花斑家猫	huabanjiamao
花斑西野猪	huabanxiyezhu
花月	huayue
花束	huashu
花柳病	hualiubing
花栗鼠	hualishu
花栗鼠属	hualishushu
花样翻新	huayangfanxin
花样跳伞	huayangtiaosan
花格贝母	huagebeimu
花梗	huageng
花椒	huajiao
花椒属	huajiaoshu
花椰菜	huayecai
花楸	huaqiu
花楸属	huaqiushu
花楸浆果	huaqiujiangguo
花槐属	huahuaishu
花灌木	huaguanmu
花火	huahuo
花炮	huapao
花烟草	huayancao
花环	huahuan
花生	huasheng
花生果	huashengguo
花白旱獭	huabaihanta
花盆	huapen
花窗玻璃	huachuangboli
花簇	huacu
花粉热	huafenre
花粉症	huafenzheng
花缎	huaduan
花耳属	huaershu
花耳科	huaerke
花苜蓿	huamuxu
花苞	huabao
花苹果	huapingguo
花茎	huajing
花药	huayao
花荵属	huarenshu
花荵属植物	huarenshuzhiwu
花荵科	huarenke
花菁染料	huajingranliao
花菱草	hualingcao
花落叶菌	hualuoyejun
花葱	huacong
花葱目	huacongmu
花蓟马	huajima
花蓟马属	huajimashu
花虫类	huachonglei
花蜜	huami
花蝶	huadie
花被	huabei
花豌豆	huawandou
花贝母	huabeimu
花费	huafei
花费少	huafeishao
花费得起	huafeideqi
花费过多	huafeiguoduo
花车	huache
花边	huabian
花金龟属	huajinguishu
花金龟科	huajinguike
花链子	hualianzi
花马	huama
花魁鸟	huakuiniao
花鼠	huashu
花鼠属	huashushu
芳族化合物	fangzuhuahewu
芳泽	fangze
芳烃	fangting
芳草	fangcao
芳香	fangxiang
芳香地	fangxiangdi
芳香醇	fangxiangchun
芷	zhi
芸豆	yundou
芸香	yunxiang
芸香属	yunxiangshu
芸香科	yunxiangke
芹菜萝卜	qincailuobo
芽体	yati
芽孢囊	yabaonang
芽接	yajie
芽月	yayue
芽枝菌属	yazhijunshu
芽枝菌目	yazhijunmu
芽枝菌科	yazhijunke
芽植	yazhi
芽生	yasheng
芽生菌	yashengjun
芽生菌属	yashengjunshu
芽生菌病	yashengjunbing
芽胞叶	yabaoye
芽胞囊群	yabaonangqun
苇鸭属	weiyashu
苋属植物	xianshuzhiwu
苋科	xianke
苍白地	cangbaidi
苍穹	cangqiong
苍蝇	cangying
苍蝇属	cangyingshu
苍蝇翼	cangyingyi
苍鹭	canglu
苏丹磅	sudanbang
苏仿木	sufangmu
苏利亚磅	suliyabang
苏合香	suhexiang
苏合香脂	suhexiangzhi
苏威进程	suweijincheng
苏尔维法	suerweifa
苏打	suda
苏打制造法	sudazhizaofa
苏打水	sudashui
苏摩	sumo
苏木	sumu
苏木科	sumuke
苏格兰帽	sugelanmao
苏格兰教会	sugelanjiaohui
苏格兰短裙	sugelanduanqun
苏维埃化	suweiaihua
苏芳花	sufanghua
苏醒	suxing
苏醒剂	suxingji
苔纲	taigang
苔色素	taisesu
苔草科	taicaoke
苔藓病	taixianbing
苔藓虫	taixianchong
苕条	shaotiao
苗圃	miaopu
苗床	miaochuang
苛待	kedai
苛性钾	kexingjia
苛求	keqiu
苛评	keping
苜蓿	muxu
苜蓿属	muxushu
苜蓿属植物	muxushuzhiwu
苜蓿芽	muxuya
苜蓿草	muxucao
苞	bao
苞片	baopian
苟起子	gouqizi
苦低草	kudicao
苦味素	kuweisu
苦味酸	kuweisuan
苦干	kugan
苦役	kuyi
苦恼	kunao
苦患树	kuhuanshu
苦木	kumu
苦木科	kumuke
苦木裂榄木	kumulielanmu
苦杏	kuxing
苦杏仁甙	kuxingrendai
苦杏苷	kuxinggan
苦树属	kushushu
苦楝	kulian
苦楝树	kulianshu
苦橙树	kuchengshu
苦疟树属	kunueshushu
苦痛	kutong
苦艾油	kuaiyou
苦艾酒	kuaijiu
苦苣苔属	kujutaishu
苦苣苔科	kujutaike
苦苣苔类	kujutailei
苦草	kucao
苦草属	kucaoshu
苦莪	kue
苦菜	kucai
苦葵	kukui
苦行	kuxing
苦行生活	kuxingshenghuo
苦豆	kudou
苦难	kunan
苦鲁病	kulubing
苦麦草	kumaicao
苯	ben
苯丙氨酸	benbingansuan
苯丙胺	benbingan
苯乙烯	benyixi
苯乙烷	benyiwan
苯亚乙烯	benyayixi
苯佐卡因	benzuokayin
苯坐卡因	benzuokayin
苯基	benji
苯妥英	bentuoying
苯并二嗪	benbingerqin
苯异丙胺	benyibingan
苯式	benshi
苯核	benhe
苯海拉明	benhailaming
苯甲基	benjiaji
苯甲酸	benjiasuan
苯甲酸盐	benjiasuanyan
苯甲酸酯	benjiasuanzhi
苯甲酸钠	benjiasuanna
苯胺	benan
苯胺染料	benanranliao
苯酚	benfen
苯酰基	benxianji
苯醌	benkun
苯齐巨林	benqijulin
英亩	yingmu
英制	yingzhi
英制尺	yingzhichi
英吉利	yingjili
英国习俗	yingguoxisu
英国国教	yingguoguojiao
英国山楂	yingguoshanzha
英国式马鞍	yingguoshimaan
英国狂	yingguokuang
英国管	yingguoguan
英国谍犬	yingguodiequan
英国货币	yingguohuobi
英国风俗	yingguofengsu
英安岩	yinganyan
英寸	yingcun
英尺	yingchi
英尺朗伯	yingchilangbo
英式足球	yingshizuqiu
英明	yingming
英石	yingshi
英磅	yingbang
英里	yingli
英里小时	yinglixiaoshi
英镑	yingbang
英雄	yingxiong
苹属	pingshu
苹果	pingguo
苹果冻	pingguodong
苹果压榨机	pingguoyazhaji
苹果园	pingguoyuan
苹果实蝇	pingguoshiying
苹果属	pingguoshu
苹果木	pingguomu
苹果树	pingguoshu
苹果汁	pingguozhi
苹果泥	pingguoni
苹果派	pingguopai
苹果矗蛾	pingguochue
苹果绵蚜	pingguomianya
苹果薄荷	pingguobohe
苹果蜗牛科	pingguowoniuke
苹果车	pingguoche
苹果酱	pingguojiang
苹果锈病	pingguoxiubing
苹果饼	pingguobing
苹桧锈病	pingguixiubing
苹科	pingke
苹蚜	pingya
苻蓠	fuli
茁长素	zhuozhangsu
范例	fanli
范围	fanwei
范畴	fanchou
茄丝核菌	jiasihejun
茄伏革菌	jiafugejun
茄参属	jiacanshu
茄子	qiezi
茄属	jiashu
茄属植物	jiashuzhiwu
茄科	jiake
茅屋	maowu
茅膏菜	maogaocai
茅膏菜属	maogaocaishu
茅膏菜科	maogaocaike
茅草	maocao
茈草	cicao
茉莉	moli
茎	jing
茎基	jingji
茎杆	jinggan
茎溃疡	jingkuiyang
茎疫病	jingyibing
茎轴	jingzhou
茑萝	niaoluo
茗荷儿	mingheer
茗荷属	mingheshu
茗荷科	mingheke
茚	yin
茛苕	genshao
茛菪素	gendangsu
茜素	qiansu
茜素卡红	qiansukahong
茜素红	qiansuhong
茜草	qiancao
茜草属	qiancaoshu
茜草目	qiancaomu
茜草科	qiancaoke
茜黄	qianhuang
茞	chen
茧	jian
茧居	jianju
茨藻	cizao
茨藻属	cizaoshu
茨藻科	cizaoke
茴芹属	huiqinshu
茴藿香	huihuoxiang
茴香	huixiang
茴香属	huixiangshu
茴香曲奇	huixiangquqi
茴香酒	huixiangjiu
茶	cha
茶几	chaji
茶叶盒	chayehe
茶壶套	chahutao
茶巾	chajin
茶晶	chajing
茶树	chashu
茶渍属	chazishu
茶渍属地衣	chazishudiyi
茶渍科	chazike
茶羹	chageng
茶耳	chaer
茶花	chahua
茶苯醇胺	chabenchunan
茶藨子	chabiaozi
茶藨子属	chabiaozishu
茶藨子科	chabiaozike
茶豆	chadou
茶钱	chaqian
茶银耳	chayiner
茺蔚	chongwei
荆桃	jingtao
荆棘	jingji
荆棘王冠	jingjiwangguan
荆芥	jingjie
荆芥属	jingjieshu
荆豆	jingdou
荆豆属	jingdoushu
草	cao
草丛	caocong
草决明	caojueming
草原囊鼠	caoyuannangshu
草原土壤	caoyuanturang
草原犬鼠	caoyuanquanshu
草原狐	caoyuanhu
草原狼	caoyuanlang
草原田鼠	caoyuantianshu
草原马薄荷	caoyuanmabohe
草叶花椒	caoyehuajiao
草图	caotu
草地	caodi
草地网球	caodiwangqiu
草地螟	caodiming
草地螟属	caodimingshu
草地贪夜蛾	caoditanyee
草地鼠尾草	caodishuweicao
草坪	caoping
草坪家具	caopingjiaju
草坪躺椅	caopingtangyi
草子	caozi
草寸香	caocunxiang
草属	caoshu
草席	caoxi
草拟	caoni
草木	caomu
草木茎	caomujing
草玉铃	caoyuling
草盲蝽	caomangchun
草盲蝽属	caomangchunshu
草稿	caogao
草稿纸	caogaozhi
草草看一看	caocaokanyikan
草药	caoyao
草莓	caomei
草莓属	caomeishu
草菇	caogu
草菇属	caogushu
草藤	caoteng
草虫	caochong
草蛉	caoling
草蛉科	caolingke
草蛉虫	caolingchong
草裙	caoqun
草鞋板	caoxieban
草香碗蕨	caoxiangwanjue
草香豌豆	caoxiangwandou
草麝香	caoshexiang
草麻	caoma
荒原	huangyuan
荒地	huangdi
荒废	huangfei
荒漠化	huangmohua
荒漠土	huangmotu
荒疏的	huangshude
荒诞	huangdan
荒诞的	huangdande
荒谬	huangmiu
荒谬的事	huangmiudeshi
荒野	huangye
荔枝	lizhi
荔枝奴	lizhinu
荔枝属	lizhishu
荔枝果	lizhiguo
荔枝树	lizhishu
荚	jia
荚果蕨	jiaguojue
荚果蕨属	jiaguojueshu
荚蒾属	jiamishu
荚蓬植物	jiapengzhiwu
荜拨	bibo
荜澄茄	bichengjia
荞麦	qiaomai
荞麦属	qiaomaishu
荞麦树	qiaomaishu
荞麦蔓	qiaomaiman
荞麦食品	qiaomaishipin
荡妇	dangfu
荡桨	dangjiang
荣誉	rongyu
荣誉晋升	rongyujinsheng
荧光灯	yingguangdeng
荧光笔	yingguangbi
荧光素	yingguangsu
荧石	yingshi
荧色物	yingsewu
荨麻疹	xunmazhen
荫	yin
荫影树	yinyingshu
荭草	hongcao
药	yao
药丸	yaowan
药剂单位	yaojidanwei
药剂师	yaojishi
药品	yaopin
药品中毒	yaopinzhongdu
药店	yaodian
药房	yaofang
药方	yaofang
药旋花	yaoxuanhua
药材	yaocai
药枣	yaozao
药柜	yaogui
药炭鼠李	yaotanshuli
药片	yaopian
药物	yaowu
药物学地	yaowuxuedi
药用水蛭	yaoyongshuizhi
药用白前	yaoyongbaiqian
药箱	yaoxiang
药草园	yaocaoyuan
药蕨属	yaojueshu
药鼠李	yaoshuli
药鼠李皮剂	yaoshulipiji
荷兰彪牛儿	helanbiaoniuer
荷兰榆树病	helanyushubing
荷兰毛狮狗	helanmaoshigou
荷兰炖锅	helandunguo
荷兰烘箱	helanhongxiang
荷兰狮毛狗	helanshimaogou
荷兰芹	helanqin
荷兰薄荷	helanbohe
荷兰豆	helandou
荷包豆	hebaodou
荷叶蕨	heyejue
荷莲豆	heliandou
荷裔南非人	heyinanfeiren
荼毒	tudu
莎木	shamu
莎纶	shalun
莎草蕨属	suocaojueshu
莎草蕨科	suocaojueke
莓	mei
莓肿	meizhong
莠草	youcao
莨菪	langdang
莨菪子	langdangzi
莨菪实	langdangshi
莫利希试验	molixishiyan
莫名其妙	momingqimiao
莫娜	mona
莫尔式拱	moershigong
莫斯科居民的	mosikejuminde
莫比乌斯带	mobiwusidai
莫比乌斯环	mobiwusihuan
莫氏指数	moshizhishu
莫诺铸排机	monuozhupaiji
莫里斯安乐椅	molisianleyi
莰酮	kantong
莱姆	laimu
莱姆病	laimubing
莱尼蕨属	lainijueshu
莱尼蕨科	lainijueke
莱檬果	laimengguo
莱茵石	laiyinshi
莱麦丹月	laimaidanyue
莲属	lianshu
莲花菜	lianhuacai
莳萝	shiluo
莳萝属	shiluoshu
获	huo
获准	huozhun
获利	huoli
获得	huode
获得暴利	huodebaoli
获得物	huodewu
获得选票	huodexuanpiao
获暴利	huobaoli
获益	huoyi
获胜	huosheng
莺类	yinglei
莺蛤科	yinghake
莽撞无礼	mangzhuangwuli
菉豆	ludou
菊亚纲	juyagang
菊头蝠	jutoufu
菊头蝠科	jutoufuke
菊石	jushi
菊粉	jufen
菊糖	jutang
菊苣	juju
菌丝	junsi
菌丝体	junsiti
菌丝束	junsishu
菌伞膜	junsanmo
菌幕	junmu
菌核病	junhebing
菌环	junhuan
菌类	junlei
菌致分解	junzhifenjie
菌血症	junxuezheng
菌褶	junzhe
菌褶真菌	junzhezhenjun
菖蒲	changpu
菖蒲属	changpushu
菖蒲科	changpuke
菘蓝	songlan
菜	cai
菜刀	caidao
菜单	caidan
菜板	caiban
菜棕属	caizongshu
菜椒	caijiao
菜汁	caizhi
菜油	caiyou
菜牛	cainiu
菜粉蝶	caifendie
菜肴	caiyao
菜豆	caidou
菜豆属	caidoushu
菜豆象	caidouxiang
菜豆象属	caidouxiangshu
菝葜	baqia
菝葜属	baqiashu
菝葜科	baqiake
菟丝子	tusizi
菟丝子属	tusizishu
菟丝实	tusishi
菠菜	bocai
菠菜疫病	bocaiyibing
菠萝	boluo
菩萨豆	pusadou
菱形	lingxing
菱形体	lingxingti
菱形网	lingxingwang
菱柱体	lingzhuti
菱羊鲷	lingyangdiao
菱铁矿	lingtiekuang
菱锰矿	lingmengkuang
菱锶矿	lingsikuang
菱镁矿	lingmeikuang
菱面体	lingmianti
菱鲆	lingping
菱鲆属	lingpingshu
菲尔斯	feiersi
菲尔绸	feierchou
菸纸	yanzhi
菹草	jucao
菽	shu
萃取	cuiqu
萌发	mengfa
萌芽	mengya
萎	wei
萎缩	weisuo
萎缩症	weisuozheng
萎蔫病	weinianbing
萎靡不振	weimibuzhen
萎靡不振的	weimibuzhende
萑	huan
萘中毒	naizhongdu
萘酚检测	naifenjiance
萜烃	tieting
萝丝子	luosizi
萝芙木	luofumu
萝芙木属	luofumushu
萝藦科	luomoke
萤光素	yingguangsu
萤火虫	yinghuochong
萤石	yingshi
萤科	yingke
营业关系	yingyeguanxi
营业员	yingyeyuan
营业执照	yingyezhizhao
营业税	yingyeshui
营业费	yingyefei
营业费用	yingyefeiyong
营业额为	yingyeewei
营养上	yingyangshang
营养摄取	yingyangshequ
营养物	yingyangwu
营地	yingdi
营救	yingjiu
营私	yingsi
营运资本	yingyunziben
营运资金	yingyunzijin
营销	yingxiao
萧条	xiaotiao
萨卢基犬	salujiquan
萨卢基狗	salujigou
萨宾	sabin
萨布哈	sabuha
萨当	sadang
萨摩蜜柑橘	samomiganju
萨摩蜜橘	samomiju
萨满教化	samanjiaohua
萨罗	saluo
萨莫耶德狗	samoyedegou
萰树	lianshu
萱草	xuancao
萱草属	xuancaoshu
萱草科	xuancaoke
萱草花	xuancaohua
萱萼	xuane
萸肉	yurou
落	luo
落下	laxia
落下去	laxiaqu
落叶	luoye
落叶剂	luoyeji
落叶植物	luoyezhiwu
落叶藤	luoyeteng
落后	luohou
落后于	luohouyu
落地	luodi
落地灯	luodideng
落地窗	luodichuang
落地角公	luodijiaogong
落基山槭	luojishanqi
落基山樱	luojishanying
落新妇属	luoxinfushu
落沉	luochen
落照	luozhao
落生	luosheng
落花生	luohuasheng
落苏	luosu
落锤	luochui
落雪泥	luoxueni
著名	zhuming
著者	zhuzhe
著色剂	zhuseji
葛属	geshu
葛粉	gefen
葛缕子	geluzi
葛缕子属	geluzishu
葛豆	gedou
葛郁金	geyujin
葛里炸药	gelizhayao
葡月	puyue
葡糖	putang
葡糖二酸	putangersuan
葡糖尿	putangniao
葡萄丹	putaodan
葡萄属	putaoshu
葡萄属植物	putaoshuzhiwu
葡萄弹	putaodan
葡萄柚	putaoyou
葡萄核	putaohe
葡萄槭	putaoqi
葡萄水仙	putaoshuixian
葡萄百合	putaobaihe
葡萄科	putaoke
葡萄糖	putaotang
葡萄糖甙	putaotangdai
葡萄糖苷	putaotanggan
葡萄胎	putaotai
葡萄膜炎	putaomoyan
葡萄蕨属	putaojueshu
葡萄藤	putaoteng
葡萄酒	putaojiu
葡萄风信子	putaofengxinzi
董事	dongshi
董事长	dongshizhang
董棕	dongzong
葫芦	hulu
葫芦兰	hululan
葫芦巴	huluba
葫芦树	hulushu
葫芦树属	hulushushu
葫芦烟斗	huluyandou
葫芦瓠	huluhu
葬	zang
葬礼	zangli
葬送	zangsong
葱属	congshu
葱科	congke
葵叶大黄	kuiyedahuang
葵鱼	kuiyu
蒂法尼玻璃	difaniboli
蒙上薄雾	mengshangbowu
蒙受	mengshou
蒙古症	mengguzheng
蒙古野驴	mengguyelu
蒙哥	mengge
蒙太奇	mengtaiqi
蒙头斗篷	mengtoudoupeng
蒙山茶	mengshancha
蒙汗药	menghanyao
蒙眼布	mengyanbu
蒙眼绷带	mengyanbengdai
蒙羞	mengxiu
蒙蔽	mengbi
蒙阴茶	mengyincha
蒙顶茶	mengdingcha
蒜叶菌	suanyejun
蒜头	suantou
蒟蒻薯	juruoshu
蒟蒻薯属	juruoshushu
蒟蒻薯科	juruoshuke
蒨草	qiancao
蒲包花	pubaohua
蒲包花属	pubaohuashu
蒲团	putuan
蒲席	puxi
蒲式耳	pushier
蒲芹萝卜	puqinluobo
蒲葵属	pukuishu
蒴托	shuotuo
蒴苞	shuobao
蒸发	zhengfa
蒸发岩	zhengfayan
蒸发盐	zhengfayan
蒸发计	zhengfaji
蒸气	zhengqi
蒸汽	zhengqi
蒸汽煤	zhengqimei
蒸汽锅炉	zhengqiguolu
蒸汽驱动	zhengqiqudong
蒸浓	zhengnong
蒸煮	zhengzhu
蒸煮器	zhengzhuqi
蒸馏	zhengliu
蒸馏器	zhengliuqi
蒸馏水	zhengliushui
蒸馏液	zhengliuye
蒸馏罐	zhengliuguan
蒸馏釜	zhengliufu
蒺藜	jili
蒺藜属	jilishu
蒺藜科	jilike
蒿	hao
蒿属植物	haoshuzhiwu
蒿柳	haoliu
蓄水池	xushuichi
蓄电池	xudianchi
蓍草属	shicaoshu
蓑	suo
蓑属	suoshu
蓖子	bizi
蓖箕柴	bijichai
蓖麻	bima
蓖麻属	bimashu
蓖麻油	bimayou
蓖麻油酸	bimayousuan
蓝	lan
蓝丽蝇	lanliying
蓝卷花	lanjuanhua
蓝图	lantu
蓝图纸	lantuzhi
蓝壶花	lanhuhua
蓝头锦鱼	lantoujinyu
蓝宝石	lanbaoshi
蓝尾灰吊	lanweihuidiao
蓝布裙	lanbuqun
蓝斑猎狗	lanbanliegou
蓝星科	lanxingke
蓝晒图纸	lanshaituzhi
蓝晶	lanjing
蓝晶石	lanjingshi
蓝柳穿鱼	lanliuchuanyu
蓝桉树	lananshu
蓝海星	lanhaixing
蓝点牡蛎	landianmuli
蓝狐	lanhu
蓝瓶花	lanpinghua
蓝盆花属	lanpenhuashu
蓝眼玛丽亚	lanyanmaliya
蓝矾	lanfan
蓝砂岩	lanshayan
蓝筹股	lanchougu
蓝绿	lanlu
蓝色	lanse
蓝色快狗	lansekuaigou
蓝色的衣服	lansedeyifu
蓝色盲	lansemang
蓝色筹码	lansechouma
蓝花参	lanhuacan
蓝花烟	lanhuayan
蓝蓟	lanji
蓝蚝	lanhao
蓝蝶	landie
蓝蟹	lanxie
蓝蟹属	lanxieshu
蓝铃花属	lanlinghuashu
蓝靛	landian
蓝鱼	lanyu
蓝鱼属	lanyushu
蓝鱼科	lanyuke
蓝鲈鱼	lanluyu
蓝鲸	lanjing
蓝黄色盲	lanhuangsemang
蓝鼠尾草	lanshuweicao
蓟马	jima
蓟马属	jimashu
蓟马科	jimake
蓬勃发展	pengbofazhan
蓬子菜	pengzicai
蓬蒿菊	penghaoju
蓷	tui
蓼属	liaoshu
蓼目	liaomu
蓼科	liaoke
蓼萍草	liaopingcao
蔑视	mieshi
蔓延	manyan
蔓生植物	manshengzhiwu
蔓藤花纹	mantenghuawen
蔓虎刺	manhuci
蔓虎刺属	manhucishu
蔓越莓	manyuemei
蔓足	manzu
蔓足亚纲	manzuyagang
蔗渣尘肺	zhezhachenfei
蔗糖	zhetang
蔬菜	shucai
蔬菜类	shucailei
蔷薇	qiangwei
蔷薇属	qiangweishu
蔷薇木	qiangweimu
蔷薇目	qiangweimu
蔷薇科	qiangweike
蔷薇辉石	qiangweihuishi
蔼然	airan
蕃拉芦荟	fanlaluhui
蕃茄	fanqie
蕃茄天蛾	fanqietiane
蕈蚊科	xunwenke
蕉麻	jiaoma
蕨属	jueshu
蕨类植物	jueleizhiwu
蕨纲	juegang
蕨萁	jueqi
蕨麻	juema
蕲蛇	qishe
蕴涵	yunhan
蕺菜	jicai
蕺菜属	jicaishu
蕾	lei
蕾丝	leisi
薄叶翠蕨	baoyecuijue
薄壁组织	baobizuzhi
薄壳贻贝	baokeyibei
薄层	baoceng
薄暮	bomu
薄板	baoban
薄棉布	baomianbu
薄浆	baojiang
薄片	baopian
薄片制品	baopianzhipin
薄砂层岩	baoshacengyan
薄纱	baosha
薄纸	baozhi
薄纸板	baozhiban
薄组织	baozuzhi
薄织的麻布	baozhidemabu
薄绸	baochou
薄缘	baoyuan
薄膜	baomo
薄膜蕨属	baomojueshu
薄膜革菌属	baomogejunshu
薄荷	bohe
薄荷属	boheshu
薄荷属植物	boheshuzhiwu
薄荷属的植物	boheshudezhiwu
薄荷脑	bohenao
薄荷醇	bohechun
薄菏香脂	baohexiangzhi
薄软绸	baoruanchou
薄雾	bowu
薇	wei
薪俸	xinfeng
薪架	xinjia
薪水	xinshui
薪火	xinhuo
薪金	xinjin
薪金总额	xinjinzonge
薮春	souchun
薮猫	soumao
薮羚	souling
薯枣	shuzao
薰剂	xunji
薰香	xunxiang
藊豆	biandou
藏	cang
藏书室	cangshushi
藏书楼	cangshulou
藏匿	cangni
藏头诗	cangtoushi
藏獒	zangao
藏菖蒲	cangchangpu
藏青色	zangqingse
藏骸所	canghaisuo
藐	miao
藐视	miaoshi
藓纹玛瑙	xianwenmanao
藜芦属	lilushu
藤	teng
藤勾子	tenggouzi
藤壶	tenghu
藤壶属	tenghushu
藤壶科	tenghuke
藤本植物	tengbenzhiwu
藤杖	tengzhang
藤条	tengtiao
藤枫	tengfeng
藤架	tengjia
藤槭	tengqi
藤绣球	tengxiuqiu
藤萝	tengluo
藤蔓	tengwan
藤蔓植物	tengwanzhiwu
藤蕨科	tengjueke
藤豆	tengdou
藩篱	fanli
藻类	zaolei
藻菌	zaojun
藻菌病	zaojunbing
藿香属	huoxiangshu
藿香蓟	huoxiangji
蘑菇	mogu
蘑菇中毒	moguzhongdu
蘑菇圈	moguquan
虎刺梅	hucimei
虎头蛇尾	hutoushewei
虎头蛇尾的	hutousheweide
虎子桐	huzitong
虎尾兰	huweilan
虎尾兰属	huweilanshu
虎尾兰麻	huweilanma
虎尾花	huweihua
虎尾鞭	huweibian
虎斑宝贝	hubanbaobei
虎斑楝属	hubanlianshu
虎斑猫	hubanmao
虎斑贝	hubanbei
虎狮	hushi
虎猫	humao
虎甲科	hujiake
虎甲虫	hujiachong
虎皮兰	hupilan
虎耳草	huercao
虎耳草属	huercaoshu
虎耳草科	huercaoke
虎鲨科	hushake
虎鲸	hujing
虎鲸属	hujingshu
虐待	nuedai
虐待儿童	nuedaiertong
虐待者	nuedaizhe
虚伪	xuwei
虚假	xujia
虚假的	xujiade
虚妄的	xuwangde
虚幻的	xuhuande
虚幻龙	xuhuanlong
虚度	xudu
虚度光阴	xuduguangyin
虚弱	xuruo
虚拟空间	xunikongjian
虚拟语气	xuniyuqi
虚无	xuwu
虚无幻觉	xuwuhuanjue
虚构	xugou
虚构人物	xugourenwu
虚构的动物	xugoudedongwu
虚的	xude
虚耗	xuhao
虚股	xugu
虚脱	xutuo
虚荣心	xurongxin
虚部	xubu
虚饰	xushi
虫	chong
虫子	chongzi
虫牙	chongya
虫瘿	chongying
虫粪	chongfen
虫胶	chongjiao
虫虫草	chongchongcao
虫霉属	chongmeishu
虫霉目	chongmeimu
虫霉科	chongmeike
虱	shi
虱子	shizi
虱属	shishu
虱病	shibing
虱目	shimu
虱科	shike
虱蝇	shiying
虱蝇属	shiyingshu
虱蝇科	shiyingke
虹	hong
虹光花	hongguanghua
虹彩炎	hongcaiyan
虹彩陶	hongcaitao
虹膜炎	hongmoyan
虹膜粘连	hongmozhanlian
虹膜肿	hongmozhong
虹鲈	honglu
虹鳟	hongzun
虻	meng
虻科	mengke
虾	xia
虾夷葱	xiayicong
虾属	xiashu
虾科	xiake
虾膜花	xiamohua
虾草	xiacao
虾藻	xiazao
虾虎鱼	xiahuyu
虾虎鱼科	xiahuyuke
虾蛄	xiagu
虾蛄属	xiagushu
虾蛄科	xiaguke
蚀刻版	shikeban
蚀本	shiben
蚁丘	yiqiu
蚁属	yishu
蚁狮	yishi
蚁王	yiwang
蚁科	yike
蚁窝	yiwo
蚁蕨	yijue
蚁蕨属	yijueshu
蚁蛉	yiling
蚁蛉属	yilingshu
蚁蛉科	yilingke
蚁蜂	yifeng
蚁蜂科	yifengke
蚁走感	yizougan
蚁酸	yisuan
蚁鸟	yiniao
蚂蚁	mayi
蚂蚱	mazha
蚂蟥	mahuang
蚊	wen
蚊子	wenzi
蚊子咬	wenziyao
蚊帐	wenzhang
蚊母草	wenmucao
蚊科	wenke
蚊蚋	wenrui
蚊蝎蛉	wenxieling
蚊蝎蛉科	wenxielingke
蚋	rui
蚋属	ruishu
蚋科	ruike
蚌	bang
蚌壳蕨属	bangkejueshu
蚌壳蕨科	bangkejueke
蚌类	banglei
蚍蜉	pifu
蚓状体	yinzhuangti
蚓蜥属	yinxishu
蚓蜥科	yinxike
蚕	can
蚕宝宝	canbaobao
蚕属	canshu
蚕蛾	cane
蚕蛾属	caneshu
蚕蛾科	caneke
蚕豆	candou
蚕豆属	candoushu
蚕豆病	candoubing
蚕食	canshi
蚜属	yashu
蚜总科	yazongke
蚜狮	yashi
蚜科	yake
蚜虫	yachong
蚝	hao
蚝卵	haoluan
蚝蘑	haomo
蚤	zao
蚤属	zaoshu
蚤目	zaomu
蚤科	zaoke
蚧属	jieshu
蚧总科	jiezongke
蚧科	jieke
蚯蚓	qiuyin
蚯蚓粪	qiuyinfen
蚱蜢	zhameng
蚶	han
蚶科	hanke
蚺蛇	ranshe
蛀牙	zhuya
蛀牙的洞	zhuyadedong
蛀船虫	zhuchuanchong
蛀船蛤科	zhuchuanhake
蛇	she
蛇北鳚	shebeiwei
蛇咬	sheyao
蛇咬中毒	sheyaozhongdu
蛇头属	shetoushu
蛇头贝母	shetoubeimu
蛇头鱼科	shetouyuke
蛇尾亚纲	sheweiyagang
蛇尾纲	sheweigang
蛇毒	shedu
蛇的咬伤	shedeyaoshang
蛇皮藓	shepixian
蛇纹树	shewenshu
蛇药	sheyao
蛇藤属	shetengshu
蛇蛉	sheling
蛇蛉科	shelingke
蛇蜥	shexi
蛇蜥属	shexishu
蛇蜥科	shexike
蛇蜻蜓	sheqingting
蛇行	shexing
蛇谷草	shegucao
蛇鲭	sheqing
蛇鲭属	sheqingshu
蛇鲭科	sheqingke
蛇鲭鱼	sheqingyu
蛇鹈	sheti
蛇鹈属	shetishu
蛇鹈科	shetike
蛇鹈科鸟	shetikeniao
蛇鹈鸟	shetiniao
蛇麻园	shemayuan
蛇鼻鱼科	shebiyuke
蛇齿鱼属	shechiyushu
蛇齿鱼科	shechiyuke
蛊惑	guhuo
蛋	dan
蛋壳	danke
蛋杯	danbei
蛋白尿	danbainiao
蛋白折叠	danbaizhedie
蛋白石	danbaishi
蛋白胨	danbaidong
蛋白质	danbaizhi
蛋白质微粒	danbaizhiweili
蛋白质组	danbaizhizu
蛋白酶	danbaimei
蛋类	danlei
蛋糕	dangao
蛎鹬	liyu
蛎鹬属	liyushu
蛎鹬科	liyuke
蛔属	huishu
蛔科	huike
蛔虫	huichong
蛔虫病	huichongbing
蛙式泳	washiyong
蛙式游泳	washiyouyong
蛙泳	wayong
蛙类	walei
蛛丝	zhusi
蛛形纲	zhuxinggang
蛛性动物	zhuxingdongwu
蛛猴	zhuhou
蛛猴属	zhuhoushu
蛞蝓	kuoyu
蛞蝓属	kuoyushu
蛞蝓科	kuoyuke
蛤唤藤	hahuanteng
蛤壳	hake
蛤目	hamu
蛤蚌毒素	gebangdusu
蛤蜊	geli
蛤蟆草	hamacao
蛤蟆菌	hamajun
蛭形蚓科	zhixingyinke
蛭纲	zhigang
蛭蚓属	zhiyinshu
蛭蚓科	zhiyinke
蛮横地	manhengdi
蛮石圬工	manshiwugong
蛰伏	zhefu
蛰伏状态	zhefuzhuangtai
蛰龙介属	zhelongjieshu
蛰龙介科	zhelongjieke
蛱蝶	jiadie
蛱蝶科	jiadieke
蛲虫病	naochongbing
蛴螬	qicao
蛹	yong
蛺蝶屬	jiadieshu
蛾蝶花属	ediehuashu
蛾螺属动物	eluoshudongwu
蛾螺科	eluoke
蛾豆	edou
蜀芹	shuqin
蜀葵	shukui
蜀葵属	shukuishu
蜀酸枣	shusuanzao
蜂	feng
蜂后	fenghou
蜂房	fengfang
蜂拥	fengyong
蜂拥进入	fengyongjinru
蜂猴属	fenghoushu
蜂王	fengwang
蜂王浆	fengwangjiang
蜂窝	fengwo
蜂窝织炎	fengwozhiyan
蜂窝结构	fengwojiegou
蜂窝胃	fengwowei
蜂箱	fengxiang
蜂糖罐	fengtangguan
蜂虻	fengmeng
蜂虻科	fengmengke
蜂蜇	fengzhe
蜂蜜	fengmi
蜂音器	fengyinqi
蜂香脂	fengxiangzhi
蜂鸟属	fengniaoshu
蜂鸣器	fengmingqi
蜂麻	fengma
蜇	zhe
蜈蚣科	wugongke
蜉蝣	fuyou
蜉蝣目	fuyoumu
蜉蝣科	fuyouke
蜑螺科	danluoke
蜒螺	yanluo
蜒螺属	yanluoshu
蜒螺科	yanluoke
蜓蛐	tingqu
蜕变	tuibian
蜕皮	tuipi
蜕落	tuiluo
蜗卷弹簧	wojuantanhuang
蜗牛	woniu
蜗牛科	woniuke
蜘蛛	zhizhu
蜘蛛抱蛋	zhizhubaodan
蜘蛛痣	zhizhuzhi
蜘蛛目	zhizhumu
蜘蛛类	zhizhulei
蜘蛛网	zhizhuwang
蜘蛛螺属	zhizhuluoshu
蜘蛛蟹	zhizhuxie
蜘蛛蟹属	zhizhuxieshu
蜘蛛蟹科	zhizhuxieke
蜚蠊属	feilianshu
蜚蠊目	feilianmu
蜚蠊科	feilianke
蜜三塘	misantang
蜜月	miyue
蜜月假期	miyuejiaqi
蜜望	miwang
蜜熊	mixiong
蜜熊属	mixiongshu
蜜獾	mihuan
蜜獾属	mihuanshu
蜜环丝膜菌	mihuansimojun
蜜环菌	mihuanjun
蜜环菌属	mihuanjunshu
蜜环蕈	mihuanxun
蜜莓属	mimeishu
蜜蘑	mimo
蜜蜂	mifeng
蜜蜂属	mifengshu
蜜蜂总料	mifengzongliao
蜜蜂科	mifengke
蜜蜂花	mifenghua
蜜蜂花属	mifenghuashu
蜜蜂食料	mifengshiliao
蜜黄色的	mihuangsede
蜡伞属	lasanshu
蜡伞目	lasanmu
蜡伞科	lasanke
蜡剂	laji
蜡大戟	ladaji
蜡布	labu
蜡染花布	laranhuabu
蜡棕榈	lazonglu
蜡烛	lazhu
蜡烛扦草	lazhuqiancao
蜡烛果属	lazhuguoshu
蜡烛架	lazhujia
蜡画	lahua
蜡笔	labi
蜡膏	lagao
蜡蝉科	lachanke
蜡酸	lasuan
蜡防印花布	lafangyinhuabu
蜣螂	qianglang
蜣螂科	qianglangke
蜥尾草	xiweicao
蜥鱼	xiyu
蜱蝇属	piyingshu
蜷伏	quanfu
蜷着	quanzhe
蜷线	quanxian
蜷缩	quansuo
蜻蜓	qingting
蜻蜓目	qingtingmu
蜾蠃	guoluo
蜾蠃蜂	guoluofeng
蜾蠃蜂属	guoluofengshu
蜿蜒	wanyan
蝇	ying
蝇科	yingke
蝉	chan
蝉属	chanshu
蝉泥蜂属	channifengshu
蝉泥蜂科	channifengke
蝉科	chanke
蝉科昆虫	chankekunchong
蝉联法	chanlianfa
蝉虾	chanxia
蝌蚪	kedou
蝌蚪虾	kedouxia
蝎子草	xiezicao
蝎蛉	xieling
蝎蛉科	xielingke
蝎蝽	xiechun
蝎蝽属	xiechunshu
蝎蝽科	xiechunke
蝗属	huangshu
蝗科	huangke
蝗虫	huangchong
蝗鼠	huangshu
蝗鼠属	huangshushu
蝙蝠	bianfu
蝙蝠兰	bianfulan
蝙蝠刺桐	bianfucitong
蝙蝠属	bianfushu
蝙蝠科	bianfuke
蝙蝠蕨	bianfujue
蝙蝠袖	bianfuxiu
蝙蝠鱼	bianfuyu
蝙蝠鱼科	bianfuyuke
蝰蛇	kuishe
蝴蝶	hudie
蝴蝶百合	hudiebaihe
蝴蝶百合属	hudiebaiheshu
蝴蝶结	hudiejie
蝴蝶豆	hudiedou
蝴蝶鱼	hudieyu
蝴蝶鱼属	hudieyushu
蝴蝶鱼科	hudieyuke
蝶形花亚科	diexinghuayake
蝶形花科	diexinghuake
蝶形领结	diexinglingjie
蝶粉花	diefenhua
蝶豆属	diedoushu
蝼蛄	lougu
螃蟹	pangxie
融化	ronghua
融合	ronghe
融洽	rongqia
融解	rongjie
融资	rongzi
融铁炉	rongtielu
螟蛾	minge
螟蛾属	mingeshu
螟蛾科	mingeke
螨	man
螨恐怖	mankongbu
螨病	manbing
螨目	manmu
螨科	manke
螨蜱目	manpimu
螫	shi
螫刺	shici
螫毛	shimao
螯合	aohe
螯合作用	aohezuoyong
螯合物	aohewu
螯虾属	aoxiashu
螯虾科	aoxiake
螯龙虾	aolongxia
螯龙虾属	aolongxiashu
螯龙虾科	aolongxiake
螳蛉	tangling
螳蛉科	tanglingke
螳螂	tanglang
螳螂亚目	tanglangyamu
螳螂属	tanglangshu
螳螂果	tanglangguo
螳螂科	tanglangke
螳螂虾	tanglangxia
螺丝帽	luosimao
螺丝扳手	luosibanshou
螺丝钉	luosiding
螺内酯	luoneizhi
螺旋	luoxuan
螺旋形	luoxuanxing
螺旋拔塞器	luoxuanbasaiqi
螺旋桨	luoxuanjiang
螺旋狸藻	luoxuanlizao
螺旋管	luoxuanguan
螺旋线	luoxuanxian
螺旋角	luoxuanjiao
螺果	luoguo
螺栓	luoshuan
螺纹	luowen
螺线	luoxian
螺钉	luoding
螺钿	luodian
螽斯	zhongsi
螽斯属	zhongsishu
螽斯科	zhongsike
蟋蟀	xishuai
蟋蟀属	xishuaishu
蟋蟀科	xishuaike
蟋蟀蛙属	xishuaiwashu
蟑螂	zhanglang
蟒蛇	mangshe
蟹	xie
蟹状肿	xiezhuangzhong
蟾蜍	chanchu
蟾鱼	chanyu
蟾鱼科	chanyuke
蠓	meng
蠓属	mengshu
蠓科	mengke
蠕动	rudong
蠕虫	ruchong
蠕虫病	ruchongbing
蠕虫病毒	ruchongbingdu
蠢	chun
蠢人	chunren
蠢货	chunhuo
蠹虫	duchong
蠼螋	qusou
血	xue
血产生	xuechansheng
血亲	xueqin
血凝反应	xueningfanying
血压过低	xueyaguodi
血压过高	xueyaguogao
血友病	xueyoubing
血吸虫属	xuexichongshu
血吸虫病	xuexichongbing
血小板	xuexiaoban
血尿	xueniao
血尿症	xueniaozheng
血崩症	xuebengzheng
血库	xueku
血拼	xuepin
血杞子	xueqizi
血枸子	xuegouzi
血树属	xueshushu
血栓	xueshuan
血栓症	xueshuanzheng
血棕晶质	xuezongjingzhi
血毒症	xueduzheng
血流比容计	xueliubirongji
血浆蛋白	xuejiangdanbai
血液	xueye
血液不调	xueyebudiao
血液凝固	xueyeninggu
血液沉淀	xueyechendian
血液病	xueyebing
血液计数	xueyejishu
血液透析器	xueyetouxiqi
血清病	xueqingbing
血清素	xueqingsu
血球减少	xueqiujianshao
血球密度	xueqiumidu
血球计数	xueqiujishu
血生成	xueshengcheng
血疱	xuepao
血症	xuezheng
血积沉	xuejichen
血竭	xuejie
血管	xueguan
血管化	xueguanhua
血管疾病	xueguanjibing
血管瘤	xueguanliu
血管肉瘤	xueguanrouliu
血糖	xuetang
血红素	xuehongsu
血红蛋白	xuehongdanbai
血纤蛋白	xuexiandanbai
血细胞尿	xuexibaoniao
血细胞比容	xuexibaobirong
血细胞计数	xuexibaojishu
血统	xuetong
血缘	xueyuan
血缺氧	xuequeyang
血肿	xuezhong
血胸	xuexiong
血腥钱	xuexingqian
血色病	xuesebing
血色素	xuesesu
血虫	xuechong
血蚁	xueyi
血蚶	xuehan
血见愁	xuejianchou
血质不良	xuezhibuliang
血质不调	xuezhibudiao
血钙过多	xuegaiguoduo
血钾过多	xuejiaguoduo
血铁黄素	xuetiehuangsu
血齿蜒螺	xuechiyanluo
行不通	xingbutong
行业	hangye
行为	xingwei
行为不端	xingweibuduan
行为者	xingweizhe
行乞	xingqi
行人	xingren
行使	xingshi
行使职务	xingshizhiwu
行军	xingjun
行军床	xingjunchuang
行军蚁	xingjunyi
行军蚁亚科	xingjunyiyake
行凶	xingxiong
行列	hanglie
行刺	xingci
行动	xingdong
行动步骤	xingdongbuzhou
行医	xingyi
行囊	xingnang
行囊架	xingnangjia
行家	hangjia
行屈膝礼	xingquxili
行式打印机	xingshidayinji
行政区	xingzhengqu
行政官	xingzhengguan
行政法	xingzhengfa
行数	xingshu
行星	xingxing
行李	xingli
行李房	xinglifang
行李架	xinglijia
行李箱	xinglixiang
行李舱	xinglicang
行李袋	xinglidai
行李车厢	xinglichexiang
行板乐曲	xingbanyuequ
行板乐段	xingbanleduan
行程	xingcheng
行窃	xingqie
行者	xingzhe
行船	xingchuan
行贿	xinghui
行贿基金	xinghuijijin
行贿物	xinghuiwu
行走	xingzou
行走残疾	xingzoucanji
行车里程	xingchelicheng
行进	xingjin
行进曲	xingjinqu
行驶	xingshi
行骗	xingpian
衍射	yanshe
衍推	yantui
衍生	yansheng
衔接	xianjie
街区	jiequ
街舞	jiewu
街角	jiejiao
街道	jiedao
衡量	hengliang
衣冠冢	yiguanzhong
衣刷	yishua
衣原体疾病	yiyuantijibing
衣囊鼠	yinangshu
衣囊鼠属	yinangshushu
衣囊鼠科	yinangshuke
衣夹	yijia
衣帽架	yimaojia
衣帽间	yimaojian
衣扣	yikou
衣料	yiliao
衣服	yifu
衣服的开叉	yifudekaicha
衣服的胸襟	yifudexiongjin
衣架	yijia
衣柜	yigui
衣橱	yichu
衣物洗涤剂	yiwuxidiji
衣物运送车	yiwuyunsongche
衣着	yizhuo
衣箱	yixiang
衣胞	yibao
衣虱病	yishibing
衣蛾	yie
衣蛾属	yieshu
衣裳	yishang
衣褶	yizhe
衣领	yiling
衣鱼	yiyu
衣鱼属	yiyushu
衣鱼科	yiyuke
补丁	buding
补体	buti
补偿	buchang
补偿余额	buchangyue
补偿物	buchangwu
补偿金	buchangjin
补偿钱	buchangqian
补充	buchong
补充关系	buchongguanxi
补充燃料	buchongranliao
补充的	buchongde
补充说	buchongshuo
补充马	buchongma
补助费	buzhufei
补助金	buzhujin
补救	bujiu
补数	bushu
补给	buji
补给库	bujiku
补给燃料	bujiranliao
补缀地	buzhuidi
补色立体图	buselititu
补花	buhua
补血草	buxuecao
补血药	buxueyao
补角	bujiao
补贴	butie
补足物	buzuwu
补过	buguo
补骨脂属	buguzhishu
表	biao
表兄	biaoxiong
表决	biaojue
表哥	biaoge
表土	biaotu
表妹	biaomei
表姊	biaozi
表始动词	biaoshidongci
表姐	biaojie
表弟	biaodi
表明	biaoming
表格	biaoge
表演	biaoyan
表演时刻	biaoyanshike
表演杂技	biaoyanzaji
表演特技者	biaoyantejizhe
表演者	biaoyanzhe
表现	biaoxian
表现不佳	biaoxianbujia
表现为	biaoxianwei
表现激情	biaoxianjiqing
表现突出	biaoxiantuchu
表皮内突	biaopineitu
表示	biaoshi
表示出	biaoshichu
表示异议	biaoshiyiyi
表袋	biaodai
表达	biaoda
表链	biaolian
表面	biaomian
表面吸收	biaomianxishou
表面玻璃	biaomianboli
表面积	biaomianji
表面角	biaomianjiao
表面麻醉	biaomianmazui
衬垫	chendian
衬垫物	chendianwu
衬托	chentuo
衬料	chenliao
衬衣	chenyi
衬衫	chenshan
衬衫在外	chenshanzaiwai
衬衫袖子	chenshanxiuzi
衬裙	chenqun
衬裤	chenku
衬里	chenli
衰减	shuaijian
衰减器	shuaijianqi
衰变	shuaibian
衰弱	shuairuo
衰弱下去	shuairuoxiaqu
衰微	shuaiwei
衰竭	shuaijie
衰老	shuailao
衰落	shuailuo
衰落时期	shuailuoshiqi
衰败	shuaibai
衰退	shuaitui
袄代	aodai
袋	dai
袋子	daizi
袋网	daiwang
袋貂属	daidiaoshu
袋鼠爪属	daishuzhaoshu
袖口	xiukou
袖口链扣	xiukouliankou
袖子	xiuzi
袖孔	xiukong
袖珍电脑	xiuzhendiannao
袖窿	xiulong
袖章	xiuzhang
袖笼	xiulong
袜子	wazi
袜带	wadai
袜眼鲑	wayangui
袜类	walei
被乘数	beichengshu
被任命	beirenming
被任命人	beirenmingren
被冰冻盖	beibingdonggai
被减数	beijianshu
被分派任务	beifenpairenwu
被分类	beifenlei
被列为	beiliewei
被劝告者	beiquangaozhe
被加工	beijiagong
被加数	beijiashu
被动信托	beidongxintuo
被动免疫	beidongmianyi
被动角色	beidongjuese
被动语态	beidongyutai
被动运输	beidongyunshu
被单	beidan
被占据	beizhanju
被占领	beizhanling
被取代	beiqudai
被变暗的	beibianande
被吊死	beidiaosi
被同化	beitonghua
被吸引	beixiyin
被吸附物	beixifuwu
被吹响	beichuixiang
被告	beigao
被告席	beigaoxi
被困扰	beikunrao
被固定	beiguding
被奴役	beinuyi
被委派人	beiweipairen
被委派者	beiweipaizhe
被子器	beiziqi
被子植物	beizizhiwu
被子植物门	beizizhiwumen
被察觉的	beichajuede
被弄干净	beinongganjing
被归入于	beiguiruyu
被征服	beizhengfu
被怀疑	beihuaiyi
被感染	beiganran
被感知的	beiganzhide
被截肢者	beijiezhizhe
被抑制	beiyizhi
被抛弃的人	beipaoqideren
被拍照	beipaizhao
被拘禁	beijujin
被指定人	beizhidingren
被接受	beijieshou
被推翻	beituifan
被揉	beirou
被提出	beitichu
被提及	beitiji
被提名	beitiming
被提名的人	beitimingderen
被收养者	beishouyangzhe
被收到	beishoudao
被改变	beigaibian
被晒伤	beishaishang
被杀	beisha
被杀死	beishasi
被模糊的	beimohude
被欺骗	beiqipian
被污染	beiwuran
被照相	beizhaoxiang
被监护人	beijianhuren
被磨伤	beimoshang
被禁闭	beijinbi
被粘住	beizhanzhu
被纠缠	beijiuchan
被约束	beiyueshu
被统治	beitongzhi
被继承	beijicheng
被罚下地狱	beifaxiadiyu
被耽搁	beidange
被要求的	beiyaoqiude
被认可	beirenke
被证明的	beizhengmingde
被诅咒的人	beizuzhouderen
被请求的	beiqingqiude
被迫放弃	beipofangqi
被选举	beixuanju
被邀请者	beiyaoqingzhe
被采纳	beicaina
被钉住	beidingzhu
被铸成	beizhucheng
被阻	beizu
被除数	beichushu
被雇用	beiguyong
被震惊	beizhenjing
被面	beimian
被驱使	beiqushi
袭击	xiji
裁决	caijue
裁决者	caijuezhe
裁判	caipan
裁判员	caipanyuan
裁判官	caipanguan
裁判权	caipanquan
裁剪	caijian
裁员	caiyuan
裁定	caiding
裁纸刀	caizhidao
裁缝	caifeng
裂伤	lieshang
裂化	liehua
裂口	liekou
裂口疝	liekoushan
裂口笑	liekouxiao
裂叶	lieye
裂开	liekai
裂榄属	lielanshu
裂殖	liezhi
裂片	liepian
裂纹	liewen
裂纹骨折	liewenguzhe
裂缝	liefeng
裂解	liejie
裂谷热	liegure
裂足	liezu
裂足亚目	liezuyamu
裂足动物	liezudongwu
裂隙	liexi
装	zhuang
装上翅	zhuangshangchi
装以玻璃	zhuangyiboli
装作	zhuangzuo
装修	zhuangxiu
装卸费	zhuangxiefei
装反射器	zhuangfansheqi
装填	zhuangtian
装填物	zhuangtianwu
装备	zhuangbei
装帘子于	zhuanglianziyu
装引擎	zhuangyinqing
装弹	zhuangdan
装扮	zhuangban
装杆于	zhuangganyu
装束	zhuangshu
装椅面于	zhuangyimianyu
装椽于	zhuangchuanyu
装檐口	zhuangyankou
装满	zhuangman
装潢	zhuanghuang
装潢者	zhuanghuangzhe
装火药	zhuanghuoyao
装煤槽	zhuangmeicao
装瓶	zhuangping
装甲	zhuangjia
装甲板	zhuangjiaban
装甲车	zhuangjiache
装甲部队	zhuangjiabudui
装箱	zhuangxiang
装紧	zhuangjin
装置	zhuangzhi
装衣篮	zhuangyilan
装袋机	zhuangdaiji
装订所	zhuangdingsuo
装货费	zhuanghuofei
装蹄铁于	zhuangtitieyu
装载	zhuangzai
装载物	zhuangzaiwu
装载系数	zhuangzaixishu
装载费	zhuangzaifei
装边于	zhuangbianyu
装配	zhuangpei
装配场	zhuangpeichang
装配线	zhuangpeixian
装门于	zhuangmenyu
装音柱	zhuangyinzhu
装饰	zhuangshi
装饰假发	zhuangshijiafa
装饰品	zhuangshipin
装饰家	zhuangshijia
装饰物	zhuangshiwu
装饰的	zhuangshide
装饰边	zhuangshibian
裕茂萝	yumaoluo
裘	qiu
裘皮大衣	qiupidayi
裙	qun
裙子	qunzi
裙撑	quncheng
裙环	qunhuan
裙饰	qunshi
裤子	kuzi
裤管	kuguan
裤脚夹	kujiaojia
裤腿	kutui
裤衩	kucha
裨益	biyi
裸伞属	luosanshu
裸体	luoti
裸子器	luoziqi
裸子植物	luozizhiwu
裸尾犰狳属	luoweiqiuyushu
裸泳	luoyong
裸潜	luoqian
裸眼的	luoyande
裸蕨	luojue
裸蕨属	luojueshu
裸蕨植物	luojuezhiwu
裸蕨目	luojuemu
裸蕨科	luojueke
裸躄鱼	luobiyu
裸露	luolu
裸颈鹳	luojingguan
裸颈鹳属	luojingguanshu
裸鳃亚目	luosaiyamu
裸鳃目	luosaimu
裸鼠	luoshu
裸鼢鼠	luofenshu
裸鼢鼠属	luofenshushu
裸鼹鼠	luoyanshu
裹	guo
裹以糖衣	guoyitangyi
褐家鼠	hejiashu
褐棕鮰	hezonghui
褐煤	hemei
褐石	heshi
褐砂石	heshashi
褐砂石房屋	heshashifangwu
褐腐病	hefubing
褐色颜料	heseyanliao
褐菌素	hejunsu
褐藻胶	hezaojiao
褐藻酸	hezaosuan
褐虾科	hexiake
褐蛉	heling
褐蛉科	helingke
褐软蜡蚧	heruanlajie
褐钇铌矿	heyinikuang
褐鹿花菌	heluhuajun
褐黄斑	hehuangban
褐黄跳鼠	hehuangtiaoshu
褐鼠	heshu
褒义化	baoyihua
褒扬	baoyang
褥疮	ruchuang
褥草	rucao
褪色柳	tuishailiu
褪落	tuiluo
褫夺公权	chiduogongquan
褶痕	zhehen
褶皱	zhezhou
褶缝	zhefeng
褶裙	zhequn
褶裥花边	zhejianhuabian
褶襞	zhebi
褶边	zhebian
襀翅目	jichimu
襞鱼	biyu
襞鱼科	biyuke
襟翼	jinyi
西偏北	xipianbei
西偏南	xipiannan
西兰花	xilanhua
西力欣	xilixin
西化	xihua
西北	xibei
西北偏北	xibeipianbei
西北偏西	xibeipianxi
西南	xinan
西南偏南	xinanpiannan
西南偏西	xinanpianxi
西印度椿	xiyinduchun
西当归	xidanggui
西方	xifang
西方伏翼	xifangfuyi
西方化	xifanghua
西方国家	xifangguojia
西方大耳蝠	xifangdaerfu
西方狍	xifangpao
西枸杞	xigouqi
西椒	xijiao
西比	xibi
西洋接骨木	xiyangjiegumu
西洋李子	xiyanglizi
西洋枸杞	xiyanggouqi
西洋棋盘	xiyangqipan
西洋水仙	xiyangshuixian
西洋甘菊	xiyangganju
西洋细葱	xiyangxicong
西洋衣鱼	xiyangyiyu
西洼古猿	xiwaguyuan
西洼古猿属	xiwaguyuanshu
西点	xidian
西特琴	xiteqin
西猯属	xituanshu
西猯科	xituanke
西玛三嗪	ximasanqin
西玛津	ximajin
西班牙古银币	xibanyaguyinbi
西班牙椿	xibanyachun
西班牙猎犬	xibanyaliequan
西班牙鲛鱼	xibanyajiaoyu
西疆岩蕨	xijiangyanjue
西立伐他汀	xilifatating
西米	ximi
西红柿	xihongshi
西藏小狗	xizangxiaogou
西藏梗	xizanggeng
西装	xizhuang
西谷椰子	xiguyezi
西谷椰子属	xiguyezishu
西谷米	xigumi
西赫托拉节	xihetuolajie
西趪	xihuang
西部灰松鼠	xibuhuisongshu
西采	xicai
西门子	ximenzi
西阿拉黄檀	xialahuangtan
西非荔枝果	xifeilizhiguo
西餐用大盘	xicanyongdapan
西鲱	xifei
西鲱属	xifeishu
要	yao
要价	yaojia
要塞	yaosai
要挟	yaoxie
要求	yaoqiu
要求支付	yaoqiuzhifu
要求还清	yaoqiuhuanqing
要洗的衣服	yaoxideyifu
要洗的衣物	yaoxideyiwu
要点	yaodian
要素	yaosu
要紧	yaojin
要考虑的事	yaokaoludeshi
要道	yaodao
覆咬合	fuyaohe
覆巾	fujin
覆没	fumo
覆盆	fupen
覆盆子	fupenzi
覆盆莓	fupenmei
覆盖	fugai
覆盖一层	fugaiyiceng
覆盖材料	fugaicailiao
覆盖物	fugaiwu
覆盾甲龙	fudunjialong
覆面	fumian
见	jian
见习期	jianxiqi
见习生	jianxisheng
见到	jiandao
见底回升	jiandihuisheng
见肿消	jianzhongxiao
见解	jianjie
见证	jianzheng
见面	jianmian
观	guan
观众	guanzhong
观众席	guanzhongxi
观光	guanguang
观光事业	guanguangshiye
观光客	guanguangke
观剧镜	guanjujing
观察	guancha
观察到	guanchadao
观察员	guanchayuan
观察孔	guanchakong
观念	guannian
观景亭	guanjingting
观景房	guanjingfang
观景楼	guanjinglou
观望	guanwang
观测	guance
观测结果	guancejieguo
观测结论	guancejielun
观点	guandian
观看	guankan
观看者	guankanzhe
观音座莲	guanyinzuolian
观音竹	guanyinzhu
规划	guihua
规则	guize
规则化	guizehua
规则系统	guizexitong
规定	guiding
规定时间	guidingshijian
规定浓度	guidingnongdu
规度	guidu
规格	guige
规模	guimo
规范	guifan
规范的	guifande
规避	guibi
觅购古玩	migouguwan
视力	shili
视听教具	shitingjiaoju
视察	shicha
视幻觉	shihuanjue
视敏度	shimindu
视杯	shibei
视疲劳	shipilao
视移	shiyi
视网膜脱离	shiwangmotuoli
视而不见	shierbujian
视蛋白	shidanbai
视觉	shijue
视觉障碍	shijuezhangai
视角	shijiao
视野狭隘	shiyexiaai
视黄醛	shihuangquan
觉察	juecha
觉察到	juechadao
觉得	juede
觉得像是	juedexiangshi
觉醒	juexing
角	jiao
角企鹅属	jiaoqieshu
角位	jiaowei
角副棘鮃	jiaofujiping
角化棘皮瘤	jiaohuajipiliu
角叉菜胶	jiaochacaijiao
角叫鸭属	jiaojiaoyashu
角嘴海雀	jiaozuihaique
角坐标	jiaozuobiao
角岩	jiaoyan
角度	jiaodu
角度位置	jiaoduweizhi
角形	jiaoxing
角形托座	jiaoxingtuozuo
角撑板	jiaochengban
角撑架	jiaochengjia
角朊	jiaoruan
角果藻	jiaoguozao
角果藻属	jiaoguozaoshu
角果藻科	jiaoguozaoke
角柱	jiaozhu
角海鹦	jiaohaiying
角砾岩	jiaoliyan
角笛	jiaodi
角箱魨	jiaoxiangtun
角胡麻	jiaohuma
角胡麻属	jiaohumashu
角胡麻科	jiaohumake
角膜炎	jiaomoyan
角膜疼痛	jiaomotengtong
角膜病	jiaomobing
角膜痛	jiaomotong
角膜白斑	jiaomobaiban
角膜结膜炎	jiaomojiemoyan
角膜软化	jiaomoruanhua
角膜银行	jiaomoyinhang
角膜镜	jiaomojing
角色	juese
角苔属	jiaotaishu
角苔目	jiaotaimu
角苔科	jiaotaike
角落	jiaoluo
角落球袋	jiaoluoqiudai
角蛋白	jiaodanbai
角蝇	jiaoying
角蝉	jiaochan
角蝉科	jiaochanke
角蝰	jiaokui
角豆	jiaodou
角豆树	jiaodoushu
角贝	jiaobei
角贝壳	jiaobeike
角质	jiaozhi
角质化	jiaozhihua
角质疣	jiaozhiyou
角质素	jiaozhisu
角逐	juezhu
角钉	jiaoding
角铁	jiaotie
角铁托	jiaotietuo
角锥	jiaozhui
角锥体	jiaozhuiti
角锥形	jiaozhuixing
角闪岩	jiaoshanyan
角闪石	jiaoshanshi
角闪石类	jiaoshanshilei
角页岩	jiaoyeyan
角马	jiaoma
角鲸属	jiaojingshu
角鲸科	jiaojingke
角齿鱼	jiaochiyu
角齿鱼属	jiaochiyushu
角齿鱼科	jiaochiyuke
解体	jieti
解像	jiexiang
解决	jiejue
解决问题	jiejuewenti
解冻	jiedong
解冻器	jiedongqi
解剖	jiepou
解剖学	jiepouxue
解剖学家	jiepouxuejia
解压	jieya
解吸作用	jiexizuoyong
解吸附作用	jiexifuzuoyong
解密机	jiemiji
解开	jiekai
解开纠结	jiekaijiujie
解放	jiefang
解放运动	jiefangyundong
解救	jiejiu
解散	jiesan
解散联盟	jiesanlianmeng
解析	jiexi
解析几何	jiexijihe
解析学	jiexixue
解析立体主义	jiexilitizhuyi
解毒剂	jieduji
解毒药	jieduyao
解法	xiefa
解热药	jiereyao
解热药剂	jiereyaoji
解痉	jiejing
解痉法	jiejingfa
解痉药	jiejingyao
解痉药剂	jiejingyaoji
解码器	jiemaqi
解离常数	jielichangshu
解离症	jielizheng
解答	jieda
解索针	jiesuozhen
解职令	jiezhiling
解胶	jiejiao
解脱	jietuo
解药	jieyao
解调器	jietiaoqi
解释	jieshi
解释者	jieshizhe
解除	jiechu
解除僧职	jiechusengzhi
解除接管	jiechujieguan
解除控制	jiechukongzhi
解除管制	jiechuguanzhi
解除警报	jiechujingbao
解雇	jiegu
触	chu
触及	chuji
触发器	chufaqi
触媒	chumei
触媒剂	chumeiji
触手	chushou
触摸	chumo
触毛	chumao
触电	chudian
触痛	chutong
触觉	chujue
触觉迟钝	chujuechidun
触觉障碍	chujuezhangai
触角	chujiao
触角腺	chujiaoxian
触角芒	chujiaomang
触须	chuxu
言及	yanji
言语不清	yanyubuqing
言语模式	yanyumoshi
言语粗俗的	yanyucusude
言语讷吃	yanyunechi
言语重复	yanyuchongfu
言过其实地	yanguoqishidi
誓约人	shiyueren
誓言	shiyan
警	jing
警卫	jingwei
警卫室	jingweishi
警句家	jingjujia
警告	jinggao
警官	jingguan
警察	jingcha
警惕	jingti
警戒	jingjie
警戒船	jingjiechuan
警戒艇	jingjieting
警报	jingbao
警报器	jingbaoqi
警报系统	jingbaoxitong
警方	jingfang
警棍	jinggun
警犬	jingquan
警车	jingche
计划	jihua
计划周密的	jihuazhoumide
计数	jishu
计数器	jishuqi
计数管	jishuguan
计日工	jirigong
计时	jishi
计时工作	jishigongzuo
计时码表	jishimabiao
计程仪	jichengyi
计程绳	jichengsheng
计程车	jichengche
计税基数	jishuijishu
计算	jisuan
计算器	jisuanqi
计算机	jisuanji
计算机制图	jisuanjizhitu
计算机地址	jisuanjidizhi
计算机技术	jisuanjijishu
计算机操作	jisuanjicaozuo
计算机电路	jisuanjidianlu
计算机病毒	jisuanjibingdu
计算机科学	jisuanjikexue
计算机系统	jisuanjixitong
计算障碍	jisuanzhangai
计较	jijiao
计量单位	jiliangdanwei
计量器	jiliangqi
订价	dingjia
订单	dingdan
订婚戒指	dinghunjiezhi
订户	dinghu
订房价格	dingfangjiage
订约	dingyue
订约参加	dingyuecanjia
订计划	dingjihua
订阅	dingyue
订阅者	dingyuezhe
订阅费	dingyuefei
认为	renwei
认出	renchu
认可	renke
认可的股数	renkedegushu
认可股份	renkegufen
认可股数	renkegushu
认同	rentong
认真	renzhen
认真关注	renzhenguanzhu
认真工作	renzhengongzuo
认知	renzhi
认股权	renguquan
认股权证	renguquanzheng
认证服务	renzhengfuwu
认识	renshi
认识不能	renshibuneng
认购	rengou
认错	rencuo
认领	renling
讨	tao
讨价还价	taojiahuanjia
讨厌	taoyan
讨厌地	taoyandi
讨厌的人	taoyanderen
讨厌鬼	taoyangui
讨好	taohao
讨论	taolun
讨论会	taolunhui
讨钱	taoqian
让	rang
让位者	rangweizhe
让出	rangchu
让受到	rangshoudao
让受方	rangshoufang
让开	rangkai
让步	rangbu
让渡	rangdu
让路	ranglu
训导	xundao
训服	xunfu
训炼	xunlian
训练	xunlian
训诫	xunjie
训谕	xunyu
议事厅	yishiting
议事录	yishilu
议价	yijia
议会	yihui
议会税	yihuishui
议员	yiyuan
议员休息室	yiyuanxiuxishi
议员发言席	yiyuanfayanxi
议员靴	yiyuanxue
议程	yicheng
议长	yizhang
讯息	xunxi
讯问	xunwen
记事	jishi
记事手册	jishishouce
记事本	jishiben
记于黑名单	jiyuheimingdan
记住	jizhu
记入借方	jirujiefang
记入名单内	jirumingdannei
记分	jifen
记分员	jifenyuan
记号表现	jihaobiaoxian
记名公债	jiminggongzhai
记录	jilu
记录器	jiluqi
记得	jide
记忆	jiyi
记忆力	jiyili
记忆缺失	jiyiqueshi
记时仪	jishiyi
记时器	jishiqi
记时计	jishiji
记波器	jiboqi
记者	jizhe
记者地	jizhedi
记风法	jifengfa
讲	jiang
讲习会	jiangxihui
讲习班	jiangxiban
讲价	jiangjia
讲台	jiangtai
讲堂	jiangtang
讲座	jiangzuo
讲演	jiangyan
讲演者	jiangyanzhe
讲话	jianghua
讲话下流	jianghuaxialiu
讲课	jiangke
讲述	jiangshu
讲道	jiangdao
许可	xuke
许可证	xukezheng
许多	xuduo
讹诈	ezha
论	lun
论坛	luntan
论据	lunju
论文	lunwen
论点	lundian
论理	lunli
论理上	lunlishang
论证	lunzheng
论证者	lunzhengzhe
论述	lunshu
论题	lunti
讼争	songzheng
讼案	songan
讽刺	fengci
讽刺语言	fengciyuyan
讽喻法	fengyufa
设备	shebei
设想	shexiang
设施	sheshi
设法	shefa
设法对付	shefaduifu
设法拥有	shefayongyou
设法获得	shefahuode
设炮门	shepaomen
设立	sheli
设计	sheji
设计图	shejitu
设计家	shejijia
设计师	shejishi
设计者	shejizhe
访客	fangke
访问	fangwen
访问时间	fangwenshijian
访问权	fangwenquan
证书	zhengshu
证人	zhengren
证件	zhengjian
证券	zhengquan
证券纸	zhengquanzhi
证实	zhengshi
证据	zhengju
证明	zhengming
证明人	zhengmingren
证明是	zhengmingshi
评为不及格	pingweibujige
评价	pingjia
评价人	pingjiaren
评价者	pingjiazhe
评估	pinggu
评判	pingpan
评判员	pingpanyuan
评定	pingding
评注	pingzhu
评注者	pingzhuzhe
评理	pingli
评议会	pingyihui
评论	pinglun
评论家	pinglunjia
诅咒	zuzhou
识别	shibie
识别出	shibiechu
识字的人	shizideren
识破	shipo
诈取	zhaqu
诈称	zhacheng
诈骗	zhapian
诈骗行为	zhapianxingwei
诈骗钱财	zhapianqiancai
诉冤	suyuan
诉讼	susong
诉讼案	susongan
诉讼案件	susonganjian
诉讼费	susongfei
诉说	sushuo
诉诸	suzhu
诊察台	zhenchatai
诊所	zhensuo
诊断	zhenduan
诋毁	dihui
词义转佳	ciyizhuanjia
词典	cidian
词形变化	cixingbianhua
词性一致	cixingyizhi
词缀法	cizhuifa
词藻浮华地	cizaofuhuadi
词首省略	cishoushenglue
词首脱落	cishoutuoluo
译码器	yimaqi
试	shi
试一试	shiyishi
试做	shizuo
试剂	shiji
试唱	shichang
试图	shitu
试图得分	shitudefen
试奏	shizou
试探	shitan
试映	shiying
试演	shiyan
试点计划	shidianjihua
试点项目	shidianxiangmu
试用期	shiyongqi
试着干干	shizhegangan
试穿	shichuan
试算表	shisuanbiao
试衣	shiyi
试试看	shishikan
试读期	shiduqi
试镜	shijing
试镜头	shijingtou
试飞	shifei
试验	shiyan
试验者	shiyanzhe
试验计划	shiyanjihua
试验飞行	shiyanfeixing
诗	shi
诗人	shiren
诗歌	shige
诗琴	shiqin
诗的破格	shidepoge
诗集	shiji
诘问	jiewen
诙谐	huixie
诚实	chengshi
诛求	zhuqiu
话	hua
话筒	huatong
话题	huati
诞生	dansheng
诞辰	danchen
诡计	guiji
询问	xunwen
该死的	gaiside
详审	xiangshen
详察	xiangcha
详情	xiangqing
详查	xiangcha
详细叙述	xiangxixushu
详细复审	xiangxifushen
详细阐述	xiangxichanshu
详述	xiangshu
诬蔑	wumie
语义关系	yuyiguanxi
语义完美	yuyiwanmei
语境	yujing
语录	yulu
语态	yutai
语气	yuqi
语法	yufa
语法关系	yufaguanxi
语素变体	yusubianti
语言	yuyan
语言关系	yuyanguanxi
语言处理	yuyanchuli
语言失序	yuyanshixu
语言表达	yuyanbiaoda
语调	yudiao
误入歧途	wuruqitu
误导	wudao
误差	wucha
误报	wubao
误放	wufang
误解	wujie
诱使	youshi
诱使的	youshide
诱导催眠	youdaocuimian
诱导剂	youdaoji
诱导的欺骗	youdaodeqipian
诱惑	youhuo
诱惑物	youhuowu
诱拐	youguai
诱捕	youbu
诱饵	youer
诱骗	youpian
说	shuo
说傻话	shuoshahua
说出	shuochu
说呆话	shuodaihua
说得通	shuodetong
说教	shuojiao
说明	shuoming
说明文字	shuomingwenzi
说服	shuofu
说法	shuofa
说着	shuozhe
说胡话	shuohuhua
说话	shuohua
说话方式	shuohuafangshi
说话的人	shuohuaderen
说谎	shuohuang
说起	shuoqi
说闲话	shuoxianhua
诵经节	songjingjie
请	qing
请愿	qingyuan
请愿书	qingyuanshu
请求	qingqiu
请求得到	qingqiudedao
诸侯	zhuhou
诸圣日	zhushengri
诸如此类	zhurucilei
诸灵节	zhulingjie
诺曼底的	nuomandide
诺林属	nuolinshu
诺福克梗	nuofukegeng
诺胡提	nuohuti
诺言	nuoyan
诺鲁兹节	nuoluzijie
诺龙	nuolong
读书人	dushuren
读写能力	duxienengli
读者	duzhe
诽谤	feibang
课什一税	keshenyishui
课以关税	keyiguanshui
课以税	keyishui
课以罚金	keyifajin
课堂	ketang
课征	kezheng
课文	kewen
课本	keben
课程	kecheng
课程学分	kechengxuefen
课税扣除	keshuikouchu
课税过重	keshuiguozhong
课题	keti
谁	shui
调上来	diaoshanglai
调任	diaoren
调停	tiaoting
调光器	tiaoguangqi
调动	diaodong
调味料	tiaoweiliao
调味瓶	tiaoweiping
调和	tiaohe
调幅	tiaofu
调度室	diaodushi
调情	tiaoqing
调戏	tiaoxi
调换	diaohuan
调整	tiaozheng
调整记录	tiaozhengjilu
调整过的	tiaozhengguode
调查	diaocha
调查员	diaochayuan
调查团	diaochatuan
调查研究	diaochayanjiu
调查表	diaochabiao
调焦	tiaojiao
调理作用	tiaolizuoyong
调理素	tiaolisu
调经剂	tiaojingji
调羹	tiaogeng
调节	tiaojie
调节器	tiaojieqi
调节温度	tiaojiewendu
调解人	tiaojieren
调谐	tiaoxie
调谐钮	tiaoxieniu
调转	diaozhuan
调速器	diaosuqi
调速轮	diaosulun
调遣	diaoqian
调音	tiaoyin
谄媚	chanmei
谈	tan
谈判	tanpan
谈到	tandao
谈论	tanlun
谈话	tanhua
谋划	mouhua
谋反	moufan
谋杀	mousha
谍犬	diequan
谎报	huangbao
谎言	huangyan
谎话	huanghua
谐音	xieyin
谐音的	xieyinde
谚语式的	yanyushide
谚语的	yanyude
谢克尔	xiekeer
谢意	xieyi
谢礼	xieli
谢绝	xiejue
谢谢	xiexie
谣言	yaoyan
谦卑	qianbei
谦恭	qiangong
谦恭有礼	qiangongyouli
谨慎	jinshen
谨慎小心	jinshenxiaoxin
谴责	qianze
谵妄	zhanwang
谷仓	gucang
谷仓大门	gucangdamen
谷刺	guci
谷壳	guke
谷氨酸	guansuan
谷氨酸盐	guansuanyan
谷氨酸脂	guansuanzhi
谷物	guwu
谷物交易所	guwujiaoyisuo
谷物碗	guwuwan
谷种	guzhong
谷类食品	guleishipin
谷精草	gujingcao
谷精草属	gujingcaoshu
谷精草科	gujingcaoke
谷蛋白	gudanbai
谷蛾	gue
谷蛾属	gueshu
谷蛾总科	guezongke
谷蛾科	gueke
谷蛾科昆虫	guekekunchong
豁免	huomian
豆	dou
豆叶霸王	douyebawang
豆娘	douniang
豆娘蜓	douniangting
豆娘鱼	douniangyu
豆娘鱼属	douniangyushu
豆樱	douying
豆瓣绿属	doubanlushu
豆瓣绿草	doubanlucao
豆瓣菜	doubancai
豆的主茎	doudezhujing
豆科属	doukeshu
豆秸	doujie
豆类	doulei
豆类中毒	douleizhongdu
豆素	dousu
豆腐	doufu
豆茎	doujing
豆荚	doujia
豆蓉	dourong
豆薯	doushu
豆薯属	doushushu
豆蟹	douxie
豆蟹属	douxieshu
豆蟹科	douxieke
豆角	doujiao
豆象属	douxiangshu
豆象科	douxiangke
豆须子	douxuzi
豇豆	jiangdou
豇豆属	jiangdoushu
豌豆	wandou
豌豆属	wandoushu
豌豆籽	wandouzi
豌豆荚	wandoujia
豌豆象	wandouxiang
豚猪	tunzhu
豚草花粉	tuncaohuafen
豚鱼	tunyu
豚鼠	tunshu
豚鼠属	tunshushu
豚鼠科	tunshuke
象	xiang
象征	xiangzheng
象法螺科	xiangfaluoke
象牙	xiangya
象牙果	xiangyaguo
象牙棕榈	xiangyazonglu
象牙椰子	xiangyayezi
象牙椰子属	xiangyayezishu
象牙椰树	xiangyayeshu
象牙白	xiangyabai
象牙红	xiangyahong
象牙质	xiangyazhi
象甲	xiangjia
象甲科	xiangjiake
象皮病	xiangpibing
象科	xiangke
象耳	xianger
象轿	xiangjiao
象限盲	xiangxianmang
象鹅的	xiangede
象鼻子	xiangbizi
象鼻虫	xiangbichong
豪华	haohua
豪华班轮	haohuabanlun
豪华轿车	haohuajiaoche
豪猪	haozhu
豪猪型亚目	haozhuxingyamu
豪猪科	haozhuke
豹	bao
豹子	baozi
豹属	baoshu
豹斑口蘑	baobankoumo
豹猫	baomao
豹皮	baopi
豹纹蝶	baowendie
豹纹蝶属	baowendieshu
豹蟾鱼	baochanyu
豹鲂鮄	baofangfu
豹鲂鮄属	baofangfushu
豹鲂鮄科	baofangfuke
豺狗属	chaigoushu
豺狼	chailang
貂	diao
貂属	diaoshu
貂熊	diaoxiong
貂熊属	diaoxiongshu
貂皮	diaopi
貂皮大衣	diaopidayi
貉子	haozi
貉属	haoshu
貉藻	haozao
貉藻属	haozaoshu
貌	mao
貌似真的	maosizhende
貘属	moshu
貘科	moke
贝	bei
贝他铁	beitatie
贝利桥	beiliqiao
贝叶棕属	beiyezongshu
贝塞猎狗	beisailiegou
贝壳	beike
贝壳杉	beikeshan
贝壳杉属	beikeshanshu
贝壳松脂	beikesongzhi
贝壳碟	beikedie
贝壳花	beikehua
贝壳花属	beikehuashu
贝币	beibi
贝斯	beisi
贝斯吉他	beisijita
贝昂纳大桥	beiangnadaqiao
贝母	beimu
贝母属	beimushu
贝母的一种	beimudeyizhong
贝类毒素	beileidusu
贝雕	beidiao
贝雷帽	beileimao
贝鲁卡鲸	beilukajing
贞蔚	zhenwei
负伤	fushang
负债	fuzhai
负反馈	fufankui
负子科	fuzike
负子蝽科	fuzichunke
负担	fudan
负担得起	fudandeqi
负担支付	fudanzhifu
负有责任	fuyouzeren
负荷	fuhe
负责	fuze
负责人的	fuzerende
负载	fuzai
负载系数	fuzaixishu
负载量	fuzailiang
贡多拉	gongduola
贡献	gongxian
财产	caichan
财产权	caichanquan
财产税	caichanshui
财力	caili
财务代理人	caiwudailiren
财务报告书	caiwubaogaoshu
财务损失	caiwusunshi
财务管理	caiwuguanli
财务经纪费	caiwujingjifei
财富	caifu
财政年度	caizhengniandu
财政损失	caizhengsunshi
财政支持	caizhengzhichi
财政管理	caizhengguanli
财源	caiyuan
财物	caiwu
财路	cailu
财阀	caifa
责令	zeling
责任	zeren
责任保险	zerenbaoxian
责备	zebei
责怪	zeguai
责成	zecheng
责难	zenan
责骂	zema
贤者之石	xianzhezhishi
败坏	baihuai
败血病	baixuebing
败血症	baixuezheng
败酱科	baijiangke
账册	zhangce
账目	zhangmu
货仓	huocang
货币	huobi
货币供给	huobigongji
货币单位	huobidanwei
货币名	huobiming
货币本位	huobibenwei
货币贬值	huobibianzhi
货币银	huobiyin
货摊	huotan
货柜船	huoguichuan
货物	huowu
货物入市税	huowurushishui
货物税	huowushui
货物运输	huowuyunshu
货舱	huocang
货船	huochuan
货贝	huobei
货车	huoche
货车运费	huocheyunfei
货运	huoyun
货门	huomen
质因数	zhiyinshu
质地	zhidi
质地细密的	zhidiximide
质子加速器	zhizijiasuqi
质数	zhishu
质点	zhidian
质疑	zhiyi
质脆物品	zhicuiwupin
质询	zhixun
质询时间	zhixunshijian
质谱仪	zhipuyi
质量极差	zhiliangjicha
质量管理	zhiliangguanli
质问	zhiwen
贩卖	fanmai
贩毒	fandu
贩船	fanchuan
贪吃	tanchi
贪婪地	tanlandi
贪婪攫取	tanlanjuequ
贪婪者	tanlanzhe
贪心地	tanxindi
贪心攫取	tanxinjuequ
贪食症	tanshizheng
贫乏	pinfa
贫嘴	pinzui
贫困	pinkun
贫困地	pinkundi
贫困的	pinkunde
贫困的区域	pinkundequyu
贫困线	pinkunxian
贫瘠	pinji
贫穷	pinqiong
贫穷线	pinqiongxian
贫苦的	pinkude
贫血	pinxue
贫血症	pinxuezheng
贫齿目	pinchimu
贬值	bianzhi
贬值纸币	bianzhizhibi
贬损地	biansundi
购	gou
购买	goumai
购回	gouhui
购并出价	goubingchujia
购得物	goudewu
购物	gouwu
贮备	zhubei
贮存	zhucun
贮木场	zhumuchang
贮水器	zhushuiqi
贮水池	zhushuichi
贮藏	zhucang
贮藏室	zhucangshi
贮藏箱	zhucangxiang
贮藏费	zhucangfei
贯众属	guanzhongshu
贯叶泽兰	guanyezelan
贯彻	guanche
贯月忍冬	guanyuerendong
贯穿叶	guanchuanye
贯筋	guanjin
贱人	jianren
贱卖	jianmai
贴切的	tieqiede
贴地	tiedi
贴梗海棠	tiegenghaitang
贴水	tieshui
贴现	tiexian
贴现率	tiexianlu
贴花	tiehua
贴边	tiebian
贴近	tiejin
贴骨散	tiegusan
贵妇	guifu
贵妇般的	guifubande
贵宾桌	guibinzhuo
贵宾狗	guibingou
贵族	guizu
贵族式的	guizushide
贵族的	guizude
贵族阶级	guizujieji
贵榴石	guiliushi
贵橄榄石	guiganlanshi
贵重物品	guizhongwupin
贵重金属	guizhongjinshu
贵金属	guijinshu
贷	dai
贷方	daifang
贷方分录	daifangfenlu
贷方账	daifangzhang
贷款	daikuan
贷款给	daikuangei
贸易	maoyi
贸易差额	maoyichae
贸易支付差额	maoyizhifuchae
贸易赤字	maoyichizi
贸易逆差	maoyinicha
费	fei
费力地	feilidi
费劲地移动	feijindiyidong
费奥索	feiaosuo
费率	feilu
费用	feiyong
费用账户	feiyongzhanghu
费苦心	feikuxin
贺喜	hexi
贻贝	yibei
贻贝属	yibeishu
贻贝科	yibeike
贼鸥	zeiou
贼鸥属	zeioushu
贼鸥科	zeiouke
贿赂	huilu
贿赂品	huilupin
贿赂基金	huilujijin
贿金	huijin
赃物	zangwu
资产	zichan
资力	zili
资助	zizhu
资助款	zizhukuan
资助费	zizhufei
资助金	zizhujin
资历较浅	zilijiaoqian
资料	ziliao
资料排架	ziliaopaijia
资本	ziben
资本主义	zibenzhuyi
资本净值	zibenjingzhi
资本利得	zibenlide
资本利得税	zibenlideshui
资本利润	zibenlirun
资本成本	zibenchengben
资本损失	zibensunshi
资本支出	zibenzhichu
资本收益	zibenshouyi
资本税	zibenshui
资格	zige
资深	zishen
资源	ziyuan
资源库	ziyuanku
资金	zijin
资金后盾	zijinhoudun
资金支持	zijinzhichi
赈济	zhenji
赈济品	zhenjipin
赊欠	sheqian
赊账	shezhang
赊账给	shezhanggei
赊购	shegou
赊购账	shegouzhang
赋与人性	fuyurenxing
赋与形体	fuyuxingti
赋予	fuyu
赋予个性	fuyugexing
赋予人性	fuyurenxing
赋予生命	fuyushengming
赋值	fuzhi
赋税优惠	fushuiyouhui
赌博	dubo
赌场	duchang
赌场酒店	duchangjiudian
赌桌	duzhuo
赌注	duzhu
赌注的比率	duzhudebilu
赌物	duwu
赌胜负	dushengfu
赌输的钱	dushudeqian
赌金	dujin
赎	shu
赎回	shuhui
赎款	shukuan
赎罪	shuzui
赎罪日	shuzuiri
赎罪节	shuzuijie
赎身	shushen
赎金	shujin
赏给	shanggei
赏识	shangshi
赏识者	shangshizhe
赏赐物	shangciwu
赏金	shangjin
赐予	ciyu
赐予物	ciyuwu
赔	pei
赔付率	peifulu
赔偿	peichang
赔偿金	peichangjin
赔本销售	peibenxiaoshou
赔款	peikuan
赖哲卜月	laizheboyue
赖氨匹林散	laianpilinsan
赖赌账	laiduzhang
赘骨	zhuigu
赚	zhuan
赚取	zhuanqu
赚回	zhuanhui
赚大钱	zhuandaqian
赚工资	zhuangongzi
赚钱	zhuanqian
赛	sai
赛亚麻	saiyama
赛亚麻属	saiyamashu
赛加羚羊	saijialingyang
赛博空间	saibokongjian
赛季前时期	saijiqianshiqi
赛宾	saibin
赛点	saidian
赛璐珞	sailuluo
赛艇	saiting
赛莨菪属	sailangdangshu
赛跑	saipao
赛跑者	saipaozhe
赛过	saiguo
赛道	saidao
赛马	saima
赛马场	saimachang
赛马的骑师	saimadeqishi
赛马骑师	saimaqishi
赝品	yanpin
赝造	yanzao
赝靛	yandian
赝靛属	yandianshu
赞助	zanzhu
赞同	zantong
赞成	zancheng
赞扬	zanyang
赞比亚克瓦查	zanbiyakewacha
赞美	zanmei
赞誉	zanyu
赞许	zanxu
赞赏	zanshang
赞颂	zansong
赠与税	zengyushui
赠品	zengpin
赠物	zengwu
赠给	zenggei
赠送	zengsong
赡养费	shanyangfei
赢	ying
赢利	yingli
赢得	yingde
赤地利	chidili
赤壁木属	chibimushu
赤字	chizi
赤小豆	chixiaodou
赤星病	chixingbing
赤木质	chimuzhi
赤杨	chiyang
赤杨绵蚜	chiyangmianya
赤潮	chichao
赤狐	chihu
赤猴	chihou
赤猴属	chihoushu
赤痢	chili
赤眼老母草	chiyanlaomucao
赤翻石鹬	chifanshiyu
赤莲	chilian
赤藓醇	chixianchun
赤藤	chiteng
赤蛱蝶	chijiadie
赤血素	chixuesu
赤衣病菌	chiyibingjun
赤裸	chiluo
赤裸裸	chiluoluo
赤贝	chibei
赤贫	chipin
赤道	chidao
赤铜矿	chitongkuang
赤阳子	chiyangzi
赤霉病	chimeibing
赤霉素	chimeisu
赤霉酸	chimeisuan
赤霞珠葡萄	chixiazhuputao
赤颈鸊鷉	chijingpiti
赤鲷	chidiao
赤鹿	chilu
赦免	shemian
赦罪	shezui
赫兹	hezi
赫勒	helei
赫梯人的	hetirende
赫梯文化的	hetiwenhuade
赫梯语的	hetiyude
赫然显现	heranxianxian
赫然耸现	heransongxian
赫舍汪月	heshewangyue
赭石	zheshi
赭石颜料	zheshiyanliao
赭色	zhese
赭鹿花菌	zheluhuajun
走	zou
走入歧途	zouruqitu
走出	zouchu
走动	zoudong
走向	zouxiang
走向岔道	zouxiangchadao
走回头路	zouhuitoulu
走在前头	zouzaiqiantou
走好	zouhao
走子	zouzi
走廊	zoulang
走开	zoukai
走捷径	zoujiejing
走私	zousi
走私货物	zousihuowu
走访	zoufang
走路	zoulu
走过	zouguo
走近	zoujin
走进	zoujin
走道	zoudao
走马疳	zoumagan
走马芹	zoumaqin
走马风	zoumafeng
赵李	zhaoli
赶上	ganshang
赶出	ganchu
赶快	gankuai
赶时髦	ganshimao
赶紧	ganjin
赶紧离去	ganjinliqu
赶走	ganzou
赶集日	ganjiri
起义	qiyi
起义者	qiyizhe
起伏	qifu
起作用	qizuoyong
起作用的	qizuoyongde
起初	qichu
起动	qidong
起反作用	qifanzuoyong
起反应	qifanying
起因	qiyin
起始时间	qishishijian
起始的时间	qishideshijian
起居室	qijushi
起床	qichuang
起很大作用	qihendazuoyong
起来	qilai
起步	qibu
起毛革	qimaoge
起泡金属	qipaojinshu
起源	qiyuan
起源于	qiyuanyu
起漩涡	qixuanwo
起火	qihuo
起点	qidian
起爆	qibao
起爆雷管	qibaoleiguan
起电盘	qidianpan
起疱	qipao
起皱	qizhou
起程	qicheng
起立	qili
起立不能	qilibuneng
起绒草	qirongcao
起航	qihang
起草	qicao
起落	qiluo
起落架	qiluojia
起诉	qisu
起身跳舞	qishentiaowu
起重吊钩	qizhongdiaogou
起重机	qizhongji
起阀装置	qifazhuangzhi
起霜	qishuang
起风暴	qifengbao
起飞	qifei
起飞时间	qifeishijian
超	chao
超付	chaofu
超凡技术	chaofanjishu
超出对手	chaochuduishou
超前的	chaoqiande
超天才	chaotiancai
超市	chaoshi
超微的	chaoweide
超支	chaozhi
超敏性	chaominxing
超时	chaoshi
超时时期	chaoshishiqi
超氧化物	chaoyanghuawu
超温	chaowen
超环面	chaohuanmian
超环面体	chaohuanmianti
超短裙	chaoduanqun
超精细的	chaojingxide
超级公路	chaojigonglu
超级市场	chaojishichang
超级老鼠	chaojilaoshu
超越	chaoyue
超越节	chaoyuejie
超车	chaoche
超载	chaozai
超过	chaoguo
超过别人	chaoguobieren
超过限度	chaoguoxiandu
超速	chaosu
超速分离	chaosufenli
超速离心法	chaosulixinfa
超速道路	chaosudaolu
超速驾驶	chaosujiashi
超铀元素	chaoyouyuansu
超锕	chaoa
超锕系元素	chaoaxiyuansu
超额	chaoe
超额偿付	chaoechangfu
超驰	chaochi
超高速	chaogaosu
越位地	yueweidi
越冬	yuedong
越南新年	yuenanxinnian
越南春节	yuenanchunjie
越南盾	yuenandun
越界	yuejie
越盾	yuedun
越级提升	yuejitisheng
越轨	yuegui
越过	yueguo
越过障碍	yueguozhangai
越野滑雪	yueyehuaxue
趋势	qushi
趋势预测	qushiyuce
趋向	quxiang
趋向的	quxiangde
趋附时尚	qufushishang
趣闻	quwen
足丝	zusi
足外翻	zuwaifan
足够	zugou
足够分配	zugoufenpei
足弓	zugong
足月	zuyue
足浸病	zujinbing
足球	zuqiu
足球赛季	zuqiusaiji
足痛	zutong
足癣	zuxuan
趴山虎	pashanhu
趾	zhi
趾肉	zhirou
跃出	yuechu
跃立	yueli
跃过	yueguo
跃马前进	yuemaqianjin
跌倒	diedao
跌落	dieluo
跑	pao
跑掉	paodiao
跑步	paobu
跑路	paolu
跑跳	paotiao
跑道	paodao
跑马场	paomachang
跗猴	fuhou
跗节肉肿	fujierouzhong
跗骨炎	fuguyan
跗骨的	fugude
跛行	boxing
距瓣豆属	jubandoushu
距离	juli
跟班	genban
跟着	genzhe
跟腱	genjian
跟足	genzu
跟踪	genzong
跟随	gensui
跨	kua
跨坐	kuazuo
跨接线	kuajiexian
跨栏	kualan
跨栏用栏	kualanyonglan
跨步	kuabu
跨着	kuazhe
跨立于	kualiyu
跨越	kuayue
跨越障碍	kuayuezhangai
跨跃	kuayue
跨部门地	kuabumendi
跪	gui
跪下	guixia
跪垫	guidian
跪拜	guibai
跪着	guizhe
路口	lukou
路基	luji
路夫鞋	lufuxie
路径	lujing
路易斯	luyisi
路易金元	luyijinyuan
路灯杆	ludenggan
路灯柱	ludengzhu
路线	luxian
路缘	luyuan
路缘石	luyuanshi
路肩	lujian
路蒸	luzheng
路过	luguo
路途	lutu
路障	luzhang
跳	tiao
跳伞	tiaosan
跳伞服	tiaosanfu
跳出来	tiaochulai
跳动	tiaodong
跳升	tiaosheng
跳台滑雪	tiaotaihuaxue
跳娃娃	tiaowawa
跳岩企鹅	tiaoyanqie
跳板	tiaoban
跳栏	tiaolan
跳水	tiaoshui
跳甲	tiaojia
跳盲蝽	tiaomangchun
跳线	tiaoxian
跳绳	tiaosheng
跳羚	tiaoling
跳羚属	tiaolingshu
跳舞	tiaowu
跳舞病	tiaowubing
跳舞草	tiaowucao
跳虫	tiaochong
跳蚤	tiaozao
跳蚤咬	tiaozaoyao
跳蚤属	tiaozaoshu
跳蚤窝	tiaozaowo
跳豆	tiaodou
跳豆属	tiaodoushu
跳越	tiaoyue
跳跃	tiaoyue
跳跃的比赛	tiaoyuedebisai
跳跃运动	tiaoyueyundong
跳过	tiaoguo
跳过障碍	tiaoguozhangai
跳锐舞	tiaoruiwu
跳马	tiaoma
跳高	tiaogao
跳高滑雪	tiaogaohuaxue
跳鱼	tiaoyu
跳鼠	tiaoshu
跳鼠科	tiaoshuke
践踏	jianta
踉跄的	liangqiangde
踊跃	yongyue
踌躇	chouchu
踌躇的	chouchude
踏勘	takan
踏板	taban
踏级	taji
踝	huai
踝关节	huaiguanjie
踝环	huaihuan
踝的	huaide
踝饰	huaishi
踢脚板	tijiaoban
踢起	tiqi
踩	cai
踩点	caidian
踩着运转	caizheyunzhuan
踩踏	caita
踩钹	caibo
踮着脚走	dianzhejiaozou
踮起脚走	dianqijiaozou
踵	zhong
踹	chuai
蹂躏	roulin
蹄兔	titu
蹄兔属	titushu
蹄兔目	titumu
蹄兔科	tituke
蹄冠	tiguan
蹄叶炎	tiyeyan
蹄盖蕨	tigaijue
蹄盖蕨属	tigaijueshu
蹄盖蕨科	tigaijueke
蹄蝠	tifu
蹄蝠属	tifushu
蹄蝠科	tifuke
蹑手蹑脚	nieshouniejiao
蹒跚而行	panshanerxing
蹙眉	cumei
蹙额	cue
蹦	beng
蹦极绳索	bengjishengsuo
蹦级绳	bengjisheng
蹦跳	bengtiao
蹦蹦跳	bengbengtiao
蹩脚物	biejiaowu
蹭	ceng
蹲	dun
蹲下	dunxia
蹲伏	dunfu
蹲坐	dunzuo
蹼指	puzhi
蹼足	puzu
躁狂	zaokuang
躁狂症	zaokuangzheng
躁郁症	zaoyuzheng
躄鱼科	biyuke
身份	shenfen
身份低微	shenfendiwei
身份卡	shenfenka
身体	shenti
身体不适	shentibushi
身体护垫	shentihudian
身体接触	shentijiechu
身体洗液	shentixiye
身受	shenshou
身后地	shenhoudi
身心障碍	shenxinzhangai
躬	gong
躬身	gongshen
躬身听	gongshenting
躯体	quti
躯体妄想	qutiwangxiang
躯体康复	qutikangfu
躯干	qugan
躲	duo
躲入洞内	duorudongnei
躲开	duokai
躲藏	duocang
躲身处	duoshenchu
躲躲闪闪	duoduoshanshan
躲避	duobi
躲闪	duoshan
躺	tang
躺倚	tangyi
躺卧	tangwo
车	che
车体	cheti
车前目	cheqianmu
车前科	cheqianke
车前草	cheqiancao
车前草属	cheqiancaoshu
车前草目	cheqiancaomu
车前草科	cheqiancaoke
车叶草	cheyecao
车叶草属	cheyecaoshu
车床	chechuang
车库	cheku
车座	chezuo
车座枕头	chezuozhentou
车房	chefang
车桑子	chesangzi
车桑子属	chesangzishu
车检	chejian
车棚	chepeng
车牌	chepai
车票	chepiao
车窗	chechuang
车行道	chexingdao
车费	chefei
车身	cheshen
车轮	chelun
车轮棠	cheluntang
车轴	chezhou
车轴滑脂	chezhouhuazhi
车辆	cheliang
车辆座位	cheliangzuowei
车道	chedao
车门	chemen
车间	chejian
车阵	chezhen
轧光棉布	yaguangmianbu
轧刀	yadao
轧布机	yabuji
轧棉机	yamianji
轧的树胶	yadeshujiao
轧齿边	yachibian
轨道	guidao
轨道周期	guidaozhouqi
轨道马车	guidaomache
转	zhuan
转世	zhuanshi
转交	zhuanjiao
转位子	zhuanweizi
转位期	zhuanweiqi
转保	zhuanbao
转出	zhuanchu
转动	zhuandong
转包	zhuanbao
转化	zhuanhua
转发	zhuanfa
转变	zhuanbian
转变为	zhuanbianwei
转向左	zhuanxiangzuo
转向轮	zhuanxianglun
转售	zhuanshou
转字锁	zhuanzisuo
转寄	zhuanji
转导	zhuandao
转帆索	zhuanfansuo
转开	zhuankai
转弯	zhuanwan
转录制品	zhuanluzhipin
转录酶	zhuanlumei
转折关系	zhuanzheguanxi
转换	zhuanhuan
转换器	zhuanhuanqi
转换因子	zhuanhuanyinzi
转接器	zhuanjieqi
转木比赛	zhuanmubisai
转杆器	zhuanganqi
转租	zhuanzu
转移	zhuanyi
转移作用	zhuanyizuoyong
转移支付	zhuanyizhifu
转绘仪	zhuanhuiyi
转让	zhuanrang
转让器	zhuanrangqi
转让契约	zhuanrangqiyue
转让税	zhuanrangshui
转译	zhuanyi
转身	zhuanshen
转轨	zhuangui
转转薇	zhuanzhuanwei
转达	zhuanda
转运	zhuanyun
转运带	zhuanyundai
转送	zhuansong
转递	zhuandi
转阴	zhuanyin
轮	lun
轮叶	lunye
轮叶王孙	lunyewangsun
轮叶马利筋	lunyemalijin
轮回	lunhui
轮奸	lunjian
轮子	lunzi
轮峰菊	lunfengju
轮床	lunchuang
轮廓	lunkuo
轮廓清晰的	lunkuoqingxide
轮换	lunhuan
轮机舱	lunjicang
轮枝孢属	lunzhibaoshu
轮毂罩	lunguzhao
轮流	lunliu
轮滑	lunhua
轮环生体	lunhuanshengti
轮缘	lunyuan
轮胎	luntai
轮脚	lunjiao
轮踏盖	luntagai
轮转	lunzhuan
轮转焰火	lunzhuanyanhuo
轮转的	lunzhuande
轮转线	lunzhuanxian
轮轴	lunzhou
轮辋	lunwang
轮辖	lunxia
软下疳	ruanxiagan
软件	ruanjian
软体	ruanti
软体动物	ruantidongwu
软体动物科	ruantidongwuke
软化	ruanhua
软化分离	ruanhuafenli
软叶丝兰	ruanyesilan
软垫	ruandian
软壳蛤	ruankeha
软壳蟹	ruankexie
软帮鞋	ruanbangxie
软性下疳	ruanxingxiagan
软拖鞋	ruantuoxie
软料	ruanliao
软木	ruanmu
软木塞	ruanmusai
软木组织	ruanmuzuzhi
软树蕨	ruanshujue
软棉布	ruanmianbu
软毒品	ruandupin
软毛织物	ruanmaozhiwu
软水	ruanshui
软水剂	ruanshuiji
软水草	ruanshuicao
软沥青	ruanliqing
软泥	ruanni
软焊料	ruanhanliao
软煤	ruanmei
软玉	ruanyu
软玻璃	ruanboli
软甲亚纲	ruanjiayagang
软疣	ruanyou
软百叶帘	ruanbaiyelian
软皮鞋	ruanpixie
软盘	ruanpan
软管	ruanguan
软腐病	ruanfubing
软膏	ruangao
软蜡蚧	ruanlajie
软资金	ruanzijin
软锰矿	ruanmengkuang
软长椅	ruanzhangyi
软骨化	ruanguhua
软骨病	ruangubing
软骨瘤	ruanguliu
软骨素	ruangusu
软骨肉瘤	ruangurouliu
软骨胶	ruangujiao
软骨藻酸	ruanguzaosuan
软骨骨瘤	ruanguguliu
轰动	hongdong
轰炸	hongzha
轰炸机	hongzhaji
轰的一声	hongdeyisheng
轰隆声	honglongsheng
轴	zhou
轴干	zhougan
轴平面	zhoupingmian
轴承	zhoucheng
轴承合金	zhouchenghejin
轴木属	zhoumushu
轴润滑脂	zhourunhuazhi
轴用脂	zhouyongzhi
轴箱	zhouxiang
轴锯箱	zhoujuxiang
轴颈	zhoujing
轶事	yishi
轻佻的女子	qingtiaodenuzi
轻便折椅	qingbianzheyi
轻便机车	qingbianjiche
轻便马车	qingbianmache
轻信	qingxin
轻偷窃罪	qingtouqiezui
轻击	qingji
轻勒	qinglei
轻叩	qingkou
轻帆船	qingfanchuan
轻微溃疡	qingweikuiyang
轻快地跳	qingkuaiditiao
轻打	qingda
轻投	qingtou
轻抚	qingfu
轻抛	qingpao
轻拂	qingfu
轻拍	qingpai
轻拭	qingshi
轻按	qingan
轻描淡写	qingmiaodanxie
轻摇	qingyao
轻摸	qingmo
轻敲	qingqiao
轻木筏	qingmufa
轻机枪	qingjiqiang
轻泻剂	qingxieji
轻泻药	qingxieyao
轻率地	qingshuaidi
轻瘫	qingtan
轻盗窃罪	qingdaoqiezui
轻石	qingshi
轻罪	qingzui
轻舟	qingzhou
轻蔑	qingmie
轻蔑地	qingmiedi
轻蔑的	qingmiede
轻视	qingshi
轻触	qingchu
轻责	qingze
轻跳	qingtiao
轻轻倒出	qingqingdaochu
轻轻地击打	qingqingdijida
轻轻掠过	qingqinglueguo
轻轻浮起	qingqingfuqi
载体	zaiti
载客量	zaikeliang
载物架	zaiwujia
载荷	zaihe
载货甲板	zaihuojiaban
载货马车	zaihuomache
载重比	zaizhongbi
轿	jiao
轿子	jiaozi
辅助作业	fuzhuzuoye
辅助发动机	fuzhufadongji
辅助存储器	fuzhucunchuqi
辅助执行	fuzhuzhixing
辅助操作	fuzhucaozuo
辅助机场	fuzhujichang
辅助机车	fuzhujiche
辅助泵	fuzhubeng
辅助的	fuzhude
辅助道路	fuzhudaolu
辅助酶	fuzhumei
辅助锅炉	fuzhuguolu
辅导	fudao
辅导的	fudaode
辅导费	fudaofei
辅币	fubi
辅币钱	fubiqian
辅祭	fuji
辅酶	fumei
辅锯箱	fujuxiang
辈	bei
辉	hui
辉光管	huiguangguan
辉煌	huihuang
辉石	huishi
辉砷钴矿	huishengukuang
辉耀	huiyao
辉钴矿	huigukuang
辉钼矿	huimukuang
辉铜矿	huitongkuang
辉银矿	huiyinkuang
辉锑矿	huitikuang
辋	wang
辍学	chuoxue
辎重	zizhong
辐射	fushe
辐射供暖	fushegongnuan
辐射分解	fushefenjie
辐射加热	fushejiare
辐射通量	fushetongliang
辐管足类	fuguanzulei
辐解	fujie
辐足纲	fuzugang
辐透	futou
辑合	jihe
输入	shuru
输入品	shurupin
输出	shuchu
输出品	shuchupin
输出输入比	shuchushurubi
输出量	shuchuliang
输卵管炎	shuluanguanyan
输家	shujia
输尿管炎	shuniaoguanyan
输掉的注	shudiaodezhu
输气管道	shuqiguandao
输送	shusong
输送管	shusongguan
输送费	shusongfei
辔	pei
辔头	peitou
辕马	yuanma
辘辘响	luluxiang
辛二酸	xinersuan
辛劳工作	xinlaogongzuo
辛勤工作	xinqingongzuo
辛烷值	xinwanzhi
辛烷值数	xinwanzhishu
辛烷数	xinwanshu
辛苦	xinku
辛苦地做	xinkudizuo
辛苦工作	xinkugongzuo
辛辣	xinla
辛辣地	xinladi
辛酸	xinsuan
辞别	cibie
辞去	ciqu
辞呈	cicheng
辞职	cizhi
辞职书	cizhishu
辞退	citui
辣子	lazi
辣根属	lagenshu
辣椒	lajiao
辣椒属	lajiaoshu
辣椒碱	lajiaojian
辣椒素	lajiaosu
辣母藤	lamuteng
辣角	lajiao
辨别	bianbie
辨别出	bianbiechu
辨味	bianwei
辨尼	bianni
辨惑学	bianhuoxue
辨戈	biange
辨明	bianming
辨认	bianren
辩护	bianhu
辩护者	bianhuzhe
辩解	bianjie
辩论	bianlun
辫子	bianzi
辰砂	chensha
辱骂	ruma
边	bian
边境	bianjing
边材	biancai
边沿	bianyan
边界	bianjie
边界线	bianjiexian
边石	bianshi
边缘	bianyuan
边虫病	bianchongbing
边角料	bianjiaoliao
边际效应	bianjixiaoying
边际效用	bianjixiaoyong
边饰	bianshi
达于极点	dayujidian
达修	daxiu
达克斯猎狗	dakesiliegou
达克特	dakete
达到	dadao
达到上限	dadaoshangxian
达到最低点	dadaozuididian
达到最大值	dadaozuidazhi
达到极大值	dadaojidazhi
达到极点	dadaojidian
达到极限	dadaojixian
达到顶点	dadaodingdian
达到预期目的	dadaoyuqimudi
达到高潮	dadaogaochao
达因	dayin
达姆弹	damudan
达尔马提亚狗	daermatiyagou
达尔马西亚狗	daermaxiyagou
达布隆	dabulong
达恰	daqia
达成	dacheng
达成协议	dachengxieyi
达拉西	dalaxi
达摩克利斯剑	damokelisijian
达氏澳白蚁	dashiaobaiyi
达芬奇的	dafenqide
达马树脂	damashuzhi
达马脂	damazhi
迁入	qianru
迁居	qianju
迁移	qianyi
迂回	yuhui
迂回之辞	yuhuizhici
迂回的作法	yuhuidezuofa
迂腐地	yufudi
迅速	xunsu
迅速前进	xunsuqianjin
迅速撤退	xunsuchetui
迅速移动	xunsuyidong
迅雷	xunlei
过	guo
过于体贴	guoyutitie
过于担心	guoyudanxin
过于活泼	guoyuhuopo
过从甚密	guocongshenmi
过伸	guoshen
过冬	guodong
过分关心	guofenguanxin
过分地保护	guofendibaohu
过剩	guosheng
过半数	guobanshu
过去	guoqu
过周末	guozhoumo
过夏天	guoxiatian
过多	guoduo
过多使用	guoduoshiyong
过多供应	guoduogongying
过多利用	guoduoliyong
过夜	guoye
过失	guoshi
过山枫	guoshanfeng
过山蕨	guoshanjue
过山车	guoshanche
过度	guodu
过度代偿	guodudaichang
过度伸展	guodushenzhan
过度使用	guodushiyong
过度供给	guodugongji
过度工作	guodugongzuo
过度拥挤	guoduyongji
过度操劳	guoducaolao
过度曝光	guodubaoguang
过度活性	guoduhuoxing
过度活跃	guoduhuoyue
过度缩减	guodusuojian
过度补偿	guodubuchang
过往	guowang
过户	guohu
过敏	guomin
过敏原	guominyuan
过敏症	guominzheng
过时	guoshi
过时的人	guoshideren
过桥费	guoqiaofei
过梁	guoliang
过氧化氢	guoyanghuaqing
过氧化物	guoyanghuawu
过氧化钡	guoyanghuabei
过氯化物	guoluhuawu
过活	guohuo
过渡期	guoduqi
过渡期间	guoduqijian
过滤	guolu
过滤嘴	guoluzui
过滤器	guoluqi
过火	guohuo
过热	guore
过着	guozhe
过程	guocheng
过继	guoji
过蒸汽化	guozhengqihua
过虑	guolu
过账	guozhang
过道	guodao
过量地	guoliangdi
过错	guocuo
过闸	guozha
过闸费	guozhafei
过食	guoshi
过高要求	guogaoyaoqiu
迈	mai
迈步	maibu
迎合	yinghe
迎接	yingjie
迎角	yingjiao
迎风	yingfeng
迎风面	yingfengmian
运	yun
运作	yunzuo
运动	yundong
运动不能	yundongbuneng
运动员	yundongyuan
运动场	yundongchang
运动失调	yundongshitiao
运动夹克	yundongjiake
运动比赛	yundongbisai
运动病	yundongbing
运动衫	yundongshan
运动计划	yundongjihua
运动训练	yundongxunlian
运动过度	yundongguodu
运动障碍	yundongzhangai
运命	yunming
运尸袋	yunshidai
运气	yunqi
运气特好	yunqitehao
运河	yunhe
运煤车	yunmeiche
运牛车	yunniuche
运用	yunyong
运用能力	yunyongnengli
运算	yunsuan
运算符号	yunsuanfuhao
运行	yunxing
运行时间	yunxingshijian
运行费用	yunxingfeiyong
运货列车	yunhuolieche
运货班机	yunhuobanji
运货船	yunhuochuan
运货马车	yunhuomache
运费	yunfei
运转	yunzhuan
运转地	yunzhuandi
运载火箭	yunzaihuojian
运载量	yunzailiang
运输	yunshu
运输作用	yunshuzuoyong
运输公司	yunshugongsi
运输干线	yunshuganxian
运进	yunjin
运送	yunsong
运送器	yunsongqi
运送者	yunsongzhe
运钞车	yunchaoche
运马拖车	yunmatuoche
近乎	jinhu
近乎完美	jinhuwanmei
近亲结婚	jinqinjiehun
近代的	jindaide
近似	jinsi
近似值	jinsizhi
近关节的	jinguanjiede
近点年	jindiannian
近点月	jindianyue
近点角	jindianjiao
近点距离	jindianjuli
近端的	jinduande
近视	jinshi
近视眼	jinshiyan
近邻同盟	jinlintongmeng
近郊	jinjiao
返回	fanhui
返回到	fanhuidao
返老还童	fanlaohuantong
返针	fanzhen
还乡	huanxiang
还价	huanjia
还原	huanyuan
还原剂	huanyuanji
还原极	huanyuanji
还原酶	huanyuanmei
还款率	haikuanlu
还款要求	haikuanyaoqiu
还清	huanqing
还魂草	huanhuncao
这	zhe
这里	zheli
进	jin
进位	jinwei
进入	jinru
进入权	jinruquan
进入系统	jinruxitong
进入许可	jinruxuke
进入资格	jinruzige
进军	jinjun
进出路	jinchulu
进动	jindong
进化	jinhua
进化分枝图	jinhuafenzhitu
进口	jinkou
进口信贷	jinkouxindai
进口税	jinkoushui
进口货	jinkouhuo
进坞费	jinwufei
进展	jinzhan
进展图表	jinzhantubiao
进度表	jindubiao
进攻	jingong
进正餐	jinzhengcan
进步	jinbu
进步的	jinbude
进气	jinqi
进气口	jinqikou
进气孔	jinqikong
进气总管	jinqizongguan
进气歧管	jinqiqiguan
进气阀	jinqifa
进狗窝	jingouwo
进球	jinqiu
进蜂巢	jinfengchao
进行	jinxing
进行下去	jinxingxiaqu
进行中的	jinxingzhongde
进行实验	jinxingshiyan
进行时	jinxingshi
进行时态	jinxingshitai
进行曲	jinxingqu
进行群射	jinxingqunshe
进行贸易	jinxingmaoyi
进货价格	jinhuojiage
进货过多	jinhuoguoduo
进风口	jinfengkou
进食障碍	jinshizhangai
进餐	jincan
进餐时间	jincanshijian
远侧的	yuancede
远地点	yuandidian
远征队	yuanzhengdui
远志	yuanzhi
远志属	yuanzhishu
远志科	yuanzhike
远拱点	yuangongdian
远日点	yuanridian
远景	yuanjing
远月点	yuanyuedian
远期汇票	yuanqihuipiao
远木星点	yuanmuxingdian
远离	yuanli
远离干扰	yuanliganrao
远离麻烦	yuanlimafan
远程处理	yuanchengchuli
远端的	yuanduande
远视	yuanshi
远视眼	yuanshiyan
远足	yuanzu
违反	weifan
违反事实	weifanshishi
违反直觉的	weifanzhijuede
违命	weiming
违抗	weikang
违法	weifa
违法殴打	weifaouda
违法的	weifade
违犯	weifan
违禁品	weijinpin
违约	weiyue
违约金	weiyuejin
违背	weibei
违规	weigui
连	lian
连二磷酸	lianerlinsuan
连分数	lianfenshu
连响	lianxiang
连字术	lianzishu
连指手套	lianzhishoutao
连接	lianjie
连接关系	lianjieguanxi
连接器	lianjieqi
连接带	lianjiedai
连接物	lianjiewu
连杆	liangan
连枷	lianjia
连根挖	liangenwa
连橇	lianqiao
连环漫画	lianhuanmanhua
连珠蕨属	lianzhujueshu
连理草	lianlicao
连生	liansheng
连着	lianzhe
连累	lianlei
连结	lianjie
连结物	lianjiewu
连结环	lianjiehuan
连结者	lianjiezhe
连续	lianxu
连续性	lianxuxing
连苯三酚	lianbensanfen
连衣裙	lianyiqun
连衫裤	lianshanku
连贯	lianguan
连身衣	lianshenyi
连载	lianzai
连通房	liantongfang
连锁	liansuo
连锁店	liansuodian
迟延	chiyan
迟早有用	chizaoyouyong
迟滞	chizhi
迟疑	chiyi
迟缓	chihuan
迟钝	chidun
迩人属	errenshu
迪厅	diting
迪拉姆	dilamu
迪斯科	disike
迪斯科舞厅	disikewuting
迫使	poshi
迫使屈服	poshiqufu
迫使离开	poshilikai
迫使让步	poshirangbu
迫击炮	paijipao
迫切	poqie
迫切的危机	poqiedeweiji
迫切需要	poqiexuyao
迫害	pohai
迫近	pojin
迭代	diedai
迭盖	diegai
述意的	shuyide
迷乱	miluan
迷人的好运	mirendehaoyun
迷住	mizhu
迷你短裙	miniduanqun
迷你裙	miniqun
迷信	mixin
迷失方向	mishifangxiang
迷宫	migong
迷幻剂	mihuanji
迷幻药	mihuanyao
迷彩服	micaifu
迷惑	mihuo
迷睡	mishui
迷糊	mihu
迷茫的	mimangde
迷路	milu
迷路炎	miluyan
迷迭香	midiexiang
迷迭香属	midiexiangshu
迸出	bengchu
追	zhui
追上	zhuishang
追加旅费	zhuijialufei
追加酬金	zhuijiachoujin
追名逐利	zhuimingzhuli
追平	zhuiping
追忆	zhuiyi
追求	zhuiqiu
追求名利	zhuiqiumingli
追溯	zhuisu
追溯到	zhuisudao
追猎	zhuilie
追究	zhuijiu
追船鱼	zhuichuanyu
追获	zhuihuo
追赶	zhuigan
追踪	zhuizong
追逐	zhuizhu
追问	zhuiwen
追随	zhuisui
退休	tuixiu
退休基金	tuixiujijin
退休金	tuixiujin
退休金基金	tuixiujinjijin
退位	tuiwei
退出	tuichu
退出合同	tuichuhetong
退化	tuihua
退却	tuique
退回	tuihui
退场	tuichang
退壳器	tuikeqi
退学	tuixue
退席	tuixi
退房时间	tuifangshijian
退款	tuikuan
退步	tuibu
退火	tuihuo
退火处理	tuihuochuli
退烧药	tuishaoyao
退热冰	tuirebing
退热法	tuirefa
退热药	tuireyao
退热药剂	tuireyaoji
退磁	tuici
退缩	tuisuo
退行作用	tuixingzuoyong
退行发育	tuixingfayu
退行机制	tuixingjizhi
退让	tuirang
退还金	tuihuanjin
退避	tuibi
退钱	tuiqian
送	song
送冰马车	songbingmache
送别	songbie
送奶车	songnaiche
送掉	songdiao
送气发辅音	songqifafuyin
送气发音	songqifayin
送水渠	songshuiqu
送秋波	songqiubo
送给	songgei
送还	songhuan
送风管	songfengguan
适于航海	shiyuhanghai
适切	shiqie
适合	shihe
适合于	shiheyu
适合出租的	shihechuzude
适合要求	shiheyaoqiu
适宜	shiyi
适宜移种	shiyiyizhong
适应	shiying
适应于	shiyingyu
适应气候	shiyingqihou
适应物	shiyingwu
适应论	shiyinglun
适当	shidang
适当时机	shidangshiji
适当的	shidangde
适用	shiyong
适用于	shiyongyu
适用性	shiyongxing
适航	shihang
适航性	shihangxing
适航行	shihangxing
适配器	shipeiqi
适销性	shixiaoxing
逃	tao
逃之夭夭	taozhiyaoyao
逃亡	taowang
逃匿	taoni
逃匿者	taonizhe
逃单	taodan
逃学	taoxue
逃生	taosheng
逃税	taoshui
逃窜	taocuan
逃脱	taotuo
逃赌债	taoduzhai
逃走	taozou
逃跑	taopao
逃跑了的	taopaolede
逃逸速度	taoyisudu
逃避	taobi
逃避主义	taobizhuyi
逃避付钱给	taobifuqiangei
逃避现实	taobixianshi
逆境	nijing
逆对数	niduishu
逆差	nicha
逆戟鲸	nijijing
逆流而上	niliuershang
逆行	nixing
逆转	nizhuan
逆转录酶	nizhuanlumei
选	xuan
选举	xuanju
选举人	xuanjuren
选举权	xuanjuquan
选举活动	xuanjuhuodong
选出	xuanchu
选分仪	xuanfenyi
选区	xuanqu
选区选民	xuanquxuanmin
选单	xuandan
选定	xuanding
选手	xuanshou
选择	xuanze
选民	xuanmin
选派的	xuanpaide
选点	xuandian
选矿	xuankuang
选票	xuanpiao
选粹	xuancui
选购	xuangou
选集	xuanji
选项	xuanxiang
选项单	xuanxiangdan
逍遥法外的	xiaoyaofawaide
透不过气	toubuguoqi
透光率	touguanglu
透孔织品	toukongzhipin
透孔螺	toukongluo
透孔螺属	toukongluoshu
透孔螺科	toukongluoke
透射	toushe
透射作用	toushezuoyong
透射过程	tousheguocheng
透支	touzhi
透支额	touzhie
透明胶带	toumingjiaodai
透析器	touxiqi
透气	touqi
透漏	toulou
透过	touguo
透镜	toujing
透镜盖	toujinggai
透闪石	toushanshi
透露	toulu
透顶的	toudingde
逐	zhu
逐一射击	zhuyisheji
逐个地	zhugedi
逐出	zhuchu
逐出国外	zhuchuguowai
逐出教会	zhuchujiaohui
逐步升级	zhubushengji
逐步消除	zhubuxiaochu
逐渐停止	zhujiantingzhi
逐渐增加	zhujianzengjia
逐渐显露	zhujianxianlu
逐渐枯竭	zhujiankujie
逐渐消失	zhujianxiaoshi
逐渐灌输	zhujianguanshu
逐渐过时	zhujianguoshi
逐马	zhuma
逐鹿	zhulu
递传单	dichuandan
递呈	dicheng
递给	digei
递送	disong
途径	tujing
逗乐	doule
逗弄	dounong
逗留	douliu
逗留不去地	douliubuqudi
通便	tongbian
通便剂	tongbianji
通信	tongxin
通信系统	tongxinxitong
通信联系	tongxinlianxi
通信设备	tongxinshebei
通勤	tongqin
通向	tongxiang
通大便	tongdabian
通奸	tongjian
通常的	tongchangde
通往	tongwang
通气管	tongqiguan
通气设备	tongqishebei
通气道	tongqidao
通水孔	tongshuikong
通泄药	tongxieyao
通流电	tongliudian
通用	tongyong
通电刺激	tongdianciji
通电致死	tongdianzhisi
通知	tongzhi
通知贷款	tongzhidaikuan
通经剂	tongjingji
通经药	tongjingyao
通融票据	tongrongpiaoju
通血图	tongxuetu
通行证	tongxingzheng
通行费	tongxingfei
通讯	tongxun
通讯卫星	tongxunweixing
通讯录	tongxunlu
通讯系统	tongxunxitong
通货	tonghuo
通货紧缩	tonghuojinsuo
通过	tongguo
通过海关	tongguohaiguan
通过静脉	tongguojingmai
通道	tongdao
通量计	tongliangji
通风	tongfeng
通风孔	tongfengkong
通风机	tongfengji
通风窗	tongfengchuang
通风道	tongfengdao
逝去	shiqu
速冻	sudong
速办	suban
速动资产	sudongzichan
速尿灵	suniaoling
速度	sudu
速度控制	sudukongzhi
速度控制器	sudukongzhiqi
速度滑冰	suduhuabing
速度稍慢	sudushaoman
速率	sulu
速调管	sudiaoguan
造假货的人	zaojiahuoderen
造化	zaohua
造卵器	zaoluanqi
造反	zaofan
造型	zaoxing
造小尖塔	zaoxiaojianta
造就	zaojiu
造山作用	zaoshanzuoyong
造山运动	zaoshanyundong
造币厂	zaobichang
造成	zaocheng
造林	zaolin
造林于	zaolinyu
造血	zaoxue
造血作用	zaoxuezuoyong
逡巡不前的	qunxunbuqiande
逢迎地	fengyingdi
逮住	daizhu
逮捕	daibu
逮捕者	daibuzhe
逮捕证	daibuzheng
逸事	yishi
逸出	yichu
逸话	yihua
逻辑	luoji
逻辑上	luojishang
逻辑元件	luojiyuanjian
逻辑关系	luojiguanxi
逻辑操作	luojicaozuo
逻辑联系	luojilianxi
逻辑运算	luojiyunsuan
逼勒	bilei
逼取	biqu
逼近	bijin
逼迫	bipo
逾期债款	yuqizhaikuan
逾期费	yuqifei
逾越	yuyue
逾越节	yuyuejie
遁道	dundao
遇见	yujian
遍在	bianzai
遍布地	bianbudi
遍布闪耀	bianbushanyao
遍散	biansan
遏制	ezhi
道宾马	daobinma
道德危险	daodeweixian
道德废弃论	daodefeiqilun
道德败坏	daodebaihuai
道德败坏的	daodebaihuaide
道德风险	daodefengxian
道歉	daoqian
道砟	daozha
道碴	daocha
道谢	daoxie
道路	daolu
遗产	yichan
遗产税	yichanshui
遗传	yichuan
遗传基因	yichuanjiyin
遗传病	yichuanbing
遗体	yiti
遗嘱	yizhu
遗嘱信托	yizhuxintuo
遗址	yizhi
遗失的	yishide
遗孀产	yishuangchan
遗尿	yiniao
遗尿症	yiniaozheng
遗弃	yiqi
遗忘	yiwang
遗患	yihuan
遗憾	yihan
遗憾地	yihandi
遗漏	yilou
遗留	yiliu
遗精	yijing
遗赠	yizeng
遗赠物	yizengwu
遗赠给	yizenggei
遗赠财产	yizengcaichan
遣散	qiansan
遣返	qianfan
遥控机械	yaokongjixie
遭到	zaodao
遭受	zaoshou
遭遇	zaoyu
遭难	zaonan
遮光提灯	zheguangtideng
遮光物	zheguangwu
遮掉	zhediao
遮掩	zheyan
遮暗	zhean
遮盖	zhegai
遮盖物	zhegaiwu
遮眼蒙布	zheyanmengbu
遮篷	zhepeng
遮羞叶	zhexiuye
遮羞布	zhexiubu
遮蔽	zhebi
遮蔽住	zhebizhu
遮蔽物	zhebiwu
遮阳布	zheyangbu
遮颈布	zhejingbu
遵从	zuncong
遵守	zunshou
遵守秩序	zunshouzhixu
遵守规则	zunshouguize
遵循	zunxun
遵照	zunzhao
避免	bimian
避免伤害	bimianshanghai
避嫌信托	bixianxintuo
避孕套	biyuntao
避孕环	biyunhuan
避孕用具	biyunyongju
避孕药	biyunyao
避寒	bihan
避开	bikai
避弹壕	bidanhao
避税手段	bishuishouduan
避邪物	bixiewu
避难	binan
避难所	binansuo
避难者	binanzhe
避雷装置	bileizhuangzhi
避雷针	bileizhen
避风港	bifenggang
邀请	yaoqing
邀请函	yaoqinghan
邂逅	xiehou
邋遢	lata
邋遢地	latadi
邋遢的人	lataderen
那个叫啥的	nagejiaoshade
那时	nashi
那里	nali
邦哥鼓	banggegu
邦巴东号	bangbadonghao
邦联	banglian
邦联国家	banglianguojia
邦迪	bangdi
邪恶	xiee
邪蒿属	xiehaoshu
邮件	youjian
邮差	youchai
邮政	youzheng
邮政车	youzhengche
邮票	youpiao
邮筒	youtong
邮箱	youxiang
邮船	youchuan
邮袋	youdai
邮费	youfei
邮资	youzi
邮车	youche
邮递	youdi
邮递员	youdiyuan
邮递袋	youdidai
邱吉尔马场	qiujiermachang
邵	shao
邻居	linju
邻接	linjie
邻舍	linshe
邻近	linjin
郁李	yuli
郁积	yuji
郁臭苗	yuchoumiao
郁臭草	yuchoucao
郁血	yuxue
郁金香	yujinxiang
郁金香属	yujinxiangshu
郁闷	yumen
郁香	yuxiang
郊区	jiaoqu
郊区住宅	jiaoquzhuzhai
郊外	jiaowai
郊狼	jiaolang
部件	bujian
部位	buwei
部分	bufen
部分退款	bufentuikuan
部分重叠	bufenchongdie
部办公楼	bubangonglou
部落制	buluozhi
部落化	buluohua
部长	buzhang
部门	bumen
郭公虫	guogongchong
郭公虫科	guogongchongke
都	dou
都市	dushi
都市化	dushihua
都市美化	dushimeihua
都市风景	dushifengjing
都布隆	doubulong
鄙弃	biqi
鄙视	bishi
配件	peijian
配位化合物	peiweihuahewu
配偶	peiou
配克	peike
配制品	peizhipin
配双	peishuang
配合	peihe
配备	peibei
配备的	peibeide
配子发生	peizifasheng
配子囊	peizinang
配子异型	peiziyixing
配子形成	peizixingcheng
配子托	peizituo
配子枝	peizizhi
配对	peidui
配对防守	peiduifangshou
配新电线	peixindianxian
配电盘	peidianpan
配糖	peitang
配糖体	peitangti
配糖物	peitangwu
配糖类	peitanglei
配给	peiji
配给物	peijiwu
配给量	peijiliang
配额	peie
酐	gan
酒	jiu
酒吧	jiuba
酒吧间	jiubajian
酒囊	jiunang
酒壶	jiuhu
酒席	jiuxi
酒店	jiudian
酒店入住率	jiudianruzhulu
酒果属	jiuguoshu
酒椰属	jiuyeshu
酒椰纤维	jiuyexianwei
酒橱	jiuchu
酒瓶结	jiupingjie
酒石的	jiushide
酒石酸	jiushisuan
酒石酸的	jiushisuande
酒神节	jiushenjie
酒神节的	jiushenjiede
酒窖	jiujiao
酒精	jiujing
酒精中毒	jiujingzhongdu
酒精温度计	jiujingwenduji
酒精滥用	jiujinglanyong
酒精饮料	jiujingyinliao
酒醉	jiuzui
酒钱	jiuqian
酒馆	jiuguan
酒鬼	jiugui
酗酒	xujiu
酗酒者	xujiuzhe
酚	fen
酚藏花红	fencanghuahong
酚醛塑料	fenquansuliao
酚醛树脂	fenquanshuzhi
酞酸	taisuan
酢浆草	cujiangcao
酢浆草属	cujiangcaoshu
酢浆草科	cujiangcaoke
酣睡	hanshui
酣睡眠	hanshuimian
酪氨酸尿	laoansuanniao
酪脂	laozhi
酪蛋白	laodanbai
酪酸涂料	laosuantuliao
酬谢	chouxie
酬金	choujin
酮咯酸	tonggesuan
酮基布洛芬	tongjibuluofen
酮洛芬	tongluofen
酮病	tongbing
酮症	tongzheng
酮类固醇	tongleiguchun
酯	zhi
酰化	xianhua
酰化作用	xianhuazuoyong
酰卤	xianlu
酰基	xianji
酰胺	xianan
酱	jiang
酱汁	jiangzhi
酱瓣子	jiangbanzi
酱色的	jiangsede
酵母	jiaomu
酵母属	jiaomushu
酵母科	jiaomuke
酵母菌	jiaomujun
酵母面包	jiaomumianbao
酵素	jiaosu
酶	mei
酶原	meiyuan
酶缺乏	meiquefa
酶苔	meitai
酷刑	kuxing
酷暑	kushu
酸	suan
酸中毒	suanzhongdu
酸值	suanzhi
酸化	suanhua
酸味	suanwei
酸奶	suannai
酸性	suanxing
酸性物质	suanxingwuzhi
酸枝木	suanzhimu
酸枝木树	suanzhimushu
酸枣	suanzao
酸模	suanmo
酸模属	suanmoshu
酸樱桃	suanyingtao
酸橙	suancheng
酸母	suanmu
酸毒症	suanduzheng
酸洗	suanxi
酸浆	suanjiang
酸浆属	suanjiangshu
酸浆草	suanjiangcao
酸碱值	suanjianzhi
酸类	suanlei
酸血	suanxue
酸血症	suanxuezheng
酸角	suanjiao
酸豆	suandou
酸酐	suangan
酸里红	suanlihong
酸雨	suanyu
酿造所	niangzaosuo
酿酒厂	niangjiuchang
酿酒酵母	niangjiujiaomu
醇	chun
醇中毒	chunzhongdu
醇化	chunhua
醇酸	chunsuan
醇酸树脂	chunsuanshuzhi
醉	zui
醉心于	zuixinyu
醉心花	zuixinhua
醉态	zuitai
醉马草	zuimacao
醉鱼草	zuiyucao
醉鱼草属	zuiyucaoshu
醋丁洛尔	cudingluoer
醋剂	cuji
醋栗	culi
醋栗科	culike
醋氨酚	cuanfen
醋线虫	cuxianchong
醋胆素	cudansu
醋蝇	cuying
醋酰胺胂	cuxiananshen
醋酸	cusuan
醋酸基	cusuanji
醋酸戊酯	cusuanwuzhi
醋酸酐	cusuangan
醋酸铅	cusuanqian
醌	kun
醒	xing
醒来	xinglai
醒目的	xingmudi
醒着	xingzhe
醒觉	xingjue
醛	quan
醛固酮	quangutong
醛基	quanji
醛式糖	quanshitang
醛甾酮	quanzaitong
醛糖	quantang
醛缩二醇	quansuoerchun
醛缩醇	quansuochun
采	cai
采伐机械	caifajixie
采伐森林	caifasenlin
采取	caiqu
采掘	caijue
采木属	caimushu
采样频率	caiyangpinlu
采用	caiyong
采矿	caikuang
采砾场	cailichang
采纳	caina
采访	caifang
采邑	caiyi
采采蝇	caicaiying
采集量	caijiliang
釉	you
釉质发生	youzhifasheng
释义	shiyi
释放	shifang
释放因子	shifangyinzi
释罪	shizui
里亚尔	liyaer
里克特指数	liketezhishu
里克特震级	liketezhenji
里兰基尼	lilanjini
里屋	liwu
里库塔	likuta
里弄	lilong
里急后重	lijihouzhong
里拉	lila
里斯冰期	lisibingqi
里昂	liang
里格	lige
里氏震级	lishizhenji
里白属	libaishu
里白科	libaike
里耳线	lierxian
里耳线织物	lierxianzhiwu
里那醇	linachun
里面	limian
重	zhong
重于	zhongyu
重传输	zhongchuanshu
重做	zhongzuo
重击	zhongji
重利	zhongli
重剑	zhongjian
重力	zhongli
重力仪	zhongliyi
重力加速度	zhonglijiasudu
重力梯度	zhonglitidu
重力炸弹	zhonglizhadan
重压	zhongya
重叠	chongdie
重台	zhongtai
重合	chonghe
重命名	zhongmingming
重复	chongfu
重复利用	chongfuliyong
重复的事	chongfudeshi
重套结	zhongtaojie
重婚	chonghun
重子数	zhongzishu
重存取	zhongcunqu
重定义	zhongdingyi
重定向	zhongdingxiang
重建	chongjian
重建时期	chongjianshiqi
重担	zhongdan
重拾	zhongshi
重播	chongbo
重整化	zhongzhenghua
重新买回	chongxinmaihui
重新分配	chongxinfenpei
重新发现	chongxinfaxian
重新发行	chongxinfaxing
重新启动	chongxinqidong
重新处理	chongxinchuli
重新安排	chongxinanpai
重新安置	chongxinanzhi
重新定义	chongxindingyi
重新定居	chongxindingju
重新审理	chongxinshenli
重新布置	chongxinbuzhi
重新布署	chongxinbushu
重新开会	chongxinkaihui
重新开始	chongxinkaishi
重新接纳	chongxinjiena
重新摄取	chongxinshequ
重新结合	chongxinjiehe
重新统一	chongxintongyi
重新获得	chongxinhuode
重新计划	chongxinjihua
重新计算	chongxinjisuan
重新设立	chongxinsheli
重新进货	chongxinjinhuo
重新造林	chongxinzaolin
重晶石	zhongjingshi
重楼属	zhongloushu
重氮基	zhongdanji
重氮异胺	zhongdanyian
重水	zhongshui
重演	chongyan
重火力点	zhonghuolidian
重炮	zhongpao
重点	zhongdian
重犯	chongfan
重现	chongxian
重瓣胃	zhongbanwei
重生	chongsheng
重病	zhongbing
重盐	zhongyan
重算	zhongsuan
重粘土	zhongniantu
重组	chongzu
重编	zhongbian
重置价值	zhongzhijiazhi
重聚	chongju
重获知觉	chonghuozhijue
重获股份	chonghuogufen
重要	zhongyao
重要地位	zhongyaodiwei
重要性	zhongyaoxing
重视	zhongshi
重负	zhongfu
重责	zhongze
重踏	zhongta
重踩	zhongcai
重选	chongxuan
重郁发作	zhongyufazuo
重量	zhongliang
重量是	zhongliangshi
重金属	zhongjinshu
重铬酸	zhonggesuan
重铬酸盐	zhonggesuanyan
重铬酸钠	zhonggesuanna
重铬酸钾	chonggesuanjia
重音的	zhongyinde
重音符号	zhongyinfuhao
重音系统	zhongyinxitong
野万年青	yewannianqing
野人	yeren
野伞子	yesanzi
野兔	yetu
野兔病	yetubing
野兽	yeshou
野决明属	yejuemingshu
野刀板藤	yedaobanteng
野味	yewei
野外	yewai
野外演习日	yewaiyanxiri
野外运动	yewaiyundong
野大白羊	yedabaiyang
野天麻	yetianma
野居癖	yejupi
野山羊	yeshanyang
野心	yexin
野心家	yexinjia
野性	yexing
野战医院	yezhanyiyuan
野战工事	yezhangongshi
野战炮	yezhanpao
野扁豆	yebiandou
野槐树	yehuaishu
野樱	yeying
野毛扁豆	yemaobiandou
野油麻	yeyouma
野海椒	yehaijiao
野牛	yeniu
野牛属	yeniushu
野牵牛	yeqianniu
野狗	yegou
野狼	yelang
野猪	yezhu
野猫	yemao
野玫瑰	yemeigui
野玫瑰果	yemeiguiguo
野生动物	yeshengdongwu
野生李树	yeshenglishu
野生植物	yeshengzhiwu
野生生物	yeshengshengwu
野生芒果	yeshengmangguo
野紫草	yezicao
野绣球花	yexiuqiuhua
野绿豆	yeludou
野羊	yeyang
野羽扇豆	yeyushandou
野老鹳草	yelaoguancao
野胡椒	yehujiao
野胡萝卜	yehuluobo
野脂麻	yezhima
野芝麻	yezhima
野芝麻属	yezhimashu
野芹	yeqin
野芹菜	yeqincai
野苏子	yesuzi
野苜蓿	yemuxu
野苣	yeju
野苹果	yepingguo
野茄子	yeqiezi
野茄菜	yejiacai
野茉莉	yemoli
野茉莉科	yemolike
野草	yecao
野草莓	yecaomei
野莓	yemei
野菜豆	yecaidou
野菠菜	yebocai
野营挂车	yeyingguache
野葛	yege
野葡萄	yeputao
野蒜菜	yesuancai
野蔷薇	yeqiangwei
野藿香	yehuoxiang
野蘑菇	yemogu
野蚕丝	yecansi
野蛮	yeman
野豆	yedou
野豌豆	yewandou
野豚鼠	yetunshu
野辣椒	yelajiao
野辣茄	yelajia
野辣角	yelajiao
野通草	yetongcao
野防风草	yefangfengcao
野马	yema
野驴	yelu
野麻灯	yemadeng
野麻碗	yemawan
野麻豌	yemawan
野鼠	yeshu
量值	liangzhi
量关系	liangguanxi
量子化	liangzihua
量杆	lianggan
量杯	liangbei
量油尺	liangyouchi
量油计	liangyouji
量热计	liangreji
量电表	liangdianbiao
量筒	liangtong
量管	liangguan
金	jin
金丝桃素	jinsitaosu
金丝棕	jinsizong
金丝草	jinsicao
金丝荷叶	jinsiheye
金丝葵	jinsikui
金丸	jinwan
金云母	jinyunmu
金仓鼠	jincangshu
金仓鼠属	jincangshushu
金仙灯	jinxiandeng
金光花	jinguanghua
金兰之好	jinlanzhihao
金凤	jinfeng
金刚石	jingangshi
金刚砂	jingangsha
金刚砂布	jingangshabu
金刚砂石	jingangshashi
金叶	jinye
金叶大麻	jinyedama
金叶接骨木	jinyejiegumu
金叶树属	jinyeshushu
金圆鱼	jinyuanyu
金壳果科	jinkeguoke
金壶瓶	jinhuping
金婚纪念日	jinhunjinianri
金子	jinzi
金属	jinshu
金属元素	jinshuyuansu
金属制栓	jinshuzhishuan
金属包头	jinshubaotou
金属卡	jinshuka
金属器皿	jinshuqimin
金属圈	jinshuquan
金属块	jinshukuai
金属小块	jinshuxiaokuai
金属探测器	jinshutanceqi
金属箍	jinshugu
金属箔	jinshubo
金属胶合木	jinshujiaohemu
金属薄片	jinshubaopian
金属螺钉	jinshuluoding
金属部分	jinshubufen
金山田七	jinshantianqi
金工	jingong
金币	jinbi
金急雨	jinjiyu
金斑鸻	jinbanheng
金星	jinxing
金星草	jinxingcao
金星蕨属	jinxingjueshu
金星蕨科	jinxingjueke
金本位	jinbenwei
金本位制	jinbenweizhi
金杯藤属	jinbeitengshu
金枣	jinzao
金枪鱼	jinqiangyu
金枪鱼属	jinqiangyushu
金桔	jinju
金桔属	jinjushu
金梅草	jinmeicao
金樱子	jinyingzi
金橘	jinju
金毛狗属	jinmaogoushu
金水龙骨	jinshuilonggu
金汤匙	jintangshi
金灯	jindeng
金熊猴	jinxionghou
金熊猴属	jinxionghoushu
金牌	jinpai
金狗毛蕨	jingoumaojue
金甲豆	jinjiadou
金疙瘩	jingeda
金眼蝇	jinyanying
金矿	jinkuang
金砂截	jinshajie
金穗花属	jinsuihuashu
金箔	jinbo
金粉	jinfen
金粉蕨属	jinfenjueshu
金粟兰属	jinsulanshu
金红石	jinhongshi
金红花属	jinhonghuashu
金绿宝石	jinlubaoshi
金绿玉	jinluyu
金罂子	jinyingzi
金羊毛	jinyangmao
金羊鱼	jinyangyu
金耳	jiner
金腰属	jinyaoshu
金色合金	jinsehejin
金色铜	jinsetong
金花虫	jinhuachong
金花鼠	jinhuashu
金苹果	jinpingguo
金莲花	jinlianhua
金莲花属	jinlianhuashu
金菇	jingu
金虎尾属	jinhuweishu
金虎尾科	jinhuweike
金蛛属	jinzhushu
金蛛科	jinzhuke
金融	jinrong
金衡	jinheng
金衡制	jinhengzhi
金衡磅	jinhengbang
金豆	jindou
金象牙	jinxiangya
金路易	jinluyi
金蹄蝠	jintifu
金蹄蝠属	jintifushu
金针菇	jinzhengu
金针菇属	jinzhengushu
金针菜	jinzhencai
金钟	jinzhong
金钟柏	jinzhongbai
金钱	jinqian
金钱信托	jinqianxintuo
金钱槭属	jinqianqishu
金银丝细工	jinyinsixigong
金银合金	jinyinhejin
金银币	jinyinbi
金银条	jinyintiao
金银花	jinyinhua
金银镶花	jinyinxianghua
金链花	jinlianhua
金链花属	jinlianhuashu
金门大桥	jinmendaqiao
金雀儿	jinqueer
金雀儿属	jinqueershu
金雀花	jinquehua
金雪球	jinxueqiu
金霉素	jinmeisu
金鱼草	jinyucao
金鱼草属	jinyucaoshu
金鱼虫	jinyuchong
金鲈	jinlu
金鸡纳属	jinjinashu
金鸡纳树	jinjinashu
金鸡纳树皮	jinjinashupi
金黄绿	jinhuanglu
金龟子	jinguizi
金龟子属	jinguizishu
鉴定	jianding
鉴定人	jiandingren
鉴定表	jiandingbiao
鉴赏者	jianshangzhe
针	zhen
针刺疗法	zhenciliaofa
针叶树	zhenyeshu
针对	zhendui
针术	zhenshu
针毛蕨属	zhenmaojueshu
针灸	zhenjiu
针眼	zhenyan
针织品	zhenzhipin
针织套衫	zhenzhitaoshan
针织机	zhenzhiji
针织物	zhenzhiwu
针脚	zhenjiao
针铁矿	zhentiekuang
针镍矿	zhenniekuang
钉子	dingzi
钉板条	dingbantiao
钌	liao
钐	shan
钒	fan
钒钾铀矿	fanjiayoukuang
钓丝	diaosi
钓具	diaoju
钓竿	diaogan
钓线	diaoxian
钓鱼	diaoyu
钓鱼椅	diaoyuyi
钓鱼线	diaoyuxian
钓鱼者	diaoyuzhe
钔	men
钗	chai
钙	gai
钙化	gaihua
钙化作用	gaihuazuoyong
钙果	gaiguo
钙硝石	gaixiaoshi
钙质层	gaizhiceng
钙铁榴石	gaitieliushi
钙长石	gaichangshi
钚弹	budan
钛	tai
钛酸	taisuan
钛铁矿	taitiekuang
钝化	dunhua
钝口螈属	dunkouyuanshu
钝口螈科	dunkouyuanke
钝叶	dunye
钝叶决明	dunyejueming
钝叶酸模	dunyesuanmo
钝吻鳄亚科	dunweneyake
钝外伤	dunwaishang
钝头剑	duntoujian
钝的	dunde
钝角	dunjiao
钞票	chaopiao
钟	zhong
钟塔	zhongta
钟头	zhongtou
钟形女帽	zhongxingnumao
钟情	zhongqing
钟摆	zhongbai
钟架	zhongjia
钟楼	zhonglou
钟状	zhongzhuang
钟状物	zhongzhuangwu
钟琴	zhongqin
钟的拉索	zhongdelasuo
钟盘	zhongpan
钟绳	zhongsheng
钟花	zhonghua
钟萼豆	zhongedou
钟表机械	zhongbiaojixie
钟铜	zhongtong
钟锤	zhongchui
钟面	zhongmian
钟鹊	zhongque
钠云母	nayunmu
钡	bei
钡白	beibai
钢	gang
钢丝棉	gangsimian
钢丝绒	gangsirong
钢丝背心	gangsibeixin
钢丝锯	gangsiju
钢板	gangban
钢片琴	gangpianqin
钢琴	gangqin
钢琴般的	gangqinbande
钢盔	gangkui
钢笔	gangbi
钢铁	gangtie
钢锯	gangju
钢骨水泥	ganggushuini
钥匙	yaoshi
钥匙圈	yaoshiquan
钥匙孔	yaoshikong
钥匙板	yaoshiban
钥孔蜮科	yaokongyuke
钦佩	qinpei
钦佩者	qinpeizhe
钨锰铁矿	wumengtiekuang
钩	gou
钩住	gouzhu
钩体病	goutibing
钩口科	goukouke
钩回	gouhui
钩子	gouzi
钩形	gouxing
钩毛	goumao
钩状	gouzhuang
钩环	gouhuan
钩竿	gougan
钩虫	gouchong
钩虫病	gouchongbing
钩蛱蝶属	goujiadieshu
钩边	goubian
钩针	gouzhen
钩针编织	gouzhenbianzhi
钪	kang
钫	fang
钬	huo
钮	niu
钮扣眼	niukouyan
钮扣钩	niukougou
钱	qian
钱包	qianbao
钱包暗带	qianbaoandai
钱币	qianbi
钱布雷绸	qianbuleichou
钱箱	qianxiang
钱袋	qiandai
钱财	qiancai
钳	qian
钳口	qiankou
钳嘴鹳	qianzuiguan
钳嘴鹳属	qianzuiguanshu
钳子	qianzi
钳爪	qianzhao
钴蓝	gulan
钵水母	boshuimu
钺	yue
钻	zuan
钻井	zuanjing
钻井架	zuanjingjia
钻地风属	zuandifengshu
钻场	zuanchang
钻塔	zuanta
钻天杨	zuantianyang
钻头	zuantou
钻子	zuanzi
钻孔工具	zuankonggongju
钻心	zuanxin
钻探平台	zuantanpingtai
钻探泥浆	zuantannijiang
钻杆	zuangan
钻架	zuanjia
钻柄	zuanbing
钻石	zuanshi
钻石尖	zuanshijian
钻研	zuanyan
钻钢	zuangang
钽	tan
钽铁矿	tantiekuang
钾	jia
钾盐	jiayan
钾盐镁矾	jiayanmeifan
钾石盐	jiashiyan
铀	you
铁	tie
铁丝	tiesi
铁丝网	tiesiwang
铁兰	tielan
铁兰属	tielanshu
铁制品	tiezhipin
铁刷把	tieshuaba
铁刺丝	tiecisi
铁加杯	tiejiabei
铁匠铺	tiejiangpu
铁合金	tiehejin
铁器时代	tieqishidai
铁头球棒	tietouqiubang
铁女架	tienujia
铁尺草	tiechicao
铁屑	tiexie
铁工厂	tiegongchang
铁心	tiexin
铁扫帚	tiesaozhou
铁扫把	tiesaoba
铁朊	tieruan
铁杆海棠	tieganhaitang
铁架	tiejia
铁格子	tiegezi
铁桐	tietong
铁橇	tieqiao
铁氟龙	tiefulong
铁氰化物	tieqinghuawu
铁氰酸	tieqingsuan
铁油灰	tieyouhui
铁燧岩	tiesuiyan
铁石松	tieshisong
铁矾土	tiefantu
铁砧	tiezhen
铁笼子	tielongzi
铁箍	tiegu
铁篱笆	tieliba
铁素体	tiesuti
铁线子属	tiexianzishu
铁线蕨	tiexianjue
铁线蕨属	tiexianjueshu
铁线蕨科	tiexianjueke
铁线藤	tiexianteng
铁线虫	tiexianchong
铁绒蕨	tierongjue
铁肺	tiefei
铁色草	tiesecao
铁莲花	tielianhua
铁蒺藜	tiejili
铁蛋白	tiedanbai
铁蜈蚣	tiewugong
铁览菜属	tielancaishu
铁角蕨	tiejiaojue
铁角蕨属	tiejiaojueshu
铁角蕨科	tiejiaojueke
铁质缺乏	tiezhiquefa
铁路	tielu
铁路线	tieluxian
铁路道口	tieludaokou
铁轨	tiegui
铁道	tiedao
铁酸盐	tiesuanyan
铁铝榴石	tieluliushi
铁铝氧石	tieluyangshi
铁铝英土	tieluyingtu
铁锁	tiesuo
铁锤	tiechui
铁锹	tieqiao
铁镁铝榴石	tiemeiluliushi
铁饼	tiebing
铁马鞭	tiemabian
铁骨伞	tiegusan
铁麻干	tiemagan
铁黑云母	tieheiyunmu
铂墨	bomo
铂黑	bohei
铃儿花	lingerhua
铃兰	linglan
铃兰属	linglanshu
铃兰科	linglanke
铃声	lingsheng
铃铛菜	lingdangcai
铅	qian
铅中毒	qianzhongdu
铅丹	qiandan
铅字合金	qianzihejin
铅条	qiantiao
铅板合金	qianbanhejin
铅毒	qiandu
铅玻璃	qianboli
铅笔	qianbi
铅笔芯	qianbixin
铅糖	qiantang
铅绞痛	qianjiaotong
铅酸铅	qiansuanqian
铅锭	qianding
铆	mao
铆头模	maotoumo
铈	shi
铈铁	shitie
铌钇矿	niyikuang
铌钽铁矿	nitantiekuang
铌铁矿	nitiekuang
铍青铜	piqingtong
铑	lao
铕	you
铙钹	naobo
铜	tong
铜凹版	tongaoban
铜制品	tongzhipin
铜制物品	tongzhiwupin
铜器	tongqi
铜器时代	tongqishidai
铜基合金	tongjihejin
铜奖章	tongjiangzhang
铜币	tongbi
铜平鲉	tongpingyou
铜板	tongban
铜板雕刻	tongbandiaoke
铜片纸	tongpianzhi
铜版画	tongbanhua
铜版纸	tongbanzhi
铜矿山	tongkuangshan
铜色灰蝶	tongsehuidie
铜铅合金	tongqianhejin
铜锌合金	tongxinhejin
铜镍合金	tongniehejin
铜鼓	tonggu
铝土矿	lutukuang
铝工业	lugongye
铝玻璃	luboli
铝箔	lubo
铝酸盐	lusuanyan
铝青铜	luqingtong
铟	yin
铠甲	kaijia
铢	zhu
铣床	xichuang
铥	diu
铧式犁	huashili
铨孔锯	quankongju
铬绿	gelu
铬绿色	geluse
铬酸	gesuan
铬酸盐	gesuanyan
铬酸酯	gesuanzhi
铬酸铅	gesuanqian
铬钨钢	gewugang
铬钴钨的合金	geguwudehejin
铬铁	getie
铬铁矿	getiekuang
铬铅矿	geqiankuang
铬黄	gehuang
铭刻	mingke
铯榴石	seliushi
铯钟	sezhong
铰链	jiaolian
铰链接合	jiaolianjiehe
铰链板	jiaolianban
铱锇合金	yiehejin
铱锇矿	yiekuang
铲	chan
铲车	chanche
银	yin
银丝草菇	yinsicaogu
银丝菇	yinsigu
银元券	yinyuanquan
银叶花属	yinyehuashu
银叶茄	yinyejia
银器皿	yinqimin
银大麻哈鱼	yindamahayu
银委陵菜	yinweilingcai
银婚纪念	yinhunjinian
银婚纪念日	yinhunjinianri
银屑病	yinxiebing
银币	yinbi
银幕	yinmu
银无须鳕	yinwuxuxue
银本位	yinbenwei
银本位制	yinbenweizhi
银板鱼	yinbanyu
银板鱼属	yinbanyushu
银根松	yingensong
银根紧	yingenjin
银槭	yinqi
银汉科鱼	yinhankeyu
银汉鱼科	yinhanyuke
银汉鱼类	yinhanyulei
银河鱼	yinheyu
银灰色	yinhuise
银灰色的	yinhuisede
银焊料	yinhanliao
银狐	yinhu
银白杨	yinbaiyang
银白槭	yinbaiqi
银白色	yinbaise
银粉叶蕨	yinfenyejue
银耳子	yinerzi
银耳目	yinermu
银耳科	yinerke
银背大猩	yinbeidaxing
银色	yinse
银苞菊	yinbaoju
银莲花类	yinlianhualei
银蛤属	yinhashu
银蛤科	yinhake
银行	yinhang
银行倒闭	yinhangdaobi
银行假日	yinhangjiari
银行利率	yinhanglilu
银行大厦	yinhangdasha
银行存折	yinhangcunzhe
银行存款	yinhangcunkuan
银行帐户	yinhangzhanghu
银行挤兑	yinhangjidui
银行挤提	yinhangjiti
银行本票	yinhangbenpiao
银行汇票	yinhanghuipiao
银行贷款	yinhangdaikuan
银边翠	yinbiancui
银金矿	yinjinkuang
银钟花属	yinzhonghuashu
银铃	yinling
银鱼	yinyu
银鲈	yinlu
银鲈属	yinlushu
银鲈科	yinluke
银鸥	yinou
铸块	zhukuai
铸币厂	zhubichang
铸币税	zhubishui
铸币费	zhubifei
铸成合金	zhuchenghejin
铸模	zhumo
铸造厂	zhuzaochang
铸造物	zhuzaowu
铸钟场	zhuzhongchang
铸铁	zhutie
铸铁厂	zhutiechang
铹	lao
铺位	puwei
铺地百里香	pudibailixiang
铺开	pukai
铺张地	puzhangdi
铺张浪费	puzhanglangfei
铺盖	pugai
铺设铁路	pushetielu
铺路石	pulushi
铺路税	pulushui
铺道	pudao
铺道板	pudaoban
铼	lai
铽金属	tejinshu
链	lian
链反应	lianfanying
链子	lianzi
链孢霉属	lianbaomeishu
链式作用	lianshizuoyong
链式反应	lianshifanying
链式打印机	lianshidayinji
链形缝法	lianxingfengfa
链扣	liankou
链接	lianjie
链条	liantiao
链条钳	liantiaoqian
链激酶	lianjimei
链烯	lianxi
链环	lianhuan
链球	lianqiu
链球菌素	lianqiujunsu
链蕨	lianjue
链表	lianbiao
链道酶	liandaomei
链锯	lianju
链齿	lianchi
销	xiao
销售	xiaoshou
销售价格	xiaoshoujiage
销售出去	xiaoshouchuqu
销售商	xiaoshoushang
销售总额	xiaoshouzonge
销售税	xiaoshoushui
销帐	xiaozhang
锁	suo
锁上	suoshang
锁住	suozhu
锁具	suoju
锁好	suohao
锁子甲	suozijia
锁孔	suokong
锁柜	suogui
锁眼	suoyan
锁眼盖	suoyangai
锁簧	suohuang
锁紧垫圈	suojindianjuan
锁起来	suoqilai
锁链	suolian
锁销	suoxiao
锁闭	suobi
锂云母	liyunmu
锂磷铝石	lilinlushi
锂辉石	lihuishi
锄	chu
锄头	chutou
锄头柄	chutoubing
锅	guo
锅炉	guolu
锅炉煤	guolumei
锅炉钢板	guolugangban
锅铁	guotie
锆	gao
锈	xiu
锈子器	xiuziqi
锈孢子	xiubaozi
锈孢子器	xiubaoziqi
锈疱	xiupao
锈色口蘑	xiusekoumo
锈菌	xiujun
锈菌目	xiujunmu
锈蘑	xiumo
锉	cuo
锉刀	cuodao
锉草	cuocao
锋	feng
锋利的	fenglide
锋面	fengmian
锌	xin
锌缺乏	xinquefa
锎	kai
锐利	ruili
锐角	ruijiao
锐角的	ruijiaode
锕类	alei
锕类元素	aleiyuansu
锗	zhe
锗石	zheshi
锘	nuo
错位咬合	cuoweiyaohe
错报	cuobao
错构瘤	cuogouliu
错觉	cuojue
错误	cuowu
错误地引导	cuowudiyindao
错误的信念	cuowudexinnian
错误领会	cuowulinghui
错过	cuoguo
锚	mao
锚泊灯	maobodeng
锚泊索具	maobosuoju
锚泊装置	maobozhuangzhi
锚泊费	maobofei
锚灯	maodeng
锚爪	maozhao
锚钩	maogou
锚链	maolian
锚链孔	maoliankong
锚链筒	maoliantong
锛子	benzi
锡利哈姆犬	xilihamuquan
锡石	xishi
锡铅合金	xiqianhejin
锡锑铜合金	xititonghejin
锣锤草	luochuicao
锤头	chuitou
锤子	chuizi
锥	zhui
锥子	zhuizi
锥形母线	zhuixingmuxian
锥形物	zhuixingwu
锥蝽属	zhuichunshu
锥螺科	zhuiluoke
锥足草属	zhuizucaoshu
锥钻	zhuizuan
锥面	zhuimian
锥鼻虫	zhuibichong
锦兰	jinlan
锦带花	jindaihua
锦带花属	jindaihuashu
锦彩叶木	jincaiyemu
锦标赛	jinbiaosai
锦灯笼	jindenglong
锦紫苏	jinzisu
锦紫苏属	jinzisushu
锦缎	jinduan
锦锻	jinduan
锦鳚	jinwei
锦鳚属	jinweishu
锦鳚科	jinweike
锦鸡儿	jinjier
锦鸡儿属	jinjiershu
锫	pei
锭	ding
锭铁	dingtie
键	jian
键孔锯	jiankongju
键盘	jianpan
锯叶棕属	juyezongshu
锯屑	juxie
锯木场	jumuchang
锯木机	jumuji
锯末	jumo
锯材原木	jucaiyuanmu
锯棕榈	juzonglu
锯榈	julu
锯盖鱼	jugaiyu
锯盖鱼属	jugaiyushu
锯盖鱼科	jugaiyuke
锯脂鲤	juzhili
锯脂鲤属	juzhilishu
锯蜂	jufeng
锯蝇	juying
锯锯草	jujucao
锯鮨属	juyishu
锯鲉	juyou
锯鳃石鲈属	jusaishilushu
锯齿形	juchixing
锯齿状叶	juchizhuangye
锰	meng
锰酸	mengsuan
锹形虫	qiaoxingchong
锹甲科	qiaojiake
锻炼	duanlian
锻烧	duanshao
锻造	duanzao
锻铁	duantie
镀金	dujin
镀金涂层	dujintuceng
镀金餐具	dujincanju
镀锌钢材	duxingangcai
镀锌铁	duxintie
镁	mei
镁乳	meiru
镁光灯	meiguangdeng
镁铝榴石	meiluliushi
镁铝石	meilushi
镄	fei
镅	mei
镇	zhen
镇压	zhenya
镇咳药	zhenkeyao
镇咳药剂	zhenkeyaoji
镇流器	zhenliuqi
镇痉剂	zhenjingji
镇痉药剂	zhenjingyaoji
镇痛剂	zhentongji
镇痛药	zhentongyao
镇静	zhenjing
镇静剂	zhenjingji
镊子	niezi
镌刻	juanke
镍	nie
镍币	niebi
镏	liu
镓	jia
镖鲈属	biaolushu
镗孔	tangkong
镜头	jingtou
镜子	jingzi
镜片	jingpian
镜铁	jingtie
镞形叶	zuxingye
镣铐	liaokao
镧	lan
镧系元素	lanxiyuansu
镭	lei
镭射	leishe
镯子	zhuozi
镰刀	liandao
镰孢菌属	lianbaojunshu
镰菌属	lianjunshu
镶嵌	xiangqian
镶嵌物	xiangqianwu
镶嵌金	xiangqianjin
镶榫接头	xiangsunjietou
镶边	xiangbian
长不出牙	zhangbuchuya
长久	changjiu
长内衣	zhangneiyi
长内衣裤	zhangneiyiku
长凳	zhangdeng
长出头	zhangchutou
长出顶	zhangchuding
长刨	zhangpao
长压定	zhangyading
长及膝盖的	zhangjixigaide
长发夹	changfajia
长叶薄荷	zhangyebohe
长命的	changmingde
长喙壳属	zhanghuikeshu
长喙壳科	zhanghuikeke
长嘴	zhangzui
长嘴鱼	zhangzuiyu
长圆形	changyuanxing
长城	changcheng
长处	changchu
长大	zhangda
长大衣	zhangdayi
长套索	zhangtaosuo
长尾叶猴	zhangweiyehou
长尾猴	zhangweihou
长尾猴属	zhangweihoushu
长尾豪猪	zhangweihaozhu
长尾鲨属	zhangweishashu
长尾鲨科	zhangweishake
长尾鳕	zhangweixue
长尾鳕科	zhangweixueke
长尾鼬	zhangweiyou
长布料	zhangbuliao
长度	changdu
长度单位	changdudanwei
长度度量	changduduliang
长弓	zhanggong
长手套	zhangshoutao
长方体	changfangti
长方形	changfangxing
长时间	zhangshijian
长春花	changchunhua
长曲棍球	zhangqugunqiu
长期	changqi
长期监禁	changqijianjin
长杆	zhanggan
长枕	zhangzhen
长果子树	zhangguozishu
长柄勺	zhangbingshao
长柄扒	zhangbingba
长柄杯	zhangbingbei
长椅	zhangyi
长橇	zhangqiao
长毛象	changmaoxiang
长沙发	changshafa
长沙发椅	changshafayi
长满	zhangman
长炮	zhangpao
长烟管	zhangyanguan
长牙	zhangya
长牡蛎	zhangmuli
长生果	changshengguo
长短	changduan
长短格的	changduangede
长石	changshi
长笛	changdi
长筒花	zhangtonghua
长统靴	changtongxue
长翅目	zhangchimu
长老	zhanglao
长耳鹿	zhangerlu
长脚鹬	zhangjiaoyu
长脚鹬属	zhangjiaoyushu
长腹蜂科	zhangfufengke
长臂猿	changbiyuan
长臂猿属	changbiyuanshu
长臂猿科	changbiyuanke
长臂虾	zhangbixia
长臂虾属	zhangbixiashu
长臂虾科	zhangbixiake
长芽	zhangya
长蛇齿鱼	zhangshechiyu
长蝽	zhangchun
长蝽科	zhangchunke
长袍	changpao
长袖	changxiu
长裙	zhangqun
长裤	changku
长角亚目	zhangjiaoyamu
长角牛	zhangjiaoniu
长豇豆	zhangjiangdou
长途汽车	changtuqiche
长针	zhangzhen
长隔木	zhanggemu
长隔木属	zhanggemushu
长霉	zhangmei
长靴	zhangxue
长须鲸	zhangxujing
长颈羚	zhangjingling
长颈鹿	changjinglu
长颈鹿属	changjinglushu
长颈鹿科	changjingluke
长颚鱼	zhangeyu
长鼻猴	zhangbihou
长鼻猴属	zhangbihoushu
长鼻目	zhangbimu
长齿鱼	zhangchiyu
门	men
门厅	menting
门口	menkou
门口地垫	menkoudidian
门垫	mendian
门将	menjiang
门廊	menlang
门房	menfang
门扣	menkou
门把	menba
门把手	menbashou
门柱	menzhu
门栓	menshuan
门框	menkuang
门楣	menmei
门槛	menkan
门毯	mentan
门氏喜林草	menshixilincao
门牌	menpai
门环	menhuan
门球杆	menqiugan
门电路	mendianlu
门的铰链	mendejiaolian
门票收入	menpiaoshouru
门第	mendi
门警	menjing
门诊所	menzhensuo
门钉	mending
门铃	menling
门锁	mensuo
门闩	menshuan
门阶	menjie
门齿鲷	menchidiao
闩	shuan
闪亮	shanliang
闪光	shanguang
闪光灯	shanguangdeng
闪光的	shanguangde
闪出火花	shanchuhuohua
闪存	shancun
闪火星	shanhuoxing
闪火点	shanhuodian
闪点	shandian
闪烁	shanshuo
闪烁不定	shanshuobuding
闪现	shanxian
闪瓦鲁月	shanwaluyue
闪石	shanshi
闪耀	shanyao
闪蛱蝶属	shanjiadieshu
闪身躲开	shanshenduokai
闪过	shanguo
闪避	shanbi
闭合	bihe
闭合性骨折	bihexingguzhe
闭合环路	bihehuanlu
闭合电路	bihedianlu
闭塞	bise
闭塞空间	bisekongjian
闭汗症	bihanzheng
闭经	bijing
闭路电视	biludianshi
闭路电话	biludianhua
闭锁	bisuo
闭锁畸形	bisuojixing
闭鱼花	biyuhua
问	wen
问候	wenhou
问卷	wenjuan
问荆	wenjing
问题	wenti
闯	chuang
闯入	chuangru
闯进	chuangjin
闰年	runnian
闰秒	runmiao
闲坐	xianzuo
闲坐着	xianzuozhe
闲暇	xianxia
闲着	xianzhe
闲职	xianzhi
闲荡	xiandang
闲话	xianhua
闲逛	xianguang
间	jian
间作作物	jianzuozuowu
间壁	jianbi
间层	jianceng
间情期	jianqingqi
间接提到	jianjietidao
间接税	jianjieshui
间歇	jianxie
间歇喷出	jianxiepenchu
间歇的	jianxiede
间皮瘤	jianpiliu
间苯二酚	jianbenerfen
间谍	jiandie
间质的	jianzhidi
间距	jianju
间道	jiandao
间隔	jiange
间隔班	jiangeban
间隔缺损	jiangequesun
间隙	jianxi
闷可乐	menkele
闷果	menguo
闷死	mensi
闷浊空气	menzhuokongqi
闷烧	menshao
闷热	menre
闷燃	menran
闸	zha
闸口	zhakou
闸带	zhadai
闸板	zhaban
闸板砖	zhabanzhuan
闸盘	zhapan
闸门	zhamen
闹事	naoshi
闹哄	naohong
闹情绪	naoqingxu
闹羊花	naoyanghua
闹钟	naozhong
闺房	guifang
闻	wen
闻到	wendao
阁下	gexia
阁楼	gelou
阅兵	yuebing
阅览室	yuelanshi
阅读	yuedu
阈值	yuzhi
阈值的运算	yuzhideyunsuan
阈值运算	yuzhiyunsuan
阈函数	yuhanshu
阉公牛	yangongniu
阉割忧虑	yangeyoulu
阉牛	yanniu
阉猫	yanmao
阉羊	yanyang
阐明	chanming
阐述	chanshu
阑尾	lanwei
阑尾炎	lanweiyan
阔	kuo
阔凿	kuozao
阔刀	kuodao
阔叶冬青	kuoyedongqing
阔叶车前	kuoyecheqian
阔叶黄檀	kuoyehuangtan
阔基鳞毛蕨	kuojilinmaojue
阔幅厚黑呢	kuofuhouheine
阔幅织物	kuofuzhiwu
阔斧	kuofu
阔步行进	kuobuxingjin
阔鼻猴	kuobihou
阔鼻猴亚科	kuobihouyake
队	dui
队列	duilie
队员	duiyuan
队形	duixing
防冻剂	fangdongji
防冻液	fangdongye
防卫措施	fangweicuoshi
防卫机制	fangweijizhi
防卫物	fangweiwu
防卫线	fangweixian
防坦克的	fangtankede
防守	fangshou
防守率	fangshoulu
防尘布	fangchenbu
防尘罩	fangchenzhao
防弹衣	fangdanyi
防御体系	fangyutixi
防御工事	fangyugongshi
防御机制	fangyujizhi
防御组织	fangyuzuzhi
防护	fanghu
防护套	fanghutao
防护帽	fanghumao
防护板	fanghuban
防松螺母	fangsongluomu
防止	fangzhi
防毒程序	fangduchengxu
防毒衣	fangduyi
防毒面具	fangdumianju
防水棉布	fangshuimianbu
防水胶	fangshuijiao
防污方巾	fangwufangjin
防油纸	fangyouzhi
防波堤	fangbodi
防洪	fanghong
防湿层	fangshiceng
防潮布	fangchaobu
防火墙	fanghuoqiang
防火沟	fanghuogou
防火门	fanghuomen
防碎玻璃	fangsuiboli
防空	fangkong
防空兵器	fangkongbingqi
防空壕	fangkonghao
防空洞	fangkongdong
防空火力	fangkonghuoli
防空雷达	fangkongleida
防线	fangxian
防腐剂	fangfuji
防腐法	fangfufa
防臭	fangchou
防臭剂	fangchouji
防范	fangfan
防锈剂	fangxiuji
防雨板	fangyuban
防雷靴	fangleixue
防风灯	fangfengdeng
阳光	yangguang
阳历	yangli
阳历月	yangliyue
阳台	yangtai
阳否阴述	yangfouyinshu
阳极	yangji
阳桃	yangtao
阳桃属	yangtaoshu
阳离子去污剂	yangliziquwuji
阳萎	yangwei
阳起石	yangqishi
阳雀花	yangquehua
阴	yin
阴云密布	yinyunmibu
阴历	yinli
阴历月	yinliyue
阴囊瘤	yinnangliu
阴囊积尿	yinnangjiniao
阴地蕨	yindijue
阴地蕨属	yindijueshu
阴天	yintian
阴影	yinying
阴性化	yinxinghua
阴暗	yinan
阴暗区	yinanqu
阴极	yinji
阴森地逼近	yinsendibijin
阴沉	yinchen
阴燃	yinran
阴离子	yinlizi
阴离子化合物	yinlizihuahewu
阴离子去污剂	yinliziquwuji
阴茎头炎	yinjingtouyan
阴茎套	yinjingtao
阴茎替代物	yinjingtidaiwu
阴虱	yinshi
阴虱属	yinshishu
阴虱病	yinshibing
阴虱科	yinshike
阴谋	yinmou
阴谋者的	yinmouzhede
阴道分泌物	yindaofenmiwu
阴道干燥	yindaoganzao
阴道溢液	yindaoyiye
阴道炎	yindaoyan
阴道疝	yindaoshan
阴道痉挛	yindaojingluan
阴道积血	yindaojixue
阴道脱垂	yindaotuochui
阴间	yinjian
阴阳历	yinyangli
阵亡	zhenwang
阵亡数	zhenwangshu
阵列	zhenlie
阵挛	zhenluan
阵痛	zhentong
阵雨	zhenyu
阶层	jieceng
阶层化	jiecenghua
阶梯	jieti
阶段	jieduan
阶级	jieji
阶级组织	jiejizuzhi
阻力	zuli
阻力单位	zulidanwei
阻力系数	zulixishu
阻化剂	zuhuaji
阻塞	zuse
阻塞物	zusewu
阻塞门	zusemen
阻尼器	zuniqi
阻尼时间	zunishijian
阻拦	zulan
阻拦气球	zulanqiqiu
阻挠	zunao
阻挡	zudang
阻挡带	zudangdai
阻断	zuduan
阻断术	zuduanshu
阻止	zuzhi
阻止得分	zuzhidefen
阻氧化剂	zuyanghuaji
阻滞	zuzhi
阻滞剂	zuzhiji
阻滞麻醉	zuzhimazui
阻生	zusheng
阻碍	zuai
阻碍成长	zuaichengzhang
阻碍物	zuaiwu
阻蚀剂	zushiji
阻遏药	zueyao
阻隔	zuge
阿丽亚娜	aliyana
阿乐凯奥斯	alekaiaosi
阿什哈巴德	ashenhabade
阿什维尔	ashenweier
阿仑唑奈	alunzuonai
阿仑膦酸钠	alunlinsuanna
阿伏伽德罗数	afugadeluoshu
阿伐	afa
阿伐粒子	afalizi
阿伐铁	afatie
阿伐青铜	afaqingtong
阿伐黄铜	afahuangtong
阿伦扳手	alunbanshou
阿伦敦	alundun
阿伦群岛	alunqundao
阿伦螺钉	alunluoding
阿伯丁	aboding
阿伯卡茨语	abokaciyu
阿伽门农	agamennong
阿佛洛狄忒	afuluodite
阿修罗	axiuluo
阿克伦	akelun
阿克何纳托	akehenatuo
阿克拉	akela
阿克萨烈士旅	akesalieshilu
阿克里	akeli
阿兹海默病	azihaimobing
阿凯达组织	akaidazuzhi
阿列夫零	aliefuling
阿利根尼河	aligennihe
阿劳卡河	alaokahe
阿勃勒	abolei
阿勒山	aleishan
阿勒河	aleihe
阿卡德文	akadewen
阿卡德语	akadeyu
阿卡普尔科	akapuerke
阿卡狄亚	akadiya
阿卡迪亚	akadiya
阿卡迪亚人	akadiyaren
阿卡迪亚语	akadiyayu
阿司匹林	asipilin
阿启坦阶	aqitanjie
阿哥斯	agesi
阿喀琉斯	akaliusi
阿图瓦	atuwa
阿坎语	akanyu
阿基坦	ajitan
阿基米德	ajimide
阿基米德原理	ajimideyuanli
阿基里斯	ajilisi
阿塔卡马沙漠	atakamashamo
阿塔卡马海沟	atakamahaigou
阿多尼斯	aduonisi
阿姆哈拉人	amuhalaren
阿姆哈拉文	amuhalawen
阿姆哈拉语	amuhalayu
阿姆斯特丹	amusitedan
阿姆森齐亚属	amusenqiyashu
阿姨	ayi
阿密曲替林	amiqutilin
阿富汗	afuhan
阿富汗人	afuhanren
阿富汗尼	afuhanni
阿富汗披肩	afuhanpijian
阿富汗毛毯	afuhanmaotan
阿富汗猎犬	afuhanliequan
阿尔伯克基	aerbokeji
阿尔伯斯	aerbosi
阿尔伯特亲王	aerboteqinwang
阿尔卑斯山	aerbeisishan
阿尔及利亚	aerjiliya
阿尔及利亚人	aerjiliyaren
阿尔及尔	aerjier
阿尔发	aerfa
阿尔发星	aerfaxing
阿尔发粒子	aerfalizi
阿尔发辐射	aerfafushe
阿尔图纳	aertuna
阿尔巴尼亚	aerbaniya
阿尔巴尼亚人	aerbaniyaren
阿尔巴尼亚文	aerbaniyawen
阿尔巴尼亚语	aerbaniyayu
阿尔弗烈德	aerfuliede
阿尔戈斯	aergesi
阿尔托	aertuo
阿尔杰	aerjie
阿尔比恩	aerbien
阿尔比派	aerbipai
阿尔法	aerfa
阿尔法射线	aerfashexian
阿尔法球蛋白	aerfaqiudanbai
阿尔法节律	aerfajielu
阿尔法铁	aerfatie
阿尔法黄铜	aerfahuangtong
阿尔泰	aertai
阿尔泰羽节蕨	aertaiyujiejue
阿尔泰语系	aertaiyuxi
阿尔泰贝母	aertaibeimu
阿尔申	aershen
阿尔皮纳	aerpina
阿尔科特	aerkete
阿尔茨海默病	aercihaimobing
阿尔萨斯	aersasi
阿尔萨斯人	aersasiren
阿尔诺河	aernuohe
阿尔贝蒂	aerbeidi
阿尔贡金	aergongjin
阿尔贡金语	aergongjinyu
阿巴丹岛	abadandao
阿巴拉契亚	abalaqiya
阿布亚	abuya
阿布哈兹	abuhazi
阿布哈兹语	abuhaziyu
阿布哈西亚文	abuhaxiyawen
阿布基尔	abujier
阿布岱尔	abudaier
阿布扎比	abuzhabi
阿布沙耶夫	abushayefu
阿布纳基族	abunajizu
阿布纳基语	abunajiyu
阿布贾	abujia
阿布鲁齐	abuluqi
阿希利斯跟腱	axilisigenjian
阿帕切人	apaqieren
阿帕切文	apaqiewen
阿帕切族	apaqiezu
阿帕卢萨马	apalusama
阿帕契语	apaqiyu
阿帕希舞	apaxiwu
阿帕拉契	apalaqi
阿帕拉契山脉	apalaqishanmai
阿帕拉契科拉河	apalaqikelahe
阿庇乌古道	abiwugudao
阿开木	akaimu
阿开木属	akaimushu
阿开木果	akaimuguo
阿德利企鹅	adeliqie
阿德利企鹅属	adeliqieshu
阿德莱德	adelaide
阿必尚	abishang
阿忒	ate
阿戴布	adaibu
阿托品	atuopin
阿托秒	atuomiao
阿拉	ala
阿拉丁	alading
阿拉伯人	alaboren
阿拉伯半岛	alabobandao
阿拉伯咖啡	alabokafei
阿拉伯数字	alaboshuzi
阿拉伯文	alabowen
阿拉伯橡胶	alaboxiangjiao
阿拉伯沙漠	alaboshamo
阿拉伯海	alabohai
阿拉伯茴香	alabohuixiang
阿拉伯茶叶	alabochaye
阿拉伯语	alaboyu
阿拉伯长袍	alabochangpao
阿拉伯马	alaboma
阿拉姆	alamu
阿拉姆人	alamuren
阿拉姆语	alamuyu
阿拉姆语文字	alamuyuwenzi
阿拉巴霍语	alabahuoyu
阿拉巴马州	alabamazhou
阿拉巴马州人	alabamazhouren
阿拉巴马河	alabamahe
阿拉帕霍文	alapahuowen
阿拉弗拉海	alafulahai
阿拉摩	alamo
阿拉斯加人	alasijiaren
阿拉斯加半岛	alasijiabandao
阿拉斯加州	alasijiazhou
阿拉斯河	alasihe
阿拉木图	alamutu
阿拉比卡	alabika
阿拉瓜亚河	alaguayahe
阿拉瓦克人	alawakeren
阿拉瓦克文	alawakewen
阿拉瓦克语	alawakeyu
阿拉米文	alamiwen
阿拉莫	alamo
阿拉贡	alagong
阿拉里克	alalike
阿拜多斯	abaiduosi
阿提卡	atika
阿提拉	atila
阿摩司	amosi
阿摩司书	amosishu
阿摩尼亚	amoniya
阿斯克勒庇俄斯	asikeleibiesi
阿斯塔纳	asitana
阿斯巴特	asibate
阿斯巴甜糖	asibatiantang
阿斯德尔特神	asideerteshen
阿斯旺	asiwang
阿斯旺水坝	asiwangshuiba
阿斯特拉罕	asitelahan
阿斯马拉	asimala
阿普唑仑	apuzuolun
阿普尔顿	apuerdun
阿普尔顿层	apuerdunceng
阿曼里亚尔	amanliyaer
阿曼门诺派	amanmennuopai
阿替洛尔	atiluoer
阿月浑子树	ayuehunzishu
阿朱那	azhuna
阿朴吗啡	apumafei
阿杰利亚	ajieliya
阿根廷	agenting
阿根廷人	agentingren
阿根廷刺木	agentingcimu
阿根廷龙	agentinglong
阿格丽品娜	agelipinna
阿格拉	agela
阿格拉伊亚	agelayiya
阿格里琴托	ageliqintuo
阿比杜斯	abidusi
阿比西尼亚猫	abixiniyamao
阿比西林	abixilin
阿比让	abirang
阿沃	awo
阿法南猿	afananyuan
阿波罗	aboluo
阿波罗计划	aboluojihua
阿活他汀	ahuotating
阿灵顿	alingdun
阿特	ate
阿特尔斯坦	ateersitan
阿特拉斯山脉	atelasishanmai
阿特拉斯神	atelasishen
阿特拉斯雪松	atelasixuesong
阿特拉津	atelajin
阿特罗波斯	ateluobosi
阿珀尔多伦	apoerduolun
阿瑞斯	aruisi
阿留申文	aliushenwen
阿留申族人	aliushenzuren
阿留申群岛	aliushenqundao
阿留申语	aliushenyu
阿登高地	adenggaodi
阿皮亚	apiya
阿福花属	afuhuashu
阿福花科	afuhuake
阿秒	amiao
阿穆尔女贞	amuernuzhen
阿穆尔河	amuerhe
阿米尼乌斯	aminiwusi
阿米巴	amiba
阿米巴病	amibabing
阿米巴痢疾	amibaliji
阿米巴目	amibamu
阿米替林	amitilin
阿纳姆	anamu
阿纳海姆	anahaimu
阿耳冈昆人	aergangkunren
阿耳忒弥斯	aertemisi
阿肯色州	akensezhou
阿肯色州人	akensezhouren
阿肯色河	akensehe
阿舒尔	ashuer
阿莫西林	amoxilin
阿萨姆	asamu
阿萨姆人	asamuren
阿萨姆语	asamuyu
阿萨巴斯卡语	asabasikayu
阿西罗拉	axiluola
阿谀	eyu
阿谀奉承的	eyufengchengde
阿贝尔	abeier
阿贝尔群	abeierqun
阿迦	ajia
阿迪朗达克	adilangdake
阿迪杰河	adijiehe
阿那克萨哥拉	anakesagela
阿那克西曼德	anakeximande
阿邦	abang
阿里	ali
阿里乌斯	aliwusi
阿里乌斯教义	aliwusijiaoyi
阿里乌斯教徒	aliwusijiaotu
阿里卡拉人	alikalaren
阿里巴巴	alibaba
阿里斯塔克斯	alisitakesi
阿里斯托芬	alisituofen
阿里阿德涅	aliadenie
阿门角	amenjiao
阿闼婆吠陀	atapofeituo
阿陀斯山	atuosishan
阿雷基帕	aleijipa
阿非利加洲	afeilijiazhou
阿非利卡语	afeilikayu
阿非利堪斯语	afeilikansiyu
阿马尼亚克酒	amaniyakejiu
阿马蒂小提琴	amadixiaotiqin
阿马里洛	amaliluo
阿高洛	agaoluo
阿魏	awei
阿魏胶	aweijiao
阿鲁巴岛	alubadao
阿鲁藤属	alutengshu
陀螺	tuoluo
陀螺仪	tuoluoyi
陀螺的	tuoluode
陀螺罗盘	tuoluoluopan
陀螺艾	tuoluoai
附于	fuyu
附件	fujian
附加	fujia
附加接辞	fujiajieci
附加物	fujiawu
附加税	fujiashui
附加部分	fujiabufen
附合契约	fuheqiyue
附属	fushu
附属品	fushupin
附属建筑	fushujianzhu
附属建筑物	fushujianzhuwu
附属担保物	fushudanbaowu
附属物	fushuwu
附录	fulu
附有	fuyou
附果	fuguo
附生植物	fushengzhiwu
附盘地衣属	fupandiyishu
附着	fuzhuo
附着植物	fuzhuozhiwu
附着物	fuzhuowu
附睾炎	fugaoyan
附肢	fuzhi
附著	fuzhu
附表	fubiao
附近	fujin
陆上线路	lushangxianlu
陆军	lujun
陆军军队	lujunjundui
陆地	ludi
陆地莲	ludilian
陆线	luxian
陆蛤	luha
陈列	chenlie
陈列柜	chenliegui
陈列橱	chenliechu
陈化	chenhua
陈尸所	chenshisuo
陈设	chenshe
陈述	chenshu
陈述语气	chenshuyuqi
降临	jianglin
降临期	jianglinqi
降临节	jianglinjie
降价	jiangjia
降低	jiangdi
降低价格	jiangdijiage
降低速度	jiangdisudu
降压药	jiangyayao
降小雨	jiangxiaoyu
降格	jiangge
降水量	jiangshuiliang
降灵节	jianglingjie
降落	jiangluo
降落撬	jiangluoqiao
降血压药	jiangxueyayao
降解代谢	jiangjiedaixie
降雨	jiangyu
降雪	jiangxue
降霰	jiangxian
降马	jiangma
限制	xianzhi
限制因素	xianzhiyinsu
限制规定	xianzhiguiding
限制酶	xianzhimei
限定	xianding
限定关系	xiandingguanxi
限幅器	xianfuqi
限度	xiandu
限期	xianqi
限额	xiane
陡	dou
陡峭地	douqiaodi
院士	yuanshi
院子	yuanzi
除不尽数	chubujinshu
除冰	chubing
除去	chuqu
除去盐分	chuquyanfen
除去磁性	chuqucixing
除名	chuming
除夕	chuxi
除夕夜	chuxiye
除得尽数	chudejinshu
除掉	chudiao
除数	chushu
除毛剂	chumaoji
除法	chufa
除湿剂	chushiji
除漆剂	chuqiji
除痰剂	chutanji
除盐	chuyan
除盐作用	chuyanzuoyong
除臭	chuchou
除臭剂	chuchouji
除臭药	chuchouyao
除酵节	chujiaojie
除雾	chuwu
除霜	chushuang
除颤器	chuchanqi
除骨质	chuguzhi
陨石	yunshi
险境	xianjing
险弯	xianwan
陪	pei
陪伴	peiban
陪伴某人	peibanmouren
陪伴的	peibande
陪同	peitong
陪审员	peishenyuan
陪审团	peishentuan
陪审席	peishenxi
陪衬	peichen
陵墓	lingmu
陵寝	lingqin
陶器	taoqi
陶土	taotu
陶瓷	taoci
陶瓷的	taocide
陶管	taoguan
陶蜂	taofeng
陶饰土	taoshitu
陷于困境	xianyukunjing
陷入	xianru
陷入困境	xianrukunjing
陷凹镜	xianaojing
陷害	xianhai
陷落	xianluo
陷阱	xianjing
隅撑	yucheng
隆冬	longdong
隆头鱼	longtouyu
隆头鱼属	longtouyushu
隆头鱼科	longtouyuke
隆背岩蟹	longbeiyanxie
隆胸术	longxiongshu
隆起	longqi
随	sui
随从	suicong
随便买	suibianmai
随便访问	suibianfangwen
随便进去	suibianjinqu
随即	suiji
随后导致	suihoudaozhi
随後	suihou
随心所欲	suixinsuoyu
随意草	suiyicao
随意观看	suiyiguankan
随机化的	suijihuade
随机性	suijixing
随机游动	suijiyoudong
随机的	suijide
随机过程	suijiguocheng
随笔	suibi
隐匿	yinni
隐喙蜱科	yinhuipike
隐喻的	yinyude
隐士	yinshi
隐头花序	yintouhuaxu
隐居	yinju
隐居地	yinjudi
隐居处	yinjuchu
隐居癖	yinjupi
隐居者	yinjuzhe
隐形眼镜	yinxingyanjing
隐性税	yinxingshui
隐患	yinhuan
隐晶岩	yinjingyan
隐现	yinxian
隐球菌病	yinqiujunbing
隐睾病	yingaobing
隐睾雄马	yingaoxiongma
隐瞒	yinman
隐秘税收	yinmishuishou
隐翅虫	yinchichong
隐翅虫科	yinchichongke
隐者	yinzhe
隐肛狸属	yinganglishu
隐蔽	yinbi
隐蔽洞	yinbidong
隐蔽的	yinbide
隐藏	yincang
隐藏处	yincangchu
隐藏税	yincangshui
隐豆戏法	yindouxifa
隐退	yintui
隔丝	gesi
隔周的	gezhoude
隔壁的	gebide
隔室	geshi
隔层	geceng
隔山撬	geshanqiao
隔开	gekai
隔月的	geyuede
隔板	geban
隔水炖锅	geshuidunguo
隔火墙	gehuoqiang
隔热屏	gereping
隔热罩	gerezhao
隔离	geli
隔离墩	gelidun
隔离间	gelijian
隔膜	gemo
隔间	gejian
隙口	xikou
障碍	zhangai
障碍滑雪	zhangaihuaxue
障碍物	zhangaiwu
障碍赛	zhangaisai
隧道	suidao
隶农身份	linongshenfen
隶属	lishu
隶属者	lishuzhe
难	nan
难以	nanyi
难以承担	nanyichengdan
难以管理地	nanyiguanlidi
难以辨认地	nanyibianrendi
难免的	nanmiande
难堪	nankan
难忘的时期	nanwangdeshiqi
难改正的	nangaizhengde
难民	nanmin
难民营	nanminying
难缠	nanchan
难解之谜	nanjiezhimi
难语症	nanyuzheng
难题	nanti
雀	que
雀斑	queban
雀跃	queyue
雀鲷	quediao
雀鲷属	quediaoshu
雀鲷科	quediaoke
雀鳝属	queshanshu
雀鳝科	queshanke
雁亚科	yanyake
雁属	yanshu
雁形目	yanxingmu
雁形目鸟	yanxingmuniao
雄山羊	xiongshanyang
雄心	xiongxin
雄核发育	xionghefayu
雄激素	xiongjisu
雄猫	xiongmao
雄獐	xiongzhang
雄甾酮	xiongzaitong
雄蕊	xiongrui
雄蜂	xiongfeng
雄鲑	xionggui
雄鹿	xionglu
雄黄	xionghuang
雅典	yadian
雅典人	yadianren
雅典娜	yadianna
集中	jizhong
集中于一地	jizhongyuyidi
集中供热	jizhonggongre
集中注意	jizhongzhuyi
集中营	jizhongying
集会	jihui
集会的行为	jihuidexingwei
集体化	jitihua
集体安全	jitianquan
集体寝室	jitiqinshi
集体意见	jitiyijian
集体歇斯底里	jitixiesidili
集体追杀	jitizhuisha
集合	jihe
集合单位	jihedanwei
集合基金	jihejijin
集团	jituan
集团化	jituanhua
集壶菌科	jihujunke
集尘袋	jichendai
集市	jishi
集市日	jishiri
集成电路	jichengdianlu
集材小机车	jicaixiaojiche
集束炸弹	jishuzhadan
集流器	jiliuqi
集电极	jidianji
集结	jijie
集蜂科	jifengke
集装箱	jizhuangxiang
集邮册	jiyouce
集鱼灯	jiyudeng
雇主	guzhu
雇佣	guyong
雇佣者	guyongzhe
雇员	guyuan
雇用	guyong
雌三醇	cisanchun
雌二醇	cierchun
雌性化	cixinghua
雌性赤鹿	cixingchilu
雌核发育	cihefayu
雌核生殖	ciheshengzhi
雌激素	cijisu
雌激素酮	cijisutong
雌狐	cihu
雌狮	cishi
雌猫	cimao
雌甾二醇	cizaierchun
雌素酮	cisutong
雌蕊	cirui
雌虎	cihu
雌豹	cibao
雌酮	citong
雌雄同体	cixiongtongti
雌驴	cilu
雌黄	cihuang
雏	chu
雏百合属	chubaiheshu
雏菊	chuju
雏菊绣针法	chujuxiuzhenfa
雏菊花环	chujuhuahuan
雏马	chuma
雕像	diaoxiang
雕刻	diaoke
雕刻刀	diaokedao
雕刻品	diaokepin
雕刻工具	diaokegongju
雕刻艺术	diaokeyishu
雕塑	diaosu
雕塑室	diaosushi
雕版	diaoban
雕版画	diaobanhua
雕空绣	diaokongxiu
雕绣	diaoxiu
雕花玻璃	diaohuaboli
雨久花科	yujiuhuake
雨伞	yusan
雨伞草属	yusancaoshu
雨季	yuji
雨月	yuyue
雨水	yushui
雨点般洒落	yudianbansaluo
雨点般落下	yudianbanlaxia
雨燕	yuyan
雨燕属	yuyanshu
雨燕目	yuyanmu
雨燕科	yuyanke
雨篷	yupeng
雨虎属	yuhushu
雨衣	yuyi
雪	xue
雪人	xueren
雪兰羊毛	xuelanyangmao
雪坡	xuepo
雪崩	xuebeng
雪月	xueyue
雪板	xueban
雪果	xueguo
雪梅	xuemei
雪橇	xueqiao
雪泥	xueni
雪球	xueqiu
雪白树蟋	xuebaishuxi
雪盲症	xuemangzheng
雪盲的	xuemangde
雪糕	xuegao
雪纺绸	xuefangchou
雪羊	xueyang
雪羊属	xueyangshu
雪耳	xueer
雪花石膏	xuehuashigao
雪花膏	xuehuagao
雪茄	xuejia
雪茄剪	xuejiajian
雪茄烟	xuejiayan
雪茄盒	xuejiahe
雪茄衬带	xuejiachendai
雪豆	xuedou
雪豹	xuebao
雪貂	xuediao
雪鹭	xuelu
零	ling
零件	lingjian
零分	lingfen
零卖	lingmai
零售	lingshou
零售店	lingshoudian
零息债券	lingxizhaiquan
零活	linghuo
零用钱	lingyongqian
零碎地	lingsuidi
零磁偏线	lingcipianxian
零花钱	linghuaqian
零钱	lingqian
零食	lingshi
雷亚尔	leiyaer
雷公壶	leigonghu
雷姆	leimu
雷普敦	leipudun
雷汞	leigong
雷琐酚	leisuofen
雷电	leidian
雷电恐怖	leidiankongbu
雷电恐惧	leidiankongju
雷窝子	leiwozi
雷管	leiguan
雷酸	leisuan
雷酸汞	leisuangong
雷酸盐	leisuanyan
雷阿尔	leiaer
雷高德	leigaode
雷龙	leilong
雾化器	wuhuaqi
雾号	wuhao
雾气	wuqi
雾灯	wudeng
雾笛	wudi
需氧生活	xuyangshenghuo
需求	xuqiu
需求膨胀	xuqiupengzhang
需要	xuyao
需要帮助	xuyaobangzhu
震动	zhendong
震动牙刷	zhendongyashua
震惊	zhenjing
震音	zhenyin
震颤	zhenchan
震颤麻痹	zhenchanmabi
霉	mei
霉康唑	meikangzuo
霉菌	meijun
霉菌毒素	meijundusu
霉菌病	meijunbing
霍乱	huoluan
霍加狓	huojiapi
霍加狓属	huojiapishu
霍奇金病	huoqijinbing
霍莉蕨	huolijue
霍香	huoxiang
霍默	huomo
霎时	shashi
霓虹脂鲤属	nihongzhilishu
霜月	shuangyue
霜霉属	shuangmeishu
霜霉目	shuangmeimu
霜霉科	shuangmeike
霜霉菌	shuangmeijun
霞岩	xiayan
霞石	xiashi
霞石岩	xiashiyan
霰弹	xiandan
霰石	xianshi
露光计	luguangji
露出	luchu
露出地表	luchudibiao
露叶毛毡苔	luyemaozhantai
露天看台	lutiankantai
露天运动	lutianyundong
露头	loutou
露宿帐篷	lusuzhangpeng
露宿街头	lusujietou
露水	lushui
露珠莓	luzhumei
露脊鲸	lujijing
露脊鲸属	lujijingshu
露脊鲸科	lujijingke
露营	luying
露西	luxi
露面	loumian
露齿笑	luchixiao
露齿而笑	luchierxiao
霸占	bazhan
霸王属	bawangshu
霸王鞭	bawangbian
霸道的	badaode
霹雳	pili
青仔	qingzai
青光眼	qingguangyan
青兰	qinglan
青兰属	qinglanshu
青刚柳	qinggangliu
青小豆	qingxiaodou
青少年	qingshaonian
青属	qingshu
青山羊	qingshanyang
青年人	qingnianren
青年旅舍	qingnianlushe
青年旅馆	qingnianluguan
青年时代	qingnianshidai
青年时期	qingnianshiqi
青斑	qingban
青春	qingchun
青春期	qingchunqi
青桂香	qingguixiang
青水鸡属	qingshuijishu
青瓜	qinggua
青眼鱼	qingyanyu
青眼鱼科	qingyanyuke
青睐	qinglai
青石	qingshi
青石莲	qingshilian
青竹标	qingzhubiao
青篱竹属	qinglizhushu
青肤樱	qingfuying
青脚鹬	qingjiaoyu
青色	qingse
青草	qingcao
青荚叶属	qingjiayeshu
青菜	qingcai
青蛙	qingwa
青蟹	qingxie
青褶伞属	qingzhesanshu
青豆	qingdou
青足鹬	qingzuyu
青铜	qingtong
青铜像	qingtongxiang
青铜制品	qingtongzhipin
青铜时代	qingtongshidai
青霉菌属	qingmeijunshu
青鲈	qinglu
青鳕	qingxue
青鳕属	qingxueshu
青鼬	qingyou
青龙木	qinglongmu
青龙骨	qinglonggu
静止	jingzhi
静电单位	jingdiandanwei
静电发射	jingdianfashe
静电计	jingdianji
静脉	jingmai
静脉曲张	jingmaiquzhang
静脉炎	jingmaiyan
静负荷	jingfuhe
静轴	jingzhou
静载	jingzai
靛蓝	dianlan
靛青	dianqing
靛青灌木	dianqingguanmu
非个性化	feigexinghua
非互易的	feihuyide
非交互的	feijiaohude
非任意信托	feirenyixintuo
非传统的	feichuantongde
非典型的	feidianxingde
非匀质的	feiyunzhidi
非同时性	feitongshixing
非周末夜晚	feizhoumoyewan
非大选年	feidaxuannian
非姆托米	feimutuomi
非实物化	feishiwuhua
非实际的	feishijide
非导体	feidaoti
非州紫木	feizhouzimu
非常	feichang
非常时刻	feichangshike
非常的	feichangde
非常规的	feichangguide
非放射性	feifangshexing
非斯大林化	feisidalinhua
非旧风俗的	feijiufengsude
非显晶岩	feixianjingyan
非正式的	feizhengshide
非正统的	feizhengtongde
非正规的	feizhengguide
非求偶期	feiqiuouqi
非法买卖	feifamaimai
非法交易	feifajiaoyi
非法贩卖	feifafanmai
非法进入	feifajinru
非注册股票	feizhucegupiao
非洲	feizhou
非洲人	feizhouren
非洲国家	feizhouguojia
非洲堇	feizhoujin
非洲大麻	feizhoudama
非洲巨蜥	feizhoujuxi
非洲楝	feizhoulian
非洲楝属	feizhoulianshu
非洲白莲	feizhoubailian
非洲秃鹳	feizhoutuguan
非洲艾虎属	feizhouaihushu
非洲艾鼬	feizhouaiyou
非洲苦苣苔	feizhoukujutai
非洲菊	feizhouju
非洲蕨属	feizhoujueshu
非洲蜂	feizhoufeng
非洲象	feizhouxiang
非洲跳鼠	feizhoutiaoshu
非洲野犬	feizhouyequan
非洲野驴	feizhouyelu
非洲雏菊	feizhouchuju
非洲青猴	feizhouqinghou
非物质化	feiwuzhihua
非特异性的	feiteyixingde
非现实	feixianshi
非理智的	feilizhide
非类固醇	feileiguchun
非纳粹化	feinacuihua
非经常的	feijingchangde
非裔美国人	feiyimeiguoren
非道德论	feidaodelun
非那西丁	feinaxiding
非金属	feijinshu
非难	feinan
非食用鱼	feishiyongyu
靠	kao
靠后	kaohou
靠垫	kaodian
靠垫花边	kaodianhuabian
靠头之物	kaotouzhiwu
靠岸	kaoan
靠手	kaoshou
靠拢	kaolong
靠码头	kaomatou
靠背	kaobei
靠背板	kaobeiban
靠臂	kaobi
靠近	kaojin
面	mian
面临	mianlin
面值	mianzhi
面具	mianju
面包	mianbao
面包刀	mianbaodao
面包卷	mianbaojuan
面包厂	mianbaochang
面包店	mianbaodian
面包房	mianbaofang
面包板	mianbaoban
面包盒	mianbaohe
面包箱	mianbaoxiang
面包篮	mianbaolan
面包车	mianbaoche
面包酵母	mianbaojiaomu
面包黑霉	mianbaoheimei
面向	mianxiang
面团	miantuan
面对	miandui
面对着	mianduizhe
面条	miantiao
面板	mianban
面果	mianguo
面根藤	miangenteng
面涂层	miantuceng
面积	mianji
面积单位	mianjidanwei
面粉	mianfen
面粉厂	mianfenchang
面粉容器	mianfenrongqi
面纱	miansha
面罩	mianzhao
面角	mianjiao
面象虫	mianxiangchong
面貌特征	mianmaotezheng
面部特征	mianbutezheng
面部画	mianbuhua
面部轮廓	mianbulunkuo
面霜	mianshuang
面颊	mianjia
革叶蕨	geyejue
革叶蕨属	geyejueshu
革命	geming
革命日历	gemingrili
革新	gexin
革新的	gexinde
革翅目	gechimu
革菌科	gejunke
革除	gechu
靴	xue
靴嘴鹳	xuezuiguan
靴子	xuezi
靴带	xuedai
靴帮	xuebang
靴用袜	xueyongwa
靴襻	xuepan
靶子	bazi
靶箭	bajian
鞅	yang
鞋	xie
鞋后跟	xiehougen
鞋子	xiezi
鞋带	xiedai
鞋底前掌	xiediqianzhang
鞋底钉	xiediding
鞋楦	xiexuan
鞋油	xieyou
鞋类	xielei
鞋袜	xiewa
鞋跟材质	xiegencaizhi
鞋钉	xieding
鞋革	xiege
鞍后桥	anhouqiao
鞍座	anzuo
鞍形头	anxingtou
鞍状屋顶	anzhuangwuding
鞍纹海豹	anwenhaibao
鞍纹海豹属	anwenhaibaoshu
鞍马	anma
鞑靼忍冬	dadarendong
鞘翅	qiaochi
鞘蕊花属	qiaoruihuashu
鞠躬	jugong
鞣木	roumu
鞣木科	roumuke
鞣皮	roupi
鞣酸	rousuan
鞭	bian
鞭子	bianzi
鞭打	bianda
鞭打绣球	biandaxiuqiu
鞭把	bianba
鞭条痕	biantiaohen
鞭柄	bianbing
鞭梢	bianshao
鞭炮	bianpao
鞭痕	bianhen
鞭笞	bianchi
鞭策	biance
鞭虫病	bianchongbing
韦伯	weibo
韦利斯氏病	weilisishibing
韧皮纤维	renpixianwei
韧皮部	renpibu
韩国胡枝子	hanguohuzhizi
韩国辅币	hanguofubi
韩圆	hanyuan
韭菜	jiucai
音乐	yinyue
音乐上	yinyueshang
音乐会	yinyuehui
音乐会堂	yinyuehuitang
音乐伴奏	yinyuebanzou
音乐作品	yinyuezuopin
音乐学校	yinyuexuexiao
音乐家	yinyuejia
音乐恐怖	yinyuekongbu
音位变体	yinweibianti
音信	yinxin
音响单位	yinxiangdanwei
音响系统	yinxiangxitong
音响设备	yinxiangshebei
音栓	yinshuan
音相谐	yinxiangxie
音符	yinfu
音节	yinjie
音节划分法	yinjiehuafenfa
音节的区分	yinjiedequfen
音节省略	yinjieshenglue
音调	yindiao
音量	yinliang
音锤	yinchui
音阶	yinjie
音频系统	yinpinxitong
音高	yingao
韵律体操	yunluticao
韵律操	yunlucao
韵律舞蹈	yunluwudao
韵律运动	yunluyundong
韵文	yunwen
韶子	shaozi
韶子属	shaozishu
页岩	yeyan
页岩油	yeyanyou
顶	ding
顶垂线	dingchuixian
顶峰	dingfeng
顶帆	dingfan
顶得住	dingdezhu
顶方	dingfang
顶果木	dingguomu
顶果树属	dingguoshushu
顶枯病	dingkubing
顶梁	dingliang
顶楼	dinglou
顶点	dingdian
顶生植物	dingshengzhiwu
顶端发酵	dingduanfajiao
顶苞苔	dingbaotai
顶部	dingbu
顶部空间	dingbukongjian
顶音法	dingyinfa
顷刻	qingke
项圈	xiangquan
项目	xiangmu
项目单	xiangmudan
项目表	xiangmubiao
项链	xianglian
顺从	shuncong
顺利通过	shunlitongguo
顺序	shunxu
顺序数	shunxushu
顺应	shunying
顺风疾驶	shunfengjishi
须作交代	xuzuojiaodai
须后水	xuhoushui
须松萝	xusongluo
须腹菌科	xufujunke
须芒草属	xumangcaoshu
须鲸	xujing
须鲸亚目	xujingyamu
须鲸属	xujingshu
须鲸科	xujingke
顽固	wangu
顽固不化的	wangubuhuade
顽固的	wangude
顽强不屈的	wanqiangbuqude
顽强地	wanqiangdi
顽抗的野马	wankangdeyema
顽皮地	wanpidi
顾及	guji
顾客	guke
顾忌	guji
顾虑	gulu
顾问	guwen
顾问关系	guwenguanxi
顿	dun
顿呼	dunhu
顿绝句	dunjueju
颁发	banfa
颂扬	songyang
颂歌	songge
颂词	songci
预付	yufu
预付年金	yufunianjin
预付款	yufukuan
预估税	yugushui
预兆	yuzhao
预先加热	yuxianjiare
预加氯	yujialu
预告	yugao
预备	yubei
预定	yuding
预定一空	yudingyikong
预感	yugan
预扣所得税	yukousuodeshui
预报	yubao
预料	yuliao
预映	yuying
预期	yuqi
预期者	yuqizhe
预测	yuce
预演	yuyan
预热	yure
预知	yuzhi
预示	yushi
预示的	yushide
预算	yusuan
预算报告	yusuanbaogao
预算案	yusuanan
预算消减	yusuanxiaojian
预算赤字	yusuanchizi
预约	yuyue
预约簿	yuyuebu
预衰落	yushuailuo
预见	yujian
预览	yulan
预言	yuyan
预警系统	yujingxitong
预订	yuding
预选	yuxuan
预防	yufang
颅指数	luzhishu
颅测量器	luceliangqi
颅骨	lugu
领	ling
领事馆	lingshiguan
领会	linghui
领先	lingxian
领先的	lingxiande
领先的人	lingxianderen
领养	lingyang
领受	lingshou
领圈花	lingquanhua
领土	lingtu
领地	lingdi
领域	lingyu
领头	lingtou
领子	lingzi
领导	lingdao
领导人	lingdaoren
领导地位	lingdaodiwei
领带	lingdai
领年金者	lingnianjinzhe
领燕鸻	lingyanheng
领班	lingban
领空	lingkong
领航	linghang
领航舱	linghangcang
领航鲸	linghangjing
领袖	lingxiu
领路	linglu
领针	lingzhen
领队	lingdui
领鹑	lingchun
领鹑属	lingchunshu
颇冈月	pogangyue
颈	jing
颈卵器	jingluanqi
颈圈	jingquan
颈甲	jingjia
颈轭	jinge
颈部	jingbu
颈项	jingxiang
颈饰	jingshi
颊	jia
颌毛	hemao
颌痉挛	hejingluan
颌缘牙	heyuanya
颌针鱼科	hezhenyuke
频度	pindu
频数	pinshuo
频率	pinlu
频道	pindao
颓废	tuifei
颔	han
颖片	yingpian
颗粒	keli
颗粒虫胶	kelichongjiao
题目	timu
题铭	timing
颜	yan
颜料	yanliao
颜色	yanse
额前饰	eqianshi
额囟	exin
额外收费	ewaishoufei
额外津贴	ewaijintie
额外股息	ewaiguxi
额外诉讼费	ewaisusongfei
额外费	ewaifei
额外酬金	ewaichoujin
额外雇工	ewaigugong
额头	etou
额定股数	edinggushu
额面	emian
额饰	eshi
颞动脉炎	niedongmaiyan
颞颥	nieru
颠倒	diandao
颠簸	dianbo
颠茄	dianjia
颠茄属	dianjiashu
颠茄碱	dianjiajian
颠覆	dianfu
颤动	chandong
颤抖	chandou
颤杨	chanyang
颤栗	zhanli
颧弓的	quangongde
颧骨的	quangude
颧骨部位的	quangubuweide
风	feng
风丫草	fengyacao
风俗	fengsu
风俗画	fengsuhua
风信子	fengxinzi
风信子属	fengxinzishu
风信子科	fengxinzike
风兰	fenglan
风力计	fengliji
风化作用	fenghuazuoyong
风化变质	fenghuabianzhi
风土	fengtu
风墙	fengqiang
风夹角	fengjiajiao
风奏琴	fengzouqin
风帆	fengfan
风帘	fenglian
风帽	fengmao
风干	fenggan
风干土坯	fenggantupi
风干砖坯	fengganzhuanpi
风度	fengdu
风弦琴	fengxianqin
风扇	fengshan
风扇皮带	fengshanpidai
风景	fengjing
风景画	fengjinghua
风景画法	fengjinghuafa
风景绘画	fengjinghuihua
风暴	fengbao
风暴度	fengbaodu
风月	fengyue
风机叶片	fengjiyepian
风格	fengge
风气	fengqi
风流草	fengliucao
风流韵事	fengliuyunshi
风湿	fengshi
风湿病	fengshibing
风湿症	fengshizheng
风滚草	fengguncao
风潮	fengchao
风狂吹	fengkuangchui
风琴	fengqin
风疹	fengzhen
风笛	fengdi
风筝	fengzheng
风筝尾巴	fengzhengweiba
风筝气球	fengzhengqiqiu
风箱	fengxiang
风级	fengji
风茄	fengjia
风蚀	fengshi
风轮菜	fengluncai
风轮菜属	fengluncaishu
风速测定仪	fengsucedingyi
风速测定法	fengsucedingfa
风速表	fengsubiao
风速计	fengsuji
风速记录仪	fengsujiluyi
风道	fengdao
风铃草	fenglingcao
风镜	fengjing
风闸	fengzha
风险	fengxian
风险资本	fengxianziben
风障	fengzhang
风鸣琴	fengmingqin
飓风	jufeng
飕飕作声	sousouzuosheng
飘动	piaodong
飘带	piaodai
飘扬	piaoyang
飞	fei
飞去来器	feiqulaiqi
飞天蜈蚣	feitianwugong
飞天龙	feitianlong
飞奔	feiben
飞姆托伏	feimutuofu
飞弹	feidan
飞快	feikuai
飞快经过	feikuaijingguo
飞扑	feipu
飞扬跋扈的	feiyangbahude
飞拱	feigong
飞机	feiji
飞机场	feijichang
飞机库	feijiku
飞机引擎	feijiyinqing
飞机技工	feijijigong
飞机棚	feijipeng
飞机的副翼	feijidefuyi
飞机票价	feijipiaojia
飞机航线	feijihangxian
飞机费用	feijifeiyong
飞檐	feiyan
飞檐托	feiyantuo
飞檐托饰	feiyantuoshi
飞檐矮墙	feiyanaiqiang
飞檐矮楼	feiyanailou
飞毯	feitan
飞沫	feimo
飞海地油	feihaidiyou
飞涨	feizhang
飞灰	feihui
飞盘	feipan
飞秒	feimiao
飞绳球	feishengqiu
飞翔	feixiang
飞船	feichuan
飞艇	feiting
飞节内肿	feijieneizhong
飞节血肿	feijiexuezhong
飞落	feiluo
飞虱	feishi
飞蝗	feihuang
飞行	feixing
飞行员	feixingyuan
飞行姿态	feixingzitai
飞行指挥	feixingzhihui
飞行控制	feixingkongzhi
飞行方位	feixingfangwei
飞行甲板	feixingjiaban
飞行艇	feixingting
飞跃	feiyue
飞跑	feipao
飞轮	feilun
飞过	feiguo
飞逝	feishi
飞镖	feibiao
飞靶	feiba
飞驰	feichi
飞鱼	feiyu
飞鱼导弹	feiyudaodan
飞鱼科	feiyuke
飞龙科蜥蜴	feilongkexiyi
食	shi
食人鱼	shirenyu
食叶动物	shiyedongwu
食品	shipin
食品杂货袋	shipinzahuodai
食品橱	shipinchu
食品盒	shipinhe
食堂	shitang
食指	shizhi
食槽	shicao
食橱	shichu
食欲过盛	shiyuguosheng
食毛目	shimaomu
食物	shiwu
食物中毒	shiwuzhongdu
食物券	shiwuquan
食物渣滓	shiwuzhazi
食物篮	shiwulan
食物袋	shiwudai
食物过敏	shiwuguomin
食用牛	shiyongniu
食用猪	shiyongzhu
食用蜗牛	shiyongwoniu
食用螺	shiyongluo
食用补骨脂	shiyongbuguzhi
食用鱼	shiyongyu
食用鱼类	shiyongyulei
食盐	shiyan
食盐水	shiyanshui
食管炎	shiguanyan
食管镜	shiguanjing
食肉动物	shiroudongwu
食肉植物	shirouzhiwu
食肉目	shiroumu
食虫植物	shichongzhiwu
食虫虻	shichongmeng
食虫虻科	shichongmengke
食蚁兽	shiyishou
食蚁兽属	shiyishoushu
食蚁兽科	shiyishouke
食蜂鹟	shifengweng
食蜗镖鲈	shiwobiaolu
食蟹猕猴	shixiemihou
食言	shiyan
餐	can
餐具	canju
餐具柜	canjugui
餐刀	candao
餐厅	canting
餐厅剧场	cantingjuchang
餐后甜点	canhoutiandian
餐巾	canjin
餐巾纸	canjinzhi
餐桌	canzhuo
餐车	canche
餐车饭店	canchefandian
餐馆	canguan
餐馆剧院	canguanjuyuan
饥饿	jie
饥饿状态	jiezhuangtai
饭	fan
饭厅	fanting
饭店	fandian
饭桌	fanzhuo
饭桶	fantong
饭盒	fanhe
饭菜	fancai
饭豆	fandou
饭馆	fanguan
饮	yin
饮乳病	yinrubing
饮料	yinliao
饮料瓶	yinliaoping
饮水器	yinshuiqi
饮水机	yinshuiji
饮食	yinshi
饮食失常	yinshishichang
饮食过度	yinshiguodu
饰	shi
饰带	shidai
饰扣	shikou
饰板	shiban
饰演	shiyan
饰物	shiwu
饰罩	shizhao
饰贝属	shibeishu
饰针	shizhen
饰面	shimian
饱	bao
饱和	baohe
饱和点	baohuodian
饱和状态	baohezhuangtai
饱嗝	baoge
饱满	baoman
饱食	baoshi
饲养	siyang
饲槽	sicao
饲育场	siyuchang
饲鸟病	siniaobing
饶恕	raoshu
饺子	jiaozi
饼干	binggan
饼干压模	bingganyamo
饼干罐	bingganguan
饼海胆	binghaidan
馅饼	xianbing
馈赠税	kuizengshui
馋嘴地	chanzuidi
馏出物	liuchuwu
馏液	liuye
馒头	mantou
馒头菠	mantoubo
首	shou
首付金额	shoufujine
首先发展	shouxianfazhan
首奖	shoujiang
首次露面	shouciloumian
首脑	shounao
首脑会议	shounaohuiyi
首要地位	shouyaodiwei
首都	shoudu
首领	shouling
首饰	shoushi
首饰盒	shoushihe
香味	xiangwei
香料	xiangliao
香料树	xiangliaoshu
香木	xiangmu
香材	xiangcai
香柠檬	xiangningmeng
香格里拉	xianggelila
香桂	xianggui
香棒	xiangbang
香椿属	xiangchunshu
香槐属	xianghuaishu
香槟酒	xiangbinjiu
香橼树	xiangyuanshu
香气	xiangqi
香水	xiangshui
香水月季	xiangshuiyueji
香水植物	xiangshuizhiwu
香水花	xiangshuihua
香油	xiangyou
香港圆	xianggangyuan
香港脚	xianggangjiao
香漆	xiangqi
香炉	xianglu
香烟	xiangyan
香烟屁股	xiangyanpigu
香烟盒	xiangyanhe
香猫	xiangmao
香精油	xiangjingyou
香肠	xiangchang
香脂	xiangzhi
香脂木豆	xiangzhimudou
香膏	xianggao
香花薄荷	xianghuabohe
香苦草	xiangkucao
香茶菜属	xiangchacaishu
香草	xiangcao
香莓	xiangmei
香菇属	xianggushu
香菜	xiangcai
香蕉	xiangjiao
香蕉油	xiangjiaoyou
香蕉船	xiangjiaochuan
香蕉蜡	xiangjiaola
香薄荷	xiangbohe
香薄荷属	xiangboheshu
香薷	xiangru
香薷属	xiangrushu
香蜂花	xiangfenghua
香蜂草	xiangfengcao
香豆	xiangdou
香豆属	xiangdoushu
香豌豆	xiangwandou
香车叶草	xiangcheyecao
香醇的	xiangchunde
香鱼	xiangyu
香鳞毛蕨	xianglinmaojue
香龙草	xianglongcao
香龙豆	xianglongdou
馥草	fucao
马丁拟羊鱼	madingniyangyu
马上	mashang
马之一种	mazhiyizhong
马修结	maxiujie
马克	make
马克沁机枪	makeqinjiqiang
马克笔	makebi
马兜铃属	madoulingshu
马兜铃目	madoulingmu
马兜铃科	madoulingke
马六藤	maliuteng
马刀	madao
马利筋	malijin
马利筋属	malijinshu
马力	mali
马力小时	malixiaoshi
马加木	majiamu
马勃属	maboshu
马勃目	mabomu
马勃科	maboke
马勒带	maledai
马厩	majiu
马口铁器	makoutieqi
马嚼子	majiaozi
马奇金	maqijin
马尔他十字	maertashizi
马尔可夫链	maerkefulian
马尔堡病	maerbaobing
马尔科夫链	maerkefulian
马尼拉麻	manilama
马尿花	maniaohua
马属	mashu
马岛獴	madaomeng
马岛缟狸	madaogaoli
马岛缟狸属	madaogaolishu
马恩岛人的	maendaorende
马恩岛猫	maendaomao
马恩岛的	maendaode
马戏演员	maxiyanyuan
马戏篷	maxipeng
马披	mapi
马拉松	malasong
马拉的街车	maladejieche
马拉维克瓦查	malaweikewacha
马普兰	mapulan
马来貘	malaimo
马林巴琴	malinbaqin
马林鱼	malinyu
马桶椅	matongyi
马梳	mashu
马棚	mapeng
马槽	macao
马歇尔计划	maxieerjihua
马毛树	mamaoshu
马毛织物	mamaozhiwu
马法兰	mafalan
马海毛纱	mahaimaosha
马海毛织物	mahaimaozhiwu
马球马	maqiuma
马甲刺	majiaci
马甲子	majiazi
马略尔卡陶器	malueerkataoqi
马盔	makui
马科	make
马科动物	makedongwu
马笼头	malongtou
马粪	mafen
马粪纸	mafenzhi
马约兰草	mayuelancao
马纳特	manate
马缨丹属	mayingdanshu
马缰绳	majiangsheng
马羚属	malingshu
马耳他狗	maertagou
马耳他猫	maertamao
马肩隆	majianlong
马胃蝇	maweiying
马胃蝇蛆	maweiyingqu
马背	mabei
马脑炎	manaoyan
马臀皮	matunpi
马芹子	maqinzi
马虎	mahu
马虎从事	mahucongshi
马虎眼	mahuyan
马蜂草	mafengcao
马蝇	maying
马蝇卵	mayingluan
马蝇科	mayingke
马蝗	mahuang
马衣	mayi
马裤	maku
马豆	madou
马豆草	madoucao
马赛克	masaike
马赫数	maheshu
马赫表	mahebiao
马赫计	maheji
马路	malu
马蹄	mati
马蹄印	matiyin
马蹄形拱	matixinggong
马蹄拱	matigong
马蹄果属	matiguoshu
马蹄样足	matiyangzu
马蹄草	maticao
马蹄裂	matilie
马蹄豆属	matidoushu
马蹄足	matizu
马蹄野豌豆	matiyewandou
马蹄金属	matijinshu
马蹄钩	matigou
马蹄铁	matitie
马蹄铁刺	matitieci
马车	mache
马达	mada
马道	madao
马郁兰	mayulan
马郁兰草	mayulancao
马郁草	mayucao
马醉木	mazuimu
马钱子碱	maqianzijian
马钱子科	maqianzike
马钱属	maqianshu
马钱科	maqianke
马铃薯	malingshu
马铃薯疣	malingshuyou
马革	mage
马靴	maxue
马鞍座毯	maanzuotan
马鞍菌	maanjun
马鞍菌属	maanjunshu
马鞍菌科	maanjunke
马鞍藤	maanteng
马鞭	mabian
马鞭草属	mabiancaoshu
马鞭草科	mabiancaoke
马颔疆	mahanjiang
马饰	mashi
马首挽具	mashouwanju
马骝解	maliujie
马骡	maluo
马骡蔗树	maluozheshu
马鲅属	mabashu
马鲅科	mabake
马鲅科鱼	mabakeyu
马鲛属	majiaoshu
马鲛鱼	majiaoyu
马鲹	mashen
驮子草	tuozicao
驮马	tuoma
驯养	xunyang
驯养的	xunyangde
驯兽师	xunshoushi
驯化	xunhua
驯服	xunfu
驯服的	xunfude
驯鹿	xunlu
驯鹿属	xunlushu
驯鹿苔	xunlutai
驰骋	chicheng
驱使	qushi
驱使的	qushide
驱使过度	qushiguodu
驱动	qudong
驱动器	qudongqi
驱动机构	qudongjigou
驱动轴	qudongzhou
驱散	qusan
驱策	quce
驱策力	quceli
驱蚊草	quwencao
驱赶	qugan
驱车	quche
驱车到达	quchedaoda
驱迫	qupo
驱逐	quzhu
驱逐出境	quzhuchujing
驱逐舰	quzhujian
驱邪符	quxiefu
驱除	quchu
驱除害虫	quchuhaichong
驳回	bohui
驳船	bochuan
驳运费	boyunfei
驳骨树	bogushu
驴子	luzi
驴羚	luling
驴豆属	ludoushu
驴食豆	lushidou
驶离码头	shilimatou
驶进	shijin
驹子	juzi
驻守	zhushou
驻扎	zhuzha
驼丝绵	tuosimian
驼丝锦	tuosijin
驼子	tuozi
驼毛呢	tuomaoni
驼毛呢衣	tuomaoniyi
驼毛布料	tuomaobuliao
驼羚属	tuolingshu
驼背	tuobei
驼鹿	tuolu
驼鹿属	tuolushu
驾游艇	jiayouting
驾车	jiache
驾车兜风	jiachedoufeng
驾车游玩	jiacheyouwan
驾驭	jiayu
驾驶	jiashi
驾驶员	jiashiyuan
驾驶室	jiashishi
驾驶座	jiashizuo
驾驶舱	jiashicang
驾驶舱盖	jiashicanggai
驾驶车辆	jiashicheliang
驾驶飞机	jiashifeiji
驿马	yima
骄傲	jiaoao
骄傲自大地	jiaoaozidadi
骆马	luoma
骆马属	luomashu
骆驼	luotuo
骆驼属	luotuoshu
骆驼科	luotuoke
骆鼠属	luoshushu
验尸	yanshi
验收取样	yanshouquyang
验明	yanming
验湿器	yanshiqi
验电器	yandianqi
验证	yanzheng
骏马	junma
骑乘马	qichengma
骑兵马	qibingma
骑在肩上	qizaijianshang
骑在背上	qizaibeishang
骑在马上	qizaimashang
骑士	qishi
骑摩托车	qimotuoche
骑自行车	qizixingche
骑行短裤	qixingduanku
骑车	qiche
骑马	qima
骒马	kema
骗	pian
骗取	pianqu
骗子	pianzi
骗局	pianju
骗术	pianshu
骚乱	saoluan
骚动	saodong
骚动不安	saodongbuan
骚扰	saorao
骚搅	saojiao
骞驴	qianlu
骡	luo
骡鹿	luolu
骤然的	zhourande
骤燃	zhouran
骤雨	zhouyu
骨关节炎	guguanjieyan
骨化	guhua
骨头	gutou
骨干	gugan
骨形成	guxingcheng
骨折	guzhe
骨架	gujia
骨油	guyou
骨湃脂	gupaizhi
骨灰	guhui
骨灰匣壁龛	guhuixiabikan
骨灰安置所	guhuianzhisuo
骨灰瓷	guhuici
骨灰瓷器	guhuiciqi
骨炎	guyan
骨炭	gutan
骨炭黑	gutanhei
骨焦油	gujiaoyou
骨熔	gurong
骨瓷	guci
骨瘤	guliu
骨的	gude
骨的愈合	gudeyuhe
骨石化病	gushihuabing
骨硬化病	guyinghuabing
骨碎补属	gusuibushu
骨碎补科	gusuibuke
骨粉	gufen
骨组织	guzuzhi
骨肉瘤	gurouliu
骨胶	gujiao
骨脂	guzhi
骨质丧失	guzhisangshi
骨质溶解	guzhirongjie
骨质疏松	guzhishusong
骨质致密化	guzhizhimihua
骨软化	guruanhua
骨软骨炎	guruanguyan
骨顶鸡	gudingji
骨骼	guge
骨骼的	gugede
骨骼系统	gugexitong
骨髓炎	gusuiyan
骨髓瘤	gusuiliu
骰子	touzi
骰盅	touzhong
骶部的	dibude
骶骨的	digude
骶麻	dima
骹	qiao
髋	kuan
髋臼	kuanjiu
髋部	kuanbu
髓	sui
髓磷脂的	suilinzhide
髓膜炎	suimoyan
髓鞘化	suiqiaohua
高	gao
高价	gaojia
高位	gaowei
高侧窗	gaocechuang
高僧	gaoseng
高兴	gaoxing
高兴地	gaoxingdi
高凸浮雕	gaotufudiao
高利	gaoli
高利贷	gaolidai
高压倍加器	gaoyabeijiaqi
高压室	gaoyashi
高压政治	gaoyazhengzhi
高压气团	gaoyaqituan
高压消毒锅	gaoyaxiaoduguo
高压灭菌器	gaoyamiejunqi
高压舱	gaoyacang
高压锅	gaoyaguo
高原鹬	gaoyuanyu
高原鹬属	gaoyuanyushu
高叫鹤	gaojiaohe
高台滑雪	gaotaihuaxue
高喊	gaohan
高地	gaodi
高处的房子	gaochudefangzi
高大	gaoda
高姿态	gaozitai
高官	gaoguan
高射炮	gaoshepao
高尔夫器材	gaoerfuqicai
高尔夫手套	gaoerfushoutao
高尔夫球	gaoerfuqiu
高尔夫球棒	gaoerfuqiubang
高尔夫球袋	gaoerfuqiudai
高尔夫球车	gaoerfuqiuche
高尚	gaoshang
高尚的	gaoshangde
高层云	gaocengyun
高山	gaoshan
高山冷蕨	gaoshanlengjue
高山玫瑰	gaoshanmeigui
高山病	gaoshanbing
高山石松	gaoshanshisong
高山积雪	gaoshanjixue
高山黄芪	gaoshanhuangqi
高岭土	gaolingtu
高岭石	gaolingshi
高峰	gaofeng
高峰会议	gaofenghuiyi
高帽	gaomao
高帽子	gaomaozi
高底鞋	gaodixie
高度	gaodu
高度是	gaodushi
高度计	gaoduji
高张性	gaozhangxing
高弹体	gaodanti
高息借款	gaoxijiekuan
高手	gaoshou
高把菌	gaobajun
高斯	gaosi
高明	gaoming
高杠	gaogang
高架渠	gaojiaqu
高架铁路	gaojiatielu
高架铁道	gaojiatiedao
高株丝兰	gaozhusilan
高椅	gaoyi
高气压	gaoqiya
高氯化物	gaoluhuawu
高氯酸	gaolusuan
高氯酸盐	gaolusuanyan
高浮雕	gaofudiao
高浮雕品	gaofudiaopin
高涨	gaozhang
高渗性	gaoshenxing
高温化学	gaowenhuaxue
高潮	gaochao
高炉	gaolu
高烟囱	gaoyancong
高烧	gaoshao
高热	gaore
高热症	gaorezheng
高爆炸药	gaobaozhayao
高环柄菇	gaohuanbinggu
高球杯	gaoqiubei
高碳酸血	gaotansuanxue
高积云	gaojiyun
高程计	gaochengji
高空杂技师	gaokongzajishi
高空病	gaokongbing
高窗	gaochuang
高等地位	gaodengdiwei
高等程度	gaodengchengdu
高等级	gaodengji
高级书写纸	gaojishuxiezhi
高级公寓	gaojigongyu
高级教士	gaojijiaoshi
高线	gaoxian
高统靴	gaotongxue
高耸	gaosong
高能炸药	gaonengzhayao
高脂质血	gaozhizhixue
高脚杯	gaojiaobei
高脚柜	gaojiaogui
高脚椅	gaojiaoyi
高血压	gaoxueya
高血压症	gaoxueyazheng
高血压素	gaoxueyasu
高角羚属	gaojiaolingshu
高贵	gaogui
高贵身份	gaoguishenfen
高速	gaosu
高速公路	gaosugonglu
高速档	gaosudang
高钠血	gaonaxue
高钢索	gaogangsuo
高钾	gaojia
高锰酸盐	gaomengsuanyan
高锰酸钾	gaomengsuanjia
高雅的	gaoyade
高雪病	gaoxuebing
高顶头盔	gaodingtoukui
高顶盔甲	gaodingkuijia
高领	gaoling
高额的租金	gaoedezujin
高飞	gaofei
高马利筋	gaomalijin
高鳍石首鱼	gaoqishishouyu
高鳍笛鲷	gaoqididiao
高鼻羚羊	gaobilingyang
髦毛狗	maomaogou
髭海豹	zihaibao
髯海豹	ranhaibao
髯海豹属	ranhaibaoshu
髯狗	rangou
鬃毛画笔	zongmaohuabi
鬣狗	liegou
鬣狗属	liegoushu
鬣狗科	liegouke
鬣羊	lieyang
鬣羊属	lieyangshu
鬣羚	lieling
鬣蜥属	liexishu
鬣蜥科	liexike
鬼	gui
鬼伞属	guisanshu
鬼伞科	guisanke
鬼吹箫	guichuixiao
鬼吹箫属	guichuixiaoshu
鬼混	guihun
鬼狒	guifei
鬼笔属	guibishu
鬼笔目	guibimu
鬼笔科	guibike
鬼笔鹅膏	guibiegao
鬼箭	guijian
鬼箭羽	guijianyu
鬼脸	guilian
鬼脸天蛾	guiliantiane
鬼藏	guicang
鬼魂	guihun
魁蛤属	kuihashu
魁蛤科	kuihake
魂魄	hunpo
魅力	meili
魔力	moli
魔弹	modan
魔方	mofang
魔术	moshu
魔术箱	moshuxiang
魔法	mofa
魔法石	mofashi
魔芋属	moyushu
魣属	xushu
魣科	xuke
魨	tun
魨形目	tunxingmu
鮟鱇	ankang
鮣头鱼目	yintouyumu
鮣属	yinshu
鮨科	yike
鮨鱼	yiyu
鮰属	huishu
鯒科	yongke
鯷梨	tili
鯷鱼酱	tiyujiang
鰕虎鱼	xiahuyu
鰜鲽属	qiandieshu
鰤	shi
鰤属	shishu
鰤鲈属	shilushu
鱈形目	xuexingmu
鱚属	xishu
鱚科	xike
鱼丝	yusi
鱼串草	yuchuancao
鱼刀	yudao
鱼刺网	yuciwang
鱼卵	yuluan
鱼叉	yucha
鱼场	yuchang
鱼夫	yufu
鱼子	yuzi
鱼尾板	yuweiban
鱼尾草	yuweicao
鱼尾葵	yuweikui
鱼尾葵属	yuweikuishu
鱼尾钻头	yuweizuantou
鱼排	yupai
鱼梯	yuti
鱼油	yuyou
鱼漂	yupiao
鱼白	yubai
鱼箴科	yuzhenke
鱼箴科鱼	yuzhenkeyu
鱼类	yulei
鱼粉	yufen
鱼精蛋白	yujingdanbai
鱼缸	yugang
鱼肉	yurou
鱼肝油	yuganyou
鱼肥料	yufeiliao
鱼胶	yujiao
鱼胶硬膏	yujiaoyinggao
鱼腥草	yuxingcao
鱼腥草属	yuxingcaoshu
鱼舵科	yuduoke
鱼苗	yumiao
鱼藤属	yutengshu
鱼藤属植物	yutengshuzhiwu
鱼藤酮	yutengtong
鱼藤酮类	yutengtonglei
鱼虱	yushi
鱼蛉	yuling
鱼衔科	yuxianke
鱼貂	yudiao
鱼酱	yujiang
鱼钩	yugou
鱼镖	yubiao
鱼雷	yulei
鱼饵	yuer
鱼骨	yugu
鱼骨折	yuguzhe
鱼鳔	yubiao
鱼鳔槐	yubiaohuai
鱼鳔槐属	yubiaohuaishu
鱼鳞病	yulinbing
鱼鹰	yuying
鱿鱼	youyu
鱿鱼属	youyushu
鲀	tun
鲁梯	luti
鲁特琴	luteqin
鲁班结	lubanjie
鲁莽	lumang
鲁莽的	lumangde
鲁迪	ludi
鲁道古猿	ludaoguyuan
鲂属	fangshu
鲂鮄	fangfu
鲂鮄亚科	fangfuyake
鲂鮄科	fangfuke
鲂鮄鱼	fangfuyu
鲂鱼	fangyu
鲆科	pingke
鲇形目	nianxingmu
鲇鱼	nianyu
鲈亚目	luyamu
鲈属	lushu
鲈形亚目鱼	luxingyamuyu
鲈形目	luxingmu
鲈科	luke
鲈科之鱼	lukezhiyu
鲈鮋	luyou
鲈鱼	luyu
鲉亚目	youyamu
鲉属	youshu
鲉科	youke
鲉科鱼	youkeyu
鲉鱼	youyu
鲍	bao
鲍威刀	baoweidao
鲍属	baoshu
鲍科	baoke
鲍螺属	baoluoshu
鲍螺科	baoluoke
鲍贝	baobei
鲍鱼	baoyu
鲎藤	houteng
鲎虫	houchong
鲐鱼	taiyu
鲑	gui
鲑亚目的鱼	guiyamudiyu
鲑科	guike
鲑鱼	guiyu
鲑鱼油	guiyuyou
鲑鳟鱼	guizunyu
鲔属	weishu
鲔鱼	weiyu
鲕绿泥石	erlunishi
鲜	xian
鲜美	xianmei
鲜花设计	xianhuasheji
鲜血绒	xianxuerong
鲟属	xunshu
鲟形目	xunxingmu
鲟科	xunke
鲟鱼	xunyu
鲣	jian
鲣属	jianshu
鲣科	jianke
鲣鲔	jianwei
鲣鸟	jianniao
鲣鸟属	jianniaoshu
鲣鸟科	jianniaoke
鲦鱼	tiaoyu
鲨鱼	shayu
鲨鱼肝油	shayuganyou
鲬鱼	yongyu
鲭	qing
鲭亚目	qingyamu
鲭亚目鱼	qingyamuyu
鲭属	qingshu
鲭科	qingke
鲯鲭	qiqing
鲯鲭属	qiqingshu
鲯鲭科	qiqingke
鲯鳅	qiqiu
鲯鳅科	qiqiuke
鲱	fei
鲱属	feishu
鲱形目	feixingmu
鲱斗	feidou
鲱科	feike
鲱科鱼	feikeyu
鲱鱼	feiyu
鲱鱼类	feiyulei
鲱鸟	feiniao
鲳	chang
鲳参鱼	changcanyu
鲳属	changshu
鲳科	changke
鲳鱼	changyu
鲳鲹	changshen
鲶	nian
鲶科	nianke
鲶鱼	nianyu
鲷	diao
鲷科	diaoke
鲸	jing
鲸头鹳	jingtouguan
鲸头鹳属	jingtouguanshu
鲸头鹳科	jingtouguanke
鲸尾叶突	jingweiyetu
鲸油	jingyou
鲸目	jingmu
鲸目动物	jingmudongwu
鲸类	jinglei
鲸脂	jingzhi
鲸虱	jingshi
鲸虱属	jingshishu
鲸须	jingxu
鲸骨	jinggu
鲸骨衬箍	jingguchengu
鲸鱼	jingyu
鲹	shen
鲹属	shenshu
鲹科	shenke
鲻属	zishu
鲻科	zike
鲻鱼	ziyu
鲽属	dieshu
鲽科	dieke
鳀属	tishu
鳀科	tike
鳀鱼	tiyu
鳁鲸	wenjing
鳃	sai
鳃尾亚纲	saiweiyagang
鳃尾目	saiweimu
鳃弓	saigong
鳃裂	sailie
鳃角金龟	saijiaojingui
鳃足亚纲	saizuyagang
鳃足动物	saizudongwu
鳃足虫	saizuchong
鳄鱼扳手	eyubanshou
鳄龟	egui
鳍状地	qizhuangdi
鳍状物	qizhuangwu
鳍状龙骨	qizhuanglonggu
鳍脚亚目	qijiaoyamu
鳍足	qizu
鳍足类动物	qizuleidongwu
鳎属	tashu
鳎科	take
鳕	xue
鳕属	xueshu
鳕油	xueyou
鳕科	xueke
鳕科的鱼	xuekedeyu
鳕鱼	xueyu
鳕鱼的幼鱼	xueyudeyouyu
鳕鱼类	xueyulei
鳗形目	manxingmu
鳗的幼苗	mandeyoumiao
鳗蛔虫	manhuichong
鳗鱼	manyu
鳗鲡属	manlishu
鳗鲡科	manlike
鳙鲽	yongdie
鳙鲽属	yongdieshu
鳚属	weishu
鳚科	weike
鳚鱼	weiyu
鳞	lin
鳞伞属	linsanshu
鳞木属	linmushu
鳞木目	linmumu
鳞木科	linmuke
鳞毛蕨	linmaojue
鳞毛蕨属	linmaojueshu
鳞毛蕨科	linmaojueke
鳞沙蚕	linshacan
鳞片	linpian
鳞状蜡	linzhuangla
鳞球穗	linqiusui
鳞球穗属	linqiusuishu
鳞甲目	linjiamu
鳞癣	linxuan
鳞翅目	linchimu
鳞翅类	linchilei
鳞翅类的	linchileide
鳞芽	linya
鳞苞	linbao
鳞茎植物	linjingzhiwu
鳞蕨	linjue
鳞魨	lintun
鳞魨属	lintunshu
鳞鱼目	linyumu
鳞鲀属	lintunshu
鳞鲀科	lintunke
鳞鲥	linshi
鳟	zun
鵎鵼属	tuokongshu
鷈形目	tixingmu
鷸属	yushu
鷿鷈	piti
鸊鷉	piti
鸊鷉属	pitishu
鸊鷉科	pitike
鸏鸟属	mengniaoshu
鸏鸟科	mengniaoke
鸟	niao
鸟不宿	niaobusu
鸟不站刺	niaobuzhanci
鸟叫声	niaojiaosheng
鸟嘌呤	niaopiaoling
鸟嘴	niaozui
鸟尾蛤科	niaoweihake
鸟巢	niaochao
鸟巢菌	niaochaojun
鸟巢菌目	niaochaojunmu
鸟巢菌科	niaochaojunke
鸟巢蕨	niaochaojue
鸟枪	niaoqiang
鸟步	niaobu
鸟氨酸	niaoansuan
鸟浴池	niaoyuchi
鸟澡盆	niaozaopen
鸟爪	niaozhao
鸟笛	niaodi
鸟笼	niaolong
鸟笼面具	niaolongmianju
鸟类	niaolei
鸟类羽毛	niaoleiyumao
鸟粪石	niaofenshi
鸟翼	niaoyi
鸟舍	niaoshe
鸟蛤	niaoha
鸟蛤属	niaohashu
鸟蛤科	niaohake
鸟语	niaoyu
鸟足旱蕨	niaozuhanjue
鸟足状叶	niaozuzhuangye
鸟足豆	niaozudou
鸟鹬	niaoyu
鸠形马	jiuxingma
鸡仔花	jizaihua
鸡公树	jigongshu
鸡冠帽	jiguanmao
鸡冠石	jiguanshi
鸡头参	jitoucan
鸡奸	jijian
鸡尾兰属	jiweilanshu
鸡尾酒会	jiweijiuhui
鸡栏	jilan
鸡毛松属	jimaosongshu
鸡毛草	jimaocao
鸡油菌属	jiyoujunshu
鸡爪参	jizhaocan
鸡爪槭	jizhaoqi
鸡瘟	jiwen
鸡白痢	jibaili
鸡皮衣属	jipiyishu
鸡皮衣科	jipiyike
鸡眼	jiyan
鸡眼草	jiyancao
鸡窝	jiwo
鸡粪肥	jifenfei
鸡肉	jirou
鸡肉饭	jiroufan
鸡胸	jixiong
鸡舍	jishe
鸡虱	jishi
鸡虱属	jishishu
鸡蚤	jizao
鸡蛋	jidan
鸡血石	jixieshi
鸡豆	jidou
鸡貂	jidiao
鸡足	jizu
鸡距山楂	jijushanzha
鸡饭	jifan
鸢尾	yuanwei
鸣	ming
鸣丧钟	mingsangzhong
鸣叫	mingjiao
鸣响	mingxiang
鸣禽	mingqin
鸣管	mingguan
鸣谢	mingxie
鸣钟	mingzhong
鸣锣	mingluo
鸣鹤	minghe
鸥亚目	ouyamu
鸥属	oushu
鸥科	ouke
鸥蛤科	ouhake
鸦片酊	yapianding
鸦蒜	yasuan
鸦衔草	yaxiancao
鸨	bao
鸨亚目	baoyamu
鸨科	baoke
鸬鹚	luci
鸬鹚属	lucishu
鸬鹚科	lucike
鸭亚目	yayamu
鸭子	yazi
鸭子巴掌菜	yazibazhangcai
鸭子草	yazicao
鸭尾艄	yaweishao
鸭属	yashu
鸭柱	yazhu
鸭科	yake
鸭缘蝽属	yayuanchunshu
鸭脚板	yajiaoban
鸭舌帽	yashemao
鸭跖草属	yazhicaoshu
鸭跖草目	yazhicaomu
鸭跖草科	yazhicaoke
鸭雄青	yaxiongqing
鸮	xiao
鸳鸯属	yuanyangshu
鸻亚目	hengyamu
鸻属	hengshu
鸻形亚目	hengxingyamu
鸻形目	hengxingmu
鸻科	hengke
鸻科鸟	hengkeniao
鸻鸟	hengniao
鸽子	gezi
鸽子粪便	gezifenbian
鸽尾结合	geweijiehe
鸽房	gefang
鸽棚	gepeng
鸽舍	geshe
鸽豆	gedou
鹁类小鸟	boleixiaoniao
鹅卵石	eluanshi
鹅喉羚	ehouling
鹅脂	ezhi
鹅膏属	egaoshu
鹅莓	emei
鹈形目	tixingmu
鹈燕	tiyan
鹈燕科	tiyanke
鹈鹕	tihu
鹈鹕属	tihushu
鹈鹕科	tihuke
鹈鹕鸟	tihuniao
鹞	yao
鹞类	yaolei
鹤假虱草	hejiashicao
鹤嘴锄	hezuichu
鹤属	heshu
鹤形目	hexingmu
鹤形鸟	hexingniao
鹤望兰	hewanglan
鹤科	heke
鹤舞草	hewucao
鹤虱属	heshishu
鹦喙花	yinghuihua
鹦嘴鱼	yingzuiyu
鹦嘴鱼科	yingzuiyuke
鹦鹉属	yingwushu
鹦鹉热	yingwure
鹦鹉病	yingwubing
鹦鹉螺	yingwuluo
鹦鹉螺属	yingwuluoshu
鹦鹉螺科	yingwuluoke
鹨类	liulei
鹪鹩属	jiaoliaoshu
鹫科	jiuke
鹫鸟座	jiuniaozuo
鹬属	yushu
鹬科	yuke
鹬科鸟	yukeniao
鹭属	lushu
鹭科	luke
鹭鸶	lusi
鹭鸶毛帽饰	lusimaomaoshi
鹮	huan
鹮属	huanshu
鹮科	huanke
鹮鹳属	huanguanshu
鹰	ying
鹰嘴豆	yingzuidou
鹰嘴豆属	yingzuidoushu
鹰属	yingshu
鹰爪豆	yingzhaodou
鹰爪豆属	yingzhaodoushu
鹰石首鱼	yingshishouyu
鹰科	yingke
鹱属	hushu
鹱形目	huxingmu
鹱科	huke
鹳	guan
鹳形目	guanxingmu
鹳科	guanke
鹳类	guanlei
鹳鸟	guanniao
鹵蕨	lujue
鹿仙草	luxiancao
鹿属	lushu
鹿柴	luchai
鹿牛羚	luniuling
鹿牛羚属	luniulingshu
鹿皮	lupi
鹿皮绔	lupiku
鹿皮鞋	lupixie
鹿皮马裤	lupimaku
鹿砦	luzhai
鹿科	luke
鹿肠	luchang
鹿舌草	lushecao
鹿色蕨属	lusejueshu
鹿花菌	luhuajun
鹿花菌属	luhuajunshu
鹿花蕈	luhuaxun
鹿茸	lurong
鹿葱花	luconghua
鹿角	lujiao
鹿角山草	lujiaoshancao
鹿角栅	lujiaozha
鹿角漆树	lujiaoqishu
鹿角羊齿	lujiaoyangchi
鹿角蕨	lujiaojue
鹿角锹甲	lujiaoqiaojia
鹿豚	lutun
鹿豚属	lutunshu
鹿迹	luji
鹿铃	luling
麂皮	jipi
麋羚属	milingshu
麋角蕨	mijiaojue
麋鹿	milu
麋鹿属	milushu
麒麟刺	qilinci
麒麟花	qilinhua
麕	jun
麝	she
麝属	sheshu
麝牛	sheniu
麝牛属	sheniushu
麝猫	shemao
麝猫属	shemaoshu
麝香	shexiang
麝香兰	shexianglan
麝香牛	shexiangniu
麝香玫瑰	shexiangmeigui
麝香草	shexiangcao
麝鼠	sheshu
麝鼠属	sheshushu
麝鼠毛皮	sheshumaopi
麦	mai
麦仙翁	maixianweng
麦克斯韦	maikesiwei
麦克风	maikefeng
麦冬	maidong
麦冬属	maidongshu
麦加利震级	maijializhenji
麦卡德尔病	maikadeerbing
麦卡锡主义	maikaxizhuyi
麦基诺厚呢	maijinuohoune
麦基诺舟	maijinuozhou
麦夏枯	maixiaku
麦比乌斯带	maibiwusidai
麦氏投影	maishitouying
麦氏震级	maishizhenji
麦秸	maijie
麦穗夏枯草	maisuixiakucao
麦穗癀	maisuihuang
麦粒肿	mailizhong
麦芽啤酒	maiyapijiu
麦芽酒店	maiyajiudian
麦蛾	maie
麦蛾属	maieshu
麦蛾科	maieke
麦角中毒	maijiaozhongdu
麦角固醇	maijiaoguchun
麦角托辛	maijiaotuoxin
麦角新碱	maijiaoxinjian
麦角症	maijiaozheng
麦角胺	maijiaoan
麦角菌	maijiaojun
麦角菌属	maijiaojunshu
麦角酸	maijiaosuan
麦豆	maidou
麦豌豆	maiwandou
麦长蝽	maizhangchun
麦门冬	maimendong
麦鸡	maiji
麦鸡属	maijishu
麦黄草	maihuangcao
麻丝板	masiban
麻叶枫	mayefeng
麻头砂白蚁	matoushabaiyi
麻木	mamu
麻梳	mashu
麻烦	mafan
麻烦事	mafanshi
麻烦地	mafandi
麻疯病	mafengbing
麻疯病院	mafengbingyuan
麻疹	mazhen
麻疹脑炎	mazhennaoyan
麻痹	mabi
麻痹症	mabizheng
麻章那	mazhangna
麻累	malei
麻纱	masha
麻药	mayao
麻菇	magu
麻袋	madai
麻醉	mazui
麻醉剂	mazuiji
麻醉品	mazuipin
麻醉学	mazuixue
麻醉学者	mazuixuezhe
麻醉师	mazuishi
麻醉气体	mazuiqiti
麻醉药	mazuiyao
麻风	mafeng
麻风恐怖	mafengkongbu
麻风树	mafengshu
麻风树属	mafengshushu
麻风病	mafengbing
麻鸭	maya
麻鹬	mayu
麻黄硷	mahuangjian
麻黄素	mahuangsu
黄	huang
黄丝子	huangsizi
黄丝菌	huangsijun
黄体化激素	huangtihuajisu
黄体期	huangtiqi
黄体素	huangtisu
黄体酮	huangtitong
黄冠夜鹭	huangguanyelu
黄刀豆	huangdaodou
黄包车	huangbaoche
黄变症	huangbianzheng
黄寄生	huangjisheng
黄尾鰤	huangweishi
黄忍冬	huangrendong
黄斑	huangban
黄斑瘤	huangbanliu
黄斑蜂	huangbanfeng
黄昏	huanghun
黄木香	huangmuxiang
黄杨	huangyang
黄杨属	huangyangshu
黄杨木	huangyangmu
黄杨科	huangyangke
黄柏木	huangbaimu
黄栀子	huangzhizi
黄栌	huanglu
黄栌属	huanglushu
黄梨	huangli
黄棘	huangji
黄檀	huangtan
黄檀属	huangtanshu
黄檀木	huangtanmu
黄檗	huangbo
黄檗属	huangboshu
黄毒蛾	huangdue
黄水晶	huangshuijing
黄油	huangyou
黄油刀	huangyoudao
黄油盘	huangyoupan
黄油碟	huangyoudie
黄泉	huangquan
黄灰色的马	huanghuisedema
黄热病	huangrebing
黄牛胆	huangniudan
黄独	huangdu
黄环	huanghuan
黄瓜	huanggua
黄瓜香	huangguaxiang
黄瓤树	huangrangshu
黄瓶子草	huangpingzicao
黄疣	huangyou
黄疸	huangdan
黄疸病	huangdanbing
黄瘤	huangliu
黄瘤病	huangliubing
黄癣	huangxuan
黄百合	huangbaihe
黄皮	huangpi
黄皮属	huangpishu
黄盖鲽属	huanggaidieshu
黄目子	huangmuzi
黄眼草	huangyancao
黄眼草属	huangyancaoshu
黄眼草科	huangyancaoke
黄矮病	huangaibing
黄祸	huanghuo
黄祸论	huanghuolun
黄精	huangjing
黄精属	huangjingshu
黄素	huangsu
黄纸板	huangzhiban
黄绿口蘑	huanglukoumo
黄绿色的	huanglusede
黄网子	huangwangzi
黄羽扇豆	huangyushandou
黄胡蜂	huanghufeng
黄胡蜂属	huanghufengshu
黄脂石	huangzhishi
黄腹旱獭	huangfuhanta
黄色炸药	huangsezhayao
黄色色素	huangsesesu
黄芩属	huangqinshu
黄花儿柳	huanghuaerliu
黄花梨	huanghuali
黄花楸	huanghuaqiu
黄花烟草	huanghuayancao
黄花苜蓿	huanghuamuxu
黄花菜	huanghuacai
黄花菜科	huanghuacaike
黄苜蓿	huangmuxu
黄茶瓶	huangchaping
黄药	huangyao
黄萎病	huangweibing
黄萝子	huangluozi
黄蓝色盲	huanglansemang
黄蔓	huangman
黄藤子	huangtengzi
黄蛭属	huangzhishu
黄蜂	huangfeng
黄蜂窝	huangfengwo
黄血盐	huangxueyan
黄血盐钾	huangxueyanjia
黄褐病	huanghebing
黄视症	huangshizheng
黄豆	huangdou
黄赭	huangzhe
黄赭色	huangzhese
黄足鹞	huangzuyao
黄连木属	huanglianmushu
黄道蟹	huangdaoxie
黄道蟹属	huangdaoxieshu
黄道蟹科	huangdaoxieke
黄金分割	huangjinfenge
黄金时代	huangjinshidai
黄金菊	huangjinju
黄金雨	huangjinyu
黄钩蛱蝶	huanggoujiadie
黄铁矿	huangtiekuang
黄铜	huangtong
黄铜器	huangtongqi
黄铜矿	huangtongkuang
黄锡矿	huangxikuang
黄锦带属	huangjindaishu
黄雀花	huangquehua
黄香草	huangxiangcao
黄鲈	huanglu
黄鲹	huangshen
黄麂属	huangjishu
黄鼠	huangshu
黄鼠狼	huangshulang
黇鹿	tianlu
黇鹿属	tianlushu
黎巴嫩磅	libanenbang
黎明	liming
黎豆属	lidoushu
黎豆属植物	lidoushuzhiwu
黏合	nianhe
黏合剂	nianheji
黏土	niantu
黏毛刺槐	nianmaocihuai
黏液	nianye
黏液瘤病	nianyeliubing
黏着	nianzhuo
黏老鹳草	nianlaoguancao
黏胶	nianjiao
黏膜炎	nianmoyan
黏菌	nianjun
黏著	nianzhu
黏酸	niansuan
黏附	nianfu
黑	hei
黑丑	heichou
黑云母	heiyunmu
黑人英语	heirenyingyu
黑儿茶	heiercha
黑克尔管	heikeerguan
黑内障	heineizhang
黑刺李	heicili
黑刺桐	heicitong
黑匣子	heixiazi
黑参	heican
黑变病	heibianbing
黑口尖牙鲈	heikoujianyalu
黑品乐	heipinle
黑喉狐蝠	heihouhufu
黑头鸦	heitouya
黑姑娘	heiguniang
黑孔菌属	heikongjunshu
黑安格斯牛	heiangesiniu
黑家鼠	heijiashu
黑尾豫	heiweiyu
黑尾鹿	heiweilu
黑尿病	heiniaobing
黑尿酸	heiniaosuan
黑巨头鲸	heijutoujing
黑市经营	heishijingying
黑店	heidian
黑心材	heixincai
黑心蕨属	heixinjueshu
黑斑	heiban
黑斑羚	heibanling
黑暗	heian
黑暗时代	heianshidai
黑曜岩	heiyaoyan
黑朦	heimeng
黑木耳	heimuer
黑杨	heiyang
黑松鼠	heisongshu
黑板	heiban
黑板刷	heibanshua
黑板架	heibanjia
黑枣树	heizaoshu
黑枪鱼	heiqiangyu
黑柳	heiliu
黑桐油树	heitongyoushu
黑桫椤	heisuoluo
黑棉土	heimiantu
黑棘皮症	heijipizheng
黑森靴	heisenxue
黑樱树	heiyingshu
黑樱桃	heiyingtao
黑檀	heitan
黑欧泊	heioupo
黑死病	heisibing
黑比诺	heibinuo
黑毡帽	heizhanmao
黑水鸡	heishuiji
黑沉沉	heichenchen
黑洋槐	heiyanghuai
黑洋槐木	heiyanghuaimu
黑海鲈	heihailu
黑海鸽	heihaige
黑涂料	heituliao
黑热病	heirebing
黑熊	heixiong
黑熊属	heixiongshu
黑牛	heiniu
黑犀	heixi
黑犀属	heixishu
黑狐	heihu
黑猩猩	heixingxing
黑猩猩属	heixingxingshu
黑电气石	heidianqishi
黑痣	heizhi
黑瘤	heiliu
黑癌病	heiaibing
黑皮诺	heipinuo
黑盒子	heihezi
黑眼眶	heiyankuang
黑硅石	heiguishi
黑穗病	heisuibing
黑穗醋栗	heisuiculi
黑管	heiguan
黑箱	heixiang
黑粉病	heifenbing
黑粉菌	heifenjun
黑粉菌属	heifenjunshu
黑粉菌目	heifenjunmu
黑粉菌科	heifenjunke
黑粪症	heifenzheng
黑素瘤	heisuliu
黑线鳕	heixianxue
黑线鳕属	heixianxueshu
黑羊	heiyang
黑翻石鹬	heifanshiyu
黑胡椒	heihujiao
黑脚企鹅	heijiaoqie
黑脸琵鹭	heilianpilu
黑脸琵鹭属	heilianpilushu
黑腐病	heifubing
黑腹滨鹬	heifubinyu
黑色	heise
黑色大袖法衣	heisedaxiufayi
黑色棋子	heiseqizi
黑色洗液	heisexiye
黑色涂料	heisetuliao
黑色素	heisesu
黑色素瘤	heisesuliu
黑花槐樹	heihuahuaishu
黑苔属	heitaishu
黑苔目	heitaimu
黑茄	heijia
黑药花科	heiyaohuake
黑莓	heimei
黑莨菪	heilangdang
黑蒙的	heimengde
黑藓目	heixianmu
黑藻	heizao
黑藻属	heizaoshu
黑蛋白石	heidanbaishi
黑蝇	heiying
黑蝇蛇	heiyingshe
黑蝗属	heihuangshu
黑褐色马	heihesema
黑豆蚜	heidouya
黑豹	heibao
黑貂	heidiao
黑貂皮	heidiaopi
黑足旅鼠	heizulushu
黑足鼬	heizuyou
黑金刚石	heijingangshi
黑钙土	heigaitu
黑铅	heiqian
黑锰矿	heimengkuang
黑长尾猴	heizhangweihou
黑领结	heilingjie
黑颈鸊鷉	heijingpiti
黑颈鹳	heijingguan
黑颈鹳属	heijingguanshu
黑颜料	heiyanliao
黑马	heima
黑马羚羊	heimalingyang
黑鮰	heihui
黑鲈	heilu
黑鲈属	heilushu
黑鲷	heidiao
黑鲸	heijing
黑鸭	heiya
黑鹳	heiguan
黑鹿	heilu
黑麻蛇菌	heimashejun
默勒氏舌炎	moleishisheyan
默契	moqi
默想	moxiang
默示信托	moshixintuo
默认	moren
默认选项	morenxuanxiang
默许	moxu
默默无闻	momowuwen
黝暗	youan
黝锡矿	youxikuang
黯淡	andan
黾蝽属	minchunshu
鼎盛时期	dingshengshiqi
鼓动	gudong
鼓励	guli
鼓噪地	guzaodi
鼓式制动器	gushizhidongqi
鼓式打印机	gushidayinji
鼓形物	guxingwu
鼓掌	guzhang
鼓槌	guchui
鼓甲	gujia
鼓眼鱼	guyanyu
鼓胀	guzhang
鼓舞	guwu
鼓舞的	guwude
鼓虫科	guchongke
鼓起来	guqilai
鼓足干劲	guzuganjin
鼓面	gumian
鼓风机	gufengji
鼓风炉	gufenglu
鼠	shu
鼠兔	shutu
鼠兔属	shutushu
鼠兔科	shutuke
鼠咬热	shuyaore
鼠型亚目	shuxingyamu
鼠型亚科	shuxingyake
鼠妇	shufu
鼠妇属	shufushu
鼠妇科	shufuke
鼠尾癀	shuweihuang
鼠尾草	shuweicao
鼠尾草属	shuweicaoshu
鼠尾草植物	shuweicaozhiwu
鼠属	shushu
鼠李	shuli
鼠李属	shulishu
鼠李属植物	shulishuzhiwu
鼠李目	shulimu
鼠李科	shulike
鼠标	shubiao
鼠梓	shuzi
鼠海豚	shuhaitun
鼠獭	shuta
鼠疫	shuyi
鼠科	shuke
鼠科动物	shukedongwu
鼠耳蝠	shuerfu
鼠鱚属	shuxishu
鼠鱚科	shuxike
鼩鼹	quyan
鼬	you
鼬属	youshu
鼬獾	youhuan
鼬獾属	youhuanshu
鼬瓣花属	youbanhuashu
鼬科	youke
鼬科的动物	youkededongwu
鼬魚科	youyuke
鼬鳚	youwei
鼯猴属	wuhoushu
鼯猴科	wuhouke
鼯鼠亚科	wushuyake
鼷鹿	xilu
鼷鹿属	xilushu
鼷鹿科	xiluke
鼹	yan
鼹形鼠	yanxingshu
鼹形鼠属	yanxingshushu
鼹鼠	yanshu
鼻伤风	bishangfeng
鼻出血	bichuxie
鼻口部	bikoubu
鼻子	bizi
鼻梁架	biliangjia
鼻涕虫	bitichong
鼻液溢	biyeyi
鼻溢	biyi
鼻漏	bilou
鼻炎	biyan
鼻疽病	bijubing
鼻病	bibing
鼻痛	bitong
鼻窦炎	bidouyan
鼻腔狭窄	biqiangxiazhai
鼻腔畸形	biqiangjixing
鼻血	bixue
鼻鲈属	bilushu
鼻鲸属	bijingshu
鼻黏膜炎	binianmoyan
齐发	qifa
齐墩果	qidunguo
齐多呋定	qiduofuding
齐射	qishe
齐斋节	qizhaijie
齿	chi
齿冠	chiguan
齿槽音	chicaoyin
齿牙鲆	chiyaping
齿状叶	chizhuangye
齿菌	chijun
齿菌属	chijunshu
齿菌科	chijunke
齿蛉属	chilingshu
齿蛉科	chilingke
齿裂大戟	chiliedaji
齿轨铁路	chiguitielu
齿轮	chilun
齿轮机构	chilunjigou
齿轮箱	chilunxiang
齿轮组	chilunzu
齿轮虫	chilunchong
齿银出血	chiyinchuxie
齿面角	chimianjiao
齿音化	chiyinhua
齿鲸	chijing
齿鲸亚目	chijingyamu
齿鲸类	chijinglei
齿龈溃疡	chiyinkuiyang
齿龈炎	chiyinyan
龈炎	kenyan
龈痛	kentong
龈萎缩	kenweisuo
龋齿	quchi
龌龊	wochuo
龌龊的	wochuode
龙	long
龙口花	longkouhua
龙头	longtou
龙头花	longtouhua
龙床草	longchuangcao
龙涎香	longxianxiang
龙爪蕨	longzhaojue
龙爪豆	longzhaodou
龙牙花	longyahua
龙牙草	longyacao
龙牛儿苗	longniuermiao
龙眼	longyan
龙眼属	longyanshu
龙线属	longxianshu
龙线科	longxianke
龙舌兰	longshelan
龙舌兰属	longshelanshu
龙舌兰科	longshelanke
龙舌掌	longshezhang
龙船泡	longchuanpao
龙芽草	longyacao
龙芽草属	longyacaoshu
龙葵	longkui
龙虎草	longhucao
龙虱科	longshike
龙虾	longxia
龙虾属	longxiashu
龙虾科	longxiake
龙螯虾	longaoxia
龙血树	longxueshu
龙血树亚科	longxueshuyake
龙血树属	longxueshushu
龙须子	longxuzi
龙须菜	longxucai
龙骨	longgu
龙骨翼板	longguyiban
龙鱼	longyu
龙鳞榈	longlinlu
龟与箭	guiyujian
龟头炎	guitouyan
龟头花	guitouhua
龟头花属	guitouhuashu
龟甲	guijia
龟缩	guisuo
