Something you find in a kitchen	aagairu
Something you find in a kitchen	aamondo
Something you find in a kitchen	aateichooku
Something you find in a kitchen	abaka
Something you find in a kitchen	abarakin
Something you find in a kitchen	abokaado
Something you find in a kitchen	abokado
Something you find in a kitchen	abura
Something you find in a kitchen	aburabun
Something you find in a kitchen	aburakasu
Something you find in a kitchen	abusan
Something you find in a kitchen	agairu
Something you find in a kitchen	agekome
Something you find in a kitchen	ahiru
Something you find in a kitchen	aisu
Something you find in a kitchen	aisubaagu
Something you find in a kitchen	aisubagu
Something you find in a kitchen	aisubokkusu
Something you find in a kitchen	aisukuriimu
Something you find in a kitchen	aisukurimu
Something you find in a kitchen	aisukyande
Something you find in a kitchen	aisukyandee
Something you find in a kitchen	aisukyandi
Something you find in a kitchen	aisukyandii
Something you find in a kitchen	ajinomoto
Something you find in a kitchen	akanasu
Something you find in a kitchen	akansasu
Something you find in a kitchen	akatsumekusa
Something you find in a kitchen	akaza
Something you find in a kitchen	aki
Something you find in a kitchen	akiaji
Something you find in a kitchen	akii
Something you find in a kitchen	akinonokarashi
Something you find in a kitchen	akkeshiso
Something you find in a kitchen	akkeshisou
Something you find in a kitchen	akuabitto
Something you find in a kitchen	amami
Something you find in a kitchen	amamodoki
Something you find in a kitchen	amaransu
Something you find in a kitchen	amaretto
Something you find in a kitchen	amata
Something you find in a kitchen	ame
Something you find in a kitchen	amedama
Something you find in a kitchen	amerikaninjin
Something you find in a kitchen	amondo
Something you find in a kitchen	anbai
Something you find in a kitchen	anchobi
Something you find in a kitchen	anchobii
Something you find in a kitchen	andaakatto
Something you find in a kitchen	andakatto
Something you find in a kitchen	anisu
Something you find in a kitchen	anizetto
Something you find in a kitchen	anko
Something you find in a kitchen	ankou
Something you find in a kitchen	anmono
Something you find in a kitchen	anpuru
Something you find in a kitchen	anzerika
Something you find in a kitchen	anzu
Something you find in a kitchen	aogai
Something you find in a kitchen	aoi
Something you find in a kitchen	aomono
Something you find in a kitchen	aoyagi
Something you find in a kitchen	aperichifu
Something you find in a kitchen	aperiteifu
Something you find in a kitchen	apetaiza
Something you find in a kitchen	apetaizaa
Something you find in a kitchen	appurubata
Something you find in a kitchen	appurubataa
Something you find in a kitchen	appurujakku
Something you find in a kitchen	appurupai
Something you find in a kitchen	appurusoosu
Something you find in a kitchen	appurusosu
Something you find in a kitchen	apurikotto
Something you find in a kitchen	arinomi
Something you find in a kitchen	arissamu
Something you find in a kitchen	arokashia
Something you find in a kitchen	arookashia
Something you find in a kitchen	arufarufa
Something you find in a kitchen	arukohoru
Something you find in a kitchen	arukooru
Something you find in a kitchen	arukooruinryou
Something you find in a kitchen	arukoru
Something you find in a kitchen	arukoruinryo
Something you find in a kitchen	arumando
Something you find in a kitchen	arumandosoosu
Something you find in a kitchen	arumandososu
Something you find in a kitchen	arunika
Something you find in a kitchen	asanabe
Something you find in a kitchen	asari
Something you find in a kitchen	asatsuki
Something you find in a kitchen	asefuki
Something you find in a kitchen	aserora
Something you find in a kitchen	aseshoku
Something you find in a kitchen	asetenugui
Something you find in a kitchen	ashi
Something you find in a kitchen	asobime
Something you find in a kitchen	asobionna
Something you find in a kitchen	asuchirube
Something you find in a kitchen	asuparagasu
Something you find in a kitchen	asuparuteemu
Something you find in a kitchen	asuparutemu
Something you find in a kitchen	ateichoku
Something you find in a kitchen	avokaado
Something you find in a kitchen	avokado
Something you find in a kitchen	awa
Something you find in a kitchen	awamorishoma
Something you find in a kitchen	awamorishouma
Something you find in a kitchen	awatateki
Something you find in a kitchen	ayu
Something you find in a kitchen	azuki
Something you find in a kitchen	baa
Something you find in a kitchen	baaba
Something you find in a kitchen	baabekyuu
Something you find in a kitchen	baabekyuusoosu
Something you find in a kitchen	baabon
Something you find in a kitchen	baagaa
Something you find in a kitchen	baamiseri
Something you find in a kitchen	baasudeekeeki
Something you find in a kitchen	baba
Something you find in a kitchen	babekyu
Something you find in a kitchen	babekyusosu
Something you find in a kitchen	babon
Something you find in a kitchen	bafarogurasu
Something you find in a kitchen	bafaroogurasu
Something you find in a kitchen	baffaro
Something you find in a kitchen	baffarogurasu
Something you find in a kitchen	baffaroo
Something you find in a kitchen	baffaroogurasu
Something you find in a kitchen	baga
Something you find in a kitchen	bagetto
Something you find in a kitchen	baikai
Something you find in a kitchen	baioretto
Something you find in a kitchen	baishofu
Something you find in a kitchen	baishoufu
Something you find in a kitchen	baishunfu
Something you find in a kitchen	baita
Something you find in a kitchen	bajiru
Something you find in a kitchen	bakuga
Something you find in a kitchen	bakugekiki
Something you find in a kitchen	bakurava
Something you find in a kitchen	bamiseri
Something you find in a kitchen	ban
Something you find in a kitchen	banana
Something you find in a kitchen	banananoki
Something you find in a kitchen	banbu
Something you find in a kitchen	banbuu
Something you find in a kitchen	baniku
Something you find in a kitchen	banira
Something you find in a kitchen	baniraaisu
Something you find in a kitchen	baniraisu
Something you find in a kitchen	bankoku
Something you find in a kitchen	bannouyaku
Something you find in a kitchen	bannoyaku
Something you find in a kitchen	basudekeki
Something you find in a kitchen	bata
Something you find in a kitchen	bataa
Something you find in a kitchen	bataakukkii
Something you find in a kitchen	bataamiruku
Something you find in a kitchen	bataanaifu
Something you find in a kitchen	batakukki
Something you find in a kitchen	batamiruku
Something you find in a kitchen	batanaifu
Something you find in a kitchen	batta
Something you find in a kitchen	battaa
Something you find in a kitchen	battaaeki
Something you find in a kitchen	battaeki
Something you find in a kitchen	beeguru
Something you find in a kitchen	beekon
Something you find in a kitchen	beguru
Something you find in a kitchen	bei
Something you find in a kitchen	beibaku
Something you find in a kitchen	beihan
Something you find in a kitchen	beikoku
Something you find in a kitchen	beikon
Something you find in a kitchen	beikudoarasuka
Something you find in a kitchen	beirifu
Something you find in a kitchen	beiriifu
Something you find in a kitchen	bejitaburu
Something you find in a kitchen	bekon
Something you find in a kitchen	benibana
Something you find in a kitchen	benijake
Something you find in a kitchen	benimikan
Something you find in a kitchen	benizake
Something you find in a kitchen	benkeikusa
Something you find in a kitchen	benkeiso
Something you find in a kitchen	benkeisoka
Something you find in a kitchen	benkeisou
Something you find in a kitchen	benkeisouka
Something you find in a kitchen	benkyotsukue
Something you find in a kitchen	benkyoutsukue
Something you find in a kitchen	beradonna
Something you find in a kitchen	beri
Something you find in a kitchen	berii
Something you find in a kitchen	berugiiwaffuru
Something you find in a kitchen	berugiwaffuru
Something you find in a kitchen	berumotto
Something you find in a kitchen	beshamerusoosu
Something you find in a kitchen	beshamerusosu
Something you find in a kitchen	bia
Something you find in a kitchen	biari
Something you find in a kitchen	bidoro
Something you find in a kitchen	bifu
Something you find in a kitchen	bifusuteki
Something you find in a kitchen	bifuteki
Something you find in a kitchen	biia
Something you find in a kitchen	biidoro
Something you find in a kitchen	biifu
Something you find in a kitchen	biifusuteeki
Something you find in a kitchen	biikaa
Something you find in a kitchen	biin
Something you find in a kitchen	biiru
Something you find in a kitchen	biirukame
Something you find in a kitchen	biito
Something you find in a kitchen	biitoshugaa
Something you find in a kitchen	bika
Something you find in a kitchen	bikutoriakeeki
Something you find in a kitchen	bikutoriakeki
Something you find in a kitchen	bin
Something you find in a kitchen	binega
Something you find in a kitchen	binegaa
Something you find in a kitchen	bineguretto
Something you find in a kitchen	binnaga
Something you find in a kitchen	binteeji
Something you find in a kitchen	binteji
Something you find in a kitchen	biru
Something you find in a kitchen	biruberi
Something you find in a kitchen	biruberii
Something you find in a kitchen	birukame
Something you find in a kitchen	biruton
Something you find in a kitchen	bishoppu
Something you find in a kitchen	bisuke
Something you find in a kitchen	bisuketto
Something you find in a kitchen	bisukitto
Something you find in a kitchen	bisuku
Something you find in a kitchen	bisuteki
Something you find in a kitchen	bitaazu
Something you find in a kitchen	bitazu
Something you find in a kitchen	bito
Something you find in a kitchen	bitoshuga
Something you find in a kitchen	biwa
Something you find in a kitchen	biya
Something you find in a kitchen	biyaku
Something you find in a kitchen	bodaibu
Something you find in a kitchen	bodo
Something you find in a kitchen	bokkusu
Something you find in a kitchen	bokkususeki
Something you find in a kitchen	bokuso
Something you find in a kitchen	bokusou
Something you find in a kitchen	bon
Something you find in a kitchen	bonbon
Something you find in a kitchen	boodo
Something you find in a kitchen	booru
Something you find in a kitchen	bora
Something you find in a kitchen	boro
Something you find in a kitchen	borokire
Something you find in a kitchen	borokirere
Something you find in a kitchen	boru
Something you find in a kitchen	borushichi
Something you find in a kitchen	botoru
Something you find in a kitchen	boudaibu
Something you find in a kitchen	bouru
Something you find in a kitchen	budo
Something you find in a kitchen	budosake
Something you find in a kitchen	budou
Something you find in a kitchen	budousake
Something you find in a kitchen	buiyaabeesu
Something you find in a kitchen	buiyabeesu
Something you find in a kitchen	buiyabesu
Something you find in a kitchen	buiyon
Something you find in a kitchen	burakkuberi
Something you find in a kitchen	burakkuberii
Something you find in a kitchen	burakkupepa
Something you find in a kitchen	burakkupepaa
Something you find in a kitchen	burakkupeppa
Something you find in a kitchen	burakkupeppaa
Something you find in a kitchen	buramanjie
Something you find in a kitchen	burande
Something you find in a kitchen	burandee
Something you find in a kitchen	burandei
Something you find in a kitchen	burauni
Something you find in a kitchen	buraunii
Something you find in a kitchen	buraunsoosu
Something you find in a kitchen	buraunsosu
Something you find in a kitchen	bureddo
Something you find in a kitchen	burintsu
Something you find in a kitchen	burinui
Something you find in a kitchen	buriosshi
Something you find in a kitchen	buriosshu
Something you find in a kitchen	burisuketto
Something you find in a kitchen	buroira
Something you find in a kitchen	buroiraa
Something you find in a kitchen	buroiraaniku
Something you find in a kitchen	buroiraniku
Something you find in a kitchen	burokkori
Something you find in a kitchen	burokkorii
Something you find in a kitchen	burokori
Something you find in a kitchen	buruberi
Something you find in a kitchen	buruberipai
Something you find in a kitchen	burugurasu
Something you find in a kitchen	buruuberii
Something you find in a kitchen	buruuberiipai
Something you find in a kitchen	buruugurasu
Something you find in a kitchen	bushie
Something you find in a kitchen	buta
Something you find in a kitchen	butaniku
Something you find in a kitchen	butanoshiozuke
Something you find in a kitchen	buushie
Something you find in a kitchen	byuro
Something you find in a kitchen	byuuroo
Something you find in a kitchen	cha
Something you find in a kitchen	chaato
Something you find in a kitchen	chaba
Something you find in a kitchen	chabin
Something you find in a kitchen	chagama
Something you find in a kitchen	chaibu
Something you find in a kitchen	chakumi
Something you find in a kitchen	chakushokuryo
Something you find in a kitchen	chakushokuryou
Something you find in a kitchen	chan
Something you find in a kitchen	chanoha
Something you find in a kitchen	chapatei
Something you find in a kitchen	chapateii
Something you find in a kitchen	charumeruso
Something you find in a kitchen	charumerusou
Something you find in a kitchen	chato
Something you find in a kitchen	chatsubo
Something you find in a kitchen	chatsune
Something you find in a kitchen	chauda
Something you find in a kitchen	chaudaa
Something you find in a kitchen	chea
Something you find in a kitchen	cheda
Something you find in a kitchen	chedaa
Something you find in a kitchen	cheri
Something you find in a kitchen	cherii
Something you find in a kitchen	chibi
Something you find in a kitchen	chichi
Something you find in a kitchen	chiizu
Something you find in a kitchen	chiizubaagaa
Something you find in a kitchen	chiizukeeki
Something you find in a kitchen	chikin
Something you find in a kitchen	chikori
Something you find in a kitchen	chikorii
Something you find in a kitchen	chingenna
Something you find in a kitchen	chiriakuta
Something you find in a kitchen	chirikonkaan
Something you find in a kitchen	chirikonkan
Something you find in a kitchen	chirimen
Something you find in a kitchen	chirisoosu
Something you find in a kitchen	chirisosu
Something you find in a kitchen	chirutodai
Something you find in a kitchen	chisha
Something you find in a kitchen	chiso
Something you find in a kitchen	chisou
Something you find in a kitchen	chizu
Something you find in a kitchen	chizubaga
Something you find in a kitchen	chizukeki
Something you find in a kitchen	choji
Something you find in a kitchen	choko
Something you find in a kitchen	chokoreeto
Something you find in a kitchen	chokoreetoaisu
Something you find in a kitchen	chokoreto
Something you find in a kitchen	chokoretoaisu
Something you find in a kitchen	chomiryo
Something you find in a kitchen	choppu
Something you find in a kitchen	choridogu
Something you find in a kitchen	chorikigu
Something you find in a kitchen	choriso
Something you find in a kitchen	choriyogu
Something you find in a kitchen	chosenninjin
Something you find in a kitchen	chouji
Something you find in a kitchen	choukou
Something you find in a kitchen	choumiryou
Something you find in a kitchen	chouridougu
Something you find in a kitchen	chourikigu
Something you find in a kitchen	chouriyougu
Something you find in a kitchen	chousenninjin
Something you find in a kitchen	chouzume
Something you find in a kitchen	chouzumeme
Something you find in a kitchen	chozume
Something you find in a kitchen	chozumeme
Something you find in a kitchen	chuingamu
Something you find in a kitchen	chukanabe
Something you find in a kitchen	chukidashi
Something you find in a kitchen	chushutsu
Something you find in a kitchen	chushutsushi
Something you find in a kitchen	chuuingamu
Something you find in a kitchen	chuukanabe
Something you find in a kitchen	chuukidashi
Something you find in a kitchen	chuushutsu
Something you find in a kitchen	chuushutsushi
Something you find in a kitchen	daajirin
Something you find in a kitchen	dabo
Something you find in a kitchen	dabou
Something you find in a kitchen	dafu
Something you find in a kitchen	dafushoshima
Something you find in a kitchen	dageki
Something you find in a kitchen	dai
Something you find in a kitchen	daikiri
Something you find in a kitchen	daikon
Something you find in a kitchen	daimiki
Something you find in a kitchen	daio
Something you find in a kitchen	daiou
Something you find in a kitchen	daiuikyo
Something you find in a kitchen	daiuikyou
Something you find in a kitchen	daiza
Something you find in a kitchen	daizu
Something you find in a kitchen	dajirin
Something you find in a kitchen	damusonsumomo
Something you find in a kitchen	danpuringu
Something you find in a kitchen	dantake
Something you find in a kitchen	darumasutobu
Something you find in a kitchen	darumasutoobu
Something you find in a kitchen	dashishiru
Something you find in a kitchen	deba
Something you find in a kitchen	debabocho
Something you find in a kitchen	debabouchou
Something you find in a kitchen	deetsu
Something you find in a kitchen	dekafe
Something you find in a kitchen	dekanta
Something you find in a kitchen	dekantaa
Something you find in a kitchen	demitasu
Something you find in a kitchen	denisshu
Something you find in a kitchen	denkireizoko
Something you find in a kitchen	denkireizouko
Something you find in a kitchen	dennetsu
Something you find in a kitchen	denshirenji
Something you find in a kitchen	deonna
Something you find in a kitchen	derikatessen
Something you find in a kitchen	desaaru
Something you find in a kitchen	desaru
Something you find in a kitchen	desuku
Something you find in a kitchen	detsu
Something you find in a kitchen	deyuramukomugi
Something you find in a kitchen	deyuwa
Something you find in a kitchen	deyuwaa
Something you find in a kitchen	dezaato
Something you find in a kitchen	dezato
Something you find in a kitchen	dinaasetto
Something you find in a kitchen	dinasetto
Something you find in a kitchen	dojotsunagi
Something you find in a kitchen	dojoutsunagi
Something you find in a kitchen	dokumugi
Something you find in a kitchen	donatsu
Something you find in a kitchen	donburi
Something you find in a kitchen	donburibachi
Something you find in a kitchen	donburihachi
Something you find in a kitchen	doonatsu
Something you find in a kitchen	doresshingu
Something you find in a kitchen	dorian
Something you find in a kitchen	doroa
Something you find in a kitchen	doroppusukon
Something you find in a kitchen	doroppusukoon
Something you find in a kitchen	ebi
Something you find in a kitchen	eggukappu
Something you find in a kitchen	eggunoggu
Something you find in a kitchen	einichika
Something you find in a kitchen	eiyo
Something you find in a kitchen	eiyobun
Something you find in a kitchen	eiyomono
Something you find in a kitchen	eiyoso
Something you find in a kitchen	eiyou
Something you find in a kitchen	eiyoubun
Something you find in a kitchen	eiyoumono
Something you find in a kitchen	eiyouso
Something you find in a kitchen	eki
Something you find in a kitchen	ekiju
Something you find in a kitchen	ekijuu
Something you find in a kitchen	ekika
Something you find in a kitchen	ekurea
Something you find in a kitchen	enchiraada
Something you find in a kitchen	enchirada
Something you find in a kitchen	endai
Something you find in a kitchen	endaibu
Something you find in a kitchen	endo
Something you find in a kitchen	endomame
Something you find in a kitchen	endou
Something you find in a kitchen	endoumame
Something you find in a kitchen	enkan
Something you find in a kitchen	enkanatoriumu
Something you find in a kitchen	enoki
Something you find in a kitchen	enokorogusa
Something you find in a kitchen	enpera
Something you find in a kitchen	enperaa
Something you find in a kitchen	enreiso
Something you find in a kitchen	enreisou
Something you find in a kitchen	enrui
Something you find in a kitchen	epinaaru
Something you find in a kitchen	epinaru
Something you find in a kitchen	epuron
Something you find in a kitchen	esukarugo
Something you find in a kitchen	esupuresso
Something you find in a kitchen	ezomurasaki
Something you find in a kitchen	faraferu
Something you find in a kitchen	farina
Something you find in a kitchen	feari
Something you find in a kitchen	fearii
Something you find in a kitchen	fenneru
Something you find in a kitchen	fettochiine
Something you find in a kitchen	fettochine
Something you find in a kitchen	feyari
Something you find in a kitchen	feyarii
Something you find in a kitchen	fingaabooru
Something you find in a kitchen	fingaboru
Something you find in a kitchen	fire
Something you find in a kitchen	fireo
Something you find in a kitchen	fisshu
Something you find in a kitchen	fizu
Something you find in a kitchen	foagura
Something you find in a kitchen	foakuootaa
Something you find in a kitchen	foakuota
Something you find in a kitchen	fochunkukki
Something you find in a kitchen	foiru
Something you find in a kitchen	foku
Something you find in a kitchen	fondan
Something you find in a kitchen	fondeyu
Something you find in a kitchen	fondeyuu
Something you find in a kitchen	foochunkukkii
Something you find in a kitchen	fooku
Something you find in a kitchen	fowagura
Something you find in a kitchen	fuan
Something you find in a kitchen	fudankusa
Something you find in a kitchen	fudanso
Something you find in a kitchen	fudansou
Something you find in a kitchen	fue
Something you find in a kitchen	fugu
Something you find in a kitchen	fujibakama
Something you find in a kitchen	fukube
Something you find in a kitchen	furaidopoteto
Something you find in a kitchen	furaikaeshi
Something you find in a kitchen	furaipan
Something you find in a kitchen	furan
Something you find in a kitchen	furankufuruta
Something you find in a kitchen	furankufurutaa
Something you find in a kitchen	furappe
Something you find in a kitchen	furasuko
Something you find in a kitchen	furesuko
Something you find in a kitchen	furetsuma
Something you find in a kitchen	furiizaa
Something you find in a kitchen	furikando
Something you find in a kitchen	furikandoo
Something you find in a kitchen	furikasse
Something you find in a kitchen	furinkusa
Something you find in a kitchen	furitta
Something you find in a kitchen	furittaa
Something you find in a kitchen	furiza
Something you find in a kitchen	furokkusu
Something you find in a kitchen	furomaaju
Something you find in a kitchen	furomaju
Something you find in a kitchen	furonto
Something you find in a kitchen	furui
Something you find in a kitchen	furuto
Something you find in a kitchen	furutsukeki
Something you find in a kitchen	furuuto
Something you find in a kitchen	furuutsukeeki
Something you find in a kitchen	fusengamu
Something you find in a kitchen	futaba
Something you find in a kitchen	fuurinkusa
Something you find in a kitchen	fuusengamu
Something you find in a kitchen	fuyukusa
Something you find in a kitchen	fuzukue
Something you find in a kitchen	gaarikku
Something you find in a kitchen	gacho
Something you find in a kitchen	gachou
Something you find in a kitchen	gajamame
Something you find in a kitchen	gakushuuzukue
Something you find in a kitchen	gakushuzukue
Something you find in a kitchen	gamu
Something you find in a kitchen	gamudoroppu
Something you find in a kitchen	ganbo
Something you find in a kitchen	ganken
Something you find in a kitchen	garaasu
Something you find in a kitchen	garakuta
Something you find in a kitchen	garasu
Something you find in a kitchen	garasusei
Something you find in a kitchen	garikku
Something you find in a kitchen	gasuchoridai
Something you find in a kitchen	gasuchouridai
Something you find in a kitchen	gasukonro
Something you find in a kitchen	gasupacho
Something you find in a kitchen	gasurenji
Something you find in a kitchen	gato
Something you find in a kitchen	gatoo
Something you find in a kitchen	gennama
Something you find in a kitchen	getto
Something you find in a kitchen	gettou
Something you find in a kitchen	giboshi
Something you find in a kitchen	giboushi
Something you find in a kitchen	gii
Something you find in a kitchen	gimuretto
Something you find in a kitchen	ginban
Something you find in a kitchen	ginmeshi
Something you find in a kitchen	ginrin
Something you find in a kitchen	ginshokkirui
Something you find in a kitchen	gionna
Something you find in a kitchen	gishigishi
Something you find in a kitchen	giyaman
Something you find in a kitchen	goburetto
Something you find in a kitchen	gochiso
Something you find in a kitchen	gochisou
Something you find in a kitchen	gohan
Something you find in a kitchen	gokokona
Something you find in a kitchen	gokoukona
Something you find in a kitchen	goma
Something you find in a kitchen	gomeshi
Something you find in a kitchen	gomushokubutsu
Something you find in a kitchen	gosake
Something you find in a kitchen	gottani
Something you find in a kitchen	guaba
Something you find in a kitchen	gurahamukona
Something you find in a kitchen	guranoora
Something you find in a kitchen	guranora
Something you find in a kitchen	guranyuto
Something you find in a kitchen	guranyutou
Something you find in a kitchen	guranyuutou
Something you find in a kitchen	gurappa
Something you find in a kitchen	gurasu
Something you find in a kitchen	gurebi
Something you find in a kitchen	gureebii
Something you find in a kitchen	gureen
Something you find in a kitchen	gureepu
Something you find in a kitchen	gurein
Something you find in a kitchen	guren
Something you find in a kitchen	gurepu
Something you find in a kitchen	guridoru
Something you find in a kitchen	guridorukeeki
Something you find in a kitchen	guridorukeki
Something you find in a kitchen	guroggusake
Something you find in a kitchen	gusuberi
Something you find in a kitchen	guusuberii
Something you find in a kitchen	guuzuberii
Something you find in a kitchen	guyaashu
Something you find in a kitchen	guyashu
Something you find in a kitchen	guzuberi
Something you find in a kitchen	gyamon
Something you find in a kitchen	gyokuan
Something you find in a kitchen	gyoniku
Something you find in a kitchen	gyonyu
Something you find in a kitchen	gyounyuu
Something you find in a kitchen	gyozoku
Something you find in a kitchen	gyuniku
Something you find in a kitchen	gyunyu
Something you find in a kitchen	gyuraku
Something you find in a kitchen	gyuuniku
Something you find in a kitchen	gyuunyuu
Something you find in a kitchen	gyuuraku
Something you find in a kitchen	haabu
Something you find in a kitchen	haabuteii
Something you find in a kitchen	haadosoosu
Something you find in a kitchen	haato
Something you find in a kitchen	haba
Something you find in a kitchen	habu
Something you find in a kitchen	habutei
Something you find in a kitchen	hachi
Something you find in a kitchen	hachiku
Something you find in a kitchen	hachimitsu
Something you find in a kitchen	hadakamugi
Something you find in a kitchen	hadokku
Something you find in a kitchen	hadososu
Something you find in a kitchen	hagisu
Something you find in a kitchen	hai
Something you find in a kitchen	haibooru
Something you find in a kitchen	haiboru
Something you find in a kitchen	haibutsu
Something you find in a kitchen	haikibutsu
Something you find in a kitchen	haindokuootaa
Something you find in a kitchen	haindokuota
Something you find in a kitchen	haison
Something you find in a kitchen	hajikami
Something you find in a kitchen	hakka
Something you find in a kitchen	hakkaabura
Something you find in a kitchen	hakkabura
Something you find in a kitchen	hakkaku
Something you find in a kitchen	hakkakuikyo
Something you find in a kitchen	hakkakuuikyou
Something you find in a kitchen	hakkochichi
Something you find in a kitchen	hakkouchichi
Something you find in a kitchen	hakkuruberi
Something you find in a kitchen	hakkuruberii
Something you find in a kitchen	hakobe
Something you find in a kitchen	haku
Something you find in a kitchen	hakugekiho
Something you find in a kitchen	hakugekihou
Something you find in a kitchen	hakumai
Something you find in a kitchen	hakusanfuro
Something you find in a kitchen	hakusanfuuro
Something you find in a kitchen	hakuto
Something you find in a kitchen	hakutou
Something you find in a kitchen	hakuyaki
Something you find in a kitchen	hamachisha
Something you find in a kitchen	hamaguri
Something you find in a kitchen	hamono
Something you find in a kitchen	hamu
Something you find in a kitchen	hanakai
Something you find in a kitchen	hanatatete
Something you find in a kitchen	hanatsumekusa
Something you find in a kitchen	hanaudo
Something you find in a kitchen	hanbaagaa
Something you find in a kitchen	hanbaga
Something you find in a kitchen	hando
Something you find in a kitchen	hani
Something you find in a kitchen	hanii
Something you find in a kitchen	hanmai
Something you find in a kitchen	hannyato
Something you find in a kitchen	hannyatou
Something you find in a kitchen	hara
Something you find in a kitchen	haramitsu
Something you find in a kitchen	haran
Something you find in a kitchen	hari
Something you find in a kitchen	haribiyu
Something you find in a kitchen	hariunagi
Something you find in a kitchen	hashi
Something you find in a kitchen	hashuki
Something you find in a kitchen	hasshu
Something you find in a kitchen	hata
Something you find in a kitchen	hatankyo
Something you find in a kitchen	hatankyou
Something you find in a kitchen	hato
Something you find in a kitchen	hatsu
Something you find in a kitchen	hayami
Something you find in a kitchen	hayamihyo
Something you find in a kitchen	hayamihyou
Something you find in a kitchen	hayamiomote
Something you find in a kitchen	heezerunattsu
Something you find in a kitchen	heishiso
Something you find in a kitchen	heishisou
Something you find in a kitchen	heiyamizu
Something you find in a kitchen	henruda
Something you find in a kitchen	henruuda
Something you find in a kitchen	hento
Something you find in a kitchen	hentou
Something you find in a kitchen	heraobako
Something you find in a kitchen	heraoobako
Something you find in a kitchen	hezerunattsu
Something you find in a kitchen	hibashi
Something you find in a kitchen	hibikusa
Something you find in a kitchen	hichun
Something you find in a kitchen	hie
Something you find in a kitchen	hiichun
Something you find in a kitchen	hijiri
Something you find in a kitchen	hijirisuguru
Something you find in a kitchen	hikagami
Something you find in a kitchen	hikidashi
Something you find in a kitchen	himekamojigusa
Something you find in a kitchen	hinatori
Something you find in a kitchen	hiniku
Something you find in a kitchen	hirame
Something you find in a kitchen	hiranabe
Something you find in a kitchen	hire
Something you find in a kitchen	hirokuchikame
Something you find in a kitchen	hiru
Something you find in a kitchen	hisashikiyaki
Something you find in a kitchen	hisho
Something you find in a kitchen	hitosara
Something you find in a kitchen	hitsuji
Something you find in a kitchen	hitsujiniku
Something you find in a kitchen	hitsujisho
Something you find in a kitchen	hitsujishou
Something you find in a kitchen	hiyodoribana
Something you find in a kitchen	hiyokomame
Something you find in a kitchen	hiyokushi
Something you find in a kitchen	hiyosu
Something you find in a kitchen	hizakake
Something you find in a kitchen	hizakakeke
Something you find in a kitchen	hizuke
Something you find in a kitchen	hocho
Something you find in a kitchen	hoippu
Something you find in a kitchen	hoiru
Something you find in a kitchen	hoku
Something you find in a kitchen	homu
Something you find in a kitchen	homubesu
Something you find in a kitchen	homupureito
Something you find in a kitchen	homupureto
Something you find in a kitchen	honrui
Something you find in a kitchen	hooku
Something you find in a kitchen	hoomu
Something you find in a kitchen	hoomubeesu
Something you find in a kitchen	hoomupureeto
Something you find in a kitchen	hoomupureito
Something you find in a kitchen	hoosuminto
Something you find in a kitchen	hoosuradisshu
Something you find in a kitchen	hoozuki
Something you find in a kitchen	horenkusa
Something you find in a kitchen	horenso
Something you find in a kitchen	hosenka
Something you find in a kitchen	hoshibudo
Something you find in a kitchen	hoshibudou
Something you find in a kitchen	hoshiniku
Something you find in a kitchen	hoshisumomo
Something you find in a kitchen	hosuminto
Something you find in a kitchen	hosuradisshu
Something you find in a kitchen	hotarubukuro
Something you find in a kitchen	hotate
Something you find in a kitchen	hotatekai
Something you find in a kitchen	hotokenoza
Something you find in a kitchen	hottodoggu
Something you find in a kitchen	hottokeeki
Something you find in a kitchen	hottokeki
Something you find in a kitchen	hottopureeto
Something you find in a kitchen	hottopureto
Something you find in a kitchen	hottosoosu
Something you find in a kitchen	hottososu
Something you find in a kitchen	hou
Something you find in a kitchen	houchou
Something you find in a kitchen	hourenkusa
Something you find in a kitchen	hourensou
Something you find in a kitchen	housenka
Something you find in a kitchen	howaitokeeki
Something you find in a kitchen	howaitokeki
Something you find in a kitchen	howaitopepa
Something you find in a kitchen	howaitopepaa
Something you find in a kitchen	howaitopeppa
Something you find in a kitchen	howaitopeppaa
Something you find in a kitchen	howaitosoosu
Something you find in a kitchen	howaitososu
Something you find in a kitchen	hozuki
Something you find in a kitchen	hyakusen
Something you find in a kitchen	hyo
Something you find in a kitchen	hyoka
Something you find in a kitchen	hyokako
Something you find in a kitchen	hyotan
Something you find in a kitchen	hyou
Something you find in a kitchen	hyouka
Something you find in a kitchen	hyoukako
Something you find in a kitchen	hyoutan
Something you find in a kitchen	ichibo
Something you find in a kitchen	ichigeki
Something you find in a kitchen	ichigo
Something you find in a kitchen	ichijiku
Something you find in a kitchen	ichijikujoka
Something you find in a kitchen	ichijikujouka
Something you find in a kitchen	ichijikuka
Something you find in a kitchen	ichiranhyo
Something you find in a kitchen	ichiranhyou
Something you find in a kitchen	ichiyatsuma
Something you find in a kitchen	iinkai
Something you find in a kitchen	iisutaaeggu
Something you find in a kitchen	ika
Something you find in a kitchen	ikariso
Something you find in a kitchen	ikarisou
Something you find in a kitchen	iko
Something you find in a kitchen	inagomame
Something you find in a kitchen	inbai
Something you find in a kitchen	inbaifu
Something you find in a kitchen	ine
Something you find in a kitchen	inekanokusa
Something you find in a kitchen	inemago
Something you find in a kitchen	ingenmame
Something you find in a kitchen	inkai
Something you find in a kitchen	inonna
Something you find in a kitchen	inpu
Something you find in a kitchen	inryo
Something you find in a kitchen	inryou
Something you find in a kitchen	inubie
Something you find in a kitchen	inuibudo
Something you find in a kitchen	inuibudou
Something you find in a kitchen	inuipan
Something you find in a kitchen	inuitake
Something you find in a kitchen	ippin
Something you find in a kitchen	irie
Something you find in a kitchen	ishiken
Something you find in a kitchen	isokusa
Something you find in a kitchen	isu
Something you find in a kitchen	isutaeggu
Something you find in a kitchen	itayakai
Something you find in a kitchen	iwabenkei
Something you find in a kitchen	iwashi
Something you find in a kitchen	izakaya
Something you find in a kitchen	jaakii
Something you find in a kitchen	jagaimo
Something you find in a kitchen	jaguchi
Something you find in a kitchen	jairo
Something you find in a kitchen	jaki
Something you find in a kitchen	jamu
Something you find in a kitchen	janbaraiya
Something you find in a kitchen	janketto
Something you find in a kitchen	jibie
Something you find in a kitchen	jieri
Something you find in a kitchen	jierii
Something you find in a kitchen	jigitarisu
Something you find in a kitchen	jiitei
Something you find in a kitchen	jikokuhyo
Something you find in a kitchen	jikokuhyou
Something you find in a kitchen	jimukan
Something you find in a kitchen	jimutsukue
Something you find in a kitchen	jin
Something you find in a kitchen	jinja
Something you find in a kitchen	jinjaa
Something you find in a kitchen	jinjaabureddo
Something you find in a kitchen	jinjaapaudaa
Something you find in a kitchen	jinjabureddo
Something you find in a kitchen	jinjapauda
Something you find in a kitchen	jitei
Something you find in a kitchen	jiyo
Something you find in a kitchen	jiyofun
Something you find in a kitchen	jiyou
Something you find in a kitchen	jiyoufun
Something you find in a kitchen	jochi
Something you find in a kitchen	jochugiku
Something you find in a kitchen	jochuugiku
Something you find in a kitchen	jogokatachi
Something you find in a kitchen	johakuto
Something you find in a kitchen	jomai
Something you find in a kitchen	joro
Something you find in a kitchen	jorou
Something you find in a kitchen	joryushu
Something you find in a kitchen	jouchi
Something you find in a kitchen	jougokatachi
Something you find in a kitchen	jouhakutou
Something you find in a kitchen	joumai
Something you find in a kitchen	jouryuushu
Something you find in a kitchen	jouzou
Something you find in a kitchen	jouzoushu
Something you find in a kitchen	jozo
Something you find in a kitchen	jozoshu
Something you find in a kitchen	jueki
Something you find in a kitchen	juniku
Something you find in a kitchen	jusa
Something you find in a kitchen	jushi
Something you find in a kitchen	jusu
Something you find in a kitchen	juueki
Something you find in a kitchen	juuniku
Something you find in a kitchen	juusaa
Something you find in a kitchen	juusu
Something you find in a kitchen	juwaabin
Something you find in a kitchen	juwabin
Something you find in a kitchen	kaado
Something you find in a kitchen	kaba
Something you find in a kitchen	kabin
Something you find in a kitchen	kabocha
Something you find in a kitchen	kabu
Something you find in a kitchen	kabura
Something you find in a kitchen	kado
Something you find in a kitchen	kaeshibera
Something you find in a kitchen	kafe
Something you find in a kitchen	kafee
Something you find in a kitchen	kafue
Something you find in a kitchen	kagonotori
Something you find in a kitchen	kai
Something you find in a kitchen	kaimakusen
Something you find in a kitchen	kaimen
Something you find in a kitchen	kaimenshitsu
Something you find in a kitchen	kaimentai
Something you find in a kitchen	kairai
Something you find in a kitchen	kairui
Something you find in a kitchen	kajitsu
Something you find in a kitchen	kajitsusake
Something you find in a kitchen	kakao
Something you find in a kitchen	kakaobata
Something you find in a kitchen	kakaobataa
Something you find in a kitchen	kakeshiru
Something you find in a kitchen	kaki
Something you find in a kitchen	kakian
Something you find in a kitchen	kakimonotsukue
Something you find in a kitchen	kakin
Something you find in a kitchen	kako
Something you find in a kitchen	kakou
Something you find in a kitchen	kakuka
Something you find in a kitchen	kakuteru
Something you find in a kitchen	kakutorano
Something you find in a kitchen	kakutoranoo
Something you find in a kitchen	kakuzato
Something you find in a kitchen	kakuzatou
Something you find in a kitchen	kama
Something you find in a kitchen	kamado
Something you find in a kitchen	kame
Something you find in a kitchen	kami
Something you find in a kitchen	kamirure
Something you find in a kitchen	kamitsu
Something you find in a kitchen	kamitsure
Something you find in a kitchen	kamogaya
Something you find in a kitchen	kamomiiru
Something you find in a kitchen	kamomiru
Something you find in a kitchen	kan
Something you find in a kitchen	kanappe
Something you find in a kitchen	kanbudo
Something you find in a kitchen	kanbudou
Something you find in a kitchen	kandankei
Something you find in a kitchen	kani
Something you find in a kitchen	kanji
Something you find in a kitchen	kanjo
Something you find in a kitchen	kanjou
Something you find in a kitchen	kankei
Something you find in a kitchen	kankitsurui
Something you find in a kitchen	kanmiryo
Something you find in a kitchen	kanmiryou
Something you find in a kitchen	kanna
Something you find in a kitchen	kanniku
Something you find in a kitchen	kanraku
Something you find in a kitchen	kanran
Something you find in a kitchen	kanro
Something you find in a kitchen	kanshoto
Something you find in a kitchen	kanshotou
Something you find in a kitchen	kantaroopu
Something you find in a kitchen	kantaropu
Something you find in a kitchen	kanzo
Something you find in a kitchen	kanzou
Something you find in a kitchen	kaori
Something you find in a kitchen	kappu
Something you find in a kitchen	kappubodo
Something you find in a kitchen	kappuboodo
Something you find in a kitchen	kappuchiino
Something you find in a kitchen	kappuchino
Something you find in a kitchen	kappukeeki
Something you find in a kitchen	kappukeki
Something you find in a kitchen	kapuchiino
Something you find in a kitchen	kapuchino
Something you find in a kitchen	kara
Something you find in a kitchen	karajumu
Something you find in a kitchen	karajumuzoku
Something you find in a kitchen	karajuumu
Something you find in a kitchen	karajuumuzoku
Something you find in a kitchen	karameru
Something you find in a kitchen	karamushi
Something you find in a kitchen	karanto
Something you find in a kitchen	karantsu
Something you find in a kitchen	karashi
Something you find in a kitchen	karashina
Something you find in a kitchen	karasumugi
Something you find in a kitchen	karasunoendo
Something you find in a kitchen	karasunoendou
Something you find in a kitchen	kare
Something you find in a kitchen	karee
Something you find in a kitchen	kareekona
Something you find in a kitchen	kareesoosu
Something you find in a kitchen	karei
Something you find in a kitchen	karekona
Something you find in a kitchen	karenzu
Something you find in a kitchen	karesosu
Something you find in a kitchen	karifurawa
Something you find in a kitchen	karifurawaa
Something you find in a kitchen	karubonaara
Something you find in a kitchen	karubonara
Something you find in a kitchen	karudamon
Something you find in a kitchen	karumera
Something you find in a kitchen	karumeyaki
Something you find in a kitchen	kashi
Something you find in a kitchen	kashu
Something you find in a kitchen	kashunattsu
Something you find in a kitchen	kashuu
Something you find in a kitchen	kashuunattsu
Something you find in a kitchen	kasutaado
Something you find in a kitchen	kasutado
Something you find in a kitchen	kasutera
Something you find in a kitchen	kata
Something you find in a kitchen	katabami
Something you find in a kitchen	katakake
Something you find in a kitchen	katakakeke
Something you find in a kitchen	kataniku
Something you find in a kitchen	katsuo
Something you find in a kitchen	katta
Something you find in a kitchen	kattaa
Something you find in a kitchen	kattogarasu
Something you find in a kitchen	kattogurasu
Something you find in a kitchen	kaunta
Something you find in a kitchen	kauntaa
Something you find in a kitchen	kawakiriri
Something you find in a kitchen	kayu
Something you find in a kitchen	kazaridana
Something you find in a kitchen	kazaritana
Something you find in a kitchen	kebyo
Something you find in a kitchen	kebyou
Something you find in a kitchen	kechappu
Something you find in a kitchen	keeki
Something you find in a kitchen	keeku
Something you find in a kitchen	keeru
Something you find in a kitchen	keihi
Something you find in a kitchen	keikoku
Something you find in a kitchen	keiran
Something you find in a kitchen	keisei
Something you find in a kitchen	keito
Something you find in a kitchen	keitou
Something you find in a kitchen	keitsuchi
Something you find in a kitchen	kejieri
Something you find in a kitchen	kejierii
Something you find in a kitchen	keki
Something you find in a kitchen	keku
Something you find in a kitchen	kemankusa
Something you find in a kitchen	kemanso
Something you find in a kitchen	kemansou
Something you find in a kitchen	kenja
Something you find in a kitchen	kenjin
Something you find in a kitchen	kenka
Something you find in a kitchen	kenpan
Something you find in a kitchen	kentetsu
Something you find in a kitchen	keru
Something you find in a kitchen	keshi
Something you find in a kitchen	keshine
Something you find in a kitchen	keshodai
Something you find in a kitchen	keshoudai
Something you find in a kitchen	ketoru
Something you find in a kitchen	kettoru
Something you find in a kitchen	kian
Something you find in a kitchen	kibi
Something you find in a kitchen	kiche
Something you find in a kitchen	kichigaiimizu
Something you find in a kitchen	kichigaimizu
Something you find in a kitchen	kichigo
Something you find in a kitchen	kiharucha
Something you find in a kitchen	kiichigo
Something you find in a kitchen	kiiui
Something you find in a kitchen	kiji
Something you find in a kitchen	kiku
Something you find in a kitchen	kikugobo
Something you find in a kitchen	kikugobou
Something you find in a kitchen	kikujisha
Something you find in a kitchen	kikunigana
Something you find in a kitchen	kimame
Something you find in a kitchen	kimi
Something you find in a kitchen	kimo
Something you find in a kitchen	kin
Something you find in a kitchen	kingusaamon
Something you find in a kitchen	kingusamon
Something you find in a kitchen	kinkai
Something you find in a kitchen	kinkan
Something you find in a kitchen	kinmizuhiki
Something you find in a kitchen	kinomi
Something you find in a kitchen	kinrenhana
Something you find in a kitchen	kinru
Something you find in a kitchen	kinusaya
Something you find in a kitchen	kiranso
Something you find in a kitchen	kiransou
Something you find in a kitchen	kiremono
Something you find in a kitchen	kirikago
Something you find in a kitchen	kiriko
Something you find in a kitchen	kirikogarasu
Something you find in a kitchen	kirite
Something you find in a kitchen	kirushu
Something you find in a kitchen	kisshu
Something you find in a kitchen	kisshuroreenu
Something you find in a kitchen	kisshurorenu
Something you find in a kitchen	kisu
Something you find in a kitchen	kitchinshinku
Something you find in a kitchen	kitchinteburu
Something you find in a kitchen	kitchinteeburu
Something you find in a kitchen	kiui
Something you find in a kitchen	kiuifurutsu
Something you find in a kitchen	kiuifuruutsu
Something you find in a kitchen	kobura
Something you find in a kitchen	koburaa
Something you find in a kitchen	kocha
Something you find in a kitchen	kochaha
Something you find in a kitchen	kochanoha
Something you find in a kitchen	kochukusuri
Something you find in a kitchen	kodana
Something you find in a kitchen	kogatana
Something you find in a kitchen	kohada
Something you find in a kitchen	kohi
Something you find in a kitchen	kohikappu
Something you find in a kitchen	kohikeki
Something you find in a kitchen	kohimeka
Something you find in a kitchen	kohipotto
Something you find in a kitchen	kohitsuji
Something you find in a kitchen	kohitsujiniku
Something you find in a kitchen	koi
Something you find in a kitchen	koikayu
Something you find in a kitchen	koji
Something you find in a kitchen	kokakoora
Something you find in a kitchen	kokakora
Something you find in a kitchen	kokakurui
Something you find in a kitchen	kokautsuwa
Something you find in a kitchen	kokemomo
Something you find in a kitchen	kokiiru
Something you find in a kitchen	kokiru
Something you find in a kitchen	kokku
Something you find in a kitchen	kokoa
Something you find in a kitchen	kokonatsu
Something you find in a kitchen	kokonattsu
Something you find in a kitchen	kokoro
Something you find in a kitchen	kokoronozo
Something you find in a kitchen	kokoronozou
Something you find in a kitchen	koku
Something you find in a kitchen	kokuen
Something you find in a kitchen	kokufun
Something you find in a kitchen	kokumotsu
Something you find in a kitchen	kokurui
Something you find in a kitchen	kokusu
Something you find in a kitchen	kokusukuryu
Something you find in a kitchen	kokutsubu
Something you find in a kitchen	kome
Something you find in a kitchen	komisshon
Something you find in a kitchen	komiyasai
Something you find in a kitchen	komugi
Something you find in a kitchen	kon
Something you find in a kitchen	kona
Something you find in a kitchen	konasato
Something you find in a kitchen	konasatou
Something you find in a kitchen	konashoga
Something you find in a kitchen	konashouga
Something you find in a kitchen	konfuri
Something you find in a kitchen	konfurii
Something you find in a kitchen	kongoinryo
Something you find in a kitchen	kongouinryou
Something you find in a kitchen	konmiru
Something you find in a kitchen	konmisshon
Something you find in a kitchen	konomi
Something you find in a kitchen	konpooto
Something you find in a kitchen	konpoto
Something you find in a kitchen	konsai
Something you find in a kitchen	konsarada
Something you find in a kitchen	konshiroppu
Something you find in a kitchen	konshuga
Something you find in a kitchen	konsome
Something you find in a kitchen	konukagusa
Something you find in a kitchen	konyakku
Something you find in a kitchen	koohii
Something you find in a kitchen	koohiikappu
Something you find in a kitchen	koohiikeeki
Something you find in a kitchen	koohiimeekaa
Something you find in a kitchen	koohiipotto
Something you find in a kitchen	kooku
Something you find in a kitchen	kookusu
Something you find in a kitchen	kookusukuryuu
Something you find in a kitchen	koon
Something you find in a kitchen	koonmiiru
Something you find in a kitchen	koonsarada
Something you find in a kitchen	koonshiroppu
Something you find in a kitchen	koonshugaa
Something you find in a kitchen	koora
Something you find in a kitchen	koori
Something you find in a kitchen	koorurabi
Something you find in a kitchen	koorusuroo
Something you find in a kitchen	koppepan
Something you find in a kitchen	koppu
Something you find in a kitchen	kopura
Something you find in a kitchen	kora
Something you find in a kitchen	koraishiba
Something you find in a kitchen	kori
Something you find in a kitchen	korianda
Something you find in a kitchen	koriandaa
Something you find in a kitchen	koriusu
Something you find in a kitchen	korizato
Something you find in a kitchen	korokke
Something you find in a kitchen	koronbo
Something you find in a kitchen	korubeeru
Something you find in a kitchen	koruberu
Something you find in a kitchen	korukubatsu
Something you find in a kitchen	korukunuki
Something you find in a kitchen	korurabi
Something you find in a kitchen	korusuro
Something you find in a kitchen	koryosake
Something you find in a kitchen	koshi
Something you find in a kitchen	koshikake
Something you find in a kitchen	koshiniku
Something you find in a kitchen	koshinryo
Something you find in a kitchen	koshiutsuwa
Something you find in a kitchen	kosho
Something you find in a kitchen	koshou
Something you find in a kitchen	koucha
Something you find in a kitchen	kouchaha
Something you find in a kitchen	kouchanoha
Something you find in a kitchen	kouchuukusuri
Something you find in a kitchen	kouji
Something you find in a kitchen	koukakurui
Something you find in a kitchen	koumiyasai
Something you find in a kitchen	kouraishiba
Something you find in a kitchen	kourizatou
Something you find in a kitchen	kouryousake
Something you find in a kitchen	koushi
Something you find in a kitchen	koushinryou
Something you find in a kitchen	kouzui
Something you find in a kitchen	kozui
Something you find in a kitchen	kubi
Something you find in a kitchen	kuchibatsu
Something you find in a kitchen	kuchifuki
Something you find in a kitchen	kuchinuki
Something you find in a kitchen	kudamono
Something you find in a kitchen	kudaroshi
Something you find in a kitchen	kudaroshikin
Something you find in a kitchen	kudashikin
Something you find in a kitchen	kudo
Something you find in a kitchen	kugutsume
Something you find in a kitchen	kugutsuonna
Something you find in a kitchen	kuiamari
Something you find in a kitchen	kuiamashi
Something you find in a kitchen	kuinokoshi
Something you find in a kitchen	kujakuso
Something you find in a kitchen	kujakusou
Something you find in a kitchen	kukki
Something you find in a kitchen	kukkii
Something you find in a kitchen	kukkiikattaa
Something you find in a kitchen	kukkikatta
Something you find in a kitchen	kumin
Something you find in a kitchen	kunisshu
Something you find in a kitchen	kunseihamu
Something you find in a kitchen	kura
Something you find in a kitchen	kurage
Something you find in a kitchen	kurakka
Something you find in a kitchen	kurakkaa
Something you find in a kitchen	kuranberi
Something you find in a kitchen	kuranberii
Something you find in a kitchen	kuraretto
Something you find in a kitchen	kureepu
Something you find in a kitchen	kurenaimikan
Something you find in a kitchen	kureome
Something you find in a kitchen	kurepu
Something you find in a kitchen	kureson
Something you find in a kitchen	kuriimu
Something you find in a kitchen	kuriimusoosu
Something you find in a kitchen	kurimu
Something you find in a kitchen	kurimusosu
Something you find in a kitchen	kurisutaru
Something you find in a kitchen	kuroba
Something you find in a kitchen	kurobu
Something you find in a kitchen	kurochiku
Something you find in a kitchen	kuroichigo
Something you find in a kitchen	kurokosho
Something you find in a kitchen	kurokoshou
Something you find in a kitchen	kuroobaa
Something you find in a kitchen	kuroobu
Something you find in a kitchen	kuroovu
Something you find in a kitchen	kuroozetto
Something you find in a kitchen	kurovu
Something you find in a kitchen	kurowassan
Something you find in a kitchen	kurozetto
Something you find in a kitchen	kurumahakusa
Something you find in a kitchen	kurumato
Something you find in a kitchen	kurumatou
Something you find in a kitchen	kurumi
Something you find in a kitchen	kurura
Something you find in a kitchen	kuruton
Something you find in a kitchen	kuruuraa
Something you find in a kitchen	kusa
Something you find in a kitchen	kusafuji
Something you find in a kitchen	kusahen
Something you find in a kitchen	kusukusu
Something you find in a kitchen	kutsuya
Something you find in a kitchen	kuttsuki
Something you find in a kitchen	kuuraa
Something you find in a kitchen	kuwa
Something you find in a kitchen	kuwasu
Something you find in a kitchen	kuzu
Something you find in a kitchen	kuzumono
Something you find in a kitchen	kyabetsu
Something you find in a kitchen	kyabia
Something you find in a kitchen	kyabinetto
Something you find in a kitchen	kyafe
Something you find in a kitchen	kyande
Something you find in a kitchen	kyandee
Something you find in a kitchen	kyandi
Something you find in a kitchen	kyandii
Something you find in a kitchen	kyarameru
Something you find in a kitchen	kyaraue
Something you find in a kitchen	kyarauee
Something you find in a kitchen	kyaraueishido
Something you find in a kitchen	kyaraueishiido
Something you find in a kitchen	kyaserooru
Something you find in a kitchen	kyaseroru
Something you find in a kitchen	kyasutaashugaa
Something you find in a kitchen	kyasutashuga
Something you find in a kitchen	kyoda
Something you find in a kitchen	kyodai
Something you find in a kitchen	kyokushaho
Something you find in a kitchen	kyokushahou
Something you find in a kitchen	kyomai
Something you find in a kitchen	kyota
Something you find in a kitchen	kyouda
Something you find in a kitchen	kyoudai
Something you find in a kitchen	kyoumai
Something you find in a kitchen	kyouzukue
Something you find in a kitchen	kyozukue
Something you find in a kitchen	kyuban
Something you find in a kitchen	kyuho
Something you find in a kitchen	kyukei
Something you find in a kitchen	kyukeikanran
Something you find in a kitchen	kyuken
Something you find in a kitchen	kyunmeru
Something you find in a kitchen	kyuraso
Something you find in a kitchen	kyurasoo
Something you find in a kitchen	kyuri
Something you find in a kitchen	kyuuban
Something you find in a kitchen	kyuuhou
Something you find in a kitchen	kyuukei
Something you find in a kitchen	kyuukeikanran
Something you find in a kitchen	kyuuken
Something you find in a kitchen	kyuuri
Something you find in a kitchen	maaburukeeki
Something you find in a kitchen	maagarin
Something you find in a kitchen	maajoramu
Something you find in a kitchen	maamareedo
Something you find in a kitchen	maateiini
Something you find in a kitchen	maateini
Something you find in a kitchen	mabuchi
Something you find in a kitchen	maburukeki
Something you find in a kitchen	mabuta
Something you find in a kitchen	maedare
Something you find in a kitchen	maedarere
Something you find in a kitchen	maekake
Something you find in a kitchen	maekakeke
Something you find in a kitchen	mafin
Something you find in a kitchen	magarin
Something you find in a kitchen	magunamu
Something you find in a kitchen	maguro
Something you find in a kitchen	mahobin
Something you find in a kitchen	mahoubin
Something you find in a kitchen	maikuronami
Something you find in a kitchen	majoramu
Something you find in a kitchen	makaroni
Something you find in a kitchen	makaronikomugi
Something you find in a kitchen	makurakome
Something you find in a kitchen	mamaredo
Something you find in a kitchen	mamareedo
Something you find in a kitchen	mame
Something you find in a kitchen	mameka
Something you find in a kitchen	mamerui
Something you find in a kitchen	mameshi
Something you find in a kitchen	manbo
Something you find in a kitchen	manbou
Something you find in a kitchen	mandarin
Something you find in a kitchen	mandoreeku
Something you find in a kitchen	mandoreku
Something you find in a kitchen	mango
Something you find in a kitchen	mangoo
Something you find in a kitchen	mangoruto
Something you find in a kitchen	mangosuchin
Something you find in a kitchen	maniraasa
Something you find in a kitchen	manirasa
Something you find in a kitchen	maranta
Something you find in a kitchen	marasukino
Something you find in a kitchen	marinaado
Something you find in a kitchen	marinado
Something you find in a kitchen	marine
Something you find in a kitchen	marinedo
Something you find in a kitchen	marineedo
Something you find in a kitchen	maruchipan
Something you find in a kitchen	marugariita
Something you find in a kitchen	marugarita
Something you find in a kitchen	marumero
Something you find in a kitchen	marusuguri
Something you find in a kitchen	maruteiini
Something you find in a kitchen	maruteini
Something you find in a kitchen	maruyakiki
Something you find in a kitchen	mashimaro
Something you find in a kitchen	mashumaro
Something you find in a kitchen	massha
Something you find in a kitchen	masshaa
Something you find in a kitchen	masshurumu
Something you find in a kitchen	masshuruumu
Something you find in a kitchen	masu
Something you find in a kitchen	masukarupone
Something you find in a kitchen	masukarupoone
Something you find in a kitchen	masukatto
Something you find in a kitchen	masukumeron
Something you find in a kitchen	masunosuke
Something you find in a kitchen	masutaado
Something you find in a kitchen	masutaadosoosu
Something you find in a kitchen	masutado
Something you find in a kitchen	masutadososu
Something you find in a kitchen	mateiini
Something you find in a kitchen	mateini
Something you find in a kitchen	maton
Something you find in a kitchen	matorikania
Something you find in a kitchen	matsua
Something you find in a kitchen	matsunomi
Something you find in a kitchen	matsuyoigusa
Something you find in a kitchen	matsuyoikusa
Something you find in a kitchen	mattsua
Something you find in a kitchen	mattsuaa
Something you find in a kitchen	mattsuo
Something you find in a kitchen	mayoneezu
Something you find in a kitchen	mayonezu
Something you find in a kitchen	mebae
Something you find in a kitchen	meenkoosu
Something you find in a kitchen	meinkoosu
Something you find in a kitchen	meinkosu
Something you find in a kitchen	meisu
Something you find in a kitchen	meitetsu
Something you find in a kitchen	mekajiki
Something you find in a kitchen	mekyabetsu
Something you find in a kitchen	men
Something you find in a kitchen	menbo
Something you find in a kitchen	menbou
Something you find in a kitchen	mendori
Something you find in a kitchen	menkashi
Something you find in a kitchen	menkosu
Something you find in a kitchen	menrui
Something you find in a kitchen	menuke
Something you find in a kitchen	merenge
Something you find in a kitchen	meron
Something you find in a kitchen	merurusa
Something you find in a kitchen	meruruusa
Something you find in a kitchen	meshi
Something you find in a kitchen	meso
Something you find in a kitchen	mesou
Something you find in a kitchen	mido
Something you find in a kitchen	miido
Something you find in a kitchen	miiru
Something you find in a kitchen	miito
Something you find in a kitchen	miitobooru
Something you find in a kitchen	miitoroofu
Something you find in a kitchen	mikan
Something you find in a kitchen	miki
Something you find in a kitchen	mikisa
Something you find in a kitchen	mikisaa
Something you find in a kitchen	mikkusu
Something you find in a kitchen	mikkusukona
Something you find in a kitchen	mikuri
Something you find in a kitchen	mimoza
Something you find in a kitchen	minchipai
Something you find in a kitchen	minesutorone
Something you find in a kitchen	minesutoroone
Something you find in a kitchen	minto
Something you find in a kitchen	mintojureppu
Something you find in a kitchen	mintosoosu
Something you find in a kitchen	mintososu
Something you find in a kitchen	miro
Something you find in a kitchen	miru
Something you find in a kitchen	miruku
Something you find in a kitchen	mirukuhooru
Something you find in a kitchen	mirukuhoru
Something you find in a kitchen	mirukuseeki
Something you find in a kitchen	mirukuseki
Something you find in a kitchen	mirukushieeku
Something you find in a kitchen	mirukushieku
Something you find in a kitchen	miruna
Something you find in a kitchen	miso
Something you find in a kitchen	mito
Something you find in a kitchen	mitoboru
Something you find in a kitchen	miton
Something you find in a kitchen	mitorofu
Something you find in a kitchen	mitsu
Something you find in a kitchen	mittsuha
Something you find in a kitchen	miyamakinpoge
Something you find in a kitchen	miyamakinpouge
Something you find in a kitchen	mizu
Something you find in a kitchen	mizuame
Something you find in a kitchen	mizuhirugaeshi
Something you find in a kitchen	mizukoshi
Something you find in a kitchen	mizumono
Something you find in a kitchen	mizunomi
Something you find in a kitchen	mizunomimi
Something you find in a kitchen	mizusashi
Something you find in a kitchen	mochikaeri
Something you find in a kitchen	moka
Something you find in a kitchen	mokuseiso
Something you find in a kitchen	mokuseisou
Something you find in a kitchen	mokuteki
Something you find in a kitchen	momo
Something you find in a kitchen	momoniku
Something you find in a kitchen	momonji
Something you find in a kitchen	monaruda
Something you find in a kitchen	monosashi
Something you find in a kitchen	monsutera
Something you find in a kitchen	morokoshi
Something you find in a kitchen	moruneesoosu
Something you find in a kitchen	morunesosu
Something you find in a kitchen	moruto
Something you find in a kitchen	mosengoke
Something you find in a kitchen	mosenkoke
Something you find in a kitchen	mosufurokkusu
Something you find in a kitchen	mottsuarerra
Something you find in a kitchen	mousengoke
Something you find in a kitchen	mousenkoke
Something you find in a kitchen	mugi
Something you find in a kitchen	mugiko
Something you find in a kitchen	mugio
Something you find in a kitchen	mugioshi
Something you find in a kitchen	mugiou
Something you find in a kitchen	mujinamo
Something you find in a kitchen	munekazariri
Something you find in a kitchen	murasaki
Something you find in a kitchen	murukai
Something you find in a kitchen	musaka
Something you find in a kitchen	musu
Something you find in a kitchen	muton
Something you find in a kitchen	muurukai
Something you find in a kitchen	muusu
Something you find in a kitchen	muuton
Something you find in a kitchen	nabe
Something you find in a kitchen	nabemono
Something you find in a kitchen	nagashi
Something you find in a kitchen	nagetto
Something you find in a kitchen	naifu
Something you find in a kitchen	najiri
Something you find in a kitchen	namazu
Something you find in a kitchen	naminohana
Something you find in a kitchen	nan
Something you find in a kitchen	nankinmame
Something you find in a kitchen	napukin
Something you find in a kitchen	nashi
Something you find in a kitchen	nashinomi
Something you find in a kitchen	nasu
Something you find in a kitchen	nasutachiumu
Something you find in a kitchen	natsume
Something you find in a kitchen	natsumeggu
Something you find in a kitchen	natsumegu
Something you find in a kitchen	natsumeyashi
Something you find in a kitchen	nattsu
Something you find in a kitchen	nazuna
Something you find in a kitchen	negi
Something you find in a kitchen	nekku
Something you find in a kitchen	nekuta
Something you find in a kitchen	nekutaa
Something you find in a kitchen	nekutarin
Something you find in a kitchen	nesserurode
Something you find in a kitchen	nesseruroode
Something you find in a kitchen	nichi
Something you find in a kitchen	nichinichi
Something you find in a kitchen	nichinichiso
Something you find in a kitchen	nichinichisou
Something you find in a kitchen	nichizuke
Something you find in a kitchen	nigorisake
Something you find in a kitchen	nihonhakka
Something you find in a kitchen	nihonshu
Something you find in a kitchen	niirenberugia
Something you find in a kitchen	nijiru
Something you find in a kitchen	nijukama
Something you find in a kitchen	nijuukama
Something you find in a kitchen	nikki
Something you find in a kitchen	niku
Something you find in a kitchen	nikugyu
Something you find in a kitchen	nikugyuu
Something you find in a kitchen	nikuhen
Something you find in a kitchen	nikukire
Something you find in a kitchen	nikumamekan
Something you find in a kitchen	nikurui
Something you find in a kitchen	nikusa
Something you find in a kitchen	nikuzuku
Something you find in a kitchen	ninjin
Something you find in a kitchen	ninniku
Something you find in a kitchen	ninonna
Something you find in a kitchen	nioisumire
Something you find in a kitchen	nippa
Something you find in a kitchen	niranegi
Something you find in a kitchen	nirenberugia
Something you find in a kitchen	nishikigi
Something you find in a kitchen	nishikiimo
Something you find in a kitchen	nishikimo
Something you find in a kitchen	nishin
Something you find in a kitchen	niwatoko
Something you find in a kitchen	niwatori
Something you find in a kitchen	nobashibo
Something you find in a kitchen	nobashibou
Something you find in a kitchen	nobebo
Something you find in a kitchen	nobebou
Something you find in a kitchen	nogikoku
Something you find in a kitchen	nogikokurui
Something you find in a kitchen	noichigo
Something you find in a kitchen	nokogiriso
Something you find in a kitchen	nokogirisou
Something you find in a kitchen	nokorimono
Something you find in a kitchen	nomikuchi
Something you find in a kitchen	nomimono
Something you find in a kitchen	nominofusuma
Something you find in a kitchen	nomiryo
Something you find in a kitchen	nomiryou
Something you find in a kitchen	nou
Something you find in a kitchen	nozeri
Something you find in a kitchen	nudoru
Something you find in a kitchen	nuga
Something you find in a kitchen	nugaa
Something you find in a kitchen	nuka
Something you find in a kitchen	nuudoru
Something you find in a kitchen	nyokki
Something you find in a kitchen	nyubo
Something you find in a kitchen	nyuju
Something you find in a kitchen	nyuraku
Something you find in a kitchen	nyusei
Something you find in a kitchen	nyushi
Something you find in a kitchen	nyuubou
Something you find in a kitchen	nyuujuu
Something you find in a kitchen	nyuuraku
Something you find in a kitchen	nyuusei
Something you find in a kitchen	nyuushi
Something you find in a kitchen	oawagaeri
Something you find in a kitchen	obako
Something you find in a kitchen	obon
Something you find in a kitchen	obun
Something you find in a kitchen	ocha
Something you find in a kitchen	ochagashi
Something you find in a kitchen	ochichi
Something you find in a kitchen	odorikoso
Something you find in a kitchen	odorikosou
Something you find in a kitchen	oguruma
Something you find in a kitchen	ohishiba
Something you find in a kitchen	oiran
Something you find in a kitchen	oiru
Something you find in a kitchen	okashi
Something you find in a kitchen	okin
Something you find in a kitchen	okomi
Something you find in a kitchen	okura
Something you find in a kitchen	omachi
Something you find in a kitchen	omanma
Something you find in a kitchen	omeshi
Something you find in a kitchen	omiki
Something you find in a kitchen	omizu
Something you find in a kitchen	omote
Something you find in a kitchen	omugi
Something you find in a kitchen	omuginotsubu
Something you find in a kitchen	omugitsubu
Something you find in a kitchen	omuretsu
Something you find in a kitchen	onabe
Something you find in a kitchen	ondokei
Something you find in a kitchen	onion
Something you find in a kitchen	onionsoruto
Something you find in a kitchen	onnabosatsu
Something you find in a kitchen	onogai
Something you find in a kitchen	ooawagaeri
Something you find in a kitchen	oobako
Something you find in a kitchen	oobun
Something you find in a kitchen	ooguruma
Something you find in a kitchen	oomugi
Something you find in a kitchen	oomuginotsubu
Something you find in a kitchen	oomugitsubu
Something you find in a kitchen	oonabe
Something you find in a kitchen	oonogai
Something you find in a kitchen	oopunaa
Something you find in a kitchen	oorusupaisu
Something you find in a kitchen	oosuguri
Something you find in a kitchen	ootokeeki
Something you find in a kitchen	ootomiiru
Something you find in a kitchen	oovun
Something you find in a kitchen	oozara
Something you find in a kitchen	oppai
Something you find in a kitchen	opuna
Something you find in a kitchen	orandaichigo
Something you find in a kitchen	oren
Something you find in a kitchen	orenji
Something you find in a kitchen	orenjiedo
Something you find in a kitchen	orenjieedo
Something you find in a kitchen	orenjipeko
Something you find in a kitchen	orenjipekoo
Something you find in a kitchen	oribu
Something you find in a kitchen	oriibu
Something you find in a kitchen	oroshikin
Something you find in a kitchen	orusupaisu
Something you find in a kitchen	oruzo
Something you find in a kitchen	oruzoo
Something you find in a kitchen	osagari
Something you find in a kitchen	osaji
Something you find in a kitchen	osake
Something you find in a kitchen	osara
Something you find in a kitchen	oshiire
Something you find in a kitchen	oshiirere
Something you find in a kitchen	oshikomi
Something you find in a kitchen	oshire
Something you find in a kitchen	oshirere
Something you find in a kitchen	oshiru
Something you find in a kitchen	osuguri
Something you find in a kitchen	osuyoshiwa
Something you find in a kitchen	osuyoushiwa
Something you find in a kitchen	otama
Something you find in a kitchen	otanjobikeki
Something you find in a kitchen	otanjoubikeeki
Something you find in a kitchen	otete
Something you find in a kitchen	oto
Something you find in a kitchen	otochan
Something you find in a kitchen	otokeki
Something you find in a kitchen	otomiru
Something you find in a kitchen	otouchan
Something you find in a kitchen	otsuke
Something you find in a kitchen	oukomi
Something you find in a kitchen	ouren
Something you find in a kitchen	outou
Something you find in a kitchen	ovun
Something you find in a kitchen	ozara
Something you find in a kitchen	paakoreetaa
Something you find in a kitchen	paasunippu
Something you find in a kitchen	paburoba
Something you find in a kitchen	paburooba
Something you find in a kitchen	paburova
Something you find in a kitchen	paburowa
Something you find in a kitchen	paeria
Something you find in a kitchen	paeriya
Something you find in a kitchen	paerya
Something you find in a kitchen	pafe
Something you find in a kitchen	pafu
Something you find in a kitchen	pai
Something you find in a kitchen	painappuru
Something you find in a kitchen	pakoreta
Something you find in a kitchen	pan
Something you find in a kitchen	panchi
Something you find in a kitchen	panji
Something you find in a kitchen	panjii
Something you find in a kitchen	panjo
Something you find in a kitchen	pankeeki
Something you find in a kitchen	pankeki
Something you find in a kitchen	pannoki
Something you find in a kitchen	panpan
Something you find in a kitchen	panpasugurasu
Something you find in a kitchen	panpukin
Something you find in a kitchen	panpukinpai
Something you find in a kitchen	pansuke
Something you find in a kitchen	pantori
Something you find in a kitchen	pantorii
Something you find in a kitchen	papa
Something you find in a kitchen	papaiya
Something you find in a kitchen	papurika
Something you find in a kitchen	paseri
Something you find in a kitchen	pasunippu
Something you find in a kitchen	pasuta
Something you find in a kitchen	pasutei
Something you find in a kitchen	pasuteisu
Something you find in a kitchen	pasutorami
Something you find in a kitchen	pate
Something you find in a kitchen	patei
Something you find in a kitchen	pateii
Something you find in a kitchen	paundokeeki
Something you find in a kitchen	paundokeki
Something you find in a kitchen	pea
Something you find in a kitchen	peesuto
Something you find in a kitchen	peisuto
Something you find in a kitchen	pekan
Something you find in a kitchen	peko
Something you find in a kitchen	pekoo
Something you find in a kitchen	pemikan
Something you find in a kitchen	penne
Something you find in a kitchen	pepa
Something you find in a kitchen	pepaa
Something you find in a kitchen	pepaaminto
Something you find in a kitchen	pepaminto
Something you find in a kitchen	peperomia
Something you find in a kitchen	peperomiazoku
Something you find in a kitchen	pepokabocha
Something you find in a kitchen	peppa
Something you find in a kitchen	peppaa
Something you find in a kitchen	pesuto
Something you find in a kitchen	pesutori
Something you find in a kitchen	pesutorii
Something you find in a kitchen	petorisara
Something you find in a kitchen	peya
Something you find in a kitchen	pichi
Something you find in a kitchen	pichiaisu
Something you find in a kitchen	piichi
Something you find in a kitchen	piichiaisu
Something you find in a kitchen	piiman
Something you find in a kitchen	piinatsu
Something you find in a kitchen	piinatto
Something you find in a kitchen	piinattsu
Something you find in a kitchen	piinattsubataa
Something you find in a kitchen	piman
Something you find in a kitchen	pimento
Something you find in a kitchen	pin
Something you find in a kitchen	pinatsu
Something you find in a kitchen	pinatto
Something you find in a kitchen	pinattsu
Something you find in a kitchen	pinattsubata
Something you find in a kitchen	pinooru
Something you find in a kitchen	pinoru
Something you find in a kitchen	pirafu
Something you find in a kitchen	piren
Something you find in a kitchen	piroshiki
Something you find in a kitchen	pisutachio
Something you find in a kitchen	pita
Something you find in a kitchen	pittsua
Something you find in a kitchen	piza
Something you find in a kitchen	pizapai
Something you find in a kitchen	poku
Something you find in a kitchen	pokusoseji
Something you find in a kitchen	ponchi
Something you find in a kitchen	pontoiuoto
Something you find in a kitchen	pooku
Something you find in a kitchen	pookusooseeji
Something you find in a kitchen	pootaa
Something you find in a kitchen	pootowain
Something you find in a kitchen	popi
Something you find in a kitchen	popii
Something you find in a kitchen	poppukon
Something you find in a kitchen	poppukoon
Something you find in a kitchen	poppuoba
Something you find in a kitchen	poppuoobaa
Something you find in a kitchen	porenta
Something you find in a kitchen	poriansasu
Something you find in a kitchen	porijji
Something you find in a kitchen	pota
Something you find in a kitchen	potaaju
Something you find in a kitchen	potaju
Something you find in a kitchen	potechi
Something you find in a kitchen	potetochippu
Something you find in a kitchen	potowain
Something you find in a kitchen	pottopai
Something you find in a kitchen	puchifuru
Something you find in a kitchen	puchifuuru
Something you find in a kitchen	puchitomato
Something you find in a kitchen	puddeingu
Something you find in a kitchen	pudin
Something you find in a kitchen	pudingu
Something you find in a kitchen	puramu
Something you find in a kitchen	puramupudingu
Something you find in a kitchen	pureeto
Something you find in a kitchen	pureito
Something you find in a kitchen	pureto
Something you find in a kitchen	purettsueru
Something you find in a kitchen	purin
Something you find in a kitchen	puroshutto
Something you find in a kitchen	purun
Something you find in a kitchen	puruun
Something you find in a kitchen	rabenda
Something you find in a kitchen	rabendaa
Something you find in a kitchen	rabigooto
Something you find in a kitchen	rabigoto
Something you find in a kitchen	rabiori
Something you find in a kitchen	radishu
Something you find in a kitchen	radisshu
Something you find in a kitchen	ragaabiiru
Something you find in a kitchen	ragabiru
Something you find in a kitchen	raimu
Something you find in a kitchen	raimugi
Something you find in a kitchen	raisa
Something you find in a kitchen	raisaa
Something you find in a kitchen	raisu
Something you find in a kitchen	rakkasei
Something you find in a kitchen	rakku
Something you find in a kitchen	raku
Something you find in a kitchen	rakugan
Something you find in a kitchen	rakusho
Something you find in a kitchen	rakushou
Something you find in a kitchen	rami
Something you find in a kitchen	ramii
Something you find in a kitchen	ramu
Something you find in a kitchen	ramune
Something you find in a kitchen	ramusake
Something you find in a kitchen	ranbutan
Something you find in a kitchen	ranbuutan
Something you find in a kitchen	ranpaku
Something you find in a kitchen	ranpu
Something you find in a kitchen	ransaibo
Something you find in a kitchen	ransaibou
Something you find in a kitchen	ranshi
Something you find in a kitchen	rappu
Something you find in a kitchen	rasuku
Something you find in a kitchen	razaanya
Something you find in a kitchen	razania
Something you find in a kitchen	razanya
Something you find in a kitchen	razuberi
Something you find in a kitchen	razuberii
Something you find in a kitchen	reba
Something you find in a kitchen	rebaa
Something you find in a kitchen	rebaasooseeji
Something you find in a kitchen	rebasoseji
Something you find in a kitchen	reddokyabetsu
Something you find in a kitchen	reeshingu
Something you find in a kitchen	reezun
Something you find in a kitchen	reika
Something you find in a kitchen	reikyakutsuwa
Something you find in a kitchen	reikyakuutsuwa
Something you find in a kitchen	reishi
Something you find in a kitchen	reitoko
Something you find in a kitchen	reitouko
Something you find in a kitchen	reitoutsuwa
Something you find in a kitchen	reitouutsuwa
Something you find in a kitchen	reizoko
Something you find in a kitchen	reizouko
Something you find in a kitchen	reizun
Something you find in a kitchen	remon
Something you find in a kitchen	remonaado
Something you find in a kitchen	remonado
Something you find in a kitchen	remonedo
Something you find in a kitchen	remoneedo
Something you find in a kitchen	remoneido
Something you find in a kitchen	remongurasu
Something you find in a kitchen	remonmizu
Something you find in a kitchen	renji
Something you find in a kitchen	renzumame
Something you find in a kitchen	reo
Something you find in a kitchen	reshingu
Something you find in a kitchen	retasu
Something you find in a kitchen	reva
Something you find in a kitchen	revaa
Something you find in a kitchen	reyaakeeki
Something you find in a kitchen	reyakeki
Something you find in a kitchen	rezun
Something you find in a kitchen	ribongurasu
Something you find in a kitchen	ribu
Something you find in a kitchen	rieki
Something you find in a kitchen	rifuressha
Something you find in a kitchen	rifuresshaa
Something you find in a kitchen	rigatoni
Something you find in a kitchen	rigatooni
Something you find in a kitchen	riiki
Something you find in a kitchen	riiku
Something you find in a kitchen	riimaa
Something you find in a kitchen	riito
Something you find in a kitchen	rika
Something you find in a kitchen	rikaa
Something you find in a kitchen	riki
Something you find in a kitchen	rikki
Something you find in a kitchen	rikkii
Something you find in a kitchen	rikottachiizu
Something you find in a kitchen	rikottachizu
Something you find in a kitchen	riku
Something you find in a kitchen	rikyuru
Something you find in a kitchen	rikyurugurasu
Something you find in a kitchen	rikyuuru
Something you find in a kitchen	rikyuurugurasu
Something you find in a kitchen	rima
Something you find in a kitchen	rindo
Something you find in a kitchen	rindou
Something you find in a kitchen	ringo
Something you find in a kitchen	ringoame
Something you find in a kitchen	ringosake
Something you find in a kitchen	ringu
Something you find in a kitchen	ringuiine
Something you find in a kitchen	ringuine
Something you find in a kitchen	rinkei
Something you find in a kitchen	rissooru
Something you find in a kitchen	rissoru
Something you find in a kitchen	risuto
Something you find in a kitchen	rito
Something you find in a kitchen	rizotto
Something you find in a kitchen	roberia
Something you find in a kitchen	robusuta
Something you find in a kitchen	robusutaa
Something you find in a kitchen	rokautsuwa
Something you find in a kitchen	rokkukeeki
Something you find in a kitchen	rokkukeki
Something you find in a kitchen	rokuzai
Something you find in a kitchen	romai
Something you find in a kitchen	romeinretasu
Something you find in a kitchen	roomeinretasu
Something you find in a kitchen	roorie
Something you find in a kitchen	rooru
Something you find in a kitchen	roosutaa
Something you find in a kitchen	roosuto
Something you find in a kitchen	roozumarii
Something you find in a kitchen	rorie
Something you find in a kitchen	roru
Something you find in a kitchen	rosuta
Something you find in a kitchen	rosuto
Something you find in a kitchen	roumai
Something you find in a kitchen	rozumari
Something you find in a kitchen	rubaabu
Something you find in a kitchen	rubaabupai
Something you find in a kitchen	rubabu
Something you find in a kitchen	rubabupai
Something you find in a kitchen	rukkora
Something you find in a kitchen	runaria
Something you find in a kitchen	ruri
Something you find in a kitchen	rurikarakusa
Something you find in a kitchen	ruu
Something you find in a kitchen	ryokucha
Something you find in a kitchen	ryokuto
Something you find in a kitchen	ryokutou
Something you find in a kitchen	ryomai
Something you find in a kitchen	ryori
Something you find in a kitchen	ryoumai
Something you find in a kitchen	ryouri
Something you find in a kitchen	ryudanho
Something you find in a kitchen	ryuudanhou
Something you find in a kitchen	ryuuzu
Something you find in a kitchen	ryuzu
Something you find in a kitchen	saadin
Something you find in a kitchen	saajin
Something you find in a kitchen	saamomeetaa
Something you find in a kitchen	saamon
Something you find in a kitchen	saaroin
Something you find in a kitchen	saba
Something you find in a kitchen	sabaran
Something you find in a kitchen	sadin
Something you find in a kitchen	sadoru
Something you find in a kitchen	safuran
Something you find in a kitchen	sagyodai
Something you find in a kitchen	sagyoudai
Something you find in a kitchen	sagyouzukue
Something you find in a kitchen	sagyozukue
Something you find in a kitchen	saida
Something you find in a kitchen	saidaa
Something you find in a kitchen	saidan
Something you find in a kitchen	saidanshi
Something you find in a kitchen	saidoka
Something you find in a kitchen	saidokaa
Something you find in a kitchen	saikaku
Something you find in a kitchen	saji
Something you find in a kitchen	sajin
Something you find in a kitchen	sakaba
Something you find in a kitchen	sakana
Something you find in a kitchen	sakanahocho
Something you find in a kitchen	sakanahouchou
Something you find in a kitchen	sake
Something you find in a kitchen	sakerui
Something you find in a kitchen	sakkarin
Something you find in a kitchen	sakumotsu
Something you find in a kitchen	sakuranbo
Something you find in a kitchen	sakuranbou
Something you find in a kitchen	sakuraniku
Something you find in a kitchen	sakuraso
Something you find in a kitchen	sakurasou
Something you find in a kitchen	samometa
Something you find in a kitchen	samon
Something you find in a kitchen	samosa
Something you find in a kitchen	samowaaru
Something you find in a kitchen	samowaru
Something you find in a kitchen	sanbenshu
Something you find in a kitchen	sanbon
Something you find in a kitchen	sanbonshiro
Something you find in a kitchen	sande
Something you find in a kitchen	sandee
Something you find in a kitchen	sando
Something you find in a kitchen	sandoitchi
Something you find in a kitchen	sandouitchi
Something you find in a kitchen	sanguria
Something you find in a kitchen	sanji
Something you find in a kitchen	sankome
Something you find in a kitchen	sanmomo
Something you find in a kitchen	sanshikisumire
Something you find in a kitchen	sanshokusumire
Something you find in a kitchen	sapojira
Something you find in a kitchen	sara
Something you find in a kitchen	saraaraiki
Something you find in a kitchen	saraaraiutsuwa
Something you find in a kitchen	sarada
Something you find in a kitchen	saradaba
Something you find in a kitchen	saradabaa
Something you find in a kitchen	saradaboru
Something you find in a kitchen	saradabouru
Something you find in a kitchen	saradore
Something you find in a kitchen	sarami
Something you find in a kitchen	sararaiki
Something you find in a kitchen	sararaiutsuwa
Something you find in a kitchen	saroin
Something you find in a kitchen	sarubia
Something you find in a kitchen	sarumenbana
Something you find in a kitchen	sarusa
Something you find in a kitchen	saruvia
Something you find in a kitchen	sasage
Something you find in a kitchen	sashimi
Something you find in a kitchen	sassafurasu
Something you find in a kitchen	sato
Something you find in a kitchen	satodaikon
Something you find in a kitchen	satoimo
Something you find in a kitchen	satokashi
Something you find in a kitchen	satokibi
Something you find in a kitchen	satoshi
Something you find in a kitchen	satotsubo
Something you find in a kitchen	satotsuke
Something you find in a kitchen	satou
Something you find in a kitchen	satoudaikon
Something you find in a kitchen	satoukashi
Something you find in a kitchen	satoukibi
Something you find in a kitchen	satoushi
Something you find in a kitchen	satoutsubo
Something you find in a kitchen	satoutsuke
Something you find in a kitchen	sawa
Something you find in a kitchen	sawaa
Something you find in a kitchen	sawaabooru
Something you find in a kitchen	sawaboru
Something you find in a kitchen	sayamame
Something you find in a kitchen	seeji
Something you find in a kitchen	seibori
Something you find in a kitchen	seiborii
Something you find in a kitchen	seibun
Something you find in a kitchen	seihakuto
Something you find in a kitchen	seihakutou
Something you find in a kitchen	seihyoki
Something you find in a kitchen	seihyouki
Something you find in a kitchen	seija
Something you find in a kitchen	seiji
Something you find in a kitchen	seijin
Something you find in a kitchen	seika
Something you find in a kitchen	seiryoinryo
Something you find in a kitchen	seiryouinryou
Something you find in a kitchen	seiseito
Something you find in a kitchen	seiseitou
Something you find in a kitchen	seisenshokuhin
Something you find in a kitchen	seishu
Something you find in a kitchen	seitetsu
Something you find in a kitchen	seito
Something you find in a kitchen	seitou
Something you find in a kitchen	seiyokabocha
Something you find in a kitchen	seiyokashi
Something you find in a kitchen	seiyonashi
Something you find in a kitchen	seiyonegi
Something you find in a kitchen	seiyoniwatoko
Something you find in a kitchen	seiyosuguri
Something you find in a kitchen	seiyotanpopo
Something you find in a kitchen	seiyotenugui
Something you find in a kitchen	seiyoukabocha
Something you find in a kitchen	seiyoukashi
Something you find in a kitchen	seiyounashi
Something you find in a kitchen	seiyounegi
Something you find in a kitchen	seiyouniwatoko
Something you find in a kitchen	seiyousuguri
Something you find in a kitchen	seiyoutanpopo
Something you find in a kitchen	seiyoutenugui
Something you find in a kitchen	seiyouwasabi
Something you find in a kitchen	seiyowasabi
Something you find in a kitchen	seji
Something you find in a kitchen	sekken
Something you find in a kitchen	semorina
Something you find in a kitchen	sen
Something you find in a kitchen	senaka
Something you find in a kitchen	senbo
Something you find in a kitchen	senbou
Something you find in a kitchen	sengoku
Something you find in a kitchen	sengokutoori
Something you find in a kitchen	sengokutori
Something you find in a kitchen	sengokutoshi
Something you find in a kitchen	sengokutoushi
Something you find in a kitchen	sengyofu
Something you find in a kitchen	sengyoufu
Something you find in a kitchen	senjo
Something you find in a kitchen	senmendai
Something you find in a kitchen	senmenki
Something you find in a kitchen	senniku
Something you find in a kitchen	sennukiki
Something you find in a kitchen	sentakusoda
Something you find in a kitchen	sentakusooda
Something you find in a kitchen	senyaku
Something you find in a kitchen	seppaku
Something you find in a kitchen	seri
Something you find in a kitchen	serii
Something you find in a kitchen	serori
Something you find in a kitchen	serorisoruto
Something you find in a kitchen	seruriaku
Something you find in a kitchen	setomono
Something you find in a kitchen	setsudanki
Something you find in a kitchen	setsumono
Something you find in a kitchen	shabon
Something you find in a kitchen	shakaatama
Something you find in a kitchen	shakatama
Something you find in a kitchen	shake
Something you find in a kitchen	shaku
Something you find in a kitchen	shakudo
Something you find in a kitchen	shamoji
Something you find in a kitchen	shanpaan
Something you find in a kitchen	shanpan
Something you find in a kitchen	shanpeen
Something you find in a kitchen	shanpen
Something you find in a kitchen	shari
Something you find in a kitchen	sharibetsu
Something you find in a kitchen	sharotto
Something you find in a kitchen	sharurotto
Something you find in a kitchen	shi
Something you find in a kitchen	shibazakura
Something you find in a kitchen	shibazoku
Something you find in a kitchen	shichichi
Something you find in a kitchen	shichimencho
Something you find in a kitchen	shichimenchou
Something you find in a kitchen	shichu
Something you find in a kitchen	shichuu
Something you find in a kitchen	shieri
Something you find in a kitchen	shierii
Something you find in a kitchen	shieriisake
Something you find in a kitchen	shierisake
Something you find in a kitchen	shifonkeeki
Something you find in a kitchen	shifonkeki
Something you find in a kitchen	shigotodai
Something you find in a kitchen	shii
Something you find in a kitchen	shiizuningu
Something you find in a kitchen	shika
Something you find in a kitchen	shikaniku
Something you find in a kitchen	shikokubie
Something you find in a kitchen	shimunerukeeki
Something you find in a kitchen	shimunerukeki
Something you find in a kitchen	shinamon
Something you find in a kitchen	shinku
Something you find in a kitchen	shinmai
Something you find in a kitchen	shinme
Something you find in a kitchen	shinobionna
Something you find in a kitchen	shinzo
Something you find in a kitchen	shinzou
Something you find in a kitchen	shio
Something you find in a kitchen	shioaji
Something you find in a kitchen	shiobana
Something you find in a kitchen	shiokagen
Something you find in a kitchen	shioke
Something you find in a kitchen	shirababu
Something you find in a kitchen	shirako
Something you find in a kitchen	shiriaru
Something you find in a kitchen	shirohyoshi
Something you find in a kitchen	shirohyoushi
Something you find in a kitchen	shiroinunazuna
Something you find in a kitchen	shirokubi
Something you find in a kitchen	shiromi
Something you find in a kitchen	shiromitsu
Something you find in a kitchen	shiroppu
Something you find in a kitchen	shirotsumekusa
Something you find in a kitchen	shirozato
Something you find in a kitchen	shirozatou
Something you find in a kitchen	shiru
Something you find in a kitchen	shirumono
Something you find in a kitchen	shiruwan
Something you find in a kitchen	shishikababu
Something you find in a kitchen	shita
Something you find in a kitchen	shitabirame
Something you find in a kitchen	shitaji
Something you find in a kitchen	shitorasu
Something you find in a kitchen	shitoron
Something you find in a kitchen	shizuningu
Something you find in a kitchen	shobaionna
Something you find in a kitchen	shochu
Something you find in a kitchen	shoeki
Something you find in a kitchen	shofu
Something you find in a kitchen	shoga
Something you find in a kitchen	shogakona
Something you find in a kitchen	shogi
Something you find in a kitchen	shoka
Something you find in a kitchen	shoki
Something you find in a kitchen	shokki
Something you find in a kitchen	shokkiaraiki
Something you find in a kitchen	shokkirui
Something you find in a kitchen	shokora
Something you find in a kitchen	shokuamari
Something you find in a kitchen	shokuamashi
Something you find in a kitchen	shokuen
Something you find in a kitchen	shokuhin
Something you find in a kitchen	shokukei
Something you find in a kitchen	shokukona
Something you find in a kitchen	shokuniku
Something you find in a kitchen	shokunokoshi
Something you find in a kitchen	shokupan
Something you find in a kitchen	shokuryohin
Something you find in a kitchen	shokuryouhin
Something you find in a kitchen	shokusenki
Something you find in a kitchen	shokutakushio
Something you find in a kitchen	shokuyo
Something you find in a kitchen	shokuyodaio
Something you find in a kitchen	shokuyokona
Something you find in a kitchen	shokuyomame
Something you find in a kitchen	shokuyoudaiou
Something you find in a kitchen	shokuyoukona
Something you find in a kitchen	shokuyoumame
Something you find in a kitchen	shokuzan
Something you find in a kitchen	shooru
Something you find in a kitchen	shootobureddo
Something you find in a kitchen	shootokeeki
Something you find in a kitchen	shoru
Something you find in a kitchen	shoruda
Something you find in a kitchen	shorudaa
Something you find in a kitchen	shosekkai
Something you find in a kitchen	shotobureddo
Something you find in a kitchen	shotokeki
Something you find in a kitchen	shoubaionna
Something you find in a kitchen	shouchuu
Something you find in a kitchen	shoueki
Something you find in a kitchen	shoufu
Something you find in a kitchen	shouga
Something you find in a kitchen	shougakona
Something you find in a kitchen	shougi
Something you find in a kitchen	shouikyo
Something you find in a kitchen	shouka
Something you find in a kitchen	shousekkai
Something you find in a kitchen	shouuikyou
Something you find in a kitchen	shozukue
Something you find in a kitchen	shuarakuremu
Something you find in a kitchen	shuga
Something you find in a kitchen	shugaa
Something you find in a kitchen	shugaabooru
Something you find in a kitchen	shugaabouru
Something you find in a kitchen	shugaasupuun
Something you find in a kitchen	shugaboru
Something you find in a kitchen	shugasupun
Something you find in a kitchen	shugyofu
Something you find in a kitchen	shuji
Something you find in a kitchen	shujutsudai
Something you find in a kitchen	shukin
Something you find in a kitchen	shuku
Something you find in a kitchen	shunittsueru
Something you find in a kitchen	shunokagu
Something you find in a kitchen	shunoko
Something you find in a kitchen	shunoshitsu
Something you find in a kitchen	shupurittsua
Something you find in a kitchen	shupurittsuaa
Something you find in a kitchen	shurinpu
Something you find in a kitchen	shuryoniku
Something you find in a kitchen	shuryouniku
Something you find in a kitchen	shuuarakureemu
Something you find in a kitchen	shuugyoufu
Something you find in a kitchen	shuunoukagu
Something you find in a kitchen	shuunouko
Something you find in a kitchen	shuunoushitsu
Something you find in a kitchen	soba
Something you find in a kitchen	soda
Something you find in a kitchen	sodahai
Something you find in a kitchen	sodamizu
Something you find in a kitchen	sofuto
Something you find in a kitchen	sofutodorinku
Something you find in a kitchen	sofutokuriimu
Something you find in a kitchen	sofutokurimu
Something you find in a kitchen	sohon
Something you find in a kitchen	sonomono
Something you find in a kitchen	sonoremono
Something you find in a kitchen	sooda
Something you find in a kitchen	soodahai
Something you find in a kitchen	soodamizu
Something you find in a kitchen	soopu
Something you find in a kitchen	sooseeji
Something you find in a kitchen	sooseejirooru
Something you find in a kitchen	soosu
Something you find in a kitchen	soosupan
Something you find in a kitchen	sopu
Something you find in a kitchen	soramame
Something you find in a kitchen	sorube
Something you find in a kitchen	sorugamu
Something you find in a kitchen	sorutein
Something you find in a kitchen	sosai
Something you find in a kitchen	soseji
Something you find in a kitchen	sosejiroru
Something you find in a kitchen	soshiryo
Something you find in a kitchen	soshiryou
Something you find in a kitchen	sosu
Something you find in a kitchen	sosupan
Something you find in a kitchen	sote
Something you find in a kitchen	sotee
Something you find in a kitchen	souda
Something you find in a kitchen	souhon
Something you find in a kitchen	suberihiyu
Something you find in a kitchen	subizu
Something you find in a kitchen	suburaki
Something you find in a kitchen	suedenkabura
Something you find in a kitchen	suettopudingu
Something you find in a kitchen	sufure
Something you find in a kitchen	suguri
Something you find in a kitchen	suguru
Something you find in a kitchen	suhyo
Something you find in a kitchen	sui
Something you find in a kitchen	suiba
Something you find in a kitchen	suidosen
Something you find in a kitchen	suidousen
Something you find in a kitchen	suiitokoon
Something you find in a kitchen	suiitomeron
Something you find in a kitchen	suika
Something you find in a kitchen	suimono
Something you find in a kitchen	suisho
Something you find in a kitchen	suishou
Something you find in a kitchen	suito
Something you find in a kitchen	suitokon
Something you find in a kitchen	suitomeron
Something you find in a kitchen	suitou
Something you find in a kitchen	suitsutsu
Something you find in a kitchen	suiyaku
Something you find in a kitchen	suizuru
Something you find in a kitchen	suizutsu
Something you find in a kitchen	sukanpi
Something you find in a kitchen	sukarappu
Something you find in a kitchen	sukaroppu
Something you find in a kitchen	sukasshu
Something you find in a kitchen	sukausu
Something you find in a kitchen	suketotara
Something you find in a kitchen	suketoutara
Something you find in a kitchen	sukirettokeeki
Something you find in a kitchen	sukirettokeki
Something you find in a kitchen	sukiyaki
Something you find in a kitchen	sukon
Something you find in a kitchen	sukoon
Something you find in a kitchen	sukuna
Something you find in a kitchen	sukurappu
Something you find in a kitchen	sukuunaa
Something you find in a kitchen	sumire
Something you find in a kitchen	sumitsubo
Something you find in a kitchen	sumitsugi
Something you find in a kitchen	sumomo
Something you find in a kitchen	sumotorigusa
Something you find in a kitchen	sumotorikusa
Something you find in a kitchen	sumoutorigusa
Something you find in a kitchen	sumoutorikusa
Something you find in a kitchen	sunakku
Something you find in a kitchen	sunakkuba
Something you find in a kitchen	sunakkubaa
Something you find in a kitchen	sunakkukashi
Something you find in a kitchen	sune
Something you find in a kitchen	suneniku
Something you find in a kitchen	supachura
Something you find in a kitchen	supagetei
Something you find in a kitchen	supageteii
Something you find in a kitchen	supageteini
Something you find in a kitchen	supagettei
Something you find in a kitchen	supagetteii
Something you find in a kitchen	supaisukeeki
Something you find in a kitchen	supaisukeki
Something you find in a kitchen	supeaminto
Something you find in a kitchen	supearibu
Something you find in a kitchen	supiritsu
Something you find in a kitchen	supirittsu
Something you find in a kitchen	suponji
Something you find in a kitchen	suponjikeeki
Something you find in a kitchen	suponjikeki
Something you find in a kitchen	supu
Something you find in a kitchen	supun
Something you find in a kitchen	supureddo
Something you find in a kitchen	supuritto
Something you find in a kitchen	supurittsua
Something you find in a kitchen	supurittsuaa
Something you find in a kitchen	supusara
Something you find in a kitchen	supusupun
Something you find in a kitchen	supuun
Something you find in a kitchen	suraggu
Something you find in a kitchen	suringu
Something you find in a kitchen	surutana
Something you find in a kitchen	sushi
Something you find in a kitchen	sutaaanisu
Something you find in a kitchen	sutaanisu
Something you find in a kitchen	sutando
Something you find in a kitchen	sutaperia
Something you find in a kitchen	sutauto
Something you find in a kitchen	sutebia
Something you find in a kitchen	suteeki
Something you find in a kitchen	suteinga
Something you find in a kitchen	suteingaa
Something you find in a kitchen	suteki
Something you find in a kitchen	sutokku
Something you find in a kitchen	sutorippa
Something you find in a kitchen	sutorippaa
Something you find in a kitchen	sutoroberi
Something you find in a kitchen	sutoroberii
Something you find in a kitchen	sutouru
Something you find in a kitchen	sutouuru
Something you find in a kitchen	sutsuru
Something you find in a kitchen	sutsuuru
Something you find in a kitchen	suubiizu
Something you find in a kitchen	suueedenkabura
Something you find in a kitchen	suuhyou
Something you find in a kitchen	suuizuru
Something you find in a kitchen	suupu
Something you find in a kitchen	suupusara
Something you find in a kitchen	suupusupuun
Something you find in a kitchen	suzuki
Something you find in a kitchen	suzumenohie
Something you find in a kitchen	suzushiro
Something you find in a kitchen	taakii
Something you find in a kitchen	taatoretto
Something you find in a kitchen	tabako
Something you find in a kitchen	tabasuko
Something you find in a kitchen	tabemono
Something you find in a kitchen	tabenokoshi
Something you find in a kitchen	taffi
Something you find in a kitchen	taffii
Something you find in a kitchen	tafi
Something you find in a kitchen	tafii
Something you find in a kitchen	tagarashi
Something you find in a kitchen	tai
Something you find in a kitchen	taihaku
Something you find in a kitchen	taiken
Something you find in a kitchen	taima
Something you find in a kitchen	taimaa
Something you find in a kitchen	taimatsubana
Something you find in a kitchen	taionkei
Something you find in a kitchen	taionutsuwa
Something you find in a kitchen	takako
Something you find in a kitchen	takana
Something you find in a kitchen	take
Something you find in a kitchen	taki
Something you find in a kitchen	tako
Something you find in a kitchen	tama
Something you find in a kitchen	tamago
Something you find in a kitchen	tamagoyaki
Something you find in a kitchen	tamana
Something you find in a kitchen	tamanegi
Something you find in a kitchen	tamarindo
Something you find in a kitchen	tame
Something you find in a kitchen	tana
Something you find in a kitchen	tanbura
Something you find in a kitchen	tanburaa
Something you find in a kitchen	tanetsukebana
Something you find in a kitchen	tanjierin
Something you find in a kitchen	tanomi
Something you find in a kitchen	tanpopo
Something you find in a kitchen	tanpura
Something you find in a kitchen	tanpuraa
Something you find in a kitchen	tansansoda
Something you find in a kitchen	tansansooda
Something you find in a kitchen	tansansui
Something you find in a kitchen	tanukimo
Something you find in a kitchen	taoru
Something you find in a kitchen	tapioka
Something you find in a kitchen	tara
Something you find in a kitchen	taragon
Something you find in a kitchen	tare
Something you find in a kitchen	tariaterre
Something you find in a kitchen	taroimo
Something you find in a kitchen	tarutarusoosu
Something you find in a kitchen	tarutarusosu
Something you find in a kitchen	taruto
Something you find in a kitchen	taryo
Something you find in a kitchen	taryou
Something you find in a kitchen	tashiroimo
Something you find in a kitchen	tatakiniku
Something you find in a kitchen	tatoretto
Something you find in a kitchen	tatsunamiso
Something you find in a kitchen	tatsunamisou
Something you find in a kitchen	tawamureonna
Something you find in a kitchen	teburu
Something you find in a kitchen	teburunaifu
Something you find in a kitchen	teburunapukin
Something you find in a kitchen	teburusupun
Something you find in a kitchen	teeburu
Something you find in a kitchen	teeburunaifu
Something you find in a kitchen	teeburunapukin
Something you find in a kitchen	teeburusupuun
Something you find in a kitchen	tehajime
Something you find in a kitchen	tei
Something you find in a kitchen	teibaggu
Something you find in a kitchen	teii
Something you find in a kitchen	teiibaggu
Something you find in a kitchen	teiikappu
Something you find in a kitchen	teiipotto
Something you find in a kitchen	teiisetto
Something you find in a kitchen	teiisupuun
Something you find in a kitchen	teiiteeburu
Something you find in a kitchen	teiji
Something you find in a kitchen	teikappu
Something you find in a kitchen	teikuauto
Something you find in a kitchen	teipotto
Something you find in a kitchen	teiramisu
Something you find in a kitchen	teisetto
Something you find in a kitchen	teisupun
Something you find in a kitchen	teiteburu
Something you find in a kitchen	teki
Something you find in a kitchen	tekiira
Something you find in a kitchen	tekira
Something you find in a kitchen	tenabe
Something you find in a kitchen	tendaaroin
Something you find in a kitchen	tendaroin
Something you find in a kitchen	tennansho
Something you find in a kitchen	tennanshou
Something you find in a kitchen	tenpura
Something you find in a kitchen	tensai
Something you find in a kitchen	tensaito
Something you find in a kitchen	tensaitou
Something you find in a kitchen	tenugui
Something you find in a kitchen	tenuguiki
Something you find in a kitchen	teriinu
Something you find in a kitchen	terinu
Something you find in a kitchen	teriyaki
Something you find in a kitchen	tetsujin
Something you find in a kitchen	tochan
Something you find in a kitchen	tochi
Something you find in a kitchen	todana
Something you find in a kitchen	todoinzahoru
Something you find in a kitchen	toffi
Something you find in a kitchen	toffii
Something you find in a kitchen	tofi
Something you find in a kitchen	tofii
Something you find in a kitchen	tofu
Something you find in a kitchen	togarashi
Something you find in a kitchen	tojiki
Something you find in a kitchen	tokei
Something you find in a kitchen	tokeisara
Something you find in a kitchen	toketsutsuwa
Something you find in a kitchen	tokibi
Something you find in a kitchen	tokikona
Something you find in a kitchen	tomato
Something you find in a kitchen	tomatokechappu
Something you find in a kitchen	tomatosoosu
Something you find in a kitchen	tomatososu
Something you find in a kitchen	tomorokoshi
Something you find in a kitchen	tonasu
Something you find in a kitchen	tongu
Something you find in a kitchen	tonikkuota
Something you find in a kitchen	tonikkuuootaa
Something you find in a kitchen	tontontoiuoto
Something you find in a kitchen	tonyu
Something you find in a kitchen	toochi
Something you find in a kitchen	toodoinzahooru
Something you find in a kitchen	toosutaa
Something you find in a kitchen	toosuto
Something you find in a kitchen	toraipu
Something you find in a kitchen	torano
Something you find in a kitchen	toranoo
Something you find in a kitchen	torasshu
Something you find in a kitchen	tore
Something you find in a kitchen	toree
Something you find in a kitchen	torei
Something you find in a kitchen	torimotsu
Something you find in a kitchen	toriniku
Something you find in a kitchen	torinoko
Something you find in a kitchen	toritoma
Something you find in a kitchen	torochi
Something you find in a kitchen	toroochi
Something you find in a kitchen	torute
Something you find in a kitchen	toruteiiya
Something you find in a kitchen	toruteiya
Something you find in a kitchen	toruterriini
Something you find in a kitchen	toruterrini
Something you find in a kitchen	toryufu
Something you find in a kitchen	tosuta
Something you find in a kitchen	tosuto
Something you find in a kitchen	toto
Something you find in a kitchen	totsutsuan
Something you find in a kitchen	touchan
Something you find in a kitchen	toufu
Something you find in a kitchen	tougarashi
Something you find in a kitchen	toujiki
Something you find in a kitchen	toukei
Something you find in a kitchen	touketsuutsuwa
Something you find in a kitchen	toukibi
Something you find in a kitchen	toumorokoshi
Something you find in a kitchen	tounasu
Something you find in a kitchen	tounyuu
Something you find in a kitchen	toutsutsuan
Something you find in a kitchen	touwata
Something you find in a kitchen	towata
Something you find in a kitchen	tsubibakku
Something you find in a kitchen	tsubiibakku
Something you find in a kitchen	tsuda
Something you find in a kitchen	tsukeshiru
Something you find in a kitchen	tsukishiru
Something you find in a kitchen	tsukue
Something you find in a kitchen	tsumari
Something you find in a kitchen	tsumemono
Something you find in a kitchen	tsuna
Something you find in a kitchen	tsutsugamushi
Something you find in a kitchen	tsuuda
Something you find in a kitchen	tsuyoisake
Something you find in a kitchen	tsuyu
Something you find in a kitchen	tsuyukusa
Something you find in a kitchen	tsuyukusaka
Something you find in a kitchen	uchibo
Something you find in a kitchen	uchibou
Something you find in a kitchen	udonge
Something you find in a kitchen	udonhana
Something you find in a kitchen	uedingukeeki
Something you find in a kitchen	uedingukeki
Something you find in a kitchen	ueeha
Something you find in a kitchen	uefa
Something you find in a kitchen	ueha
Something you find in a kitchen	uehaa
Something you find in a kitchen	uehaasu
Something you find in a kitchen	uehasu
Something you find in a kitchen	uikyo
Something you find in a kitchen	uikyou
Something you find in a kitchen	uinnasooseeji
Something you find in a kitchen	uinnasoseji
Something you find in a kitchen	uintaaguriin
Something you find in a kitchen	uintagurin
Something you find in a kitchen	uisuki
Something you find in a kitchen	uisukii
Something you find in a kitchen	ukaretsuma
Something you find in a kitchen	ukezara
Something you find in a kitchen	ukon
Something you find in a kitchen	ukonbana
Something you find in a kitchen	ume
Something you find in a kitchen	umiogi
Something you find in a kitchen	umiougi
Something you find in a kitchen	unagi
Something you find in a kitchen	unshumikan
Something you find in a kitchen	unshuumikan
Something you find in a kitchen	uokka
Something you find in a kitchen	uootaa
Something you find in a kitchen	uootaakuresu
Something you find in a kitchen	uota
Something you find in a kitchen	uotakuresu
Something you find in a kitchen	ura
Something you find in a kitchen	uri
Something you find in a kitchen	uroko
Something you find in a kitchen	urokuzu
Something you find in a kitchen	uroncha
Something you find in a kitchen	usagi
Something you find in a kitchen	ushi
Something you find in a kitchen	ushihikiniku
Something you find in a kitchen	ushiminchi
Something you find in a kitchen	usutasha
Something you find in a kitchen	utsubogusa
Something you find in a kitchen	utsuwa
Something you find in a kitchen	uuroncha
Something you find in a kitchen	uusutaashaa
Something you find in a kitchen	uuzo
Something you find in a kitchen	uzo
Something you find in a kitchen	uzura
Something you find in a kitchen	vaioretto
Something you find in a kitchen	vanira
Something you find in a kitchen	verumotto
Something you find in a kitchen	vidoro
Something you find in a kitchen	viidoro
Something you find in a kitchen	vishisowaazu
Something you find in a kitchen	vishisowazu
Something you find in a kitchen	waaheru
Something you find in a kitchen	waakubenchi
Something you find in a kitchen	waakuteeburu
Something you find in a kitchen	waffuru
Something you find in a kitchen	waheru
Something you find in a kitchen	wain
Something you find in a kitchen	waingurasu
Something you find in a kitchen	wairudoraisu
Something you find in a kitchen	wakadori
Something you find in a kitchen	wakamore
Something you find in a kitchen	wakka
Something you find in a kitchen	wakubenchi
Something you find in a kitchen	wakuteburu
Something you find in a kitchen	wan
Something you find in a kitchen	wantan
Something you find in a kitchen	wantsu
Something you find in a kitchen	wantsuu
Something you find in a kitchen	wappuru
Something you find in a kitchen	warishita
Something you find in a kitchen	wasabi
Something you find in a kitchen	wasabidaikon
Something you find in a kitchen	wasake
Something you find in a kitchen	wasanbon
Something you find in a kitchen	wasurenagusa
Something you find in a kitchen	wasurenakusa
Something you find in a kitchen	yaemugura
Something you find in a kitchen	yagi
Something you find in a kitchen	yagyushiba
Something you find in a kitchen	yagyuushiba
Something you find in a kitchen	yakan
Something you find in a kitchen	yakiami
Something you find in a kitchen	yakumi
Something you find in a kitchen	yakuso
Something you find in a kitchen	yakusou
Something you find in a kitchen	yamagobouzoku
Something you find in a kitchen	yamagobozoku
Something you find in a kitchen	yamaimo
Something you find in a kitchen	yamamori
Something you find in a kitchen	yamanoimo
Something you find in a kitchen	yamashi
Something you find in a kitchen	yamazumi
Something you find in a kitchen	yaminonna
Something you find in a kitchen	yaminoonna
Something you find in a kitchen	yaneita
Something you find in a kitchen	yasai
Something you find in a kitchen	yaseiniku
Something you find in a kitchen	yasuke
Something you find in a kitchen	yatarashi
Something you find in a kitchen	yogarashi
Something you find in a kitchen	yogashi
Something you find in a kitchen	yoguruto
Something you find in a kitchen	yoma
Something you find in a kitchen	yonashi
Something you find in a kitchen	yooguruto
Something you find in a kitchen	yosei
Something you find in a kitchen	yougarashi
Something you find in a kitchen	yougashi
Something you find in a kitchen	youma
Something you find in a kitchen	younashi
Something you find in a kitchen	yousei
Something you find in a kitchen	yugama
Something you find in a kitchen	yujo
Something you find in a kitchen	yukinoshita
Something you find in a kitchen	yukun
Something you find in a kitchen	yurui
Something you find in a kitchen	yuujo
Something you find in a kitchen	yuukun
Something you find in a kitchen	yuwakashi
Something you find in a kitchen	zabaiyone
Something you find in a kitchen	zabaiyoone
Something you find in a kitchen	zabon
Something you find in a kitchen	zaideru
Something you find in a kitchen	zaifuriboku
Something you find in a kitchen	zairyo
Something you find in a kitchen	zairyou
Something you find in a kitchen	zakkoku
Something you find in a kitchen	zakuro
Something you find in a kitchen	zanbutsu
Something you find in a kitchen	zarigani
Something you find in a kitchen	zauakurauto
Something you find in a kitchen	zenryukona
Something you find in a kitchen	zenryuukona
Something you find in a kitchen	zensai
Something you find in a kitchen	zerachin
Something you find in a kitchen	zeri
Something you find in a kitchen	zeribinzu
Something you find in a kitchen	zerii
Something you find in a kitchen	zeriibiinzu
Something you find in a kitchen	zomotsu
Something you find in a kitchen	zonbi
Something you find in a kitchen	zonbii
Something you find in a kitchen	zoumotsu
Something you find in a kitchen	zuhan
Something you find in a kitchen	zuhyo
Something you find in a kitchen	zuhyou
Something you find in a kitchen	zukei
Something you find in a kitchen	zukkiini
Something you find in a kitchen	zukkini
Something you find in a kitchen	zushiki
An animal that lives in water	ahiru
An animal that lives in water	ahorootoru
An animal that lives in water	ahorotoru
An animal that lives in water	aigamo
An animal that lives in water	ainame
An animal that lives in water	aji
An animal that lives in water	akaai
An animal that lives in water	akaei
An animal that lives in water	akagaeruka
An animal that lives in water	akai
An animal that lives in water	akamanbo
An animal that lives in water	akamanbou
An animal that lives in water	akame
An animal that lives in water	akamikame
An animal that lives in water	akaumigame
An animal that lives in water	akiaji
An animal that lives in water	anago
An animal that lives in water	anchobi
An animal that lives in water	anchobii
An animal that lives in water	anemone
An animal that lives in water	anko
An animal that lives in water	ankou
An animal that lives in water	aogai
An animal that lives in water	aoikai
An animal that lives in water	aoyagi
An animal that lives in water	aozame
An animal that lives in water	arigeetaa
An animal that lives in water	arigeta
An animal that lives in water	asari
An animal that lives in water	ashika
An animal that lives in water	ashikaamoku
An animal that lives in water	ashikamoku
An animal that lives in water	ashishika
An animal that lives in water	awabi
An animal that lives in water	ayu
An animal that lives in water	baikai
An animal that lives in water	bansairui
An animal that lives in water	basu
An animal that lives in water	beesu
An animal that lives in water	beisu
An animal that lives in water	benerarui
An animal that lives in water	benijake
An animal that lives in water	benizake
An animal that lives in water	bera
An animal that lives in water	besu
An animal that lives in water	biimu
An animal that lives in water	bimu
An animal that lives in water	binnaga
An animal that lives in water	bora
An animal that lives in water	buri
An animal that lives in water	burugiru
An animal that lives in water	buruugiru
An animal that lives in water	chibi
An animal that lives in water	chouzame
An animal that lives in water	chozame
An animal that lives in water	dakku
An animal that lives in water	dangandoro
An animal that lives in water	dangandouro
An animal that lives in water	dendenmushi
An animal that lives in water	dojo
An animal that lives in water	dojou
An animal that lives in water	dorufin
An animal that lives in water	ebi
An animal that lives in water	echiopia
An animal that lives in water	ekusupuresue
An animal that lives in water	ekusupuresuuee
An animal that lives in water	fisshu
An animal that lives in water	fukusokurui
An animal that lives in water	funakuimushi
An animal that lives in water	furiiuee
An animal that lives in water	furiue
An animal that lives in water	furo
An animal that lives in water	fusokurui
An animal that lives in water	fuurou
An animal that lives in water	gakuto
An animal that lives in water	gakutou
An animal that lives in water	gangiei
An animal that lives in water	garantori
An animal that lives in water	ginpo
An animal that lives in water	ginrin
An animal that lives in water	gondokujira
An animal that lives in water	gondoukujira
An animal that lives in water	guppi
An animal that lives in water	guppii
An animal that lives in water	gyozoku
An animal that lives in water	hadokku
An animal that lives in water	haigyo
An animal that lives in water	hakkaibuta
An animal that lives in water	hakofugu
An animal that lives in water	hakucho
An animal that lives in water	hakuchou
An animal that lives in water	hanagondo
An animal that lives in water	hanagondou
An animal that lives in water	hariunagi
An animal that lives in water	hata
An animal that lives in water	haze
An animal that lives in water	hidora
An animal that lives in water	hidoromushirui
An animal that lives in water	himeji
An animal that lives in water	hippo
An animal that lives in water	hirame
An animal that lives in water	hiru
An animal that lives in water	hitode
An animal that lives in water	hizaragai
An animal that lives in water	hobo
An animal that lives in water	hotate
An animal that lives in water	hotatekai
An animal that lives in water	houbou
An animal that lives in water	ichifuki
An animal that lives in water	ika
An animal that lives in water	ikanago
An animal that lives in water	ikkaku
An animal that lives in water	iruka
An animal that lives in water	isaki
An animal that lives in water	ishimochi
An animal that lives in water	isoginchaku
An animal that lives in water	itayakai
An animal that lives in water	itomakiei
An animal that lives in water	iwana
An animal that lives in water	iwashi
An animal that lives in water	jaianto
An animal that lives in water	jugon
An animal that lives in water	kaeru
An animal that lives in water	kai
An animal that lives in water	kaiba
An animal that lives in water	kaiman
An animal that lives in water	kaimen
An animal that lives in water	kaimendobutsu
An animal that lives in water	kaimendoubutsu
An animal that lives in water	kaimenshitsu
An animal that lives in water	kaimentai
An animal that lives in water	kairui
An animal that lives in water	kaisho
An animal that lives in water	kaishou
An animal that lives in water	kajika
An animal that lives in water	kaki
An animal that lives in water	kamasu
An animal that lives in water	kamo
An animal that lives in water	kani
An animal that lives in water	kara
An animal that lives in water	karei
An animal that lives in water	kasuku
An animal that lives in water	katatsumuri
An animal that lives in water	katsuo
An animal that lives in water	katsuonoeboshi
An animal that lives in water	kawahagi
An animal that lives in water	kawauso
An animal that lives in water	keemanshoshima
An animal that lives in water	kemanshoshima
An animal that lives in water	kenmijinko
An animal that lives in water	kihada
An animal that lives in water	kimera
An animal that lives in water	kingusaamon
An animal that lives in water	kingusamon
An animal that lives in water	kingyo
An animal that lives in water	kitai
An animal that lives in water	kobansame
An animal that lives in water	kobanzame
An animal that lives in water	kobo
An animal that lives in water	kochi
An animal that lives in water	koi
An animal that lives in water	koika
An animal that lives in water	kokukujira
An animal that lives in water	koni
An animal that lives in water	konii
An animal that lives in water	kosen
An animal that lives in water	kosoku
An animal that lives in water	kosokudoro
An animal that lives in water	koubou
An animal that lives in water	kouika
An animal that lives in water	kousen
An animal that lives in water	kousoku
An animal that lives in water	kousokudouro
An animal that lives in water	koyasukai
An animal that lives in water	kugui
An animal that lives in water	kujira
An animal that lives in water	kujirame
An animal that lives in water	kurage
An animal that lives in water	kurokodairu
An animal that lives in water	kyojin
An animal that lives in water	kyokan
An animal that lives in water	kyuketsuki
An animal that lives in water	kyuuketsuki
An animal that lives in water	maaji
An animal that lives in water	madomoazeru
An animal that lives in water	madomowazeru
An animal that lives in water	maguro
An animal that lives in water	maimai
An animal that lives in water	maji
An animal that lives in water	makigai
An animal that lives in water	makkokujira
An animal that lives in water	makkoukujira
An animal that lives in water	manatei
An animal that lives in water	manateii
An animal that lives in water	manbo
An animal that lives in water	manbou
An animal that lives in water	masu
An animal that lives in water	masunosuke
An animal that lives in water	mebaru
An animal that lives in water	medaka
An animal that lives in water	medeyusa
An animal that lives in water	medeyuusa
An animal that lives in water	mekajiki
An animal that lives in water	menuke
An animal that lives in water	merurusa
An animal that lives in water	meruruusa
An animal that lives in water	mijinko
An animal that lives in water	minokasago
An animal that lives in water	mishimaokoze
An animal that lives in water	moroko
An animal that lives in water	murukai
An animal that lives in water	mutsugoro
An animal that lives in water	mutsugorou
An animal that lives in water	muurukai
An animal that lives in water	nadoashime
An animal that lives in water	nagasukujira
An animal that lives in water	namako
An animal that lives in water	namazu
An animal that lives in water	namekuji
An animal that lives in water	nantaidobutsu
An animal that lives in water	nantaidoubutsu
An animal that lives in water	nezumiiruka
An animal that lives in water	nezumiruka
An animal that lives in water	nezuppo
An animal that lives in water	nimaikai
An animal that lives in water	nishin
An animal that lives in water	nokogiriei
An animal that lives in water	oguchibasu
An animal that lives in water	oirimichi
An animal that lives in water	okiami
An animal that lives in water	omugai
An animal that lives in water	omukai
An animal that lives in water	onagazame
An animal that lives in water	oniitomakiei
An animal that lives in water	onitomakiei
An animal that lives in water	onogai
An animal that lives in water	ooguchibasu
An animal that lives in water	ooirimichi
An animal that lives in water	oonogai
An animal that lives in water	oootoko
An animal that lives in water	ootoko
An animal that lives in water	otamajakushi
An animal that lives in water	otamashakushi
An animal that lives in water	oumugai
An animal that lives in water	oumukai
An animal that lives in water	paachi
An animal that lives in water	pachi
An animal that lives in water	pengin
An animal that lives in water	perikan
An animal that lives in water	pirania
An animal that lives in water	ponpon
An animal that lives in water	poriipu
An animal that lives in water	poripu
An animal that lives in water	purankuton
An animal that lives in water	puranura
An animal that lives in water	raajimausubasu
An animal that lives in water	rajimausubasu
An animal that lives in water	raku
An animal that lives in water	ranna
An animal that lives in water	rannaa
An animal that lives in water	robusuta
An animal that lives in water	robusutaa
An animal that lives in water	rotte
An animal that lives in water	saadin
An animal that lives in water	saajin
An animal that lives in water	saamon
An animal that lives in water	saba
An animal that lives in water	sadin
An animal that lives in water	sajin
An animal that lives in water	sakana
An animal that lives in water	sake
An animal that lives in water	same
An animal that lives in water	samon
An animal that lives in water	sango
An animal that lives in water	sanma
An animal that lives in water	saya
An animal that lives in water	seiuchi
An animal that lives in water	shachi
An animal that lives in water	shaddo
An animal that lives in water	shake
An animal that lives in water	shako
An animal that lives in water	shibireei
An animal that lives in water	shibirei
An animal that lives in water	shiirakansu
An animal that lives in water	shiiru
An animal that lives in water	shikuriddo
An animal that lives in water	shirakansu
An animal that lives in water	shiru
An animal that lives in water	shumokusame
An animal that lives in water	shumokuzame
An animal that lives in water	shurinpu
An animal that lives in water	sodoteru
An animal that lives in water	soko
An animal that lives in water	sokouo
An animal that lives in water	soodoteeru
An animal that lives in water	sukarappu
An animal that lives in water	sukaroppu
An animal that lives in water	suketotara
An animal that lives in water	suketoutara
An animal that lives in water	sumeruto
An animal that lives in water	supahaiue
An animal that lives in water	suponji
An animal that lives in water	suupaahaiuee
An animal that lives in water	suwan
An animal that lives in water	taatorunekku
An animal that lives in water	tai
An animal that lives in water	taimai
An animal that lives in water	takaragai
An animal that lives in water	tako
An animal that lives in water	tankyakurui
An animal that lives in water	tara
An animal that lives in water	tatorunekku
An animal that lives in water	teion
An animal that lives in water	teionbu
An animal that lives in water	tenagaebi
An animal that lives in water	teppouo
An animal that lives in water	teppouuo
An animal that lives in water	tetora
An animal that lives in water	tobihaze
An animal that lives in water	togeuo
An animal that lives in water	tokobushi
An animal that lives in water	tomariki
An animal that lives in water	tosokurui
An animal that lives in water	toto
An animal that lives in water	tousokurui
An animal that lives in water	tsuna
An animal that lives in water	tsuruashirui
An animal that lives in water	umigameka
An animal that lives in water	umihebi
An animal that lives in water	umiogi
An animal that lives in water	umiougi
An animal that lives in water	umitanago
An animal that lives in water	umiushi
An animal that lives in water	umiyuri
An animal that lives in water	unagi
An animal that lives in water	uragawa
An animal that lives in water	uroko
An animal that lives in water	urokuzu
An animal that lives in water	ushigaeru
An animal that lives in water	utsubo
An animal that lives in water	wafu
An animal that lives in water	wafuu
An animal that lives in water	warajimushi
An animal that lives in water	yojiuo
An animal that lives in water	youjiuo
An animal that lives in water	yugyo
An animal that lives in water	yuugyo
An animal that lives in water	zarigani
An animal that lives in water	zatokujira
An animal that lives in water	zatoukujira
Something you wear	aagairusokkusu
Something you wear	afugan
Something you wear	agairusokkusu
Something you wear	aimasuku
Something you wear	aironkake
Something you wear	akuse
Something you wear	akusesari
Something you wear	akusesarii
Something you wear	alb
Something you wear	amagi
Something you wear	amekappa
Something you wear	andaashatsu
Something you wear	andaauea
Something you wear	andashatsu
Something you wear	andauea
Something you wear	ankuretto
Something you wear	anorakku
Something you wear	ansanburu
Something you wear	aoiao
Something you wear	apareru
Something you wear	asukottotai
Something you wear	atamawoomono
Something you wear	atamawoooumono
Something you wear	atsuhari
Something you wear	atsujinogaito
Something you wear	atsujinogaitou
Something you wear	autaauea
Something you wear	autauea
Something you wear	baggu
Something you wear	bakkan
Something you wear	bakkanbo
Something you wear	bakkanboshi
Something you wear	bakkanbou
Something you wear	bakkanboushi
Something you wear	bakkupakku
Something you wear	bandana
Something you wear	bando
Something you wear	basurobu
Something you wear	basuroobu
Something you wear	bebe
Something you wear	beeru
Something you wear	beru
Something you wear	beruto
Something you wear	besuto
Something you wear	bichiuea
Something you wear	biichiuea
Something you wear	biizu
Something you wear	bikini
Something you wear	bishiche
Something you wear	bizu
Something you wear	boa
Something you wear	bobiisokkusu
Something you wear	bobisokkusu
Something you wear	bodisu
Something you wear	bonetto
Something you wear	bonnetto
Something you wear	booraa
Something you wear	booraahatto
Something you wear	bootai
Something you wear	bora
Something you wear	borahatto
Something you wear	borero
Something you wear	boshi
Something you wear	bosui
Something you wear	botai
Something you wear	bou
Something you wear	bouraa
Something you wear	bouraahatto
Something you wear	boushi
Something you wear	bousui
Something you wear	bura
Something you wear	buraja
Something you wear	burajaa
Something you wear	burakkutai
Something you wear	burausu
Something you wear	buresuretto
Something you wear	bureza
Something you wear	burezaa
Something you wear	burezaakooto
Something you wear	burezakoto
Something you wear	burochi
Something you wear	buroochi
Something you wear	buruma
Something you wear	burumaa
Something you wear	burumasu
Something you wear	buruumaa
Something you wear	buruumaasu
Something you wear	buruzon
Something you wear	butaiishou
Something you wear	butaisho
Something you wear	butsu
Something you wear	buutsu
Something you wear	chaadoru
Something you wear	chadoru
Something you wear	chakui
Something you wear	chikuchibashi
Something you wear	choka
Something you wear	chokki
Something you wear	chookaa
Something you wear	chuchu
Something you wear	chunikku
Something you wear	chutai
Something you wear	chuutai
Something you wear	daabii
Something you wear	daabiihatto
Something you wear	dabi
Something you wear	dabihatto
Something you wear	daia
Something you wear	daiamondo
Something you wear	daiya
Something you wear	daiyamondo
Something you wear	danyakuobi
Something you wear	deandoru
Something you wear	denimu
Something you wear	detachi
Something you wear	dinaadoresu
Something you wear	dinaajaketto
Something you wear	dinadoresu
Something you wear	dinajaketto
Something you wear	dojime
Something you wear	dojimeme
Something you wear	dokutsugi
Something you wear	dokuutsugi
Something you wear	domino
Something you wear	doresu
Something you wear	doruman
Something you wear	doujime
Something you wear	doujimeme
Something you wear	emerarudo
Something you wear	emon
Something you wear	enbifuku
Something you wear	epuron
Something you wear	erikan
Something you wear	erimaki
Something you wear	erimakiki
Something you wear	etchufundoshi
Something you wear	etchuufundoshi
Something you wear	fedoora
Something you wear	fedora
Something you wear	ferutobo
Something you wear	ferutobou
Something you wear	fin
Something you wear	fudo
Something you wear	fujinbo
Something you wear	fujinbou
Something you wear	fuku
Something you wear	fukumen
Something you wear	fukuro
Something you wear	fukuso
Something you wear	fukusou
Something you wear	furattoshuuzu
Something you wear	furattoshuzu
Something you wear	furokku
Something you wear	fuudo
Something you wear	gaadoru
Something you wear	gadoru
Something you wear	gai
Something you wear	gaii
Something you wear	gaimaku
Something you wear	gaito
Something you wear	gaitou
Something you wear	garosshu
Something you wear	gasumasuku
Something you wear	gaun
Something you wear	geetoru
Something you wear	gesoku
Something you wear	geta
Something you wear	getoru
Something you wear	goguru
Something you wear	googuru
Something you wear	gurabu
Something you wear	guravu
Something you wear	gurobu
Something you wear	guroobu
Something you wear	guroovu
Something you wear	gurovu
Something you wear	gyoi
Something you wear	haafubuutsu
Something you wear	haafupantsu
Something you wear	haapan
Something you wear	hadachaku
Something you wear	hadagi
Something you wear	hadatsuke
Something you wear	hadatsukeki
Something you wear	hadatsuki
Something you wear	hafubutsu
Something you wear	hafupantsu
Something you wear	haibimono
Something you wear	haino
Something you wear	hainou
Something you wear	hakimono
Something you wear	handobaggu
Something you wear	handobakku
Something you wear	hantaakeesu
Something you wear	hantaatokei
Something you wear	hantakesu
Something you wear	hantatokei
Something you wear	hanzubon
Something you wear	hapan
Something you wear	hatto
Something you wear	heabando
Something you wear	heapiisu
Something you wear	heapisu
Something you wear	heddobando
Something you wear	henso
Something you wear	hensou
Something you wear	herumetto
Something you wear	hifu
Something you wear	hifuku
Something you wear	hiiru
Something you wear	hikasa
Something you wear	himaku
Something you wear	hiru
Something you wear	hitoriuranai
Something you wear	hizakake
Something you wear	hizakakeke
Something you wear	hizaragai
Something you wear	honburugubo
Something you wear	honburugubou
Something you wear	horusuta
Something you wear	horusutaa
Something you wear	hoseki
Something you wear	hoshokuhin
Something you wear	hoshu
Something you wear	houseki
Something you wear	houshokuhin
Something you wear	houshu
Something you wear	howaitotai
Something you wear	idetachi
Something you wear	ifuku
Something you wear	inna
Something you wear	innaa
Something you wear	inro
Something you wear	inrou
Something you wear	ireke
Something you wear	irui
Something you wear	iryo
Something you wear	iryou
Something you wear	isho
Something you wear	ishou
Something you wear	jaaji
Something you wear	jaajii
Something you wear	jaajiishima
Something you wear	jaji
Something you wear	jajishima
Something you wear	jaketsu
Something you wear	jaketto
Something you wear	janba
Something you wear	janbaa
Something you wear	janpa
Something you wear	janpaa
Something you wear	janpusutsu
Something you wear	janpusuutsu
Something you wear	jiinzu
Something you wear	jinzu
Something you wear	jire
Something you wear	jiree
Something you wear	jobafuku
Something you wear	jodopuru
Something you wear	joppaazu
Something you wear	joppazu
Something you wear	joubafuku
Something you wear	juban
Something you wear	jueri
Something you wear	juerii
Something you wear	kaadigan
Something you wear	kaban
Something you wear	kaburikasa
Something you wear	kabuto
Something you wear	kadigan
Something you wear	kafusubotan
Something you wear	kafusurinku
Something you wear	kahatsu
Something you wear	kairi
Something you wear	kaisuichaku
Something you wear	kakato
Something you wear	kakubo
Something you wear	kakubou
Something you wear	kakusode
Something you wear	kakuterudoresu
Something you wear	kamen
Something you wear	kamiisu
Something you wear	kamisu
Something you wear	kan
Something you wear	kanakabuto
Something you wear	kankanbo
Something you wear	kankanbou
Something you wear	kappa
Something you wear	kasa
Something you wear	kaso
Something you wear	kasou
Something you wear	katakake
Something you wear	katakakeke
Something you wear	katsura
Something you wear	kattaue
Something you wear	kattauee
Something you wear	keepu
Something you wear	kegawa
Something you wear	keishokuri
Something you wear	keitaitokei
Something you wear	kenkokotsu
Something you wear	kenkoukotsu
Something you wear	kepibo
Something you wear	kepibou
Something you wear	kepu
Something you wear	kesa
Something you wear	keshochaku
Something you wear	keshouchaku
Something you wear	kigae
Something you wear	kimono
Something you wear	kirimono
Something you wear	kirui
Something you wear	kiruto
Something you wear	kiseki
Something you wear	komurikasa
Something you wear	komurimono
Something you wear	kongoseki
Something you wear	kongouseki
Something you wear	kooto
Something you wear	koromo
Something you wear	korusetto
Something you wear	koryoku
Something you wear	koshimaki
Something you wear	koshinuno
Something you wear	koshiobi
Something you wear	koshirae
Something you wear	kosuchumu
Something you wear	kosuchuumu
Something you wear	koto
Something you wear	koumurikasa
Something you wear	koumurimono
Something you wear	kouryoku
Something you wear	kubikan
Something you wear	kubikazari
Something you wear	kubimaki
Something you wear	kubimakiki
Something you wear	kubishoku
Something you wear	kubiwa
Something you wear	kuraun
Something you wear	kurinorin
Something you wear	kuromekagami
Something you wear	kutsu
Something you wear	kutsushita
Something you wear	kyamisooru
Something you wear	kyamisoru
Something you wear	kyappu
Something you wear	kyogu
Something you wear	kyouguu
Something you wear	kyurotto
Something you wear	madowaku
Something you wear	maedare
Something you wear	maedarere
Something you wear	maekake
Something you wear	maekakeke
Something you wear	mafu
Something you wear	mafura
Something you wear	mafuraa
Something you wear	makishi
Something you wear	manto
Something you wear	masuku
Something you wear	medashibo
Something you wear	medashibou
Something you wear	megane
Something you wear	men
Something you wear	mengata
Something you wear	meriyasu
Something you wear	meshikae
Something you wear	metto
Something you wear	midi
Something you wear	migoro
Something you wear	mini
Something you wear	minku
Something you wear	minkunokooto
Something you wear	minkunokoto
Something you wear	misaki
Something you wear	miton
Something you wear	mitto
Something you wear	mizugi
Something you wear	mobukyappu
Something you wear	mofuku
Something you wear	mokashin
Something you wear	mokashon
Something you wear	moningu
Something you wear	mooningu
Something you wear	mufutei
Something you wear	mufuteii
Something you wear	mugiwara
Something you wear	mugiwarabo
Something you wear	mugiwaraboshi
Something you wear	mugiwarabou
Something you wear	mugiwaraboushi
Something you wear	mumu
Something you wear	munekazariri
Something you wear	muumuu
Something you wear	myuru
Something you wear	myuuru
Something you wear	naitei
Something you wear	naiteii
Something you wear	naitodoresu
Something you wear	naitoea
Something you wear	naitokyappu
Something you wear	naitoshatsu
Something you wear	naitouea
Something you wear	nakaore
Something you wear	nakaorebo
Something you wear	nakaoreboshi
Something you wear	nakaorebou
Something you wear	nakaoreboushi
Something you wear	nakaorere
Something you wear	nakaorerebo
Something you wear	nakaorerebou
Something you wear	nappusakku
Something you wear	nappuzakku
Something you wear	natsuboko
Something you wear	natsubouko
Something you wear	negurijie
Something you wear	nekkachifu
Something you wear	nekkachiifu
Something you wear	nekkuresu
Something you wear	nekutai
Something you wear	nekutaipin
Something you wear	nemaki
Something you wear	nemakiki
Something you wear	nikakuboko
Something you wear	nikakubouko
Something you wear	nikka
Something you wear	nikkaa
Something you wear	nikkaabokka
Something you wear	nikkaabokkaa
Something you wear	nikkaabokkaazu
Something you wear	nikkaazu
Something you wear	nikkabokka
Something you wear	nikkabokkazu
Something you wear	nikkazu
Something you wear	nittoea
Something you wear	nittouea
Something you wear	nou
Something you wear	nyujaji
Something you wear	nyuujaajii
Something you wear	oba
Something you wear	obakoto
Something you wear	obaoru
Something you wear	obashuzu
Something you wear	obebe
Something you wear	obi
Something you wear	obikawa
Something you wear	obimono
Something you wear	oikawa
Something you wear	oirusukin
Something you wear	okan
Something you wear	omakizaru
Something you wear	omeshi
Something you wear	omeshimono
Something you wear	omotegi
Something you wear	omutsu
Something you wear	ooba
Something you wear	oobaa
Something you wear	oobaakooto
Something you wear	oobaaooru
Something you wear	oobaashuuzu
Something you wear	oobakooto
Something you wear	ooshime
Something you wear	operahatto
Something you wear	oshime
Something you wear	osho
Something you wear	oshou
Something you wear	osui
Something you wear	oukan
Something you wear	paaka
Something you wear	pajama
Something you wear	paka
Something you wear	panamabo
Something you wear	panamabou
Something you wear	panpusu
Something you wear	pansuto
Something you wear	pantei
Something you wear	panteii
Something you wear	pantsu
Something you wear	pechikooto
Something you wear	pechikoto
Something you wear	pendanto
Something you wear	peteikooto
Something you wear	peteikoto
Something you wear	piijaketto
Something you wear	pijaketto
Something you wear	pin
Something you wear	pokubonnetto
Something you wear	poncho
Something you wear	pookubonnetto
Something you wear	poroneezu
Something you wear	poronezu
Something you wear	puruoba
Something you wear	puruoobaa
Something you wear	raguran
Something you wear	ranjieri
Something you wear	ranjierii
Something you wear	reenkooto
Something you wear	reinkooto
Something you wear	reinkoto
Something you wear	renkoto
Something you wear	reotaado
Something you wear	reotado
Something you wear	ribaashiburu
Something you wear	ribashiburu
Something you wear	rikkusakku
Something you wear	ringu
Something you wear	risutobando
Something you wear	risutotchi
Something you wear	risutouotchi
Something you wear	robu
Something you wear	rodokutsu
Something you wear	roketto
Something you wear	roobu
Something you wear	roudoukutsu
Something you wear	rubi
Something you wear	rubii
Something you wear	rukkusakku
Something you wear	rukkuzakku
Something you wear	ruputai
Something you wear	ruuputai
Something you wear	ryobutatokei
Something you wear	ryoubutatokei
Something you wear	ryukku
Something you wear	ryukkusakku
Something you wear	saakooto
Something you wear	saapurisu
Something you wear	sabo
Something you wear	saburyukku
Something you wear	safaiya
Something you wear	sagoromo
Something you wear	sagyogi
Something you wear	sagyougi
Something you wear	saki
Something you wear	sakoto
Something you wear	sanbonnetto
Something you wear	sanchuru
Something you wear	sanchuuru
Something you wear	sandaru
Something you wear	sandoresu
Something you wear	sangurasu
Something you wear	sanjaku
Something you wear	sanjakuobi
Something you wear	sankakuboshi
Something you wear	sankakuboushi
Something you wear	sansutsu
Something you wear	sansuutsu
Something you wear	sapootaa
Something you wear	sapota
Something you wear	sapurisu
Something you wear	sari
Something you wear	sarii
Something you wear	saron
Something you wear	saropetto
Something you wear	sarumata
Something you wear	sarumatahiki
Something you wear	sarumomohikiki
Something you wear	sasshi
Something you wear	sasupenda
Something you wear	sasupendaa
Something you wear	sebiro
Something you wear	seeta
Something you wear	seetaa
Something you wear	seifuku
Something you wear	seiso
Something you wear	seisou
Something you wear	seta
Something you wear	shakobo
Something you wear	shakoobou
Something you wear	shapo
Something you wear	shapoo
Something you wear	shappo
Something you wear	shappoo
Something you wear	share
Something you wear	shatsu
Something you wear	shatsuburausu
Something you wear	shiisu
Something you wear	shinju
Something you wear	shirukuhatto
Something you wear	shisu
Something you wear	shitabaki
Something you wear	shitabakiki
Something you wear	shitagi
Something you wear	shitagirui
Something you wear	shitahimo
Something you wear	shokae
Something you wear	shooru
Something you wear	shootopantsu
Something you wear	shootsu
Something you wear	shoru
Something you wear	shotopantsu
Something you wear	shotsu
Something you wear	shoukae
Something you wear	shouzoku
Something you wear	shozoku
Something you wear	shu
Something you wear	shugyoku
Something you wear	shujutsukoromo
Something you wear	shukan
Something you wear	shukanki
Something you wear	shukyokan
Something you wear	shukyoukan
Something you wear	shumiizu
Something you wear	shumizu
Something you wear	shuu
Something you wear	sodeguchi
Something you wear	sofuto
Something you wear	sofutobo
Something you wear	sofutobou
Something you wear	sogu
Something you wear	sokkusu
Something you wear	son
Something you wear	sonburero
Something you wear	soshingu
Something you wear	sou
Something you wear	sougu
Something you wear	soushingu
Something you wear	sueetaa
Something you wear	sueta
Something you wear	suettoshatsu
Something you wear	suettosutsu
Something you wear	suettosuutsu
Something you wear	suieichaku
Something you wear	suimusutsu
Something you wear	suimusuutsu
Something you wear	sukaafu
Something you wear	sukaato
Something you wear	sukafu
Something you wear	sukato
Something you wear	sukooto
Something you wear	sukoto
Something you wear	sumokku
Something you wear	suniikaa
Something you wear	sunika
Something you wear	sunoosuutsu
Something you wear	sunosutsu
Something you wear	supeesusuutsu
Something you wear	supesusutsu
Something you wear	supootsuuea
Something you wear	supotsuea
Something you wear	surakkusu
Something you wear	surippa
Something you wear	surippu
Something you wear	susonozoke
Something you wear	sutan
Something you wear	sutokkingu
Something you wear	sutooru
Something you wear	sutorohatto
Something you wear	sutoroohatto
Something you wear	sutoru
Something you wear	sutsu
Something you wear	suueeta
Something you wear	suueetaa
Something you wear	suuettoshatsu
Something you wear	suuettosuutsu
Something you wear	suuimusuutsu
Something you wear	suutan
Something you wear	suutsu
Something you wear	taaban
Something you wear	taatorunekku
Something you wear	taban
Something you wear	tachiba
Something you wear	tai
Something you wear	taipin
Something you wear	taitsu
Something you wear	takaradama
Something you wear	takishido
Something you wear	takishiido
Something you wear	tama
Something you wear	tanpan
Something you wear	tatorunekku
Something you wear	tatsunamiso
Something you wear	tatsunamisou
Something you wear	tebukuro
Something you wear	tedi
Something you wear	tedii
Something you wear	teiara
Something you wear	teiishatsu
Something you wear	teikan
Something you wear	teishatsu
Something you wear	tetsubo
Something you wear	tetsubou
Something you wear	tetsukabuto
Something you wear	toga
Something you wear	toku
Something you wear	tooga
Something you wear	tooku
Something you wear	toppa
Something you wear	toppaa
Something you wear	toppu
Something you wear	toppuhatto
Something you wear	toppukooto
Something you wear	toppukoto
Something you wear	torankusu
Something you wear	toreenaa
Something you wear	toreina
Something you wear	toreinaa
Something you wear	torena
Something you wear	toriuchichibo
Something you wear	toriuchichibou
Something you wear	torukobo
Something you wear	torukobou
Something you wear	tshatsu
Something you wear	tsuido
Something you wear	tsuiido
Something you wear	tsukekami
Something you wear	udedokei
Something you wear	udewa
Something you wear	uea
Something you wear	uehari
Something you wear	uerinton
Something you wear	uindobureekaa
Something you wear	uindobureka
Something you wear	umipan
Something you wear	uootaapuruufu
Something you wear	uotapurufu
Something you wear	uotchi
Something you wear	uwagi
Something you wear	veeru
Something you wear	veiru
Something you wear	veru
Something you wear	waakushuuzu
Something you wear	waishatsu
Something you wear	wakushuzu
Something you wear	wanpiisu
Something you wear	wanpisu
Something you wear	yakke
Something you wear	yamataka
Something you wear	yamatakaboko
Something you wear	yamatakabouko
Something you wear	yofuku
Something you wear	yojiri
Something you wear	yomeiridogu
Something you wear	yomeiridougu
Something you wear	yosoi
Something you wear	yosooi
Something you wear	youfuku
Something you wear	yshatsu
Something you wear	yubiwa
Something you wear	yunifomu
Something you wear	yunifoomu
Something you wear	yunihomu
Something you wear	yunihoomu
Something you wear	zakku
Something you wear	zubonshita
Something you wear	zubontsuri
Something you wear	zukku
A part of the body	aamu
A part of the body	abara
A part of the body	abarahone
A part of the body	abarakin
A part of the body	abumikotsu
A part of the body	adenoido
A part of the body	ago
A part of the body	agobone
A part of the body	agodomyaku
A part of the body	agodoumyaku
A part of the body	agohige
A part of the body	agoshitasen
A part of the body	aiburo
A part of the body	aiburoo
A part of the body	aiburou
A part of the body	airisu
A part of the body	akagai
A part of the body	akukobushi
A part of the body	akurosomu
A part of the body	akurosoomu
A part of the body	amerikan
A part of the body	amu
A part of the body	ana
A part of the body	anbu
A part of the body	antena
A part of the body	anusu
A part of the body	anyo
A part of the body	aosuji
A part of the body	apendikkusu
A part of the body	apendikusu
A part of the body	apokurinsen
A part of the body	are
A part of the body	ashi
A part of the body	ashihone
A part of the body	ashikansetsu
A part of the body	ashikubi
A part of the body	ashinoyubi
A part of the body	ashisoko
A part of the body	ashiyubi
A part of the body	asutoroguria
A part of the body	atama
A part of the body	atamaro
A part of the body	atamatsuki
A part of the body	ateromu
A part of the body	ateroomu
A part of the body	atoashi
A part of the body	atozan
A part of the body	atozukeke
A part of the body	atsujuyoki
A part of the body	atsujuyouki
A part of the body	atsushikawa
A part of the body	atten
A part of the body	ayame
A part of the body	badi
A part of the body	badii
A part of the body	bagina
A part of the body	bakkubon
A part of the body	bakkuboon
A part of the body	bani
A part of the body	banime
A part of the body	baransa
A part of the body	barutorinsen
A part of the body	basuto
A part of the body	ben
A part of the body	benmo
A part of the body	benmou
A part of the body	benpatsu
A part of the body	bero
A part of the body	biko
A part of the body	bikotsu
A part of the body	bikou
A part of the body	bin
A part of the body	birodoke
A part of the body	biroodoke
A part of the body	bishokan
A part of the body	bishoukan
A part of the body	biteikotsu
A part of the body	biu
A part of the body	bobo
A part of the body	bobu
A part of the body	bodaibu
A part of the body	bode
A part of the body	bodee
A part of the body	bodei
A part of the body	bodi
A part of the body	bodii
A part of the body	boko
A part of the body	bonsatsu
A part of the body	boshi
A part of the body	boshitsusoku
A part of the body	botai
A part of the body	botomu
A part of the body	boudaibu
A part of the body	boukou
A part of the body	boushitsusoku
A part of the body	budomaku
A part of the body	budoumaku
A part of the body	bureen
A part of the body	bureguma
A part of the body	bureido
A part of the body	burein
A part of the body	buren
A part of the body	buresuto
A part of the body	burokachusu
A part of the body	burookachuusuu
A part of the body	butsuji
A part of the body	chaneru
A part of the body	chesuto
A part of the body	chi
A part of the body	chibusa
A part of the body	chichi
A part of the body	chichibusa
A part of the body	chijirekami
A part of the body	chijireke
A part of the body	chikakushinkei
A part of the body	chikotsu
A part of the body	chikubi
A part of the body	chikyu
A part of the body	chikyuu
A part of the body	chimame
A part of the body	chimichi
A part of the body	chimo
A part of the body	chimou
A part of the body	chin
A part of the body	chinchin
A part of the body	chishio
A part of the body	chitsu
A part of the body	cho
A part of the body	chohone
A part of the body	chokakukei
A part of the body	chokakuno
A part of the body	chokanmaku
A part of the body	chokeihone
A part of the body	chokotsu
A part of the body	chokucho
A part of the body	chokuchou
A part of the body	chokukin
A part of the body	chonkikan
A part of the body	choppu
A part of the body	chotsugai
A part of the body	chou
A part of the body	chouhone
A part of the body	choukakukei
A part of the body	choukakuno
A part of the body	choukanmaku
A part of the body	choukeihone
A part of the body	choukotsu
A part of the body	chouonkikan
A part of the body	choutsugai
A part of the body	choutsugaii
A part of the body	chudensuji
A part of the body	chuhi
A part of the body	chuingamu
A part of the body	chuji
A part of the body	chukaimono
A part of the body	chuno
A part of the body	chunosuido
A part of the body	chusei
A part of the body	chushinka
A part of the body	chushinkokai
A part of the body	chushinmizo
A part of the body	chushinzenkai
A part of the body	chusu
A part of the body	chusui
A part of the body	chuudensuji
A part of the body	chuuhi
A part of the body	chuuingamu
A part of the body	chuuji
A part of the body	chuukaimono
A part of the body	chuunou
A part of the body	chuunousuidou
A part of the body	chuusei
A part of the body	chuushinka
A part of the body	chuushinkoukai
A part of the body	chuushinmizo
A part of the body	chuushinzenkai
A part of the body	chuusui
A part of the body	chuusuu
A part of the body	cns
A part of the body	daekisen
A part of the body	daekisenkan
A part of the body	daicho
A part of the body	daichou
A part of the body	daidomyaku
A part of the body	daidomyakuben
A part of the body	daidoumyaku
A part of the body	daidoumyakuben
A part of the body	daiinshin
A part of the body	daijomyaku
A part of the body	daijoumyaku
A part of the body	daikyosuji
A part of the body	daikyousuji
A part of the body	daikyushi
A part of the body	daikyuushi
A part of the body	daino
A part of the body	dainoashi
A part of the body	dainodomyaku
A part of the body	dainohankyu
A part of the body	dainohishitsu
A part of the body	dainou
A part of the body	dainouashi
A part of the body	dainoudoumyaku
A part of the body	dainouhankyuu
A part of the body	dainouhishitsu
A part of the body	dainshin
A part of the body	daishi
A part of the body	daitai
A part of the body	daitaidomyaku
A part of the body	daitaidoumyaku
A part of the body	daitaikotsu
A part of the body	daitaishinkei
A part of the body	dankon
A part of the body	danrin
A part of the body	danseisoshiki
A part of the body	datsurakumaku
A part of the body	demado
A part of the body	den
A part of the body	denbu
A part of the body	denkin
A part of the body	deppa
A part of the body	dobu
A part of the body	dobutsunoashi
A part of the body	dobutsunokao
A part of the body	doganshinkei
A part of the body	dogentai
A part of the body	dokan
A part of the body	dokuga
A part of the body	dokuro
A part of the body	domawari
A part of the body	domyaku
A part of the body	domyakukan
A part of the body	donaka
A part of the body	donketsu
A part of the body	dotai
A part of the body	dotehara
A part of the body	dotetsuhara
A part of the body	dou
A part of the body	doubu
A part of the body	doubutsunoashi
A part of the body	doubutsunokao
A part of the body	douganshinkei
A part of the body	dougentai
A part of the body	doukan
A part of the body	doumawari
A part of the body	doumyaku
A part of the body	doumyakukan
A part of the body	dounaka
A part of the body	doutai
A part of the body	edazuno
A part of the body	een
A part of the body	eennankotsu
A part of the body	eikyushi
A part of the body	eikyuushi
A part of the body	ein
A part of the body	eiyomeso
A part of the body	eiyoumesou
A part of the body	ekika
A part of the body	ekurinsen
A part of the body	ena
A part of the body	ennankotsu
A part of the body	enzui
A part of the body	era
A part of the body	erimakishigi
A part of the body	erubo
A part of the body	eruboo
A part of the body	esabukuro
A part of the body	feesu
A part of the body	feisu
A part of the body	fesu
A part of the body	ficha
A part of the body	fichua
A part of the body	fiicha
A part of the body	fiichaa
A part of the body	fiichua
A part of the body	fin
A part of the body	finga
A part of the body	fingaa
A part of the body	fingaaueebu
A part of the body	fingauebu
A part of the body	fisshubon
A part of the body	fisshuboon
A part of the body	fuki
A part of the body	fukinagashi
A part of the body	fukkin
A part of the body	fukko
A part of the body	fukkodomyaku
A part of the body	fukkou
A part of the body	fukkoudoumyaku
A part of the body	fukubiko
A part of the body	fukubikou
A part of the body	fukubu
A part of the body	fukugan
A part of the body	fukuhanabusa
A part of the body	fukujin
A part of the body	fukukojosen
A part of the body	fukukoujousen
A part of the body	fukumaku
A part of the body	fukurahagi
A part of the body	fukuro
A part of the body	fukushinkei
A part of the body	fun
A part of the body	funmon
A part of the body	furoku
A part of the body	furuihone
A part of the body	fushi
A part of the body	futa
A part of the body	futokoro
A part of the body	futomomo
A part of the body	futoppara
A part of the body	fuzokushi
A part of the body	fuzuiisuji
A part of the body	fuzuisuji
A part of the body	gaibunhisen
A part of the body	gaihi
A part of the body	gaihikei
A part of the body	gaiin
A part of the body	gaiji
A part of the body	gaijido
A part of the body	gaijidou
A part of the body	gaikotsukaku
A part of the body	gaimaku
A part of the body	gain
A part of the body	gaitenshinkei
A part of the body	gaitensuji
A part of the body	gakkaku
A part of the body	gaku
A part of the body	gakukansetsu
A part of the body	gakusei
A part of the body	gakuto
A part of the body	gamu
A part of the body	ganka
A part of the body	ganken
A part of the body	gankubi
A part of the body	gankyu
A part of the body	gankyuu
A part of the body	ganmenshinkei
A part of the body	ganmensuji
A part of the body	ganpai
A part of the body	garasunankotsu
A part of the body	gatsujohone
A part of the body	gatsujouhone
A part of the body	gawanoshitsu
A part of the body	gawanoushitsu
A part of the body	gejikisuji
A part of the body	gencho
A part of the body	genchou
A part of the body	genki
A part of the body	genkikonseki
A part of the body	genko
A part of the body	genkotsu
A part of the body	giara
A part of the body	giashi
A part of the body	gisoku
A part of the body	gobo
A part of the body	gobou
A part of the body	gomo
A part of the body	gorujikarada
A part of the body	goumou
A part of the body	gozoroppu
A part of the body	gozouroppu
A part of the body	gurajiorasu
A part of the body	guu
A part of the body	haato
A part of the body	hachi
A part of the body	hada
A part of the body	hagai
A part of the body	hagaii
A part of the body	hagime
A part of the body	haguki
A part of the body	hai
A part of the body	haiban
A part of the body	haibanhakaso
A part of the body	haibanhakasou
A part of the body	haibu
A part of the body	haidomyaku
A part of the body	haidomyakuben
A part of the body	haidoumyaku
A part of the body	haidoumyakuben
A part of the body	haiho
A part of the body	haihou
A part of the body	haijomyaku
A part of the body	haijoumyaku
A part of the body	haisetsukikan
A part of the body	haita
A part of the body	haiyo
A part of the body	haiyou
A part of the body	haizo
A part of the body	haizou
A part of the body	hakushitsu
A part of the body	hame
A part of the body	hamoto
A part of the body	hana
A part of the body	hanakabutosuke
A part of the body	hananamidakan
A part of the body	hanashobu
A part of the body	hanashoubu
A part of the body	hanazura
A part of the body	handan
A part of the body	hando
A part of the body	hane
A part of the body	haneben
A part of the body	hanegara
A part of the body	hankikan
A part of the body	hankonsoshiki
A part of the body	hankyu
A part of the body	hankyuu
A part of the body	hanma
A part of the body	hanmaa
A part of the body	hanro
A part of the body	hanshayumi
A part of the body	hantomaku
A part of the body	hantoumaku
A part of the body	hantsuki
A part of the body	hantsukiben
A part of the body	hara
A part of the body	harabire
A part of the body	haraguchi
A part of the body	haranaihaiyo
A part of the body	haranaihaiyou
A part of the body	harashi
A part of the body	harayokosuji
A part of the body	hasami
A part of the body	hasetten
A part of the body	hashi
A part of the body	hasseiutsuwa
A part of the body	hato
A part of the body	hea
A part of the body	heaa
A part of the body	heaasutairu
A part of the body	heasutairu
A part of the body	heddo
A part of the body	heikatsusuji
A part of the body	heikinkon
A part of the body	henpeisoku
A part of the body	hento
A part of the body	hentokarada
A part of the body	hentou
A part of the body	hentoukarada
A part of the body	heso
A part of the body	hesono
A part of the body	hesonoo
A part of the body	heya
A part of the body	heyaa
A part of the body	heyasutairu
A part of the body	hidari
A part of the body	hidarihankyu
A part of the body	hidarihankyuu
A part of the body	hidarite
A part of the body	hidomyaku
A part of the body	hidoumyaku
A part of the body	hifu
A part of the body	hifuishoku
A part of the body	hifukusuji
A part of the body	hige
A part of the body	hiiru
A part of the body	hiji
A part of the body	hijikansetsu
A part of the body	hijomyaku
A part of the body	hijoumyaku
A part of the body	hikasoshiki
A part of the body	hikotsu
A part of the body	himaku
A part of the body	himo
A part of the body	himou
A part of the body	hippu
A part of the body	hirakubi
A part of the body	hiramesuji
A part of the body	hirate
A part of the body	hirejo
A part of the body	hirejou
A part of the body	hiroshihoneusu
A part of the body	hiru
A part of the body	hishigata
A part of the body	hishisen
A part of the body	hishitsu
A part of the body	hishitsuryo
A part of the body	hishitsuryou
A part of the body	hitai
A part of the body	hitohada
A part of the body	hitosashiyubi
A part of the body	hiza
A part of the body	hizabouzu
A part of the body	hizabozu
A part of the body	hizaguchi
A part of the body	hizaguruma
A part of the body	hizajokarada
A part of the body	hizajoukarada
A part of the body	hizakadomyaku
A part of the body	hizakadoumyaku
A part of the body	hizakajomyaku
A part of the body	hizakajoumyaku
A part of the body	hizakansetsu
A part of the body	hizakozo
A part of the body	hizakozou
A part of the body	hizo
A part of the body	hizou
A part of the body	hizume
A part of the body	hobeta
A part of the body	hobone
A part of the body	hobukuro
A part of the body	hogeta
A part of the body	hogo
A part of the body	hohaiha
A part of the body	hohaiko
A part of the body	hohi
A part of the body	hohige
A part of the body	hoi
A part of the body	hokosuji
A part of the body	hone
A part of the body	honefushi
A part of the body	honegumi
A part of the body	honegumishoku
A part of the body	honemeiro
A part of the body	honeppushi
A part of the body	honetsuki
A part of the body	hongen
A part of the body	hoo
A part of the body	hoobeta
A part of the body	hoobone
A part of the body	hoobukuro
A part of the body	hoogeta
A part of the body	hoohige
A part of the body	hooppe
A part of the body	hooppeta
A part of the body	hoppe
A part of the body	hoppeta
A part of the body	hora
A part of the body	hori
A part of the body	horie
A part of the body	horikawa
A part of the body	horiwari
A part of the body	horiwariri
A part of the body	hougou
A part of the body	houhaiha
A part of the body	houhaikou
A part of the body	houhi
A part of the body	houkousuji
A part of the body	houyou
A part of the body	hoyo
A part of the body	hyohi
A part of the body	hyotekikikan
A part of the body	hyouhi
A part of the body	hyoutekikikan
A part of the body	ibara
A part of the body	ibukuro
A part of the body	ichihatsu
A part of the body	icho
A part of the body	ichou
A part of the body	ikichi
A part of the body	ikikimo
A part of the body	ikitan
A part of the body	ikobu
A part of the body	ikokoroko
A part of the body	ikokorokou
A part of the body	ikoubu
A part of the body	ikubi
A part of the body	ikujino
A part of the body	ikujinou
A part of the body	inbu
A part of the body	inkaku
A part of the body	inkei
A part of the body	inko
A part of the body	inkou
A part of the body	inno
A part of the body	innou
A part of the body	inofu
A part of the body	inretsu
A part of the body	inshin
A part of the body	into
A part of the body	intohento
A part of the body	intou
A part of the body	intouhentou
A part of the body	ishuishoku
A part of the body	isshi
A part of the body	itajosuji
A part of the body	itajousuji
A part of the body	izumimon
A part of the body	jida
A part of the body	jiin
A part of the body	jikai
A part of the body	jikaidomyaku
A part of the body	jikaidoumyaku
A part of the body	jikaku
A part of the body	jikan
A part of the body	jikasen
A part of the body	jin
A part of the body	jinhishitsu
A part of the body	jinjomyaku
A part of the body	jinjoumyaku
A part of the body	jinnozo
A part of the body	jinnozou
A part of the body	jinshotai
A part of the body	jinshoutai
A part of the body	jintai
A part of the body	jinto
A part of the body	jintou
A part of the body	jinzo
A part of the body	jinzou
A part of the body	jiru
A part of the body	jogyoketcho
A part of the body	johanshin
A part of the body	johi
A part of the body	johishotai
A part of the body	jokimichi
A part of the body	jokyu
A part of the body	jomyaku
A part of the body	jomyakuhora
A part of the body	jotai
A part of the body	jougyouketchou
A part of the body	jouhanshin
A part of the body	jouhi
A part of the body	jouhishoutai
A part of the body	joukimichi
A part of the body	joukyuu
A part of the body	joumyaku
A part of the body	joumyakuhora
A part of the body	joutai
A part of the body	jouwanhone
A part of the body	jowanhone
A part of the body	jukaku
A part of the body	jukan
A part of the body	jumo
A part of the body	jumomaku
A part of the body	junishicho
A part of the body	junkankei
A part of the body	juseimaku
A part of the body	juukaku
A part of the body	juumou
A part of the body	juumoumaku
A part of the body	juunishichou
A part of the body	juyoki
A part of the body	juyotai
A part of the body	juyouki
A part of the body	juyoutai
A part of the body	kaafu
A part of the body	kaaru
A part of the body	kaddo
A part of the body	kafu
A part of the body	kafuku
A part of the body	kafukubu
A part of the body	kagakujuyoki
A part of the body	kagakujuyouki
A part of the body	kagyoketcho
A part of the body	kagyouketchou
A part of the body	kahaku
A part of the body	kai
A part of the body	kaiba
A part of the body	kaicho
A part of the body	kaichou
A part of the body	kaigaisuji
A part of the body	kaigarahone
A part of the body	kaihakushitsu
A part of the body	kaikobu
A part of the body	kaikoubu
A part of the body	kaikyo
A part of the body	kaikyou
A part of the body	kaimoben
A part of the body	kaimouben
A part of the body	kaina
A part of the body	kainaisuji
A part of the body	kaisetsu
A part of the body	kaishi
A part of the body	kaitensetsugo
A part of the body	kaitensetsugou
A part of the body	kakaku
A part of the body	kakato
A part of the body	kakitsubata
A part of the body	kaku
A part of the body	kakuheki
A part of the body	kakumaku
A part of the body	kakushotai
A part of the body	kakushoutai
A part of the body	kakyu
A part of the body	kakyuu
A part of the body	kamen
A part of the body	kami
A part of the body	kamigata
A part of the body	kaminoke
A part of the body	kamisuji
A part of the body	kamiyo
A part of the body	kamiyou
A part of the body	kamoji
A part of the body	kan
A part of the body	kanazuchi
A part of the body	kandomyaku
A part of the body	kandoumyaku
A part of the body	kanjohogo
A part of the body	kanjouhougou
A part of the body	kanjushoku
A part of the body	kanjuushoku
A part of the body	kankakujuyoki
A part of the body	kankakujuyouki
A part of the body	kankakuke
A part of the body	kankakukei
A part of the body	kankakuki
A part of the body	kankakukikan
A part of the body	kankakundono
A part of the body	kankakuundouno
A part of the body	kankan
A part of the body	kanmonbu
A part of the body	kanmonmyaku
A part of the body	kanno
A part of the body	kannonsama
A part of the body	kannou
A part of the body	kanonho
A part of the body	kanonhou
A part of the body	kanpan
A part of the body	kansen
A part of the body	kansetsu
A part of the body	kansetsuka
A part of the body	kansetsutokki
A part of the body	kanshi
A part of the body	kanshii
A part of the body	kanshitsu
A part of the body	kansoku
A part of the body	kantan
A part of the body	kanten
A part of the body	kantsuikotsu
A part of the body	kanzo
A part of the body	kanzou
A part of the body	kao
A part of the body	kaodachi
A part of the body	kapuseru
A part of the body	karaza
A part of the body	karetokoro
A part of the body	karu
A part of the body	kasoku
A part of the body	kasshashinkei
A part of the body	kasuitai
A part of the body	kasuitaikouyou
A part of the body	kasuitaikoyo
A part of the body	kasuitaizenyo
A part of the body	kasuitaizenyou
A part of the body	kata
A part of the body	katabin
A part of the body	kataguchi
A part of the body	katai
A part of the body	katakansetsu
A part of the body	katasaki
A part of the body	katatsumuri
A part of the body	katsumaku
A part of the body	katsumoku
A part of the body	katsuyakukin
A part of the body	katto
A part of the body	kawa
A part of the body	keana
A part of the body	keba
A part of the body	kei
A part of the body	keibu
A part of the body	keidomyaku
A part of the body	keidoumyaku
A part of the body	keijomyaku
A part of the body	keijoumyaku
A part of the body	keikan
A part of the body	keikotsu
A part of the body	keishinkeiso
A part of the body	keishinkeisou
A part of the body	keitsui
A part of the body	kekkan
A part of the body	ken
A part of the body	kenbu
A part of the body	kenchi
A part of the body	kenjotokki
A part of the body	kenjoutokki
A part of the body	kenkai
A part of the body	kenkobi
A part of the body	kenkokotsu
A part of the body	kenkotsu
A part of the body	kenkoukotsu
A part of the body	kenkouobi
A part of the body	kenmaku
A part of the body	kenpo
A part of the body	kenpou
A part of the body	kenshi
A part of the body	kessetsu
A part of the body	kesuji
A part of the body	ketake
A part of the body	ketcho
A part of the body	ketchokanmaku
A part of the body	ketchou
A part of the body	ketchoukanmaku
A part of the body	ketsueki
A part of the body	ketsujohone
A part of the body	ketsujouhone
A part of the body	ketsumaku
A part of the body	ketsunoana
A part of the body	kiazuma
A part of the body	kiba
A part of the body	kido
A part of the body	kidou
A part of the body	kifu
A part of the body	kiho
A part of the body	kihou
A part of the body	kijomyaku
A part of the body	kijoumyaku
A part of the body	kikai
A part of the body	kikan
A part of the body	kikanshi
A part of the body	kikanshikozue
A part of the body	kikkosuji
A part of the body	kikkousuji
A part of the body	kimo
A part of the body	kimodomyaku
A part of the body	kimodoumyaku
A part of the body	kimojomyaku
A part of the body	kimojoumyaku
A part of the body	kimokan
A part of the body	kimon
A part of the body	kimyaku
A part of the body	kinmaku
A part of the body	kinniku
A part of the body	kinnikusoshiki
A part of the body	kintama
A part of the body	kinuitosen
A part of the body	kinutahone
A part of the body	kirikuchi
A part of the body	kisukaaru
A part of the body	kisukaru
A part of the body	kitei
A part of the body	kiteimaku
A part of the body	kito
A part of the body	kitou
A part of the body	koami
A part of the body	kobone
A part of the body	kobui
A part of the body	kobukuro
A part of the body	kobushi
A part of the body	kocho
A part of the body	kogaihento
A part of the body	kogaihone
A part of the body	kogaisui
A part of the body	kogan
A part of the body	koha
A part of the body	kohaisuji
A part of the body	kohishitsu
A part of the body	kojonankotsu
A part of the body	kojosen
A part of the body	kokaki
A part of the body	kokaku
A part of the body	kokansetsu
A part of the body	koketsu
A part of the body	kokkaku
A part of the body	kokkakukin
A part of the body	kokkan
A part of the body	kokkanhaji
A part of the body	koko
A part of the body	kokon
A part of the body	kokoro
A part of the body	kokoromimi
A part of the body	kokoromune
A part of the body	kokorone
A part of the body	kokoronozo
A part of the body	kokoronozou
A part of the body	kokushitsu
A part of the body	kokyo
A part of the body	kokyuchusu
A part of the body	kokyukikan
A part of the body	kokyukikei
A part of the body	kokyuuchuusuu
A part of the body	kokyuukikan
A part of the body	kokyuukikei
A part of the body	komaku
A part of the body	komakuchokin
A part of the body	komakuchoukin
A part of the body	komaru
A part of the body	komon
A part of the body	kondoriosomu
A part of the body	kondoriosoomu
A part of the body	kone
A part of the body	kongen
A part of the body	konkan
A part of the body	konpon
A part of the body	koretsu
A part of the body	kosa
A part of the body	kosai
A part of the body	koshi
A part of the body	koshidenbu
A part of the body	koshiobi
A part of the body	koshishinkei
A part of the body	koshitsu
A part of the body	kosuga
A part of the body	kote
A part of the body	koto
A part of the body	kotofuta
A part of the body	kotoha
A part of the body	kotohone
A part of the body	kotsuban
A part of the body	kotsubanobi
A part of the body	kotsubo
A part of the body	kotsumaku
A part of the body	kotsuzui
A part of the body	kottan
A part of the body	kou
A part of the body	kouchou
A part of the body	kougaihentou
A part of the body	kougaihone
A part of the body	kougaisui
A part of the body	kougan
A part of the body	kouha
A part of the body	kouhaisuji
A part of the body	koujounankotsu
A part of the body	koujousen
A part of the body	koukaki
A part of the body	koukaku
A part of the body	kouketsu
A part of the body	koukon
A part of the body	koukou
A part of the body	koukyou
A part of the body	koumaku
A part of the body	koumaru
A part of the body	koumon
A part of the body	kouretsu
A part of the body	kousa
A part of the body	kousai
A part of the body	koushi
A part of the body	koutou
A part of the body	koutoufuta
A part of the body	koutouha
A part of the body	koutouhone
A part of the body	koyubi
A part of the body	kozume
A part of the body	kubi
A part of the body	kubihone
A part of the body	kubijomyaku
A part of the body	kubijoumyaku
A part of the body	kubine
A part of the body	kubitama
A part of the body	kubitsutama
A part of the body	kubomi
A part of the body	kuchi
A part of the body	kuchibashi
A part of the body	kuchibiru
A part of the body	kuchihige
A part of the body	kuchisaki
A part of the body	kucho
A part of the body	kudatsuhara
A part of the body	kudo
A part of the body	kugeki
A part of the body	kuho
A part of the body	kukan
A part of the body	kukkin
A part of the body	kumomaku
A part of the body	kuritorisu
A part of the body	kusuriyubi
A part of the body	kuuchou
A part of the body	kuudou
A part of the body	kuugeki
A part of the body	kuuhou
A part of the body	kyakubu
A part of the body	kyo
A part of the body	kyoashi
A part of the body	kyobu
A part of the body	kyohone
A part of the body	kyokai
A part of the body	kyokaku
A part of the body	kyokan
A part of the body	kyokin
A part of the body	kyoko
A part of the body	kyokotsu
A part of the body	kyokotsugara
A part of the body	kyoku
A part of the body	kyomaku
A part of the body	kyomakuko
A part of the body	kyosen
A part of the body	kyosokukoko
A part of the body	kyotsui
A part of the body	kyoubu
A part of the body	kyoukai
A part of the body	kyoukaku
A part of the body	kyoukan
A part of the body	kyoukin
A part of the body	kyoukotsu
A part of the body	kyoukotsugara
A part of the body	kyoukou
A part of the body	kyoumaku
A part of the body	kyoumakukou
A part of the body	kyouoku
A part of the body	kyousen
A part of the body	kyousokukoukou
A part of the body	kyoutsui
A part of the body	kyuban
A part of the body	kyuhishitsu
A part of the body	kyukei
A part of the body	kyukeino
A part of the body	kyukyu
A part of the body	kyuno
A part of the body	kyushi
A part of the body	kyushinkei
A part of the body	kyusho
A part of the body	kyuuban
A part of the body	kyuuhishitsu
A part of the body	kyuukei
A part of the body	kyuukeinou
A part of the body	kyuukyuu
A part of the body	kyuunou
A part of the body	kyuushi
A part of the body	kyuushinkei
A part of the body	kyuusho
A part of the body	mabuchi
A part of the body	mabuta
A part of the body	maeashi
A part of the body	maeba
A part of the body	maegami
A part of the body	maekyokin
A part of the body	maene
A part of the body	makige
A part of the body	makike
A part of the body	maku
A part of the body	makuhone
A part of the body	makujohone
A part of the body	makujouhone
A part of the body	makuseimeiro
A part of the body	mame
A part of the body	manko
A part of the body	marumado
A part of the body	mata
A part of the body	matsuge
A part of the body	mausu
A part of the body	mayu
A part of the body	mayuge
A part of the body	mayuke
A part of the body	mayune
A part of the body	mayusumi
A part of the body	mayuzumi
A part of the body	mazuru
A part of the body	medama
A part of the body	medomyaku
A part of the body	medoumyaku
A part of the body	mehanatachi
A part of the body	meikan
A part of the body	meiro
A part of the body	meisoshinkei
A part of the body	meisoushinkei
A part of the body	men
A part of the body	menmo
A part of the body	menmou
A part of the body	menso
A part of the body	mensou
A part of the body	meriken
A part of the body	meten
A part of the body	mido
A part of the body	midou
A part of the body	migidomyaku
A part of the body	migihankyu
A part of the body	migihankyuu
A part of the body	migiidoumyaku
A part of the body	migite
A part of the body	migushi
A part of the body	miken
A part of the body	mimi
A part of the body	mimitabu
A part of the body	mimitsubasa
A part of the body	mirai
A part of the body	mitokondoria
A part of the body	mizo
A part of the body	mizukaki
A part of the body	mocho
A part of the body	mohatsu
A part of the body	mohikankatto
A part of the body	moho
A part of the body	mokoshiwa
A part of the body	momaku
A part of the body	momo
A part of the body	monmyaku
A part of the body	monmyakukei
A part of the body	monshi
A part of the body	mosaikekkan
A part of the body	motai
A part of the body	motohada
A part of the body	mototsukubi
A part of the body	mouchou
A part of the body	mouhatsu
A part of the body	mouhou
A part of the body	moukoshiwa
A part of the body	moumaku
A part of the body	mousaikekkan
A part of the body	moutai
A part of the body	mouyoukarada
A part of the body	moyokarada
A part of the body	mukoha
A part of the body	mukouha
A part of the body	mukuge
A part of the body	mumeihone
A part of the body	munagura
A part of the body	munaita
A part of the body	munakuso
A part of the body	munamoto
A part of the body	munasaki
A part of the body	mune
A part of the body	munejomyaku
A part of the body	munejoumyaku
A part of the body	munekan
A part of the body	munesanzun
A part of the body	muneshinkei
A part of the body	muneza
A part of the body	mushibu
A part of the body	mushisamatokki
A part of the body	myakkan
A part of the body	myakkankei
A part of the body	myaku
A part of the body	myakuraku
A part of the body	myakurakumaku
A part of the body	myakurakuso
A part of the body	myakurakusou
A part of the body	myakuso
A part of the body	myakusou
A part of the body	nagaimakige
A part of the body	naibunpitsukei
A part of the body	naibunpitsusen
A part of the body	naiera
A part of the body	naihaiyo
A part of the body	naihaiyou
A part of the body	naihanashi
A part of the body	naihi
A part of the body	naiji
A part of the body	naijishinkei
A part of the body	naikeidomyaku
A part of the body	naikeidoumyaku
A part of the body	naikokkaku
A part of the body	naiku
A part of the body	naikuu
A part of the body	naimaku
A part of the body	naishin
A part of the body	naitensuji
A part of the body	naizo
A part of the body	naizou
A part of the body	naka
A part of the body	nakaashihone
A part of the body	nakahaiyo
A part of the body	nakahaiyou
A part of the body	nakainto
A part of the body	nakaintou
A part of the body	nakashihone
A part of the body	nakate
A part of the body	nakatehone
A part of the body	nakayubi
A part of the body	namakimo
A part of the body	namatan
A part of the body	namazume
A part of the body	namidakan
A part of the body	namidano
A part of the body	namidanou
A part of the body	namidaoka
A part of the body	namidautsuwa
A part of the body	nankogai
A part of the body	nankotsu
A part of the body	nankougai
A part of the body	nanmaku
A part of the body	nanzuimaku
A part of the body	natsume
A part of the body	neeru
A part of the body	nefuron
A part of the body	nekko
A part of the body	nekku
A part of the body	neko
A part of the body	nenmaku
A part of the body	neru
A part of the body	netsuko
A part of the body	nigirikobushi
A part of the body	nii
A part of the body	nijuago
A part of the body	nijuuago
A part of the body	nikoge
A part of the body	nikoke
A part of the body	niku
A part of the body	nikugan
A part of the body	nikugasoshiki
A part of the body	nikusui
A part of the body	ningennokao
A part of the body	ninhada
A part of the body	ninsashiyubi
A part of the body	nippa
A part of the body	nitosuji
A part of the body	nitousuji
A part of the body	nochi
A part of the body	nochino
A part of the body	nochinou
A part of the body	nochishihanbu
A part of the body	nodo
A part of the body	nodobotoke
A part of the body	nodobue
A part of the body	nodokubi
A part of the body	nogi
A part of the body	nohashi
A part of the body	noho
A part of the body	nokan
A part of the body	nokasuitai
A part of the body	noryo
A part of the body	noshinkei
A part of the body	noshitsu
A part of the body	noteidomyaku
A part of the body	nou
A part of the body	nouhashi
A part of the body	nouhou
A part of the body	noukan
A part of the body	noukasuitai
A part of the body	nouryou
A part of the body	noushinkei
A part of the body	noushitsu
A part of the body	nouteidoumyaku
A part of the body	nouyumi
A part of the body	nouzui
A part of the body	noyumi
A part of the body	nozarashi
A part of the body	nozui
A part of the body	nyodo
A part of the body	nyodotamasen
A part of the body	nyokan
A part of the body	nyomaku
A part of the body	nyoro
A part of the body	nyosaikan
A part of the body	nyoudou
A part of the body	nyoudoutamasen
A part of the body	nyoukan
A part of the body	nyoumaku
A part of the body	nyouro
A part of the body	nyousaikan
A part of the body	nyusen
A part of the body	nyushi
A part of the body	nyuto
A part of the body	nyutokarada
A part of the body	nyutosuji
A part of the body	nyuusen
A part of the body	nyuushi
A part of the body	nyuutou
A part of the body	nyuutoukarada
A part of the body	nyuutousuji
A part of the body	oami
A part of the body	oashi
A part of the body	oberion
A part of the body	obi
A part of the body	obijokai
A part of the body	obijoukai
A part of the body	obo
A part of the body	obou
A part of the body	odeko
A part of the body	ogushi
A part of the body	ohan
A part of the body	ohara
A part of the body	oheso
A part of the body	oido
A part of the body	oidokoro
A part of the body	ojokaku
A part of the body	ojoukaku
A part of the body	okakumaku
A part of the body	okami
A part of the body	okkusuteeru
A part of the body	okkusuteru
A part of the body	okoketcho
A part of the body	okokoro
A part of the body	okoshi
A part of the body	okuba
A part of the body	okubi
A part of the body	okushi
A part of the body	omanko
A part of the body	omiashi
A part of the body	omonsuji
A part of the body	onaka
A part of the body	onchu
A part of the body	onchuu
A part of the body	ondojuyoki
A part of the body	ondojuyouki
A part of the body	onseikikan
A part of the body	ooami
A part of the body	ooashi
A part of the body	ootonosuji
A part of the body	opo
A part of the body	oppai
A part of the body	oshiego
A part of the body	oshiri
A part of the body	oshisen
A part of the body	oshite
A part of the body	otai
A part of the body	ote
A part of the body	otera
A part of the body	oterasama
A part of the body	otete
A part of the body	otonosuji
A part of the body	ototsu
A part of the body	ouhan
A part of the body	oukakumaku
A part of the body	oukouketchou
A part of the body	oumonsuji
A part of the body	outai
A part of the body	oute
A part of the body	owarino
A part of the body	owarinou
A part of the body	oyashirazu
A part of the body	oyayubi
A part of the body	oyayubinotsume
A part of the body	paama
A part of the body	paamanento
A part of the body	paieruita
A part of the body	pama
A part of the body	pamanento
A part of the body	peesumeekaa
A part of the body	penisu
A part of the body	pesumeka
A part of the body	pinkaaru
A part of the body	pinkaru
A part of the body	pinki
A part of the body	pinkii
A part of the body	poniiteeru
A part of the body	poniteru
A part of the body	ponpadouru
A part of the body	ponpadouuru
A part of the body	ponpon
A part of the body	purotopurasuto
A part of the body	rankan
A part of the body	ranpu
A part of the body	ranso
A part of the body	ransou
A part of the body	reba
A part of the body	rebaa
A part of the body	refutohando
A part of the body	rekishichizu
A part of the body	rengouya
A part of the body	rengoya
A part of the body	renzu
A part of the body	renzukaku
A part of the body	reseputa
A part of the body	reseputaa
A part of the body	reva
A part of the body	revaa
A part of the body	ribosomu
A part of the body	ribosoomu
A part of the body	ribu
A part of the body	rinpafushi
A part of the body	rinpakan
A part of the body	rinpakei
A part of the body	rinpasen
A part of the body	rinpasoshiki
A part of the body	riposomu
A part of the body	riposoomu
A part of the body	rippu
A part of the body	risosomu
A part of the body	risosoomu
A part of the body	risuto
A part of the body	rokkan
A part of the body	rokkandomyaku
A part of the body	rokkandoumyaku
A part of the body	rokkansuji
A part of the body	rokkotsu
A part of the body	roko
A part of the body	roku
A part of the body	rokumaku
A part of the body	rokunankotsu
A part of the body	rokuzai
A part of the body	romaku
A part of the body	roukou
A part of the body	roumaku
A part of the body	ruihora
A part of the body	ruisen
A part of the body	runge
A part of the body	ryono
A part of the body	ryounou
A part of the body	sagekami
A part of the body	saibokaku
A part of the body	saibokikan
A part of the body	saibokokkaku
A part of the body	saibomaku
A part of the body	saiboukaku
A part of the body	saiboukikan
A part of the body	saiboukokkaku
A part of the body	saiboumaku
A part of the body	saidomyaku
A part of the body	saidoumyaku
A part of the body	saihon
A part of the body	saijomyaku
A part of the body	saijoumyaku
A part of the body	saikan
A part of the body	saikikanshi
A part of the body	saiko
A part of the body	saikou
A part of the body	saikyu
A part of the body	saikyuu
A part of the body	saitai
A part of the body	saitaijomyaku
A part of the body	saitaijoumyaku
A part of the body	saiyo
A part of the body	saiyou
A part of the body	sakahagike
A part of the body	sakotsu
A part of the body	sando
A part of the body	sandou
A part of the body	sankakusuji
A part of the body	sano
A part of the body	sanou
A part of the body	sanrankan
A part of the body	sansashinkei
A part of the body	sansenben
A part of the body	santo
A part of the body	santosuji
A part of the body	santou
A part of the body	santousuji
A part of the body	sanzu
A part of the body	sarekobe
A part of the body	sarekoube
A part of the body	sashinbo
A part of the body	sashinbou
A part of the body	sashinshitsu
A part of the body	sayabane
A part of the body	sazaekara
A part of the body	sebire
A part of the body	sebone
A part of the body	seijokarada
A part of the body	seijoukarada
A part of the body	seika
A part of the body	seikan
A part of the body	seikanobi
A part of the body	seikatanden
A part of the body	seimon
A part of the body	seino
A part of the body	seinou
A part of the body	seisaikan
A part of the body	seisaku
A part of the body	seishokuki
A part of the body	seishokukikan
A part of the body	seishokusen
A part of the body	seisoami
A part of the body	seisojotai
A part of the body	seisouami
A part of the body	seisoujoutai
A part of the body	seitai
A part of the body	seito
A part of the body	seki
A part of the body	sekichu
A part of the body	sekichukan
A part of the body	sekichuu
A part of the body	sekichuukan
A part of the body	sekiryo
A part of the body	sekiryou
A part of the body	sekisaku
A part of the body	sekitsui
A part of the body	sekizui
A part of the body	sekizuishinkei
A part of the body	sen
A part of the body	senaka
A part of the body	senbo
A part of the body	senbou
A part of the body	senjohone
A part of the body	senjokarada
A part of the body	senjouhone
A part of the body	senjoukarada
A part of the body	senkotsu
A part of the body	senmai
A part of the body	senmo
A part of the body	senmou
A part of the body	sentoromea
A part of the body	sentsui
A part of the body	shakakusuji
A part of the body	shakkotsu
A part of the body	sharekobe
A part of the body	sharekoube
A part of the body	shaseikan
A part of the body	shatsumen
A part of the body	shi
A part of the body	shiatamasuji
A part of the body	shibo
A part of the body	shibososhiki
A part of the body	shibou
A part of the body	shibousoshiki
A part of the body	shiga
A part of the body	shigin
A part of the body	shigyo
A part of the body	shigyou
A part of the body	shijohogo
A part of the body	shijokaku
A part of the body	shijouhougou
A part of the body	shijoukaku
A part of the body	shikakukei
A part of the body	shikakuno
A part of the body	shikon
A part of the body	shikyu
A part of the body	shikyuensaku
A part of the body	shikyukarada
A part of the body	shikyukei
A part of the body	shikyunaimaku
A part of the body	shikyuu
A part of the body	shikyuuensaku
A part of the body	shikyuukarada
A part of the body	shikyuukei
A part of the body	shikyuunaimaku
A part of the body	shimo
A part of the body	shimoge
A part of the body	shimou
A part of the body	shimyaku
A part of the body	shin
A part of the body	shinden
A part of the body	shingaimaku
A part of the body	shinhishitsu
A part of the body	shiniku
A part of the body	shiniyon
A part of the body	shinkan
A part of the body	shinkei
A part of the body	shinkeichusu
A part of the body	shinkeichuusuu
A part of the body	shinkeikan
A part of the body	shinkeikei
A part of the body	shinkeikeiro
A part of the body	shinkeinaimaku
A part of the body	shinkeinikawa
A part of the body	shinkeiso
A part of the body	shinkeisoshiki
A part of the body	shinkeisou
A part of the body	shinkin
A part of the body	shinmaku
A part of the body	shinnaimaku
A part of the body	shinno
A part of the body	shinnou
A part of the body	shinpi
A part of the body	shinshitsu
A part of the body	shintaibui
A part of the body	shintaikouzou
A part of the body	shintaikozo
A part of the body	shintan
A part of the body	shinto
A part of the body	shintou
A part of the body	shinzo
A part of the body	shinzou
A part of the body	shinzui
A part of the body	shippo
A part of the body	shiri
A part of the body	shiriashi
A part of the body	shiriketa
A part of the body	shirippo
A part of the body	shiritabu
A part of the body	shiritsuho
A part of the body	shiritsuhou
A part of the body	shiromaku
A part of the body	shishi
A part of the body	shishihana
A part of the body	shishinkei
A part of the body	shishitsu
A part of the body	shisho
A part of the body	shishokabu
A part of the body	shishou
A part of the body	shishoukabu
A part of the body	shiso
A part of the body	shisotokki
A part of the body	shisou
A part of the body	shisoutokki
A part of the body	shita
A part of the body	shitaago
A part of the body	shitaagohone
A part of the body	shitagawa
A part of the body	shitago
A part of the body	shitagohone
A part of the body	shitakido
A part of the body	shitakidou
A part of the body	shitakuchibiru
A part of the body	shitsugaiken
A part of the body	shitsugaikotsu
A part of the body	shizui
A part of the body	shizuiko
A part of the body	shizuikou
A part of the body	shobu
A part of the body	shocho
A part of the body	shochu
A part of the body	shodenkin
A part of the body	shodomyaku
A part of the body	shoekiho
A part of the body	shoho
A part of the body	shoja
A part of the body	shojomaku
A part of the body	shojomyaku
A part of the body	shojosei
A part of the body	shokakan
A part of the body	shokakarada
A part of the body	shokakei
A part of the body	shokasen
A part of the body	shokkaku
A part of the body	shokotsu
A part of the body	shokudo
A part of the body	shokudou
A part of the body	shokushi
A part of the body	shokushu
A part of the body	shokyushi
A part of the body	shomaku
A part of the body	shono
A part of the body	shonohankyu
A part of the body	shoruda
A part of the body	shorudaa
A part of the body	shoubu
A part of the body	shouchou
A part of the body	shouchuu
A part of the body	shoudenkin
A part of the body	shoudoumyaku
A part of the body	shouekihou
A part of the body	shouho
A part of the body	shouhou
A part of the body	shouja
A part of the body	shoujoumyaku
A part of the body	shoukakan
A part of the body	shoukakarada
A part of the body	shoukakei
A part of the body	shoukasen
A part of the body	shoukotsu
A part of the body	shoukyuushi
A part of the body	shoumaku
A part of the body	shounou
A part of the body	shounouhankyuu
A part of the body	shouyou
A part of the body	shoyo
A part of the body	shuban
A part of the body	shudosuji
A part of the body	shudousuji
A part of the body	shugara
A part of the body	shuheki
A part of the body	shukonhone
A part of the body	shukonkan
A part of the body	shukumo
A part of the body	shukumou
A part of the body	shunmaku
A part of the body	shushihone
A part of the body	shusho
A part of the body	shushokukuchi
A part of the body	shushou
A part of the body	shutsutani
A part of the body	shuuban
A part of the body	shuuheki
A part of the body	shuushokukuchi
A part of the body	sjiketcho
A part of the body	sjiketchou
A part of the body	sobahara
A part of the body	sobakasu
A part of the body	soboben
A part of the body	sobosuji
A part of the body	soin
A part of the body	soji
A part of the body	sokeidomyaku
A part of the body	sokeikan
A part of the body	sokkon
A part of the body	sokkonhone
A part of the body	soko
A part of the body	soku
A part of the body	sokubi
A part of the body	sokubu
A part of the body	sokuhai
A part of the body	sokuhatsu
A part of the body	sokusen
A part of the body	sokutoha
A part of the body	sokutohone
A part of the body	sokutosuji
A part of the body	sokutouha
A part of the body	sokutouhone
A part of the body	sokutousuji
A part of the body	some
A part of the body	somi
A part of the body	sorin
A part of the body	sosha
A part of the body	soshakusuji
A part of the body	soshiki
A part of the body	sosono
A part of the body	sotankan
A part of the body	sotoera
A part of the body	sotohaiyo
A part of the body	sotohaiyou
A part of the body	sou
A part of the body	soubouben
A part of the body	soubousuji
A part of the body	souin
A part of the body	souji
A part of the body	soukeidoumyaku
A part of the body	soukou
A part of the body	sourin
A part of the body	sousha
A part of the body	sousono
A part of the body	soutankan
A part of the body	suhada
A part of the body	suiho
A part of the body	suihou
A part of the body	suikan
A part of the body	suiro
A part of the body	suishotai
A part of the body	suishoutai
A part of the body	suitairo
A part of the body	suizo
A part of the body	suizou
A part of the body	suji
A part of the body	sukihone
A part of the body	sukin
A part of the body	sune
A part of the body	supeataiya
A part of the body	sutomakku
A part of the body	tai
A part of the body	taiban
A part of the body	taiho
A part of the body	taihou
A part of the body	taikan
A part of the body	taikohara
A part of the body	taiku
A part of the body	taikuu
A part of the body	taimaku
A part of the body	taimo
A part of the body	taimou
A part of the body	taisetsu
A part of the body	tama
A part of the body	tamagogatano
A part of the body	tamagogatanou
A part of the body	tamakansetsu
A part of the body	tamashi
A part of the body	tamashii
A part of the body	tanaotama
A part of the body	tanda
A part of the body	tangan
A part of the body	tanhone
A part of the body	tanima
A part of the body	tankan
A part of the body	tanno
A part of the body	tannodomyaku
A part of the body	tannou
A part of the body	tannoudoumyaku
A part of the body	tatsunamiso
A part of the body	tatsunamisou
A part of the body	teeru
A part of the body	teimen
A part of the body	teiru
A part of the body	tekansetsu
A part of the body	tekken
A part of the body	tekubi
A part of the body	tenjinhige
A part of the body	tenochi
A part of the body	tenohara
A part of the body	tenohira
A part of the body	tenonai
A part of the body	tenouchi
A part of the body	tenoyubi
A part of the body	tensoru
A part of the body	tenten
A part of the body	tera
A part of the body	terakado
A part of the body	teru
A part of the body	tesoko
A part of the body	tettsui
A part of the body	teyubi
A part of the body	teyubinotsume
A part of the body	tobu
A part of the body	tochoha
A part of the body	tochohone
A part of the body	toge
A part of the body	tohatsu
A part of the body	tohi
A part of the body	tokki
A part of the body	tokotsu
A part of the body	tomeiobi
A part of the body	toubu
A part of the body	touchouha
A part of the body	touchouhone
A part of the body	touhatsu
A part of the body	touhi
A part of the body	toukotsu
A part of the body	toumeiobi
A part of the body	tsubasa
A part of the body	tsuchifumazu
A part of the body	tsuchikotsu
A part of the body	tsugaime
A part of the body	tsugime
A part of the body	tsuikotsu
A part of the body	tsuikyu
A part of the body	tsuikyuu
A part of the body	tsuitai
A part of the body	tsukene
A part of the body	tsume
A part of the body	tsumehantsuki
A part of the body	tsutsupo
A part of the body	uchibutokoro
A part of the body	ude
A part of the body	udekubi
A part of the body	udeshinkeiso
A part of the body	udeshinkeisou
A part of the body	uebu
A part of the body	uechokukin
A part of the body	uedaijomyaku
A part of the body	uedaijoumyaku
A part of the body	ueebu
A part of the body	ueevu
A part of the body	uehige
A part of the body	ueibu
A part of the body	ueinto
A part of the body	ueintou
A part of the body	ueivu
A part of the body	ueka
A part of the body	uesuto
A part of the body	uesutorain
A part of the body	uevu
A part of the body	uingu
A part of the body	umanose
A part of the body	undono
A part of the body	undoryo
A part of the body	undoshinkei
A part of the body	undouno
A part of the body	undouryou
A part of the body	undoushinkei
A part of the body	unga
A part of the body	uno
A part of the body	unou
A part of the body	ushinbo
A part of the body	ushinbou
A part of the body	ushinshitsu
A part of the body	ushiro
A part of the body	ushiroashi
A part of the body	ushiroshi
A part of the body	uwaago
A part of the body	uwaagohone
A part of the body	uwago
A part of the body	uwagohone
A part of the body	uwakuchibiru
A part of the body	wagina
A part of the body	waki
A part of the body	wakibara
A part of the body	wakinoshita
A part of the body	wareme
A part of the body	waremechan
A part of the body	wariko
A part of the body	warikou
A part of the body	washibana
A part of the body	yamato
A part of the body	yobu
A part of the body	yobutsu
A part of the body	yokawa
A part of the body	yokin
A part of the body	yokobara
A part of the body	yokone
A part of the body	yokotokki
A part of the body	yokotsuhara
A part of the body	yokujosuji
A part of the body	yokujousuji
A part of the body	yomaku
A part of the body	yomakuko
A part of the body	yomo
A part of the body	yonokawa
A part of the body	yotsui
A part of the body	youbu
A part of the body	youbutsu
A part of the body	youkawa
A part of the body	youkin
A part of the body	youmaku
A part of the body	youmakukou
A part of the body	youmou
A part of the body	younokawa
A part of the body	youtsui
A part of the body	yuashi
A part of the body	yubi
A part of the body	yumi
A part of the body	yumon
A part of the body	yunde
A part of the body	yuseikan
A part of the body	yuuashi
A part of the body	yuumon
A part of the body	zakotsu
A part of the body	zakotsushinkei
A part of the body	zeiniku
A part of the body	zekkasen
A part of the body	zekkashinkei
A part of the body	zekkotsu
A part of the body	zengaku
A part of the body	zengakubu
A part of the body	zenhaku
A part of the body	zenkaku
A part of the body	zenkyobu
A part of the body	zenkyoubu
A part of the body	zenno
A part of the body	zennou
A part of the body	zenritsusen
A part of the body	zenritsute
A part of the body	zenshi
A part of the body	zentei
A part of the body	zento
A part of the body	zentohone
A part of the body	zentou
A part of the body	zentouhone
A part of the body	zentouyou
A part of the body	zentoyo
A part of the body	zenwan
A part of the body	zetsuinshinkei
A part of the body	zogeshitsu
A part of the body	zokugime
A part of the body	zokume
A part of the body	zougeshitsu
A part of the body	zugai
A part of the body	zugaikan
A part of the body	zugaikotsu
A part of the body	zui
A part of the body	zuihone
A part of the body	zuiirinohone
A part of the body	zuiisuji
A part of the body	zuimaku
A part of the body	zuino
A part of the body	zuinou
A part of the body	zuirinohone
A part of the body	zuisuji
A part of the body	zukotsu
A part of the body	zuno
A part of the body	zunou
Something that flies	aankawa
Something that flies	abi
Something that flies	abu
Something that flies	abuku
Something that flies	aburakomori
Something that flies	aburakoumori
Something that flies	aderiipengin
Something that flies	aderipengin
Something that flies	ahiru
Something that flies	aho
Something that flies	ahodori
Something that flies	ahomono
Something that flies	ahondara
Something that flies	ahosui
Something that flies	ahotare
Something that flies	ahou
Something that flies	ahoudori
Something that flies	ahoumono
Something that flies	aigamo
Something that flies	aisa
Something that flies	ajisashi
Something that flies	akaieka
Something that flies	akameinko
Something that flies	akaonosuri
Something that flies	akaotategamo
Something that flies	akatatehacho
Something that flies	akatatehachou
Something that flies	ake
Something that flies	akemono
Something that flies	akkemono
Something that flies	amasagi
Something that flies	amatsubame
Something that flies	amerikafukuro
Something that flies	amerikafukurou
Something that flies	amerikakogamo
Something that flies	amerikakogara
Something that flies	amerikaoban
Something that flies	amerikaomozu
Something that flies	amerikaooban
Something that flies	amerikaoomozu
Something that flies	amerikaoshi
Something that flies	ani
Something that flies	ankawa
Something that flies	anpontan
Something that flies	aoashishigi
Something that flies	aogara
Something that flies	aogera
Something that flies	aoitori
Something that flies	aokakesu
Something that flies	aosagi
Something that flies	arawashi
Something that flies	arisui
Something that flies	arubatorosu
Something that flies	asshu
Something that flies	asutoronooto
Something that flies	asutoronoto
Something that flies	atori
Something that flies	auru
Something that flies	awa
Something that flies	baadii
Something that flies	baado
Something that flies	baburu
Something that flies	badi
Something that flies	bado
Something that flies	baimo
Something that flies	bajji
Something that flies	bajjii
Something that flies	baka
Something that flies	bakamono
Something that flies	bakasui
Something that flies	bakatare
Something that flies	bakayaro
Something that flies	bakayarou
Something that flies	bakugekiki
Something that flies	ban
Something that flies	bariken
Something that flies	barun
Something that flies	baruun
Something that flies	batafurai
Something that flies	benihiwa
Something that flies	benisuzume
Something that flies	boborinku
Something that flies	bokemono
Something that flies	bokujotori
Something that flies	bokujoutori
Something that flies	booru
Something that flies	boru
Something that flies	botaninko
Something that flies	bumeran
Something that flies	buncho
Something that flies	bunchou
Something that flies	burakkubaado
Something that flies	burakkubaan
Something that flies	burakkubado
Something that flies	burakkuban
Something that flies	buraunbatto
Something that flies	buumeran
Something that flies	buyu
Something that flies	chidori
Something that flies	chijin
Something that flies	chimatago
Something that flies	chimono
Something that flies	chiremono
Something that flies	cho
Something that flies	chocho
Something that flies	chogenbo
Something that flies	chojin
Something that flies	chorui
Something that flies	chou
Something that flies	chouchou
Something that flies	chougenbou
Something that flies	choujin
Something that flies	chourui
Something that flies	chuhiwashi
Something that flies	chuuhiwashi
Something that flies	dacho
Something that flies	dachou
Something that flies	daihayabusa
Something that flies	dakku
Something that flies	dan
Something that flies	dandodan
Something that flies	dandomisairu
Something that flies	dandoudan
Something that flies	dandoumisairu
Something that flies	dangan
Something that flies	dasuto
Something that flies	dema
Something that flies	denshobato
Something that flies	dodo
Something that flies	dokingu
Something that flies	dokuga
Something that flies	dominikku
Something that flies	dominiku
Something that flies	donbutsu
Something that flies	doodoo
Something that flies	dookingu
Something that flies	doragon
Something that flies	doron
Something that flies	doroon
Something that flies	eabasu
Something that flies	eakurafuto
Something that flies	eapureen
Something that flies	eapurein
Something that flies	eapuren
Something that flies	eboshigara
Something that flies	eisei
Something that flies	eiseifune
Something that flies	ekizose
Something that flies	emyu
Something that flies	emyuu
Something that flies	enhanabachi
Something that flies	enjieru
Something that flies	enmu
Something that flies	enzeru
Something that flies	erimakishigi
Something that flies	etopirika
Something that flies	faita
Something that flies	faitaa
Something that flies	fanjietto
Something that flies	feari
Something that flies	fearii
Something that flies	fenikkusu
Something that flies	feyari
Something that flies	feyarii
Something that flies	feza
Something that flies	fezaa
Something that flies	finchi
Something that flies	fubun
Something that flies	fuhyo
Something that flies	fuhyou
Something that flies	fujin
Something that flies	fukukan
Something that flies	fukuro
Something that flies	fukurou
Something that flies	fukuyoki
Something that flies	fukuyouki
Something that flies	furai
Something that flies	furamingo
Something that flies	furisubi
Something that flies	furisubii
Something that flies	fusen
Something that flies	fusetsu
Something that flies	futaobichidori
Something that flies	fuubun
Something that flies	fuuhyou
Something that flies	fuujin
Something that flies	fuusen
Something that flies	fuusetsu
Something that flies	fuyushaku
Something that flies	gacho
Something that flies	gachou
Something that flies	gan
Something that flies	ganda
Something that flies	gandaa
Something that flies	gara
Something that flies	garantori
Something that flies	geigekiki
Something that flies	gini
Something that flies	ginii
Something that flies	ginyoku
Something that flies	ginzanmashiko
Something that flies	goisagi
Something that flies	goishishijimi
Something that flies	gojukara
Something that flies	gojuukara
Something that flies	gomadaracho
Something that flies	gomadarachou
Something that flies	goshikidoriaka
Something that flies	gubutsu
Something that flies	gufu
Something that flies	gujin
Something that flies	gunkandori
Something that flies	gunyoki
Something that flies	gunyouki
Something that flies	guraida
Something that flies	guraidaa
Something that flies	gurifon
Something that flies	gusha
Something that flies	hachi
Something that flies	hae
Something that flies	hagetaka
Something that flies	hagewashi
Something that flies	hagoromogarasu
Something that flies	hai
Something that flies	haidoropureen
Something that flies	haidoropuren
Something that flies	haiirogan
Something that flies	haikara
Something that flies	hairogan
Something that flies	haitaka
Something that flies	hajiromibato
Something that flies	hajiroumibato
Something that flies	hakiribachi
Something that flies	hakubonyari
Something that flies	hakuchimono
Something that flies	hakucho
Something that flies	hakuchou
Something that flies	hakugan
Something that flies	hamashigi
Something that flies	hanabachi
Something that flies	hane
Something that flies	hanguguraida
Something that flies	hanguguraidaa
Something that flies	hankami
Something that flies	happa
Something that flies	hashibiroko
Something that flies	hashibirokou
Something that flies	hataoritori
Something that flies	hato
Something that flies	hayabusa
Something that flies	herasagi
Something that flies	heri
Something that flies	herikoputa
Something that flies	herikoputaa
Something that flies	heron
Something that flies	hibari
Something that flies	hidorigamo
Something that flies	higo
Something that flies	hikin
Something that flies	hikishiki
Something that flies	hikoki
Something that flies	hikosen
Something that flies	hikoshi
Something that flies	hikotei
Something that flies	hikouki
Something that flies	hikousen
Something that flies	hikoushi
Something that flies	hikoutei
Something that flies	hikuidori
Something that flies	himehajiro
Something that flies	himehanabachi
Something that flies	himekondoru
Something that flies	himerenjaku
Something that flies	himeshijimiaka
Something that flies	himeumisuzume
Something that flies	hina
Something that flies	hinatori
Something that flies	hinkei
Something that flies	hirameki
Something that flies	hisui
Something that flies	hitonomi
Something that flies	hitoriga
Something that flies	hitoriuranai
Something that flies	hitsushiki
Something that flies	hiwa
Something that flies	hiyokezarume
Something that flies	hokori
Something that flies	homatsu
Something that flies	hoshigarasu
Something that flies	hoshihajiro
Something that flies	houmatsu
Something that flies	houyoku
Something that flies	hoyoku
Something that flies	hyoban
Something that flies	hyomoncho
Something that flies	hyomushi
Something that flies	hyorokutama
Something that flies	hyouban
Something that flies	hyoumonchou
Something that flies	hyoumushi
Something that flies	hyourokutama
Something that flies	icbm
Something that flies	ichimonjicho
Something that flies	ichimonjichou
Something that flies	ichisusuri
Something that flies	iebae
Something that flies	iehae
Something that flies	iemisosazai
Something that flies	ieroosurooto
Something that flies	ierosuroto
Something that flies	iga
Something that flies	iguru
Something that flies	iiguru
Something that flies	iikamo
Something that flies	iitori
Something that flies	ika
Something that flies	ikamo
Something that flies	ikanobori
Something that flies	inago
Something that flies	ineko
Something that flies	inko
Something that flies	inuwashi
Something that flies	ishiusu
Something that flies	isuka
Something that flies	itori
Something that flies	iwahibarika
Something that flies	iwatsubame
Something that flies	jaiantomoa
Something that flies	jietto
Something that flies	jiettoki
Something that flies	jingen
Something that flies	jinkoeisei
Something that flies	jinkoueisei
Something that flies	judan
Something that flies	jugan
Something that flies	junkomisairu
Something that flies	junkoumisairu
Something that flies	jutan
Something that flies	juudan
Something that flies	juugan
Something that flies	juutan
Something that flies	kaakaa
Something that flies	kaapetto
Something that flies	kafun
Something that flies	kagayaki
Something that flies	kai
Something that flies	kaibun
Something that flies	kaiko
Something that flies	kaikoga
Something that flies	kaito
Something that flies	kaitsuburi
Something that flies	kaitsuburime
Something that flies	kaka
Something that flies	kakesu
Something that flies	kaki
Something that flies	kakko
Something that flies	kakkou
Something that flies	kakuitori
Something that flies	kamadomushikui
Something that flies	kamitako
Something that flies	kamo
Something that flies	kamome
Something that flies	kanadagan
Something that flies	kanadakakesu
Something that flies	kanaria
Something that flies	kanmuriuzura
Something that flies	kaojirogan
Something that flies	kapetto
Something that flies	kapuseru
Something that flies	karasu
Something that flies	karorainainko
Something that flies	karyu
Something that flies	karyuu
Something that flies	kasasagi
Something that flies	kashidori
Something that flies	kashokucho
Something that flies	kashokuchou
Something that flies	kawagarasu
Something that flies	kawarabato
Something that flies	kawasemi
Something that flies	keashima
Something that flies	keikitama
Something that flies	keiryukikyu
Something that flies	keiryuukikyuu
Something that flies	kemuri
Something that flies	ketsuaaru
Something that flies	ketsuaru
Something that flies	kibai
Something that flies	kibashiri
Something that flies	kibitaishime
Something that flies	kidofune
Something that flies	kidoufune
Something that flies	kigisu
Something that flies	kiha
Something that flies	kiho
Something that flies	kihou
Something that flies	kiirosuzumega
Something that flies	kiiui
Something that flies	kiji
Something that flies	kijioraicho
Something that flies	kijioraichou
Something that flies	kijo
Something that flies	kikuitadaki
Something that flies	kikyu
Something that flies	kikyuu
Something that flies	kinezumi
Something that flies	kingupengin
Something that flies	kinkacho
Something that flies	kinkachou
Something that flies	kinkei
Something that flies	kinoha
Something that flies	kintori
Something that flies	kirenjaku
Something that flies	kirosuzumega
Something that flies	kitsutsuki
Something that flies	kiui
Something that flies	kobato
Something that flies	kobuhakucho
Something that flies	kobuhakuchou
Something that flies	kocho
Something that flies	kochou
Something that flies	kochu
Something that flies	kodan
Something that flies	kogekiki
Something that flies	kohakucho
Something that flies	kohakuchou
Something that flies	kojaku
Something that flies	kokamo
Something that flies	kokiashishigi
Something that flies	kokucho
Something that flies	kokuchou
Something that flies	kokuki
Something that flies	komadori
Something that flies	komatsugumi
Something that flies	komeki
Something that flies	komonkuina
Something that flies	komori
Something that flies	kondoru
Something that flies	konisshu
Something that flies	konoha
Something that flies	konohatori
Something that flies	konohazuku
Something that flies	konotori
Something that flies	koonisshu
Something that flies	koro
Something that flies	kosagi
Something that flies	koseifune
Something that flies	kosetsu
Something that flies	kosumonooto
Something that flies	kosumonoto
Something that flies	kosuzugamo
Something that flies	koteipengin
Something that flies	kotodorika
Something that flies	kotori
Something that flies	kotsumono
Something that flies	kotsutaka
Something that flies	kouchuu
Something that flies	koudan
Something that flies	kougekiki
Something that flies	koujaku
Something that flies	koukamo
Something that flies	koukuuki
Something that flies	koumeki
Something that flies	koumori
Something that flies	kounotori
Something that flies	kouseifune
Something that flies	kousetsu
Something that flies	kouteipengin
Something that flies	kouwashi
Something that flies	kowashi
Something that flies	kubiwatsugumi
Something that flies	kugui
Something that flies	kuhibuenban
Something that flies	kujaku
Something that flies	kujakucho
Something that flies	kujakuchou
Something that flies	kujakunoosu
Something that flies	kujakunosu
Something that flies	kumabachi
Something that flies	kurein
Something that flies	kurinezumi
Something that flies	kuro
Something that flies	kurogamo
Something that flies	kurohae
Something that flies	kuroraicho
Something that flies	kuroraichou
Something that flies	kurotori
Something that flies	kurou
Something that flies	kuuhibuenban
Something that flies	kyojoshigi
Something that flies	kyomono
Something that flies	kyoujoshigi
Something that flies	kyukancho
Something that flies	kyuukanchou
Something that flies	magamo
Something that flies	mahiwa
Something that flies	mahoshi
Something that flies	mahotsukai
Something that flies	mahoushi
Something that flies	mahoutsukai
Something that flies	majo
Something that flies	makibashigi
Something that flies	marariaka
Something that flies	mari
Something that flies	maruhanabachi
Something that flies	maruhanahachi
Something that flies	matsunokihiwa
Something that flies	matto
Something that flies	meguro
Something that flies	meicho
Something that flies	meichou
Something that flies	meikinrui
Something that flies	mendori
Something that flies	mesudori
Something that flies	mesutori
Something that flies	mijin
Something that flies	mimizuku
Something that flies	misago
Something that flies	misairu
Something that flies	misosazai
Something that flies	mitsubachi
Something that flies	mitsusui
Something that flies	miyakodori
Something that flies	miyakodorizoku
Something that flies	miyamagarasu
Something that flies	miyamakarasu
Something that flies	miyamashitodo
Something that flies	miyubishigi
Something that flies	mizunagidori
Something that flies	mizutori
Something that flies	moa
Something that flies	mokin
Something that flies	momoiroperikan
Something that flies	monshirocho
Something that flies	monshirochou
Something that flies	moribato
Something that flies	morifukuro
Something that flies	morifukurou
Something that flies	moritsugumi
Something that flies	moukin
Something that flies	mozu
Something that flies	mukudori
Something that flies	munashike
Something that flies	munashikemono
Something that flies	nabeko
Something that flies	nabekou
Something that flies	naganakikitori
Something that flies	naganakitori
Something that flies	nagekibato
Something that flies	nageya
Something that flies	naichingeeru
Something that flies	naichingeru
Something that flies	nakihakucho
Something that flies	nakihakuchou
Something that flies	nekkikyu
Something that flies	nekkikyuu
Something that flies	nekomanedori
Something that flies	nikubae
Something that flies	nishibupposo
Something that flies	nishibuppousou
Something that flies	niwatori
Something that flies	niwatsutori
Something that flies	nogamo
Something that flies	noharatsugumi
Something that flies	nohitaki
Something that flies	nosashibae
Something that flies	nosuri
Something that flies	oaosagi
Something that flies	oban
Something that flies	obita
Something that flies	ohashi
Something that flies	ohoshihajiro
Something that flies	ojirowashi
Something that flies	ojurin
Something that flies	okabamadara
Something that flies	okamome
Something that flies	okiashishigi
Something that flies	okomori
Something that flies	okomoriamoku
Something that flies	omigarasu
Something that flies	omu
Something that flies	onagagamo
Something that flies	ondori
Something that flies	onibaba
Something that flies	onibabaa
Something that flies	oninkoshi
Something that flies	oninkoushi
Something that flies	oninyoshi
Something that flies	onisoputa
Something that flies	ooaosagi
Something that flies	ooban
Something that flies	oobita
Something that flies	oobitaa
Something that flies	oohashi
Something that flies	oohoshihajiro
Something that flies	oojurin
Something that flies	ookabamadara
Something that flies	ookamome
Something that flies	ookiashishigi
Something that flies	ookoumori
Something that flies	ookoumoriamoku
Something that flies	oonisoputaa
Something that flies	ooshirotori
Something that flies	oosutoritchi
Something that flies	ootaka
Something that flies	ootojairo
Something that flies	ooumigarasu
Something that flies	oowashi
Something that flies	ori
Something that flies	orokamono
Something that flies	orokanin
Something that flies	oshidori
Something that flies	oshirotori
Something that flies	osubachi
Something that flies	osuniwatori
Something that flies	osutoritchi
Something that flies	otaka
Something that flies	otojairo
Something that flies	oumu
Something that flies	owashi
Something that flies	pairotto
Something that flies	parashuto
Something that flies	parashuuto
Something that flies	pengin
Something that flies	perikan
Something that flies	pihen
Something that flies	piihen
Something that flies	pirotei
Something that flies	poppo
Something that flies	puroppujietto
Something that flies	ragu
Something that flies	ragumatto
Something that flies	raicho
Something that flies	raichou
Something that flies	rakkasan
Something that flies	rakugomono
Something that flies	rakugosha
Something that flies	rea
Something that flies	renjaku
Something that flies	risu
Something that flies	roketto
Something that flies	rokettodan
Something that flies	rurinojiko
Something that flies	ryocho
Something that flies	ryokobato
Something that flies	ryokoubato
Something that flies	ryouchou
Something that flies	ryu
Something that flies	ryugen
Something that flies	ryuu
Something that flies	ryuugen
Something that flies	saicho
Something that flies	saichou
Something that flies	sajin
Something that flies	sakei
Something that flies	sandan
Something that flies	sanhanuzura
Something that flies	sankakutsubasa
Something that flies	santaro
Something that flies	santarou
Something that flies	saruhamashigi
Something that flies	sateraito
Something that flies	segurokamome
Something that flies	sehyo
Something that flies	sehyou
Something that flies	seikei
Something that flies	seiran
Something that flies	seitakako
Something that flies	seitakakou
Something that flies	seitakashigi
Something that flies	sejirokogera
Something that flies	sekirei
Something that flies	sekiseiinko
Something that flies	sekiseinko
Something that flies	sekishokuyakei
Something that flies	sen
Something that flies	senjo
Something that flies	senko
Something that flies	senkou
Something that flies	sentoki
Something that flies	sentouki
Something that flies	seppen
Something that flies	sesetsu
Something that flies	shamo
Something that flies	shatorukokku
Something that flies	shichimencho
Something that flies	shichimenchou
Something that flies	shijimicho
Something that flies	shijimichou
Something that flies	shijukara
Something that flies	shijuukara
Something that flies	shikai
Something that flies	shimaaji
Something that flies	shimaaoji
Something that flies	shimaji
Something that flies	shimaoji
Something that flies	shime
Something that flies	shimi
Something that flies	shinkuiga
Something that flies	shirasagi
Something that flies	shisocho
Something that flies	shisochou
Something that flies	shodotsubame
Something that flies	shokin
Something that flies	shokukei
Something that flies	shoudoutsubame
Something that flies	shoukin
Something that flies	shubashiko
Something that flies	shubashikou
Something that flies	shushi
Something that flies	shuta
Something that flies	shuto
Something that flies	shuutaa
Something that flies	shuuto
Something that flies	shuzata
Something that flies	soramono
Something that flies	sosokukikyu
Something that flies	sosokukikyuu
Something that flies	sou
Something that flies	suiho
Something that flies	suihou
Something that flies	suijoki
Something that flies	suijouki
Something that flies	suikin
Something that flies	suimatsu
Something that flies	sukaidaiba
Something that flies	sukaidaibaa
Something that flies	sukuriimaa
Something that flies	sukurima
Something that flies	sumoku
Something that flies	sumooku
Something that flies	sunabashiri
Something that flies	sunabokori
Something that flies	suniwatori
Something that flies	supaaku
Something that flies	supaku
Something that flies	supaman
Something that flies	supeesuman
Something that flies	supesuman
Something that flies	suterusu
Something that flies	suupaaman
Something that flies	suwan
Something that flies	suzugamo
Something that flies	suzume
Something that flies	suzumebachi
Something that flies	taabopuroppu
Something that flies	taakii
Something that flies	tabopuroppu
Something that flies	tageri
Something that flies	tahibari
Something that flies	taka
Something that flies	taki
Something that flies	tako
Something that flies	takuboku
Something that flies	tama
Something that flies	tane
Something that flies	tanpopo
Something that flies	tanyoki
Something that flies	tanyouki
Something that flies	tashigi
Something that flies	tatehacho
Something that flies	tatehachou
Something that flies	teisatsuki
Something that flies	tendomushi
Something that flies	tendoumushi
Something that flies	tengukomori
Something that flies	tengukoumori
Something that flies	tenshi
Something that flies	teppodama
Something that flies	teppodan
Something that flies	teppotama
Something that flies	teppoudama
Something that flies	teppoudan
Something that flies	teppoutama
Something that flies	tobi
Something that flies	tokei
Something that flies	toki
Something that flies	tokiaka
Something that flies	tokiirokondoru
Something that flies	tokirokondoru
Something that flies	tokkoki
Something that flies	tokkouki
Something that flies	tonbo
Something that flies	torafuzuku
Something that flies	tori
Something that flies	torige
Something that flies	torisata
Something that flies	torizata
Something that flies	toukei
Something that flies	tsubame
Something that flies	tsubametobi
Something that flies	tsuchibokori
Something that flies	tsuepperin
Something that flies	tsuetsuehae
Something that flies	tsugumi
Something that flies	tsukatsukuri
Something that flies	tsunometori
Something that flies	tsuriabu
Something that flies	tsuru
Something that flies	uchuhikoshi
Something that flies	uchukapuseru
Something that flies	uchusen
Something that flies	uchutansaki
Something that flies	uchuuhikoushi
Something that flies	uchuukapuseru
Something that flies	uchuusen
Something that flies	uchuutansaki
Something that flies	uddopekka
Something that flies	uddopekkaa
Something that flies	uitchi
Something that flies	ukimei
Something that flies	umahae
Something that flies	umataro
Something that flies	umatarou
Something that flies	umiakisa
Something that flies	umidori
Something that flies	umigarasu
Something that flies	umihato
Something that flies	umitsubame
Something that flies	umo
Something that flies	umou
Something that flies	unjaku
Something that flies	ushiabu
Something that flies	ushibae
Something that flies	uso
Something that flies	utaite
Something that flies	utasuzume
Something that flies	utatsugumi
Something that flies	uwasa
Something that flies	uwasabanashi
Something that flies	uwasahanashi
Something that flies	uzura
Something that flies	waidobodiki
Something that flies	wakadori
Something that flies	wanidori
Something that flies	waraifukuro
Something that flies	waraifukurou
Something that flies	waraihisui
Something that flies	waraikamome
Something that flies	washi
Something that flies	wasupu
Something that flies	watariahodori
Something that flies	watariahoudori
Something that flies	wataribattarui
Something that flies	wataridori
Something that flies	watarigarasu
Something that flies	yabugara
Something that flies	yacho
Something that flies	yachou
Something that flies	yadon
Something that flies	yairocho
Something that flies	yairochou
Something that flies	yajirushi
Something that flies	yakei
Something that flies	yamabato
Something that flies	yamamayu
Something that flies	yamamayuito
Something that flies	yamashigi
Something that flies	yatsugashira
Something that flies	yoba
Something that flies	yogekiki
Something that flies	yoikamo
Something that flies	yoitori
Something that flies	yojo
Something that flies	yooroppaaogera
Something that flies	yooroppachuuhi
Something that flies	yooroppayotaka
Something that flies	yoroppachuhi
Something that flies	yoroppaogera
Something that flies	yoroppayotaka
Something that flies	yosei
Something that flies	yotaka
Something that flies	yotakaka
Something that flies	yotaro
Something that flies	yotarou
Something that flies	youba
Something that flies	yougekiki
Something that flies	youjo
Something that flies	yousei
Something that flies	yudodan
Something that flies	yufo
Something that flies	yukihimedori
Something that flies	yukihojiro
Something that flies	yukihoojiro
Something that flies	yukikosagi
Something that flies	yumemitori
Something that flies	yutsuke
Something that flies	yutsukeke
Something that flies	yutsukeketori
Something that flies	yutsuketori
Something that flies	yuudoudan
Something that flies	yuufoo
Something that flies	yuutsuke
Something that flies	yuutsukeke
Something that flies	yuutsukeketori
Something that flies	yuutsuketori
Something that flies	zagu
Something that flies	zogekamome
Something that flies	zokugen
Something that flies	zougekamome
Something that flies	zuaoatori
Something that flies	zuaohojiro
Something that flies	zuaohoojiro
A type of food	aamondo
A type of food	aateichooku
A type of food	abarakin
A type of food	abokaado
A type of food	abokado
A type of food	aburakasu
A type of food	agekome
A type of food	ahiru
A type of food	aisu
A type of food	aisubaagu
A type of food	aisubagu
A type of food	aisukuriimu
A type of food	aisukurimu
A type of food	aisukyande
A type of food	aisukyandee
A type of food	aisukyandi
A type of food	aisukyandii
A type of food	akanasu
A type of food	akaza
A type of food	aki
A type of food	akiaji
A type of food	akii
A type of food	amami
A type of food	ame
A type of food	amedama
A type of food	amondo
A type of food	anbai
A type of food	anchobi
A type of food	anchobii
A type of food	andaakatto
A type of food	andakatto
A type of food	anisu
A type of food	anko
A type of food	ankou
A type of food	anmono
A type of food	anzerika
A type of food	anzu
A type of food	aogai
A type of food	aomono
A type of food	aoyagi
A type of food	apetaiza
A type of food	apetaizaa
A type of food	appurusoosu
A type of food	appurusosu
A type of food	apurikotto
A type of food	arinomi
A type of food	arumando
A type of food	arumandosoosu
A type of food	arumandososu
A type of food	asari
A type of food	asatsuki
A type of food	aserora
A type of food	ashi
A type of food	asobime
A type of food	asobionna
A type of food	asuparagasu
A type of food	asuparuteemu
A type of food	asuparutemu
A type of food	ateichoku
A type of food	avokaado
A type of food	avokado
A type of food	ayu
A type of food	baaba
A type of food	baabekyuu
A type of food	baagaa
A type of food	baamiseri
A type of food	baba
A type of food	babekyu
A type of food	baffaro
A type of food	baffaroo
A type of food	baga
A type of food	bagetto
A type of food	baikai
A type of food	baishofu
A type of food	baishoufu
A type of food	baishunfu
A type of food	baita
A type of food	bajiru
A type of food	bakuga
A type of food	bakugekiki
A type of food	bakurava
A type of food	bamiseri
A type of food	banana
A type of food	banananoki
A type of food	baniku
A type of food	banira
A type of food	bata
A type of food	bataa
A type of food	bataamiruku
A type of food	batamiruku
A type of food	batta
A type of food	battaa
A type of food	battaaeki
A type of food	battaeki
A type of food	beeguru
A type of food	beekon
A type of food	beguru
A type of food	beibaku
A type of food	beihan
A type of food	beikoku
A type of food	beikon
A type of food	bejitaburu
A type of food	bekon
A type of food	benijake
A type of food	benimikan
A type of food	benizake
A type of food	beri
A type of food	berii
A type of food	beshamerusoosu
A type of food	beshamerusosu
A type of food	biari
A type of food	bifu
A type of food	bifusuteki
A type of food	bifuteki
A type of food	biifu
A type of food	biifusuteeki
A type of food	biin
A type of food	biito
A type of food	bin
A type of food	binega
A type of food	binegaa
A type of food	bineguretto
A type of food	binnaga
A type of food	biruberi
A type of food	biruberii
A type of food	biruton
A type of food	bisuke
A type of food	bisuketto
A type of food	bisukitto
A type of food	bisuku
A type of food	bisuteki
A type of food	bito
A type of food	biwa
A type of food	bonbon
A type of food	bora
A type of food	borushichi
A type of food	budo
A type of food	budou
A type of food	buiyaabeesu
A type of food	buiyabeesu
A type of food	buiyabesu
A type of food	buiyon
A type of food	burakkuberi
A type of food	burakkuberii
A type of food	burakkupepa
A type of food	burakkupepaa
A type of food	burakkupeppa
A type of food	burakkupeppaa
A type of food	buramanjie
A type of food	burauni
A type of food	buraunii
A type of food	bureddo
A type of food	burintsu
A type of food	burinui
A type of food	buriosshi
A type of food	buriosshu
A type of food	burisuketto
A type of food	buroira
A type of food	buroiraa
A type of food	buroiraaniku
A type of food	buroiraniku
A type of food	burokkori
A type of food	burokkorii
A type of food	burokori
A type of food	buruberi
A type of food	buruuberii
A type of food	bushie
A type of food	buta
A type of food	butaniku
A type of food	butanoshiozuke
A type of food	buushie
A type of food	cha
A type of food	chaba
A type of food	chakushokuryo
A type of food	chakushokuryou
A type of food	chanoha
A type of food	chapatei
A type of food	chapateii
A type of food	chatsune
A type of food	chauda
A type of food	chaudaa
A type of food	cheda
A type of food	chedaa
A type of food	cheri
A type of food	cherii
A type of food	chibi
A type of food	chichi
A type of food	chiizu
A type of food	chiizubaagaa
A type of food	chiizukeeki
A type of food	chikin
A type of food	chikori
A type of food	chikorii
A type of food	chirikonkaan
A type of food	chirikonkan
A type of food	chirimen
A type of food	chizu
A type of food	chizubaga
A type of food	chizukeki
A type of food	choji
A type of food	choko
A type of food	chokoreeto
A type of food	chokoreto
A type of food	chomiryo
A type of food	choppu
A type of food	choriso
A type of food	chouji
A type of food	choukou
A type of food	choumiryou
A type of food	chouzume
A type of food	chouzumeme
A type of food	chozume
A type of food	chozumeme
A type of food	chuingamu
A type of food	chuuingamu
A type of food	dafu
A type of food	dafushoshima
A type of food	daikon
A type of food	daizu
A type of food	damusonsumomo
A type of food	danpuringu
A type of food	dashishiru
A type of food	deetsu
A type of food	denisshu
A type of food	deonna
A type of food	derikatessen
A type of food	desaaru
A type of food	desaru
A type of food	detsu
A type of food	dezaato
A type of food	dezato
A type of food	donatsu
A type of food	doonatsu
A type of food	doresshingu
A type of food	dorian
A type of food	doroppusukon
A type of food	doroppusukoon
A type of food	ebi
A type of food	einichika
A type of food	eki
A type of food	ekiju
A type of food	ekijuu
A type of food	ekika
A type of food	ekurea
A type of food	enchiraada
A type of food	enchirada
A type of food	endaibu
A type of food	endomame
A type of food	endoumame
A type of food	enkan
A type of food	enkanatoriumu
A type of food	enoki
A type of food	enpera
A type of food	enperaa
A type of food	enrui
A type of food	epinaaru
A type of food	epinaru
A type of food	esukarugo
A type of food	faraferu
A type of food	farina
A type of food	fenneru
A type of food	fettochiine
A type of food	fettochine
A type of food	fire
A type of food	fireo
A type of food	fisshu
A type of food	foakuootaa
A type of food	foakuota
A type of food	fondan
A type of food	fondeyu
A type of food	fondeyuu
A type of food	fuan
A type of food	fudankusa
A type of food	fudanso
A type of food	fudansou
A type of food	fugu
A type of food	furaidopoteto
A type of food	furan
A type of food	furankufuruta
A type of food	furankufurutaa
A type of food	furappe
A type of food	furetsuma
A type of food	furikando
A type of food	furikandoo
A type of food	furikasse
A type of food	furitta
A type of food	furittaa
A type of food	furomaaju
A type of food	furomaju
A type of food	furutsukeki
A type of food	furuutsukeeki
A type of food	gaarikku
A type of food	gacho
A type of food	gachou
A type of food	gamu
A type of food	gamudoroppu
A type of food	ganbo
A type of food	garikku
A type of food	gasupacho
A type of food	gato
A type of food	gatoo
A type of food	gennama
A type of food	gii
A type of food	ginmeshi
A type of food	ginrin
A type of food	gionna
A type of food	gishigishi
A type of food	gohan
A type of food	gomeshi
A type of food	gottani
A type of food	guaba
A type of food	gurahamukona
A type of food	guranoora
A type of food	guranora
A type of food	gurebi
A type of food	gureebii
A type of food	gureen
A type of food	gureepu
A type of food	gurein
A type of food	guren
A type of food	gurepu
A type of food	guridorukeeki
A type of food	guridorukeki
A type of food	gusuberi
A type of food	guusuberii
A type of food	guuzuberii
A type of food	guyaashu
A type of food	guyashu
A type of food	guzuberi
A type of food	gyamon
A type of food	gyoniku
A type of food	gyonyu
A type of food	gyounyuu
A type of food	gyozoku
A type of food	gyuniku
A type of food	gyunyu
A type of food	gyuraku
A type of food	gyuuniku
A type of food	gyuunyuu
A type of food	gyuuraku
A type of food	haabu
A type of food	haato
A type of food	habu
A type of food	hachimitsu
A type of food	hadokku
A type of food	hagisu
A type of food	haindokuootaa
A type of food	haindokuota
A type of food	haison
A type of food	hajikami
A type of food	hakkochichi
A type of food	hakkouchichi
A type of food	hakkuruberi
A type of food	hakkuruberii
A type of food	hakumai
A type of food	hakuto
A type of food	hakutou
A type of food	hakuyaki
A type of food	hamaguri
A type of food	hamono
A type of food	hamu
A type of food	hanakai
A type of food	hanbaagaa
A type of food	hanbaga
A type of food	hani
A type of food	hanii
A type of food	hanmai
A type of food	hara
A type of food	haramitsu
A type of food	hariunagi
A type of food	hasshu
A type of food	hata
A type of food	hatankyo
A type of food	hatankyou
A type of food	hato
A type of food	hatsu
A type of food	heezerunattsu
A type of food	henruda
A type of food	henruuda
A type of food	hento
A type of food	hentou
A type of food	hezerunattsu
A type of food	hichun
A type of food	hiichun
A type of food	hikagami
A type of food	hinatori
A type of food	hiniku
A type of food	hirame
A type of food	hire
A type of food	hiru
A type of food	hisashikiyaki
A type of food	hitosara
A type of food	hitsuji
A type of food	hitsujiniku
A type of food	hitsujisho
A type of food	hitsujishou
A type of food	hiyokomame
A type of food	hizakake
A type of food	hizakakeke
A type of food	hizuke
A type of food	hoippu
A type of food	hoosuradisshu
A type of food	horenkusa
A type of food	horenso
A type of food	hoshibudo
A type of food	hoshibudou
A type of food	hoshiniku
A type of food	hoshisumomo
A type of food	hosuradisshu
A type of food	hotate
A type of food	hotatekai
A type of food	hottodoggu
A type of food	hottokeeki
A type of food	hottokeki
A type of food	hourenkusa
A type of food	hourensou
A type of food	howaitopepa
A type of food	howaitopepaa
A type of food	howaitopeppa
A type of food	howaitopeppaa
A type of food	howaitosoosu
A type of food	howaitososu
A type of food	hyokako
A type of food	hyoukako
A type of food	ichibo
A type of food	ichigo
A type of food	ichijiku
A type of food	ichijikujoka
A type of food	ichijikujouka
A type of food	ichijikuka
A type of food	ichiyatsuma
A type of food	ika
A type of food	inagomame
A type of food	inbai
A type of food	inbaifu
A type of food	ine
A type of food	inemago
A type of food	inonna
A type of food	inpu
A type of food	inuibudo
A type of food	inuibudou
A type of food	inuipan
A type of food	ippin
A type of food	itayakai
A type of food	iwashi
A type of food	jaakii
A type of food	jagaimo
A type of food	jairo
A type of food	jaki
A type of food	jamu
A type of food	janbaraiya
A type of food	janketto
A type of food	jibie
A type of food	jieri
A type of food	jierii
A type of food	jiitei
A type of food	jinja
A type of food	jinjaa
A type of food	jinjaabureddo
A type of food	jinjaapaudaa
A type of food	jinjabureddo
A type of food	jinjapauda
A type of food	jitei
A type of food	johakuto
A type of food	jomai
A type of food	joro
A type of food	jorou
A type of food	jouhakutou
A type of food	joumai
A type of food	jueki
A type of food	juniku
A type of food	jusu
A type of food	juueki
A type of food	juuniku
A type of food	juusu
A type of food	kaado
A type of food	kabocha
A type of food	kabu
A type of food	kabura
A type of food	kado
A type of food	kagonotori
A type of food	kai
A type of food	kairai
A type of food	kairui
A type of food	kajitsu
A type of food	kajitsusake
A type of food	kakao
A type of food	kakeshiru
A type of food	kaki
A type of food	kakin
A type of food	kakuteru
A type of food	kami
A type of food	kan
A type of food	kanappe
A type of food	kanbudo
A type of food	kanbudou
A type of food	kani
A type of food	kanjo
A type of food	kanjou
A type of food	kankei
A type of food	kankitsurui
A type of food	kanmiryo
A type of food	kanmiryou
A type of food	kanniku
A type of food	kanraku
A type of food	kanran
A type of food	kanro
A type of food	kantaroopu
A type of food	kantaropu
A type of food	kanzo
A type of food	kanzou
A type of food	kaori
A type of food	kappukeeki
A type of food	kappukeki
A type of food	kara
A type of food	karameru
A type of food	karanto
A type of food	karantsu
A type of food	karashi
A type of food	karashina
A type of food	karasumugi
A type of food	kare
A type of food	karee
A type of food	karei
A type of food	karenzu
A type of food	karifurawa
A type of food	karifurawaa
A type of food	karubonaara
A type of food	karubonara
A type of food	karudamon
A type of food	karumera
A type of food	karumeyaki
A type of food	kashi
A type of food	kashu
A type of food	kashunattsu
A type of food	kashuu
A type of food	kashuunattsu
A type of food	kasutaado
A type of food	kasutado
A type of food	kata
A type of food	katakake
A type of food	katakakeke
A type of food	kataniku
A type of food	katsuo
A type of food	kayu
A type of food	kechappu
A type of food	keeki
A type of food	keeku
A type of food	keihi
A type of food	keikoku
A type of food	keiran
A type of food	keisei
A type of food	kejieri
A type of food	kejierii
A type of food	keki
A type of food	keku
A type of food	kenka
A type of food	kenpan
A type of food	keshine
A type of food	kiche
A type of food	kichigo
A type of food	kiharucha
A type of food	kiichigo
A type of food	kiiui
A type of food	kiji
A type of food	kikujisha
A type of food	kimame
A type of food	kimi
A type of food	kimo
A type of food	kin
A type of food	kingusaamon
A type of food	kingusamon
A type of food	kinkai
A type of food	kinkan
A type of food	kinomi
A type of food	kinrenhana
A type of food	kisshu
A type of food	kisu
A type of food	kiui
A type of food	kiuifurutsu
A type of food	kiuifuruutsu
A type of food	kochukusuri
A type of food	kohada
A type of food	kohikeki
A type of food	kohitsuji
A type of food	kohitsujiniku
A type of food	koi
A type of food	koikayu
A type of food	koji
A type of food	kokakurui
A type of food	kokemomo
A type of food	kokiiru
A type of food	kokiru
A type of food	kokoa
A type of food	kokonatsu
A type of food	kokonattsu
A type of food	kokoro
A type of food	kokoronozo
A type of food	kokoronozou
A type of food	koku
A type of food	kokufun
A type of food	kokumotsu
A type of food	kokurui
A type of food	kokutsubu
A type of food	kome
A type of food	komiyasai
A type of food	komugi
A type of food	kon
A type of food	kona
A type of food	konashoga
A type of food	konashouga
A type of food	konfuri
A type of food	konfurii
A type of food	kongoinryo
A type of food	kongouinryou
A type of food	konmiru
A type of food	konomi
A type of food	konpooto
A type of food	konpoto
A type of food	konsome
A type of food	koohiikeeki
A type of food	koon
A type of food	koonmiiru
A type of food	koori
A type of food	koorurabi
A type of food	koorusuroo
A type of food	koppepan
A type of food	kopura
A type of food	kori
A type of food	korianda
A type of food	koriandaa
A type of food	korizato
A type of food	korokke
A type of food	korurabi
A type of food	korusuro
A type of food	koshi
A type of food	koshiniku
A type of food	koshinryo
A type of food	kosho
A type of food	koshou
A type of food	kouchuukusuri
A type of food	kouji
A type of food	koukakurui
A type of food	koumiyasai
A type of food	kourizatou
A type of food	koushi
A type of food	koushinryou
A type of food	kubi
A type of food	kudamono
A type of food	kugutsume
A type of food	kugutsuonna
A type of food	kuiamari
A type of food	kuiamashi
A type of food	kuinokoshi
A type of food	kukki
A type of food	kukkii
A type of food	kunisshu
A type of food	kunseihamu
A type of food	kurage
A type of food	kurakka
A type of food	kurakkaa
A type of food	kuranberi
A type of food	kuranberii
A type of food	kureepu
A type of food	kurenaimikan
A type of food	kurepu
A type of food	kureson
A type of food	kuriimu
A type of food	kurimu
A type of food	kurobu
A type of food	kuroichigo
A type of food	kurokosho
A type of food	kurokoshou
A type of food	kuroobu
A type of food	kuroovu
A type of food	kurovu
A type of food	kurowassan
A type of food	kurumato
A type of food	kurumatou
A type of food	kurumi
A type of food	kurura
A type of food	kuruton
A type of food	kuruuraa
A type of food	kusa
A type of food	kusahen
A type of food	kusukusu
A type of food	kuttsuki
A type of food	kyabetsu
A type of food	kyabia
A type of food	kyande
A type of food	kyandee
A type of food	kyandi
A type of food	kyandii
A type of food	kyarameru
A type of food	kyaraue
A type of food	kyarauee
A type of food	kyomai
A type of food	kyoumai
A type of food	kyuban
A type of food	kyukei
A type of food	kyukeikanran
A type of food	kyuri
A type of food	kyuuban
A type of food	kyuukei
A type of food	kyuukeikanran
A type of food	kyuuri
A type of food	maagarin
A type of food	maajoramu
A type of food	maamareedo
A type of food	mafin
A type of food	magarin
A type of food	maguro
A type of food	majoramu
A type of food	makaroni
A type of food	makurakome
A type of food	mamaredo
A type of food	mamareedo
A type of food	mame
A type of food	mamerui
A type of food	manbo
A type of food	manbou
A type of food	mandarin
A type of food	mango
A type of food	mangoo
A type of food	mangosuchin
A type of food	marinaado
A type of food	marinado
A type of food	marine
A type of food	marinedo
A type of food	marineedo
A type of food	maruchipan
A type of food	marumero
A type of food	marusuguri
A type of food	maruyakiki
A type of food	mashimaro
A type of food	mashumaro
A type of food	masshurumu
A type of food	masshuruumu
A type of food	masu
A type of food	masukarupone
A type of food	masukarupoone
A type of food	masukatto
A type of food	masukumeron
A type of food	masunosuke
A type of food	masutaado
A type of food	masutado
A type of food	maton
A type of food	matsua
A type of food	matsunomi
A type of food	mattsua
A type of food	mattsuaa
A type of food	mattsuo
A type of food	mayoneezu
A type of food	mayonezu
A type of food	meenkoosu
A type of food	meinkoosu
A type of food	meinkosu
A type of food	meisu
A type of food	mekajiki
A type of food	men
A type of food	mendori
A type of food	menkashi
A type of food	menkosu
A type of food	menrui
A type of food	menuke
A type of food	meron
A type of food	merurusa
A type of food	meruruusa
A type of food	meshi
A type of food	miiru
A type of food	miito
A type of food	miitobooru
A type of food	miitoroofu
A type of food	mikan
A type of food	mikkusu
A type of food	mikkusukona
A type of food	minesutorone
A type of food	minesutoroone
A type of food	minto
A type of food	miru
A type of food	miruku
A type of food	miso
A type of food	mito
A type of food	mitoboru
A type of food	mitorofu
A type of food	mitsu
A type of food	mizuame
A type of food	mochikaeri
A type of food	moka
A type of food	momo
A type of food	momoniku
A type of food	momonji
A type of food	monsutera
A type of food	morokoshi
A type of food	mottsuarerra
A type of food	mugi
A type of food	mugiko
A type of food	murukai
A type of food	musaka
A type of food	musu
A type of food	muton
A type of food	muurukai
A type of food	muusu
A type of food	muuton
A type of food	nabemono
A type of food	nagetto
A type of food	najiri
A type of food	namazu
A type of food	naminohana
A type of food	nan
A type of food	nankinmame
A type of food	nashi
A type of food	nashinomi
A type of food	nasu
A type of food	nasutachiumu
A type of food	natsume
A type of food	natsumeggu
A type of food	natsumegu
A type of food	natsumeyashi
A type of food	nattsu
A type of food	negi
A type of food	nekku
A type of food	nekutarin
A type of food	nichi
A type of food	nichinichi
A type of food	nichizuke
A type of food	nijiru
A type of food	nikki
A type of food	niku
A type of food	nikugyu
A type of food	nikugyuu
A type of food	nikuhen
A type of food	nikukire
A type of food	nikumamekan
A type of food	nikurui
A type of food	nikuzuku
A type of food	ninjin
A type of food	ninniku
A type of food	ninonna
A type of food	niranegi
A type of food	nishin
A type of food	niwatoko
A type of food	niwatori
A type of food	nogikoku
A type of food	nogikokurui
A type of food	nokorimono
A type of food	nou
A type of food	nudoru
A type of food	nuga
A type of food	nugaa
A type of food	nuka
A type of food	nuudoru
A type of food	nyokki
A type of food	nyuju
A type of food	nyuraku
A type of food	nyusei
A type of food	nyushi
A type of food	nyuujuu
A type of food	nyuuraku
A type of food	nyuusei
A type of food	nyuushi
A type of food	obako
A type of food	ocha
A type of food	ochagashi
A type of food	ochichi
A type of food	oiran
A type of food	okashi
A type of food	okin
A type of food	okura
A type of food	omachi
A type of food	omanma
A type of food	omeshi
A type of food	omugi
A type of food	omuginotsubu
A type of food	omugitsubu
A type of food	omuretsu
A type of food	onion
A type of food	onnabosatsu
A type of food	onogai
A type of food	oobako
A type of food	oomugi
A type of food	oomuginotsubu
A type of food	oomugitsubu
A type of food	oonogai
A type of food	oorusupaisu
A type of food	oosuguri
A type of food	ootokeeki
A type of food	ootomiiru
A type of food	oppai
A type of food	orandaichigo
A type of food	orenji
A type of food	orenjipeko
A type of food	orenjipekoo
A type of food	oribu
A type of food	oriibu
A type of food	orusupaisu
A type of food	oruzo
A type of food	oruzoo
A type of food	osagari
A type of food	osara
A type of food	oshiru
A type of food	osuguri
A type of food	otama
A type of food	oto
A type of food	otokeki
A type of food	otomiru
A type of food	otsuke
A type of food	outou
A type of food	paasunippu
A type of food	paburoba
A type of food	paburooba
A type of food	paburova
A type of food	paburowa
A type of food	paeria
A type of food	paeriya
A type of food	paerya
A type of food	pafe
A type of food	pafu
A type of food	pai
A type of food	painappuru
A type of food	pan
A type of food	panjo
A type of food	pankeeki
A type of food	pankeki
A type of food	pannoki
A type of food	panpan
A type of food	panpukin
A type of food	pansuke
A type of food	papaiya
A type of food	papurika
A type of food	paseri
A type of food	pasunippu
A type of food	pasuta
A type of food	pasutei
A type of food	pasutorami
A type of food	pate
A type of food	patei
A type of food	pateii
A type of food	pea
A type of food	peesuto
A type of food	peisuto
A type of food	pekan
A type of food	peko
A type of food	pekoo
A type of food	pemikan
A type of food	penne
A type of food	pepa
A type of food	pepaa
A type of food	pepaaminto
A type of food	pepaminto
A type of food	pepokabocha
A type of food	peppa
A type of food	peppaa
A type of food	pesuto
A type of food	pesutori
A type of food	pesutorii
A type of food	peya
A type of food	pichi
A type of food	piichi
A type of food	piiman
A type of food	piinatsu
A type of food	piinatto
A type of food	piinattsu
A type of food	piman
A type of food	pimento
A type of food	pinatsu
A type of food	pinatto
A type of food	pinattsu
A type of food	pinooru
A type of food	pinoru
A type of food	pirafu
A type of food	piren
A type of food	piroshiki
A type of food	pisutachio
A type of food	pita
A type of food	pittsua
A type of food	piza
A type of food	pizapai
A type of food	poku
A type of food	pokusoseji
A type of food	pooku
A type of food	pookusooseeji
A type of food	poppukon
A type of food	poppukoon
A type of food	poppuoba
A type of food	poppuoobaa
A type of food	porenta
A type of food	porijji
A type of food	potaaju
A type of food	potaju
A type of food	potechi
A type of food	potetochippu
A type of food	pottopai
A type of food	puddeingu
A type of food	pudin
A type of food	pudingu
A type of food	puramu
A type of food	purettsueru
A type of food	purin
A type of food	puroshutto
A type of food	purun
A type of food	puruun
A type of food	rabigooto
A type of food	rabigoto
A type of food	rabiori
A type of food	radishu
A type of food	radisshu
A type of food	raimu
A type of food	raisu
A type of food	rakkasei
A type of food	raku
A type of food	rakusho
A type of food	rakushou
A type of food	ramu
A type of food	ranbutan
A type of food	ranbuutan
A type of food	ranpaku
A type of food	ranpu
A type of food	ransaibo
A type of food	ransaibou
A type of food	ranshi
A type of food	rappu
A type of food	rasuku
A type of food	razaanya
A type of food	razania
A type of food	razanya
A type of food	razuberi
A type of food	razuberii
A type of food	reba
A type of food	rebaa
A type of food	rebaasooseeji
A type of food	rebasoseji
A type of food	reezun
A type of food	reishi
A type of food	reizun
A type of food	remon
A type of food	renzumame
A type of food	retasu
A type of food	reva
A type of food	revaa
A type of food	rezun
A type of food	ribu
A type of food	rigatoni
A type of food	rigatooni
A type of food	riiki
A type of food	riiku
A type of food	riki
A type of food	rikottachiizu
A type of food	rikottachizu
A type of food	riku
A type of food	ringo
A type of food	ringu
A type of food	ringuiine
A type of food	ringuine
A type of food	rinkei
A type of food	rissooru
A type of food	rissoru
A type of food	rizotto
A type of food	robusuta
A type of food	robusutaa
A type of food	rokuzai
A type of food	romai
A type of food	romeinretasu
A type of food	roomeinretasu
A type of food	rooru
A type of food	roosutaa
A type of food	roosuto
A type of food	roozumarii
A type of food	roru
A type of food	rosuta
A type of food	rosuto
A type of food	roumai
A type of food	rozumari
A type of food	rubaabu
A type of food	rubabu
A type of food	ruu
A type of food	ryomai
A type of food	ryori
A type of food	ryoumai
A type of food	ryouri
A type of food	saadin
A type of food	saajin
A type of food	saamon
A type of food	saaroin
A type of food	saba
A type of food	sabaran
A type of food	sadin
A type of food	sadoru
A type of food	safuran
A type of food	sajin
A type of food	sakana
A type of food	sake
A type of food	sakkarin
A type of food	sakumotsu
A type of food	sakuranbo
A type of food	sakuranbou
A type of food	sakuraniku
A type of food	samon
A type of food	samosa
A type of food	sanbon
A type of food	sanbonshiro
A type of food	sande
A type of food	sandee
A type of food	sando
A type of food	sandoitchi
A type of food	sandouitchi
A type of food	sankome
A type of food	sanmomo
A type of food	sapojira
A type of food	sara
A type of food	sarada
A type of food	saradore
A type of food	sarami
A type of food	saroin
A type of food	sarubia
A type of food	sarusa
A type of food	saruvia
A type of food	sasage
A type of food	sashimi
A type of food	sassafurasu
A type of food	sato
A type of food	satodaikon
A type of food	satoimo
A type of food	satokashi
A type of food	satoshi
A type of food	satotsuke
A type of food	satou
A type of food	satoudaikon
A type of food	satoukashi
A type of food	satoushi
A type of food	satoutsuke
A type of food	sawaabooru
A type of food	sawaboru
A type of food	seeji
A type of food	seibun
A type of food	seihakuto
A type of food	seihakutou
A type of food	seiji
A type of food	seika
A type of food	seiseito
A type of food	seiseitou
A type of food	seisenshokuhin
A type of food	seito
A type of food	seitou
A type of food	seiyokabocha
A type of food	seiyokashi
A type of food	seiyonashi
A type of food	seiyonegi
A type of food	seiyosuguri
A type of food	seiyoukabocha
A type of food	seiyoukashi
A type of food	seiyounashi
A type of food	seiyounegi
A type of food	seiyousuguri
A type of food	seiyouwasabi
A type of food	seiyowasabi
A type of food	seji
A type of food	semorina
A type of food	sen
A type of food	senaka
A type of food	sengyofu
A type of food	sengyoufu
A type of food	senniku
A type of food	seppaku
A type of food	serori
A type of food	seruriaku
A type of food	shakaatama
A type of food	shakatama
A type of food	shake
A type of food	shari
A type of food	sharibetsu
A type of food	sharotto
A type of food	sharurotto
A type of food	shi
A type of food	shichichi
A type of food	shichimencho
A type of food	shichimenchou
A type of food	shichu
A type of food	shichuu
A type of food	shii
A type of food	shiizuningu
A type of food	shika
A type of food	shikaniku
A type of food	shimunerukeeki
A type of food	shimunerukeki
A type of food	shinamon
A type of food	shinmai
A type of food	shinobionna
A type of food	shinzo
A type of food	shinzou
A type of food	shio
A type of food	shioaji
A type of food	shiobana
A type of food	shiokagen
A type of food	shioke
A type of food	shirababu
A type of food	shirako
A type of food	shiriaru
A type of food	shirohyoshi
A type of food	shirohyoushi
A type of food	shirokubi
A type of food	shiromi
A type of food	shiromitsu
A type of food	shiroppu
A type of food	shirozato
A type of food	shirozatou
A type of food	shiru
A type of food	shirumono
A type of food	shishikababu
A type of food	shita
A type of food	shitabirame
A type of food	shitorasu
A type of food	shitoron
A type of food	shizuningu
A type of food	shobaionna
A type of food	shoeki
A type of food	shofu
A type of food	shoga
A type of food	shogakona
A type of food	shogi
A type of food	shoka
A type of food	shokora
A type of food	shokuamari
A type of food	shokuamashi
A type of food	shokuen
A type of food	shokuhin
A type of food	shokukei
A type of food	shokukona
A type of food	shokuniku
A type of food	shokunokoshi
A type of food	shokupan
A type of food	shokuryohin
A type of food	shokuryouhin
A type of food	shokutakushio
A type of food	shokuyo
A type of food	shokuyodaio
A type of food	shokuyokona
A type of food	shokuyomame
A type of food	shokuyoudaiou
A type of food	shokuyoukona
A type of food	shokuyoumame
A type of food	shokuzan
A type of food	shooru
A type of food	shootobureddo
A type of food	shootokeeki
A type of food	shoru
A type of food	shoruda
A type of food	shorudaa
A type of food	shosekkai
A type of food	shotobureddo
A type of food	shotokeki
A type of food	shoubaionna
A type of food	shoueki
A type of food	shoufu
A type of food	shouga
A type of food	shougakona
A type of food	shougi
A type of food	shouikyo
A type of food	shouka
A type of food	shousekkai
A type of food	shouuikyou
A type of food	shuga
A type of food	shugaa
A type of food	shugyofu
A type of food	shuku
A type of food	shunittsueru
A type of food	shurinpu
A type of food	shuryoniku
A type of food	shuryouniku
A type of food	shuugyoufu
A type of food	soba
A type of food	sofuto
A type of food	sofutokuriimu
A type of food	sofutokurimu
A type of food	sohon
A type of food	sonomono
A type of food	sonoremono
A type of food	sooseeji
A type of food	soosu
A type of food	sorube
A type of food	sorutein
A type of food	sosai
A type of food	soseji
A type of food	soshiryo
A type of food	soshiryou
A type of food	sosu
A type of food	sote
A type of food	sotee
A type of food	souhon
A type of food	suburaki
A type of food	suedenkabura
A type of food	sufure
A type of food	suguri
A type of food	suhyo
A type of food	sui
A type of food	suiitomeron
A type of food	suika
A type of food	suimono
A type of food	suitomeron
A type of food	sukanpi
A type of food	sukarappu
A type of food	sukaroppu
A type of food	sukasshu
A type of food	sukausu
A type of food	suketotara
A type of food	suketoutara
A type of food	sukiyaki
A type of food	sukon
A type of food	sukoon
A type of food	sumomo
A type of food	sunakkukashi
A type of food	sune
A type of food	suneniku
A type of food	supagetei
A type of food	supageteii
A type of food	supageteini
A type of food	supagettei
A type of food	supagetteii
A type of food	supearibu
A type of food	supu
A type of food	supureddo
A type of food	supuritto
A type of food	surutana
A type of food	sushi
A type of food	suteeki
A type of food	suteki
A type of food	sutokku
A type of food	sutoroberi
A type of food	sutoroberii
A type of food	suueedenkabura
A type of food	suuhyou
A type of food	suupu
A type of food	suzuki
A type of food	suzushiro
A type of food	taakii
A type of food	taatoretto
A type of food	tabemono
A type of food	tabenokoshi
A type of food	taffi
A type of food	taffii
A type of food	tafi
A type of food	tafii
A type of food	tai
A type of food	taihaku
A type of food	take
A type of food	taki
A type of food	tako
A type of food	tama
A type of food	tamago
A type of food	tamagoyaki
A type of food	tamana
A type of food	tamanegi
A type of food	tamarindo
A type of food	tanjierin
A type of food	tanomi
A type of food	tapioka
A type of food	tara
A type of food	taragon
A type of food	tare
A type of food	tariaterre
A type of food	taroimo
A type of food	taruto
A type of food	tatakiniku
A type of food	tatoretto
A type of food	tawamureonna
A type of food	teiji
A type of food	teikuauto
A type of food	teiramisu
A type of food	teki
A type of food	tendaaroin
A type of food	tendaroin
A type of food	tenpura
A type of food	teriinu
A type of food	terinu
A type of food	teriyaki
A type of food	toffi
A type of food	toffii
A type of food	tofi
A type of food	tofii
A type of food	tofu
A type of food	togarashi
A type of food	tokibi
A type of food	tokikona
A type of food	tomato
A type of food	tomatokechappu
A type of food	tomorokoshi
A type of food	tonasu
A type of food	tonyu
A type of food	toosuto
A type of food	toraipu
A type of food	torimotsu
A type of food	toriniku
A type of food	torinoko
A type of food	torochi
A type of food	toroochi
A type of food	torute
A type of food	toruteiiya
A type of food	toruteiya
A type of food	toruterriini
A type of food	toruterrini
A type of food	toryufu
A type of food	tosuto
A type of food	toto
A type of food	toufu
A type of food	tougarashi
A type of food	toukibi
A type of food	toumorokoshi
A type of food	tounasu
A type of food	tounyuu
A type of food	tsubibakku
A type of food	tsubiibakku
A type of food	tsukeshiru
A type of food	tsukishiru
A type of food	tsumari
A type of food	tsumemono
A type of food	tsuna
A type of food	tsuyu
A type of food	udonge
A type of food	udonhana
A type of food	ueeha
A type of food	uefa
A type of food	ueha
A type of food	uehaa
A type of food	uehaasu
A type of food	uehasu
A type of food	uikyo
A type of food	uikyou
A type of food	uinnasooseeji
A type of food	uinnasoseji
A type of food	uintaaguriin
A type of food	uintagurin
A type of food	ukaretsuma
A type of food	ume
A type of food	umiogi
A type of food	umiougi
A type of food	unagi
A type of food	unshumikan
A type of food	unshuumikan
A type of food	uri
A type of food	uroko
A type of food	urokuzu
A type of food	uroncha
A type of food	usagi
A type of food	ushi
A type of food	ushihikiniku
A type of food	ushiminchi
A type of food	uuroncha
A type of food	uzura
A type of food	vanira
A type of food	vishisowaazu
A type of food	vishisowazu
A type of food	waaheru
A type of food	waffuru
A type of food	waheru
A type of food	wakadori
A type of food	wakamore
A type of food	wakka
A type of food	wantan
A type of food	wappuru
A type of food	warishita
A type of food	wasabi
A type of food	wasabidaikon
A type of food	wasanbon
A type of food	yagi
A type of food	yakumi
A type of food	yakuso
A type of food	yakusou
A type of food	yamaimo
A type of food	yamanoimo
A type of food	yamashi
A type of food	yaminonna
A type of food	yaminoonna
A type of food	yasai
A type of food	yaseiniku
A type of food	yasuke
A type of food	yatarashi
A type of food	yogarashi
A type of food	yogashi
A type of food	yoguruto
A type of food	yoma
A type of food	yonashi
A type of food	yooguruto
A type of food	yougarashi
A type of food	yougashi
A type of food	youma
A type of food	younashi
A type of food	yujo
A type of food	yukun
A type of food	yuujo
A type of food	yuukun
A type of food	zabaiyone
A type of food	zabaiyoone
A type of food	zabon
A type of food	zaifuriboku
A type of food	zairyo
A type of food	zairyou
A type of food	zakkoku
A type of food	zakuro
A type of food	zanbutsu
A type of food	zarigani
A type of food	zauakurauto
A type of food	zenryukona
A type of food	zenryuukona
A type of food	zensai
A type of food	zerachin
A type of food	zeri
A type of food	zerii
A type of food	zomotsu
A type of food	zoumotsu
A type of food	zuhan
A type of food	zuhyo
A type of food	zuhyou
A type of food	zukei
A type of food	zukkiini
A type of food	zukkini
A type of food	zushiki
A word meaning happy	akarui
A word meaning happy	arigatai
A word meaning happy	genki
A word meaning happy	gokigen
A word meaning happy	hai
A word meaning happy	happi
A word meaning happy	happii
A word meaning happy	harebareshi
A word meaning happy	harebareshii
A word meaning happy	harehareshi
A word meaning happy	harehareshii
A word meaning happy	hareyaka
A word meaning happy	hogara
A word meaning happy	hogaraka
A word meaning happy	iyokuteki
A word meaning happy	jihatsuteki
A word meaning happy	jokigen
A word meaning happy	joukigen
A word meaning happy	kaikatsu
A word meaning happy	kanjitaru
A word meaning happy	katajikenai
A word meaning happy	keikai
A word meaning happy	kikitaru
A word meaning happy	kofuku
A word meaning happy	kojin
A word meaning happy	kokororeshi
A word meaning happy	kokoroureshii
A word meaning happy	koufuku
A word meaning happy	koujin
A word meaning happy	koun
A word meaning happy	kouun
A word meaning happy	kyokishita
A word meaning happy	kyoukishita
A word meaning happy	meiro
A word meaning happy	meirou
A word meaning happy	nikoyaka
A word meaning happy	norinori
A word meaning happy	ooyorokobi
A word meaning happy	oyorokobi
A word meaning happy	rakukanteki
A word meaning happy	runrunshita
A word meaning happy	saiwai
A word meaning happy	seiseishi
A word meaning happy	seiseishii
A word meaning happy	shiaiwase
A word meaning happy	shiawase
A word meaning happy	tako
A word meaning happy	takou
A word meaning happy	tanoshi
A word meaning happy	tanoshige
A word meaning happy	tanoshii
A word meaning happy	tanoshisona
A word meaning happy	tanoshisouna
A word meaning happy	uekigen
A word meaning happy	uhauha
A word meaning happy	ureshi
A word meaning happy	ureshii
A word meaning happy	ureshisona
A word meaning happy	ureshisouna
A word meaning happy	yoki
A word meaning happy	yorokobashi
A word meaning happy	yorokobashii
A word meaning happy	youki
A tool of some kind	aikuchi
A tool of some kind	akuserareetaa
A tool of some kind	akuserareta
A tool of some kind	akuserereetaa
A tool of some kind	akuserereta
A tool of some kind	akuseru
A tool of some kind	araamu
A tool of some kind	araamukurokku
A tool of some kind	araioke
A tool of some kind	araiya
A tool of some kind	aramu
A tool of some kind	aramukurokku
A tool of some kind	aren
A tool of some kind	arupensutokku
A tool of some kind	asanabe
A tool of some kind	asutororaabe
A tool of some kind	asutororabe
A tool of some kind	atariya
A tool of some kind	atomomeetaa
A tool of some kind	atomometa
A tool of some kind	atsukaineji
A tool of some kind	awaagurasu
A tool of some kind	awagurasu
A tool of some kind	awatateki
A tool of some kind	baa
A tool of some kind	baketsu
A tool of some kind	baketto
A tool of some kind	bakugekiki
A tool of some kind	baransu
A tool of some kind	bariomeetaa
A tool of some kind	bariometa
A tool of some kind	baromeeta
A tool of some kind	baromeetaa
A tool of some kind	barometa
A tool of some kind	baron
A tool of some kind	baton
A tool of some kind	batto
A tool of some kind	biryotenbin
A tool of some kind	biryoutenbin
A tool of some kind	bitto
A tool of some kind	bogen
A tool of some kind	bogire
A tool of some kind	bogirere
A tool of some kind	bokire
A tool of some kind	boo
A tool of some kind	boogen
A tool of some kind	booru
A tool of some kind	boromeetaa
A tool of some kind	borometa
A tool of some kind	boru
A tool of some kind	boryokudan
A tool of some kind	boshi
A tool of some kind	bosui
A tool of some kind	bou
A tool of some kind	bougire
A tool of some kind	bougirere
A tool of some kind	boukire
A tool of some kind	bouryokudan
A tool of some kind	boushi
A tool of some kind	bousui
A tool of some kind	bumu
A tool of some kind	bundoki
A tool of some kind	bunkokodokei
A tool of some kind	bunkoukoudokei
A tool of some kind	buntai
A tool of some kind	burashi
A tool of some kind	burasshi
A tool of some kind	burasshu
A tool of some kind	buumu
A tool of some kind	byojikei
A tool of some kind	byoujikei
A tool of some kind	byuretto
A tool of some kind	byurin
A tool of some kind	byuurin
A tool of some kind	chabin
A tool of some kind	chagama
A tool of some kind	chaina
A tool of some kind	chako
A tool of some kind	chakooru
A tool of some kind	chakoru
A tool of some kind	cheensoo
A tool of some kind	chenso
A tool of some kind	chisha
A tool of some kind	chokokuto
A tool of some kind	choku
A tool of some kind	chona
A tool of some kind	chooku
A tool of some kind	choppa
A tool of some kind	choppaa
A tool of some kind	choryokukei
A tool of some kind	choshi
A tool of some kind	choukokutou
A tool of some kind	chouna
A tool of some kind	chouryokukei
A tool of some kind	choushi
A tool of some kind	chukanabe
A tool of some kind	chuukanabe
A tool of some kind	daikama
A tool of some kind	daisho
A tool of some kind	daishou
A tool of some kind	daisu
A tool of some kind	daisukata
A tool of some kind	deba
A tool of some kind	debabocho
A tool of some kind	debabouchou
A tool of some kind	deddoboruto
A tool of some kind	deetafairu
A tool of some kind	dendonokogiri
A tool of some kind	dendounokogiri
A tool of some kind	denken
A tool of some kind	denkikamisori
A tool of some kind	denko
A tool of some kind	denkou
A tool of some kind	denpatanchiki
A tool of some kind	denryokukei
A tool of some kind	denryukei
A tool of some kind	denryuukei
A tool of some kind	dentan
A tool of some kind	derufutoyaki
A tool of some kind	detafairu
A tool of some kind	doai
A tool of some kind	dogu
A tool of some kind	doki
A tool of some kind	dokisochi
A tool of some kind	doraiba
A tool of some kind	doraibaa
A tool of some kind	doraiva
A tool of some kind	doraivaa
A tool of some kind	doriru
A tool of some kind	doryokukei
A tool of some kind	doryokukikai
A tool of some kind	doryokukogu
A tool of some kind	dosu
A tool of some kind	dougu
A tool of some kind	doukisouchi
A tool of some kind	douryokukei
A tool of some kind	douryokukikai
A tool of some kind	douryokukougu
A tool of some kind	eahanma
A tool of some kind	eahanmaa
A tool of some kind	eapureen
A tool of some kind	eapurein
A tool of some kind	eapuren
A tool of some kind	efude
A tool of some kind	enbunkei
A tool of some kind	enpitsu
A tool of some kind	etsu
A tool of some kind	fairu
A tool of some kind	foku
A tool of some kind	fooku
A tool of some kind	fude
A tool of some kind	fuetsu
A tool of some kind	fukaku
A tool of some kind	fukin
A tool of some kind	fukkakukei
A tool of some kind	fukku
A tool of some kind	furaikaeshi
A tool of some kind	furaipan
A tool of some kind	furetto
A tool of some kind	futokorogatana
A tool of some kind	fuukaku
A tool of some kind	gara
A tool of some kind	gasumeetaa
A tool of some kind	gasumeta
A tool of some kind	gasutanku
A tool of some kind	geeji
A tool of some kind	geji
A tool of some kind	gekitetsu
A tool of some kind	gengo
A tool of some kind	genno
A tool of some kind	gennou
A tool of some kind	gensekiutsuwa
A tool of some kind	gigitoiuoto
A tool of some kind	gigu
A tool of some kind	giigiitoiuoto
A tool of some kind	ginyoku
A tool of some kind	gobotsurugi
A tool of some kind	goboutsurugi
A tool of some kind	gomu
A tool of some kind	goro
A tool of some kind	gun
A tool of some kind	guridoru
A tool of some kind	gyangu
A tool of some kind	haapuun
A tool of some kind	haburashi
A tool of some kind	hachibugi
A tool of some kind	hahari
A tool of some kind	hajidotsuwa
A tool of some kind	hajidoutsuwa
A tool of some kind	hakari
A tool of some kind	hake
A tool of some kind	hakuboku
A tool of some kind	hamono
A tool of some kind	hanakawa
A tool of some kind	handoru
A tool of some kind	hane
A tool of some kind	hanko
A tool of some kind	hanma
A tool of some kind	hanmaa
A tool of some kind	hanmi
A tool of some kind	hansharitsukei
A tool of some kind	hansho
A tool of some kind	hanshou
A tool of some kind	hantaakeesu
A tool of some kind	hantaatokei
A tool of some kind	hantakesu
A tool of some kind	hantatokei
A tool of some kind	hapun
A tool of some kind	hari
A tool of some kind	hasami
A tool of some kind	hashigo
A tool of some kind	hashira
A tool of some kind	hashuki
A tool of some kind	hatazao
A tool of some kind	hatsu
A tool of some kind	heaburashi
A tool of some kind	heiko
A tool of some kind	heikou
A tool of some kind	hekireki
A tool of some kind	hematokuritto
A tool of some kind	hera
A tool of some kind	hibashi
A tool of some kind	hijukei
A tool of some kind	hijuukei
A tool of some kind	hikigane
A tool of some kind	hikikiri
A tool of some kind	hikitetsu
A tool of some kind	hikoki
A tool of some kind	hikouki
A tool of some kind	hiranabe
A tool of some kind	hishokukei
A tool of some kind	hitsukaku
A tool of some kind	hobashira
A tool of some kind	hocho
A tool of some kind	hodo
A tool of some kind	hogeta
A tool of some kind	hokku
A tool of some kind	hoku
A tool of some kind	hooku
A tool of some kind	hotchikisu
A tool of some kind	houchou
A tool of some kind	houyoku
A tool of some kind	hoyoku
A tool of some kind	ichirinkuruma
A tool of some kind	idotsurube
A tool of some kind	iki
A tool of some kind	inazuma
A tool of some kind	inemitsu
A tool of some kind	ireezaa
A tool of some kind	ireza
A tool of some kind	ishizuchi
A tool of some kind	ito
A tool of some kind	itonoko
A tool of some kind	itonokogiri
A tool of some kind	jaanaru
A tool of some kind	jakki
A tool of some kind	jakku
A tool of some kind	jakkunaifu
A tool of some kind	janaru
A tool of some kind	jigen
A tool of some kind	jiki
A tool of some kind	jikikiatsukei
A tool of some kind	jiku
A tool of some kind	jikugi
A tool of some kind	jinrai
A tool of some kind	jiryokukei
A tool of some kind	jishaku
A tool of some kind	jishinkei
A tool of some kind	jogi
A tool of some kind	jogokatachi
A tool of some kind	johatsukei
A tool of some kind	josho
A tool of some kind	jougi
A tool of some kind	jougokatachi
A tool of some kind	jouhatsukei
A tool of some kind	joushou
A tool of some kind	juken
A tool of some kind	juki
A tool of some kind	jumotsu
A tool of some kind	junkatsuyu
A tool of some kind	junohikigane
A tool of some kind	juryokukei
A tool of some kind	jusa
A tool of some kind	juuken
A tool of some kind	juuki
A tool of some kind	juumotsu
A tool of some kind	juunohikigane
A tool of some kind	juuryokukei
A tool of some kind	juusaa
A tool of some kind	juuyari
A tool of some kind	juyari
A tool of some kind	kaeshibera
A tool of some kind	kagi
A tool of some kind	kaginawa
A tool of some kind	kai
A tool of some kind	kaijo
A tool of some kind	kaijou
A tool of some kind	kaitenjiku
A tool of some kind	kajizuka
A tool of some kind	kakarihashigo
A tool of some kind	kakehashigo
A tool of some kind	kakudaikyo
A tool of some kind	kakudaikyou
A tool of some kind	kakugen
A tool of some kind	kama
A tool of some kind	kamae
A tool of some kind	kaminari
A tool of some kind	kamisori
A tool of some kind	kamisoriri
A tool of some kind	kamushafuto
A tool of some kind	kanagata
A tool of some kind	kanai
A tool of some kind	kananoko
A tool of some kind	kanashikiki
A tool of some kind	kanazuchi
A tool of some kind	kandankei
A tool of some kind	kankan
A tool of some kind	kankanbakari
A tool of some kind	kankanhakari
A tool of some kind	kankokei
A tool of some kind	kankoukei
A tool of some kind	kannoki
A tool of some kind	kannuki
A tool of some kind	kanshitsukei
A tool of some kind	kanshokei
A tool of some kind	kanshoukei
A tool of some kind	kanshu
A tool of some kind	karada
A tool of some kind	karasuki
A tool of some kind	karazao
A tool of some kind	karorimeeta
A tool of some kind	karorimeta
A tool of some kind	kassha
A tool of some kind	katana
A tool of some kind	katateoke
A tool of some kind	katta
A tool of some kind	kattaa
A tool of some kind	kayaki
A tool of some kind	kefutsu
A tool of some kind	keharai
A tool of some kind	keibo
A tool of some kind	keibou
A tool of some kind	keihiki
A tool of some kind	keikopen
A tool of some kind	keikoupen
A tool of some kind	keiryoki
A tool of some kind	keiryouki
A tool of some kind	keisansurunin
A tool of some kind	keitaitokei
A tool of some kind	kendenutsuwa
A tool of some kind	kenka
A tool of some kind	kenkiutsuwa
A tool of some kind	kenko
A tool of some kind	kenkou
A tool of some kind	kenmaki
A tool of some kind	kenryukei
A tool of some kind	kenryuukei
A tool of some kind	kenukiki
A tool of some kind	keshigomu
A tool of some kind	ketoru
A tool of some kind	ketsuatsukei
A tool of some kind	kettoru
A tool of some kind	kiatsukei
A tool of some kind	kidachi
A tool of some kind	kido
A tool of some kind	kidou
A tool of some kind	kifude
A tool of some kind	kigu
A tool of some kind	kihosuijunki
A tool of some kind	kihousuijunki
A tool of some kind	kijiku
A tool of some kind	kikai
A tool of some kind	kiketsu
A tool of some kind	kikkusutando
A tool of some kind	kiku
A tool of some kind	kine
A tool of some kind	kingen
A tool of some kind	kinko
A tool of some kind	kinkou
A tool of some kind	kinomi
A tool of some kind	kintsuchi
A tool of some kind	kirite
A tool of some kind	kiseki
A tool of some kind	kishiruoto
A tool of some kind	kisoku
A tool of some kind	kizai
A tool of some kind	kizuchi
A tool of some kind	kodokei
A tool of some kind	kogatana
A tool of some kind	kogu
A tool of some kind	kohipotto
A tool of some kind	kokoronoyowasa
A tool of some kind	kokuki
A tool of some kind	kokusukuryu
A tool of some kind	konbo
A tool of some kind	konbou
A tool of some kind	koneko
A tool of some kind	konkei
A tool of some kind	konomi
A tool of some kind	konpasu
A tool of some kind	koohiipotto
A tool of some kind	kookusukuryuu
A tool of some kind	korukubatsu
A tool of some kind	korukunuki
A tool of some kind	koshizan
A tool of some kind	kotowaza
A tool of some kind	kou
A tool of some kind	koudokei
A tool of some kind	kougu
A tool of some kind	koukuuki
A tool of some kind	kouonkei
A tool of some kind	koushizan
A tool of some kind	koutsuwa
A tool of some kind	kouutsuwa
A tool of some kind	kuchibatsu
A tool of some kind	kuchinuki
A tool of some kind	kudaroshi
A tool of some kind	kudaroshikin
A tool of some kind	kudashikin
A tool of some kind	kukihanma
A tool of some kind	kumade
A tool of some kind	kumokagami
A tool of some kind	kuranku
A tool of some kind	kurankushafuto
A tool of some kind	kuratchi
A tool of some kind	kuratchipedaru
A tool of some kind	kurepushidora
A tool of some kind	kureyon
A tool of some kind	kuriiva
A tool of some kind	kurippa
A tool of some kind	kurippaa
A tool of some kind	kuriva
A tool of some kind	kurokku
A tool of some kind	kuronogurafu
A tool of some kind	kuronomeetaa
A tool of some kind	kuronometa
A tool of some kind	kusabibu
A tool of some kind	kusabikata
A tool of some kind	kussetsukei
A tool of some kind	kuukihanmaa
A tool of some kind	kuwa
A tool of some kind	kyapusutanbo
A tool of some kind	kyapusutanbou
A tool of some kind	kyo
A tool of some kind	kyoka
A tool of some kind	kyu
A tool of some kind	kyumenkei
A tool of some kind	kyusungobu
A tool of some kind	kyuu
A tool of some kind	kyuumenkei
A tool of some kind	kyuusungobu
A tool of some kind	lidar
A tool of some kind	maakaa
A tool of some kind	maikuromeetaa
A tool of some kind	maikurometa
A tool of some kind	majirika
A tool of some kind	majorika
A tool of some kind	maka
A tool of some kind	makijaku
A tool of some kind	makishaku
A tool of some kind	mandoreru
A tool of some kind	mannenhitsu
A tool of some kind	manomeeta
A tool of some kind	manomeetaa
A tool of some kind	manometa
A tool of some kind	manpokei
A tool of some kind	manriki
A tool of some kind	mari
A tool of some kind	marunomi
A tool of some kind	maruta
A tool of some kind	massha
A tool of some kind	masshaa
A tool of some kind	masuto
A tool of some kind	matsu
A tool of some kind	matsubazue
A tool of some kind	meeta
A tool of some kind	meetaa
A tool of some kind	meetoru
A tool of some kind	meigen
A tool of some kind	meja
A tool of some kind	mejaa
A tool of some kind	mesu
A tool of some kind	meta
A tool of some kind	metoru
A tool of some kind	mezamashi
A tool of some kind	mezamashitokei
A tool of some kind	migakinuno
A tool of some kind	mikisa
A tool of some kind	mikisaa
A tool of some kind	mikuromeetaa
A tool of some kind	mikurometa
A tool of some kind	mitsue
A tool of some kind	mitsumatafoku
A tool of some kind	mitsumatafooku
A tool of some kind	mittsumata
A tool of some kind	miyashibai
A tool of some kind	mizumoriri
A tool of some kind	mizuoke
A tool of some kind	mizutokei
A tool of some kind	mokutan
A tool of some kind	monochi
A tool of some kind	monoda
A tool of some kind	mononogu
A tool of some kind	monosashi
A tool of some kind	monouchi
A tool of some kind	moppu
A tool of some kind	muchihimo
A tool of some kind	nabe
A tool of some kind	naifu
A tool of some kind	naiyagoro
A tool of some kind	nakami
A tool of some kind	namazume
A tool of some kind	natakama
A tool of some kind	natsume
A tool of some kind	nattsu
A tool of some kind	neeru
A tool of some kind	nejikai
A tool of some kind	nejimawashi
A tool of some kind	nendokei
A tool of some kind	nenten
A tool of some kind	neru
A tool of some kind	netsudentsui
A tool of some kind	netsuryokei
A tool of some kind	netsuryoukei
A tool of some kind	nichijikei
A tool of some kind	nidoru
A tool of some kind	niidoru
A tool of some kind	nikkigi
A tool of some kind	nokoban
A tool of some kind	nokogiri
A tool of some kind	nomi
A tool of some kind	nyubo
A tool of some kind	nyuubou
A tool of some kind	odiometa
A tool of some kind	odomeetaa
A tool of some kind	odometa
A tool of some kind	oke
A tool of some kind	omukei
A tool of some kind	onabe
A tool of some kind	ondokei
A tool of some kind	ondokirokukei
A tool of some kind	ono
A tool of some kind	oodiomeetaa
A tool of some kind	oomukei
A tool of some kind	oonabe
A tool of some kind	oopunaa
A tool of some kind	ooru
A tool of some kind	opuna
A tool of some kind	oroshikin
A tool of some kind	oru
A tool of some kind	otsuri
A tool of some kind	paakoreetaa
A tool of some kind	pakoreta
A tool of some kind	panga
A tool of some kind	pedaru
A tool of some kind	pen
A tool of some kind	penchi
A tool of some kind	pennaifu
A tool of some kind	penshiru
A tool of some kind	pikkeru
A tool of some kind	pikku
A tool of some kind	pinsetto
A tool of some kind	pipetto
A tool of some kind	pitchifoku
A tool of some kind	pitchifooku
A tool of some kind	pokettonaifu
A tool of some kind	ponchi
A tool of some kind	pooru
A tool of some kind	poosuren
A tool of some kind	poru
A tool of some kind	posuren
A tool of some kind	puraiya
A tool of some kind	puraiyaa
A tool of some kind	puranimeeta
A tool of some kind	puranimeta
A tool of some kind	purao
A tool of some kind	purau
A tool of some kind	puresu
A tool of some kind	puri
A tool of some kind	puuri
A tool of some kind	puurii
A tool of some kind	rada
A tool of some kind	radaa
A tool of some kind	raiden
A tool of some kind	raiko
A tool of some kind	raikou
A tool of some kind	raisa
A tool of some kind	raisaa
A tool of some kind	rajiomeetaa
A tool of some kind	rajiometa
A tool of some kind	raketto
A tool of some kind	rakurai
A tool of some kind	ransetto
A tool of some kind	rasenkai
A tool of some kind	rasenmawashi
A tool of some kind	rashinban
A tool of some kind	rashingi
A tool of some kind	reba
A tool of some kind	rebaa
A tool of some kind	reberu
A tool of some kind	reburu
A tool of some kind	reda
A tool of some kind	reeda
A tool of some kind	reedaa
A tool of some kind	reeru
A tool of some kind	rei
A tool of some kind	renchi
A tool of some kind	renchu
A tool of some kind	renchuu
A tool of some kind	reru
A tool of some kind	reveru
A tool of some kind	rigen
A tool of some kind	riimaa
A tool of some kind	rima
A tool of some kind	risutotchi
A tool of some kind	risutouotchi
A tool of some kind	roban
A tool of some kind	rokoku
A tool of some kind	rokubungi
A tool of some kind	roosutaa
A tool of some kind	rootaa
A tool of some kind	rosuta
A tool of some kind	rota
A tool of some kind	rouban
A tool of some kind	roukoku
A tool of some kind	rura
A tool of some kind	ruuraa
A tool of some kind	ryobutatokei
A tool of some kind	ryoubutatokei
A tool of some kind	saamomeetaa
A tool of some kind	saidanshi
A tool of some kind	saku
A tool of some kind	samometa
A tool of some kind	samowaaru
A tool of some kind	samowaru
A tool of some kind	san
A tool of some kind	sandogurasu
A tool of some kind	sankoki
A tool of some kind	sankouki
A tool of some kind	sao
A tool of some kind	saobakari
A tool of some kind	saoshaku
A tool of some kind	saro
A tool of some kind	sarou
A tool of some kind	saru
A tool of some kind	sarubo
A tool of some kind	saruboo
A tool of some kind	sashihiki
A tool of some kind	satokotowaza
A tool of some kind	satsubo
A tool of some kind	satsubou
A tool of some kind	seburufude
A tool of some kind	seeburufude
A tool of some kind	seiku
A tool of some kind	senanaki
A tool of some kind	senkoki
A tool of some kind	senkouki
A tool of some kind	senkoutsuwa
A tool of some kind	senkouutsuwa
A tool of some kind	senmaitoshi
A tool of some kind	senmaitoushi
A tool of some kind	sennukiki
A tool of some kind	senoke
A tool of some kind	senro
A tool of some kind	senryokei
A tool of some kind	senryoukei
A tool of some kind	sensho
A tool of some kind	senshou
A tool of some kind	sento
A tool of some kind	sentou
A tool of some kind	setomono
A tool of some kind	setsudanki
A tool of some kind	setsuzokusha
A tool of some kind	shaapunaa
A tool of some kind	shaberu
A tool of some kind	shafuto
A tool of some kind	shajiku
A tool of some kind	shaku
A tool of some kind	shakudo
A tool of some kind	shamoji
A tool of some kind	shapuna
A tool of some kind	shaveru
A tool of some kind	shibakaririki
A tool of some kind	shieba
A tool of some kind	shieebaa
A tool of some kind	shieiba
A tool of some kind	shieibaa
A tool of some kind	shifutoki
A tool of some kind	shifutokii
A tool of some kind	shigemi
A tool of some kind	shigeri
A tool of some kind	shihaisha
A tool of some kind	shin
A tool of some kind	shinai
A tool of some kind	shinbo
A tool of some kind	shinbou
A tool of some kind	shingen
A tool of some kind	shingi
A tool of some kind	shinsekki
A tool of some kind	shiru
A tool of some kind	shitai
A tool of some kind	shitsudokei
A tool of some kind	sho
A tool of some kind	shoberu
A tool of some kind	shogomu
A tool of some kind	shokokei
A tool of some kind	shou
A tool of some kind	shougomu
A tool of some kind	shoukoukei
A tool of some kind	shukogu
A tool of some kind	shukougu
A tool of some kind	shumokutsue
A tool of some kind	sojukan
A tool of some kind	soko
A tool of some kind	sokudokei
A tool of some kind	sokutakautsuwa
A tool of some kind	sokuteisochi
A tool of some kind	sokuteisouchi
A tool of some kind	sokuteiutsuwa
A tool of some kind	sona
A tool of some kind	sonaa
A tool of some kind	soonaa
A tool of some kind	soosupan
A tool of some kind	sori
A tool of some kind	soriha
A tool of some kind	sorin
A tool of some kind	sosupan
A tool of some kind	sou
A tool of some kind	soujuukan
A tool of some kind	soukou
A tool of some kind	sourin
A tool of some kind	suemono
A tool of some kind	sui
A tool of some kind	suihei
A tool of some kind	suiheiutsuwa
A tool of some kind	suiipu
A tool of some kind	suijun
A tool of some kind	suijungi
A tool of some kind	suijunki
A tool of some kind	suipu
A tool of some kind	sukaru
A tool of some kind	suki
A tool of some kind	sukoppu
A tool of some kind	sukupu
A tool of some kind	sukureepaa
A tool of some kind	sukurepa
A tool of some kind	sukuupu
A tool of some kind	sunadokei
A tool of some kind	sunaro
A tool of some kind	sunarou
A tool of some kind	supa
A tool of some kind	supaa
A tool of some kind	supaateru
A tool of some kind	supachura
A tool of some kind	supaiku
A tool of some kind	supairomeetaa
A tool of some kind	supairometa
A tool of some kind	supana
A tool of some kind	supateru
A tool of some kind	supedo
A tool of some kind	supeedo
A tool of some kind	supidometa
A tool of some kind	supiidomeetaa
A tool of some kind	suraisa
A tool of some kind	suraisaa
A tool of some kind	suriishi
A tool of some kind	surishi
A tool of some kind	sutaataa
A tool of some kind	sutairu
A tool of some kind	sutanpa
A tool of some kind	sutanpaa
A tool of some kind	sutanpu
A tool of some kind	sutata
A tool of some kind	suteepuraa
A tool of some kind	suteikku
A tool of some kind	suteiruto
A tool of some kind	suteirutsu
A tool of some kind	sutekki
A tool of some kind	sutepura
A tool of some kind	sutoppuotchi
A tool of some kind	sutoppuuotchi
A tool of some kind	sutoroppu
A tool of some kind	tabuki
A tool of some kind	tabukii
A tool of some kind	taijukei
A tool of some kind	taijuukei
A tool of some kind	taima
A tool of some kind	taimaa
A tool of some kind	taimatsu
A tool of some kind	taionkei
A tool of some kind	taionutsuwa
A tool of some kind	tairakezuriban
A tool of some kind	taiyogi
A tool of some kind	taiyougi
A tool of some kind	takeshaku
A tool of some kind	takigiwari
A tool of some kind	takushiimeetaa
A tool of some kind	takushimeta
A tool of some kind	tanken
A tool of some kind	tanto
A tool of some kind	tantou
A tool of some kind	tawashi
A tool of some kind	tazuna
A tool of some kind	tedogu
A tool of some kind	tedougu
A tool of some kind	teepu
A tool of some kind	tei
A tool of some kind	teido
A tool of some kind	teiha
A tool of some kind	teiipotto
A tool of some kind	teiki
A tool of some kind	teipotto
A tool of some kind	teisai
A tool of some kind	tekobo
A tool of some kind	tekobou
A tool of some kind	tenabe
A tool of some kind	tenbin
A tool of some kind	tenganutsuwa
A tool of some kind	tenkashu
A tool of some kind	tenkatori
A tool of some kind	tenpyo
A tool of some kind	tenpyou
A tool of some kind	tentekiutsuwa
A tool of some kind	teoke
A tool of some kind	teppitsu
A tool of some kind	tepu
A tool of some kind	tetsue
A tool of some kind	tettsui
A tool of some kind	tobidashinaifu
A tool of some kind	tochi
A tool of some kind	tochimono
A tool of some kind	toganmasuto
A tool of some kind	togerunsuru
A tool of some kind	togi
A tool of some kind	toishi
A tool of some kind	tojiki
A tool of some kind	tokei
A tool of some kind	toki
A tool of some kind	tokitatsugi
A tool of some kind	tomahoku
A tool of some kind	tomahooku
A tool of some kind	tomekin
A tool of some kind	tongu
A tool of some kind	tonkachi
A tool of some kind	toochi
A tool of some kind	toriga
A tool of some kind	torigaa
A tool of some kind	tosao
A tool of some kind	tosei
A tool of some kind	toto
A tool of some kind	totou
A tool of some kind	tou
A tool of some kind	touchimono
A tool of some kind	toujiki
A tool of some kind	touki
A tool of some kind	tousao
A tool of some kind	tousei
A tool of some kind	tsuchi
A tool of some kind	tsue
A tool of some kind	tsume
A tool of some kind	tsumekuruma
A tool of some kind	tsuribari
A tool of some kind	tsurihari
A tool of some kind	tsuru
A tool of some kind	tsurube
A tool of some kind	tsuruhashi
A tool of some kind	tsutsushibo
A tool of some kind	tsutsushiibou
A tool of some kind	tsuuru
A tool of some kind	udedokei
A tool of some kind	uootaagurasu
A tool of some kind	uootaakurokku
A tool of some kind	uotagurasu
A tool of some kind	uotakurokku
A tool of some kind	uotchi
A tool of some kind	uryokei
A tool of some kind	uryoukei
A tool of some kind	yaan
A tool of some kind	yabu
A tool of some kind	yagara
A tool of some kind	yakan
A tool of some kind	yakiami
A tool of some kind	yakiin
A tool of some kind	yakikin
A tool of some kind	yakin
A tool of some kind	yakyubatto
A tool of some kind	yakyuubatto
A tool of some kind	yan
A tool of some kind	yasuri
A tool of some kind	yogu
A tool of some kind	yoji
A tool of some kind	yonbungi
A tool of some kind	yonbunonpu
A tool of some kind	yoruro
A tool of some kind	yorurou
A tool of some kind	yosetsuko
A tool of some kind	yoshiki
A tool of some kind	yoshin
A tool of some kind	yougu
A tool of some kind	youji
A tool of some kind	yousetsukou
A tool of some kind	youshiki
A tool of some kind	youshin
A tool of some kind	yugama
A tool of some kind	yumi
A tool of some kind	yuwakashi
A tool of some kind	zan
A tool of some kind	zensho
A tool of some kind	zenshou
A tool of some kind	zokibayashi
A tool of some kind	zokugen
A tool of some kind	zokumatsu
A tool of some kind	zoukibayashi
Something found in space	akaiwakusei
Something found in space	akatsuki
Something found in space	akatsukigata
Something found in space	akatsukiyami
Something found in space	ake
Something found in space	akebono
Something found in space	akegata
Something found in space	amanogawa
Something found in space	ametsuchi
Something found in space	angari
Something found in space	ankai
Something found in space	ankoku
Something found in space	anyami
Something found in space	ariake
Something found in space	ariakegata
Something found in space	ariakeho
Something found in space	ariakehou
Something found in space	ariakeke
Something found in space	ariakekeho
Something found in space	ariakekehou
Something found in space	asaborake
Something found in space	asutoronooto
Something found in space	asutoronoto
Something found in space	banbutsu
Something found in space	banyu
Something found in space	banyuinryoku
Something found in space	banyuu
Something found in space	banyuuinryoku
Something found in space	biwakusei
Something found in space	boenkyo
Something found in space	bouenkyou
Something found in space	burakkuhooru
Something found in space	burakkuhoru
Something found in space	chibi
Something found in space	chibitcho
Something found in space	chikyu
Something found in space	chikyuu
Something found in space	chimei
Something found in space	chinchikurin
Something found in space	chisho
Something found in space	chishou
Something found in space	cho
Something found in space	chosa
Something found in space	choshinsei
Something found in space	chou
Something found in space	chousa
Something found in space	choushinsei
Something found in space	chuseishisei
Something found in space	chuuseishisei
Something found in space	daiuchu
Something found in space	daiuchuu
Something found in space	daiwakusei
Something found in space	daiyusei
Something found in space	daiyuusei
Something found in space	dasuto
Something found in space	dosei
Something found in space	ebisu
Something found in space	eisei
Something found in space	eiseifune
Something found in space	ekuripusu
Something found in space	enpei
Something found in space	etowaaru
Something found in space	etowaru
Something found in space	foton
Something found in space	fujin
Something found in space	fukusha
Something found in space	fureahoshi
Something found in space	futsugyo
Something found in space	futsugyou
Something found in space	fuujin
Something found in space	gaijin
Something found in space	gaikokujin
Something found in space	gaiwakusei
Something found in space	gaiyuhoshi
Something found in space	gaiyuuhoshi
Something found in space	garakuta
Something found in space	gareki
Something found in space	gasu
Something found in space	gasujoseiun
Something found in space	gasujouseiun
Something found in space	gasukarada
Something found in space	gasuseiun
Something found in space	gatsu
Something found in space	gatsuakari
Something found in space	gatsunowa
Something found in space	gekkei
Something found in space	gekko
Something found in space	gekkou
Something found in space	gekkyu
Something found in space	gekkyuu
Something found in space	gesshoku
Something found in space	getsumei
Something found in space	getsumeikari
Something found in space	getsumeiri
Something found in space	getsurin
Something found in space	ginga
Something found in space	gingakei
Something found in space	ginmi
Something found in space	ginmiritsu
Something found in space	ginmitate
Something found in space	gomi
Something found in space	gun
Something found in space	gurobu
Something found in space	guroobu
Something found in space	gyarakushi
Something found in space	gyarakushii
Something found in space	gyokuto
Something found in space	gyoten
Something found in space	gyouten
Something found in space	habburu
Something found in space	hahen
Something found in space	haichi
Something found in space	hakuhakuake
Something found in space	hakuhakumei
Something found in space	hanta
Something found in space	hantaa
Something found in space	heimei
Something found in space	henkosei
Something found in space	henkousei
Something found in space	hikari
Something found in space	hikiake
Something found in space	hikimei
Something found in space	hinode
Something found in space	hitotsuhoshi
Something found in space	hiwa
Something found in space	hokiboshi
Something found in space	hokihoshi
Something found in space	hokori
Something found in space	horosha
Something found in space	hosha
Something found in space	hoshasen
Something found in space	hoshi
Something found in space	hoshiakari
Something found in space	hoshikage
Something found in space	hoshimei
Something found in space	hoshisai
Something found in space	hoton
Something found in space	houkiboshi
Something found in space	houkihoshi
Something found in space	hourousha
Something found in space	housha
Something found in space	houshasen
Something found in space	ihojin
Something found in space	ihoujin
Something found in space	ijin
Something found in space	ikokunin
Something found in space	inishi
Something found in space	inryoku
Something found in space	inseki
Something found in space	issunboshi
Something found in space	issunboushi
Something found in space	iteki
Something found in space	jaianto
Something found in space	jinkoeisei
Something found in space	jinkoueisei
Something found in space	junsei
Something found in space	juryoku
Something found in space	juuryoku
Something found in space	kai
Something found in space	kaimari
Something found in space	kaimei
Something found in space	kaimeisa
Something found in space	kairon
Something found in space	kanatamono
Something found in space	kanken
Something found in space	kansa
Something found in space	kapuseru
Something found in space	karedare
Something found in space	karedaretoki
Something found in space	karehadare
Something found in space	karehadaretoki
Something found in space	karemonodare
Something found in space	kasei
Something found in space	kashihosha
Something found in space	kashihousha
Something found in space	kashiko
Something found in space	kashikosen
Something found in space	kashikou
Something found in space	kashikousen
Something found in space	katamari
Something found in space	kbo
Something found in space	keigetsu
Something found in space	keimei
Something found in space	kenbun
Something found in space	kensatsu
Something found in space	kenshi
Something found in space	kento
Something found in space	kentou
Something found in space	kessho
Something found in space	kesshou
Something found in space	keto
Something found in space	ketonin
Something found in space	ketou
Something found in space	ketounin
Something found in space	kido
Something found in space	kidofune
Something found in space	kidou
Something found in space	kidoufune
Something found in space	kinsei
Something found in space	kirahoshi
Something found in space	kitai
Something found in space	kobito
Something found in space	kodomo
Something found in space	kokuan
Something found in space	kometto
Something found in space	konfigureeshon
Something found in space	konfigureshon
Something found in space	konhoshi
Something found in space	kori
Something found in space	koryoko
Something found in space	kosa
Something found in space	kosei
Something found in space	koseifune
Something found in space	kosen
Something found in space	koshi
Something found in space	kosho
Something found in space	kosumo
Something found in space	kosumonooto
Something found in space	kosumonoto
Something found in space	kosumosu
Something found in space	kouryouko
Something found in space	kousa
Something found in space	kousei
Something found in space	kouseifune
Something found in space	kousen
Something found in space	koushi
Something found in space	koushou
Something found in space	kueesaa
Something found in space	kuesa
Something found in space	kuhaku
Something found in space	kuhibuenban
Something found in space	kuikkushiruba
Something found in space	kuikkushirubaa
Something found in space	kukyo
Something found in space	kuni
Something found in space	kuraikoto
Something found in space	kurasa
Something found in space	kurasuta
Something found in space	kurasutaa
Something found in space	kurasutaringu
Something found in space	kurayami
Something found in space	kusho
Something found in space	kuuhaku
Something found in space	kuuhibuenban
Something found in space	kuukyo
Something found in space	kuusho
Something found in space	kuzu
Something found in space	kuzumono
Something found in space	kyo
Something found in space	kyojin
Something found in space	kyokan
Something found in space	kyomu
Something found in space	kyosei
Something found in space	kyumei
Something found in space	kyuumei
Something found in space	maakyurii
Something found in space	makurokosumosu
Something found in space	makyuri
Something found in space	mayoihoshi
Something found in space	meihoshi
Something found in space	meinomyojo
Something found in space	meinomyoujou
Something found in space	mijin
Something found in space	misairu
Something found in space	mokusei
Something found in space	mun
Something found in space	munraito
Something found in space	mure
Something found in space	muun
Something found in space	muunraito
Something found in space	nagareboshi
Something found in space	nagaremono
Something found in space	neputounusu
Something found in space	neputouunusu
Something found in space	nichi
Something found in space	nichirin
Something found in space	nichiten
Something found in space	nichitenshi
Something found in space	nijuhoshi
Something found in space	nijuuhoshi
Something found in space	niwatoritan
Something found in space	noba
Something found in space	obita
Something found in space	ogatsusama
Something found in space	onichisama
Something found in space	oobita
Something found in space	oobitaa
Something found in space	otendosama
Something found in space	otendousama
Something found in space	parusa
Something found in space	parusaa
Something found in space	purazuma
Something found in space	randa
Something found in space	randaa
Something found in space	reimei
Something found in space	rensei
Something found in space	risaachi
Something found in space	risachi
Something found in space	roketto
Something found in space	rokettodan
Something found in space	ryusei
Something found in space	ryuseichiri
Something found in space	ryuseigun
Something found in space	ryuseikarada
Something found in space	ryuusei
Something found in space	ryuuseichiri
Something found in space	ryuuseigun
Something found in space	ryuuseikarada
Something found in space	saguri
Something found in space	saihen
Something found in space	sajin
Something found in space	sakayaki
Something found in space	samon
Something found in space	sankoseiun
Something found in space	sankouseiun
Something found in space	sasatsu
Something found in space	satei
Something found in space	sateraito
Something found in space	seibo
Something found in space	seibou
Something found in space	seishin
Something found in space	seishoku
Something found in space	seito
Something found in space	seiun
Something found in space	seiza
Something found in space	sekai
Something found in space	sensaku
Something found in space	shatorukokku
Something found in space	shinrabansho
Something found in space	shinrabanshou
Something found in space	shinsa
Something found in space	shinsei
Something found in space	shinshuku
Something found in space	shirabe
Something found in space	shirajiramei
Something found in space	shitayusei
Something found in space	shitayuusei
Something found in space	shobito
Something found in space	shoubito
Something found in space	shouchu
Something found in space	shouuchuu
Something found in space	shouwakusei
Something found in space	showakusei
Something found in space	shudan
Something found in space	shuju
Something found in space	shungyo
Something found in space	shungyou
Something found in space	shushu
Something found in space	shuudan
Something found in space	sogyo
Something found in space	sohoshi
Something found in space	sonzai
Something found in space	sora
Something found in space	soreiyu
Something found in space	sosa
Something found in space	sosaku
Something found in space	soten
Something found in space	sotoban
Something found in space	sougyou
Something found in space	souhoshi
Something found in space	sousa
Something found in space	sousaku
Something found in space	souten
Something found in space	subetenosonzai
Something found in space	suigin
Something found in space	suihoshi
Something found in space	suisei
Something found in space	sunabokori
Something found in space	supeesuman
Something found in space	supesuman
Something found in space	suputoniku
Something found in space	supuutoniku
Something found in space	suta
Something found in space	sutaa
Something found in space	sutaaretto
Something found in space	sutaretto
Something found in space	suteeshon
Something found in space	suteishon
Something found in space	suteshon
Something found in space	taiin
Something found in space	tain
Something found in space	taiyo
Something found in space	taiyou
Something found in space	tajuhoshi
Something found in space	tajuuhoshi
Something found in space	takokumono
Something found in space	takokunin
Something found in space	tamakatsura
Something found in space	tansaku
Something found in space	tenchi
Something found in space	tendo
Something found in space	tendosama
Something found in space	tendou
Something found in space	tendousama
Something found in space	tennokawa
Something found in space	tentai
Something found in space	tojin
Something found in space	torishirabe
Something found in space	tosa
Something found in space	toujin
Something found in space	tousa
Something found in space	tsuchibokori
Something found in space	tsuikyu
Something found in space	tsuikyuu
Something found in space	tsukikage
Something found in space	tsukuyomi
Something found in space	tsukuyomimi
Something found in space	uchu
Something found in space	uchuhikoshi
Something found in space	uchukapuseru
Something found in space	uchusen
Something found in space	uchuu
Something found in space	uchuuhikoushi
Something found in space	uchuukapuseru
Something found in space	uchuusen
Something found in space	uzumakiginga
Something found in space	uzumakiseiun
Something found in space	waamuhooru
Something found in space	waiku
Something found in space	wainin
Something found in space	wakusei
Something found in space	wamuhoru
Something found in space	wataridori
Something found in space	watarimono
Something found in space	yami
Something found in space	yoake
Something found in space	yoakenomyojo
Something found in space	yoakenomyoujou
Something found in space	yobaihoshi
Something found in space	yoruake
Something found in space	yosomono
Something found in space	yosonin
Something found in space	yufo
Something found in space	yunibaasu
Something found in space	yunibasu
Something found in space	yunivaasu
Something found in space	yunivasu
Something found in space	yusei
Something found in space	yuufoo
Something found in space	yuusei
A job or profession	aachisuto
A job or profession	aachizan
A job or profession	aakitekuto
A job or profession	aateisuto
A job or profession	achisuto
A job or profession	achizan
A job or profession	adobaiza
A job or profession	adobaizaa
A job or profession	adovaiza
A job or profession	adovaizaa
A job or profession	aibo
A job or profession	aibou
A job or profession	aidokusha
A job or profession	aidoru
A job or profession	aite
A job or profession	akabo
A job or profession	akabou
A job or profession	akinaiya
A job or profession	akindo
A job or profession	akitekuto
A job or profession	akuchuari
A job or profession	akuchuarii
A job or profession	akurobatto
A job or profession	akuta
A job or profession	akutaa
A job or profession	akutoresu
A job or profession	akuyaku
A job or profession	ama
A job or profession	amachua
A job or profession	amahoshi
A job or profession	amahoushi
A job or profession	amakun
A job or profession	amaomae
A job or profession	amibune
A job or profession	anarisuto
A job or profession	anbasada
A job or profession	anbasadaa
A job or profession	annaijo
A job or profession	annaijou
A job or profession	annainin
A job or profession	annaisho
A job or profession	aoatama
A job or profession	arubaito
A job or profession	aruchizan
A job or profession	arupinisuto
A job or profession	arutokashu
A job or profession	ashigaru
A job or profession	ashisutanto
A job or profession	asuriito
A job or profession	asurito
A job or profession	asutoronooto
A job or profession	asutoronoto
A job or profession	ateisuto
A job or profession	atendanto
A job or profession	atorakushon
A job or profession	atotomo
A job or profession	autofiirudaa
A job or profession	autofiruda
A job or profession	baaten
A job or profession	baatendaa
A job or profession	baiju
A job or profession	baijuu
A job or profession	bainin
A job or profession	baiorinisuto
A job or profession	bakamono
A job or profession	bakku
A job or profession	bakudan
A job or profession	ban
A job or profession	bandomasuta
A job or profession	bandomasutaa
A job or profession	bandorida
A job or profession	bandoriidaa
A job or profession	banigaru
A job or profession	baniigaaru
A job or profession	bannin
A job or profession	banpei
A job or profession	bansosha
A job or profession	bansotsu
A job or profession	bansousha
A job or profession	banto
A job or profession	bantou
A job or profession	baransa
A job or profession	bareriina
A job or profession	barerina
A job or profession	bariton
A job or profession	basu
A job or profession	basunontenshu
A job or profession	basunountenshu
A job or profession	batei
A job or profession	baten
A job or profession	batenda
A job or profession	batontowaaraa
A job or profession	batontowara
A job or profession	batontowaraa
A job or profession	batta
A job or profession	battaa
A job or profession	beeshisuto
A job or profession	beesu
A job or profession	benda
A job or profession	bendaa
A job or profession	bengomono
A job or profession	bengonin
A job or profession	bengoshi
A job or profession	benriya
A job or profession	beruboi
A job or profession	berubooi
A job or profession	beruhoppu
A job or profession	beruman
A job or profession	beshisuto
A job or profession	besu
A job or profession	bijutsuka
A job or profession	bishoppu
A job or profession	biyoshi
A job or profession	biyoushi
A job or profession	bochomono
A job or profession	bochonin
A job or profession	bodobirian
A job or profession	boei
A job or profession	bofuri
A job or profession	boi
A job or profession	bokarisuto
A job or profession	bokkaku
A job or profession	boku
A job or profession	bokudo
A job or profession	bokudou
A job or profession	bokufu
A job or profession	bokujokantoku
A job or profession	bokujoshu
A job or profession	bokujoukantoku
A job or profession	bokujoushu
A job or profession	bokuju
A job or profession	bokujuu
A job or profession	bokushi
A job or profession	bokuyogyosha
A job or profession	bokuyomono
A job or profession	bokuyougyousha
A job or profession	bokuyoumono
A job or profession	boodobirian
A job or profession	booi
A job or profession	bookarisuto
A job or profession	boosun
A job or profession	borantea
A job or profession	boranteia
A job or profession	boshin
A job or profession	boshiya
A job or profession	bosokoisha
A job or profession	bosun
A job or profession	botefuriri
A job or profession	bouchoumono
A job or profession	bouchounin
A job or profession	bouei
A job or profession	boufuri
A job or profession	boushin
A job or profession	boushiya
A job or profession	bousoukouisha
A job or profession	buben
A job or profession	bujin
A job or profession	buka
A job or profession	bunboguya
A job or profession	bunbouguya
A job or profession	bunjin
A job or profession	bunpitsuie
A job or profession	bunpoie
A job or profession	bunpouie
A job or profession	bunruigakumono
A job or profession	bunsenko
A job or profession	bunsenkou
A job or profession	bunshi
A job or profession	bunya
A job or profession	buroka
A job or profession	burokka
A job or profession	burokkaa
A job or profession	burookaa
A job or profession	busho
A job or profession	bushou
A job or profession	butaicho
A job or profession	butaichou
A job or profession	butsurigakusha
A job or profession	chekka
A job or profession	chekkaa
A job or profession	cherisuto
A job or profession	chianhanji
A job or profession	chiho
A job or profession	chihou
A job or profession	chiji
A job or profession	chobokakari
A job or profession	chocho
A job or profession	chohoin
A job or profession	chojin
A job or profession	chojutsuka
A job or profession	chokan
A job or profession	choko
A job or profession	chokokuka
A job or profession	chokokumono
A job or profession	chokokushi
A job or profession	chokyoshi
A job or profession	chorishi
A job or profession	choritsushi
A job or profession	choro
A job or profession	chosain
A job or profession	chosakuie
A job or profession	chosakusha
A job or profession	chosamono
A job or profession	chosha
A job or profession	choshu
A job or profession	choshusha
A job or profession	choubokakari
A job or profession	chouchou
A job or profession	chouhouin
A job or profession	choujin
A job or profession	choukan
A job or profession	choukokuka
A job or profession	choukokumono
A job or profession	choukokushi
A job or profession	choukou
A job or profession	choukyoushi
A job or profession	chourishi
A job or profession	chouritsushi
A job or profession	chourou
A job or profession	chousain
A job or profession	chousamono
A job or profession	chousha
A job or profession	choushusha
A job or profession	choushuu
A job or profession	chouzaishi
A job or profession	chouzaishisai
A job or profession	chouzeinin
A job or profession	chozaishi
A job or profession	chozaishisai
A job or profession	chozeinin
A job or profession	chuei
A job or profession	chufu
A job or profession	chukaisha
A job or profession	chukanshonin
A job or profession	chukoki
A job or profession	chukotobu
A job or profession	chuo
A job or profession	chuobu
A job or profession	chusa
A job or profession	chuseisenzai
A job or profession	chuta
A job or profession	chuuei
A job or profession	chuufu
A job or profession	chuukaisha
A job or profession	chuukanshounin
A job or profession	chuukouki
A job or profession	chuukouotobu
A job or profession	chuuou
A job or profession	chuuoubu
A job or profession	chuusa
A job or profession	chuuseisenzai
A job or profession	chuutaa
A job or profession	daidoshonin
A job or profession	daidoushounin
A job or profession	daigakukyoin
A job or profession	daigakukyoshi
A job or profession	daigakukyouin
A job or profession	daigakukyoushi
A job or profession	daigennin
A job or profession	daijin
A job or profession	daiko
A job or profession	daikon
A job or profession	daikonyakusha
A job or profession	daikosha
A job or profession	daikou
A job or profession	daikousha
A job or profession	daiku
A job or profession	daikyoji
A job or profession	daikyouji
A job or profession	dainin
A job or profession	dairi
A job or profession	dairibokushi
A job or profession	dairigyosha
A job or profession	dairigyousha
A job or profession	dairimono
A job or profession	dairinin
A job or profession	dairiten
A job or profession	daisakumono
A job or profession	daisansaimusha
A job or profession	daisho
A job or profession	daishonin
A job or profession	daishou
A job or profession	daishukyo
A job or profession	daishukyou
A job or profession	daiyaku
A job or profession	dansa
A job or profession	dansaa
A job or profession	danseihanbaiin
A job or profession	danseihanbain
A job or profession	dante
A job or profession	danyu
A job or profession	danyuu
A job or profession	dasha
A job or profession	datai
A job or profession	dataii
A job or profession	deka
A job or profession	dekunobo
A job or profession	dekunobou
A job or profession	demonsutoreeta
A job or profession	demonsutoreta
A job or profession	dendomono
A job or profession	dendoshi
A job or profession	dendoumono
A job or profession	dendoushi
A job or profession	denkiko
A job or profession	denkikou
A job or profession	denkisakusha
A job or profession	denko
A job or profession	denkou
A job or profession	denpu
A job or profession	dentatsunin
A job or profession	desuku
A job or profession	dezaina
A job or profession	dezainaa
A job or profession	diiraa
A job or profession	dipuromatto
A job or profession	dira
A job or profession	direkuta
A job or profession	direkutaa
A job or profession	disshuossha
A job or profession	disshuuossha
A job or profession	disshuuosshaa
A job or profession	disukabara
A job or profession	disukabaraa
A job or profession	disukujokki
A job or profession	disukujokkii
A job or profession	doboku
A job or profession	dogai
A job or profession	dogaiho
A job or profession	dogaishi
A job or profession	dogu
A job or profession	doguho
A job or profession	dohansha
A job or profession	dohi
A job or profession	dohyakusho
A job or profession	dohyakushou
A job or profession	dohyo
A job or profession	doin
A job or profession	dojie
A job or profession	dokata
A job or profession	doke
A job or profession	dokeho
A job or profession	dokemono
A job or profession	dokeshi
A job or profession	dokeyaku
A job or profession	dokeyakusha
A job or profession	doko
A job or profession	dokou
A job or profession	dokuritsu
A job or profession	dokusha
A job or profession	dokushoie
A job or profession	dokushomono
A job or profession	dokushouie
A job or profession	dokushoumono
A job or profession	dokusoie
A job or profession	dokusosha
A job or profession	dokusouie
A job or profession	dokusousha
A job or profession	dokuta
A job or profession	dokutaa
A job or profession	dokutoru
A job or profession	domesu
A job or profession	donhyakusho
A job or profession	donhyakushou
A job or profession	dononin
A job or profession	doojie
A job or profession	doraiba
A job or profession	doraibaa
A job or profession	doraiva
A job or profession	doraivaa
A job or profession	dorama
A job or profession	doramaa
A job or profession	doressa
A job or profession	doressaa
A job or profession	doryo
A job or profession	doshi
A job or profession	dougai
A job or profession	dougaihou
A job or profession	dougaishi
A job or profession	dougu
A job or profession	douguhou
A job or profession	douhansha
A job or profession	douhyou
A job or profession	douin
A job or profession	douke
A job or profession	doukehou
A job or profession	doukemono
A job or profession	doukeshi
A job or profession	doukeyaku
A job or profession	doukeyakusha
A job or profession	douryo
A job or profession	douryou
A job or profession	doushi
A job or profession	eahosutesu
A job or profession	ebanjierisuto
A job or profession	ebyo
A job or profession	ebyou
A job or profession	edita
A job or profession	editaa
A job or profession	eejiento
A job or profession	eigakyakuhonka
A job or profession	eihei
A job or profession	eiseishi
A job or profession	eisha
A job or profession	eiyogakusha
A job or profession	eiyoshi
A job or profession	eiyougakusha
A job or profession	eiyoushi
A job or profession	eji
A job or profession	ejiento
A job or profession	ekaki
A job or profession	ekifu
A job or profession	ekigakumono
A job or profession	ekisutora
A job or profession	ekonomisuto
A job or profession	ekorojisuto
A job or profession	endo
A job or profession	enjinia
A job or profession	enkashi
A job or profession	ensoka
A job or profession	ensosha
A job or profession	ensouka
A job or profession	ensousha
A job or profession	entaateinaa
A job or profession	entateina
A job or profession	entateinaa
A job or profession	entei
A job or profession	eshi
A job or profession	esseisuto
A job or profession	esukooto
A job or profession	esukoto
A job or profession	esukuwaia
A job or profession	evanjierisuto
A job or profession	faazaa
A job or profession	faiaaman
A job or profession	faiaman
A job or profession	faiyaaman
A job or profession	faiyaman
A job or profession	fakuta
A job or profession	fakutaa
A job or profession	fasshonmoderu
A job or profession	faza
A job or profession	fidorusosha
A job or profession	fidorusousha
A job or profession	fikusa
A job or profession	fikusaa
A job or profession	fobu
A job or profession	foobu
A job or profession	fotogurafa
A job or profession	fotogurafaa
A job or profession	fowaado
A job or profession	fowado
A job or profession	fuchiji
A job or profession	fuefuki
A job or profession	fujimoto
A job or profession	fujinkai
A job or profession	fujinkeikan
A job or profession	fukei
A job or profession	fukeigaie
A job or profession	fukubokushi
A job or profession	fukukan
A job or profession	fukukenji
A job or profession	fukushu
A job or profession	fukusojushi
A job or profession	fukusoujuushi
A job or profession	funabito
A job or profession	funakata
A job or profession	funanori
A job or profession	fundoshitan
A job or profession	funedaiku
A job or profession	funeho
A job or profession	funehou
A job or profession	funesho
A job or profession	funeshou
A job or profession	funete
A job or profession	furanka
A job or profession	furankaa
A job or profession	fureema
A job or profession	fureemu
A job or profession	fureemuwaaku
A job or profession	fureimu
A job or profession	furema
A job or profession	furemu
A job or profession	furemuwaku
A job or profession	furiiransu
A job or profession	furiransu
A job or profession	furiuri
A job or profession	furiuriri
A job or profession	furubakku
A job or profession	furuteisuto
A job or profession	furutofuki
A job or profession	furutososha
A job or profession	furuuteisuto
A job or profession	furuutofuki
A job or profession	furuutosousha
A job or profession	fushie
A job or profession	fusoi
A job or profession	futtobooraa
A job or profession	futtobora
A job or profession	fuukeigaie
A job or profession	fuushiie
A job or profession	fuyushaku
A job or profession	gaado
A job or profession	gado
A job or profession	gahaku
A job or profession	gaido
A job or profession	gaikoie
A job or profession	gaikokan
A job or profession	gaikoshisetsu
A job or profession	gaikouie
A job or profession	gaikoukan
A job or profession	gaikoushisetsu
A job or profession	gaiya
A job or profession	gaiyashu
A job or profession	gajin
A job or profession	gaka
A job or profession	gakkiensomono
A job or profession	gakkiensoumono
A job or profession	gakkokyoshi
A job or profession	gakkoukyoushi
A job or profession	gako
A job or profession	gakou
A job or profession	gakubucho
A job or profession	gakubuchou
A job or profession	gakucho
A job or profession	gakuchou
A job or profession	gakujin
A job or profession	gakushi
A job or profession	gakuto
A job or profession	gakutou
A job or profession	gankai
A job or profession	gankin
A job or profession	gansumisu
A job or profession	garasukiri
A job or profession	garuson
A job or profession	gatakumi
A job or profession	gate
A job or profession	gaucho
A job or profession	geboku
A job or profession	geijutsuka
A job or profession	geinin
A job or profession	geinojin
A job or profession	geinoujin
A job or profession	gejo
A job or profession	gekai
A job or profession	gekisakka
A job or profession	genan
A job or profession	genchosha
A job or profession	gengogakusha
A job or profession	genin
A job or profession	genkanban
A job or profession	gensakusha
A job or profession	gensui
A job or profession	gero
A job or profession	gerou
A job or profession	gijutsuie
A job or profession	gijutsusha
A job or profession	gijutsuya
A job or profession	giko
A job or profession	gikou
A job or profession	ginosha
A job or profession	ginousha
A job or profession	ginyushijin
A job or profession	ginyuushijin
A job or profession	gishi
A job or profession	gishu
A job or profession	gisomono
A job or profession	gisoumono
A job or profession	gitarisuto
A job or profession	giyuhei
A job or profession	giyuuhei
A job or profession	gocho
A job or profession	gochou
A job or profession	goei
A job or profession	gohansui
A job or profession	gohantaki
A job or profession	gohon
A job or profession	goku
A job or profession	gokuu
A job or profession	gomeshitaki
A job or profession	gomeshitakiki
A job or profession	goorukiipaa
A job or profession	gorukipa
A job or profession	goyobun
A job or profession	goyokiki
A job or profession	goyokikiki
A job or profession	goyoubun
A job or profession	goyoukiki
A job or profession	goyoukikiki
A job or profession	gozentaki
A job or profession	gunjin
A job or profession	gunshi
A job or profession	gunso
A job or profession	gunsotsu
A job or profession	gunsou
A job or profession	guraundokiipaa
A job or profession	guraundokipa
A job or profession	guuzou
A job or profession	guzo
A job or profession	gyaguman
A job or profession	gyaruson
A job or profession	gyofu
A job or profession	gyogyomono
A job or profession	gyogyoumono
A job or profession	gyomin
A job or profession	gyoseikan
A job or profession	gyosenin
A job or profession	gyosha
A job or profession	gyosho
A job or profession	gyoshonin
A job or profession	gyoshu
A job or profession	gyouseikan
A job or profession	gyousha
A job or profession	gyoushou
A job or profession	gyoushounin
A job or profession	gyoushu
A job or profession	gyunyuya
A job or profession	gyuunyuuya
A job or profession	haadowaakaa
A job or profession	haafubakku
A job or profession	haapaa
A job or profession	haaraa
A job or profession	hadowaka
A job or profession	hafubakku
A job or profession	haguruma
A job or profession	haigo
A job or profession	haijin
A job or profession	haika
A job or profession	haikanko
A job or profession	haikankou
A job or profession	haisha
A job or profession	haiyu
A job or profession	haiyuu
A job or profession	hajimusha
A job or profession	hajita
A job or profession	hakenshain
A job or profession	hakka
A job or profession	hakkaa
A job or profession	hakkensha
A job or profession	hakkosha
A job or profession	hakkousha
A job or profession	hakuinotenshi
A job or profession	han
A job or profession	hanaya
A job or profession	hangaka
A job or profession	hanji
A job or profession	hanmoto
A job or profession	hanryo
A job or profession	hanta
A job or profession	hantaa
A job or profession	hapa
A job or profession	hara
A job or profession	hariban
A job or profession	hashitame
A job or profession	hatarakite
A job or profession	hatarakunin
A job or profession	hatsumeisha
A job or profession	hausukiipaa
A job or profession	hausukipa
A job or profession	hayashikata
A job or profession	headoressa
A job or profession	headoressaa
A job or profession	hebo
A job or profession	heddoraina
A job or profession	heddorainaa
A job or profession	hei
A job or profession	heiin
A job or profession	hein
A job or profession	heishi
A job or profession	heisotsu
A job or profession	heitai
A job or profession	henja
A job or profession	henkyokusha
A job or profession	henshunin
A job or profession	henshusha
A job or profession	henshuunin
A job or profession	henshuusha
A job or profession	herupa
A job or profession	herupaa
A job or profession	hidako
A job or profession	hidakou
A job or profession	hidatakumi
A job or profession	hifukai
A job or profession	hihyoka
A job or profession	hihyouka
A job or profession	hiiraa
A job or profession	hikae
A job or profession	hikaesenshu
A job or profession	hikeshishi
A job or profession	hikeshishiyaku
A job or profession	hikeshiyaku
A job or profession	hikoie
A job or profession	hikoshi
A job or profession	hikouie
A job or profession	hikoushi
A job or profession	hikoyosha
A job or profession	hikoyousha
A job or profession	hikyaku
A job or profession	hikyakuya
A job or profession	himitsusosain
A job or profession	himitsusousain
A job or profession	hinagata
A job or profession	hinakata
A job or profession	hinakatachi
A job or profession	hinikuya
A job or profession	hininmeimono
A job or profession	hira
A job or profession	hisentoin
A job or profession	hisentouin
A job or profession	hisho
A job or profession	hishokan
A job or profession	hissha
A job or profession	hitsujikai
A job or profession	hiyomono
A job or profession	hiyosha
A job or profession	hiyoumono
A job or profession	hiyousha
A job or profession	hoankan
A job or profession	hobai
A job or profession	hocho
A job or profession	hochonin
A job or profession	hogakumono
A job or profession	hohei
A job or profession	hohitsu
A job or profession	hoiiruraito
A job or profession	hoiruraito
A job or profession	hojo
A job or profession	hojoin
A job or profession	hojomono
A job or profession	hokan
A job or profession	hoketsu
A job or profession	hoketsusenshu
A job or profession	hokonin
A job or profession	honhyakusho
A job or profession	honhyakushou
A job or profession	honshoku
A job or profession	hoppa
A job or profession	hoppaa
A job or profession	horimonoshi
A job or profession	horishi
A job or profession	hosa
A job or profession	hosakan
A job or profession	hosanin
A job or profession	hosayaku
A job or profession	hosekisho
A job or profession	hoshasenkai
A job or profession	hoshionna
A job or profession	hosho
A job or profession	hoshou
A job or profession	hoshu
A job or profession	hosutesu
A job or profession	hosuto
A job or profession	houbai
A job or profession	houchou
A job or profession	houchounin
A job or profession	hougakumono
A job or profession	houhei
A job or profession	houkan
A job or profession	houkounin
A job or profession	housekishou
A job or profession	houshasenkai
A job or profession	houshionna
A job or profession	houshu
A job or profession	hyakusho
A job or profession	hyakushou
A job or profession	hyoie
A job or profession	hyoronka
A job or profession	hyosha
A job or profession	hyouie
A job or profession	hyouronka
A job or profession	hyousha
A job or profession	ichi
A job or profession	ichibito
A job or profession	ichii
A job or profession	idengakusha
A job or profession	iedo
A job or profession	iedou
A job or profession	ieju
A job or profession	iejuu
A job or profession	ienojironado
A job or profession	ienojirounado
A job or profession	ierai
A job or profession	ihaku
A job or profession	iin
A job or profession	ika
A job or profession	ikan
A job or profession	ikushuie
A job or profession	ikusuutsuwa
A job or profession	ikusuuutsuwa
A job or profession	imaamu
A job or profession	imamu
A job or profession	imonoshi
A job or profession	imuaateisuto
A job or profession	imuateisuto
A job or profession	indekusa
A job or profession	indipendento
A job or profession	infiirudaa
A job or profession	infiruda
A job or profession	insatsuko
A job or profession	insatsukou
A job or profession	insatsumono
A job or profession	insatsunin
A job or profession	inshi
A job or profession	inshohanogaka
A job or profession	inshoshugisha
A job or profession	inshouhanogaka
A job or profession	inshoushugisha
A job or profession	insupekuta
A job or profession	insupekutaa
A job or profession	insutorakuta
A job or profession	insutorakutaa
A job or profession	intaan
A job or profession	intaapurita
A job or profession	intaapuritaa
A job or profession	intan
A job or profession	intapurita
A job or profession	intora
A job or profession	inu
A job or profession	irasutoreetaa
A job or profession	irasutoreta
A job or profession	iryojujisha
A job or profession	iryoujuujisha
A job or profession	isha
A job or profession	ishi
A job or profession	ishikiriri
A job or profession	ishiko
A job or profession	ishikou
A job or profession	ishiku
A job or profession	issa
A job or profession	itaba
A job or profession	itamae
A job or profession	itamaesan
A job or profession	itasan
A job or profession	ittokokaishi
A job or profession	ittoukoukaishi
A job or profession	jaanarisuto
A job or profession	jagura
A job or profession	jaguraa
A job or profession	janarisuto
A job or profession	jandarumu
A job or profession	janpa
A job or profession	janpaa
A job or profession	jazuman
A job or profession	jazuongakuka
A job or profession	jibikai
A job or profession	jiei
A job or profession	jieneraru
A job or profession	jigyoka
A job or profession	jigyonushi
A job or profession	jigyouka
A job or profession	jigyounushi
A job or profession	jikeidanin
A job or profession	jikkensha
A job or profession	jimubengoshi
A job or profession	jimuie
A job or profession	jimuin
A job or profession	jimukan
A job or profession	jimuya
A job or profession	jinruigakumono
A job or profession	jisai
A job or profession	jisha
A job or profession	jishin
A job or profession	jishingakumono
A job or profession	jiso
A job or profession	jisou
A job or profession	jisshusei
A job or profession	jisshuusei
A job or profession	jochu
A job or profession	jochuu
A job or profession	jogensha
A job or profession	join
A job or profession	joingin
A job or profession	joka
A job or profession	jokandairi
A job or profession	jokyozai
A job or profession	jokyu
A job or profession	jokyuu
A job or profession	jomaeya
A job or profession	jomuin
A job or profession	jookaa
A job or profession	joryusakka
A job or profession	joryuusakka
A job or profession	josai
A job or profession	josanpu
A job or profession	josei
A job or profession	joshu
A job or profession	jouin
A job or profession	jouingiin
A job or profession	joukandairi
A job or profession	joumaeya
A job or profession	joumuin
A job or profession	joyu
A job or profession	joyuu
A job or profession	juboku
A job or profession	jugyoin
A job or profession	jugyomono
A job or profession	jugyonin
A job or profession	juhin
A job or profession	jui
A job or profession	juishi
A job or profession	jukurenko
A job or profession	jukurenkou
A job or profession	junin
A job or profession	junra
A job or profession	junsa
A job or profession	junsho
A job or profession	junshou
A job or profession	jusha
A job or profession	jusotsu
A job or profession	juuboku
A job or profession	juugyouin
A job or profession	juugyoumono
A job or profession	juugyounin
A job or profession	juui
A job or profession	juuishi
A job or profession	juunin
A job or profession	juusha
A job or profession	juusotsu
A job or profession	kaadinaru
A job or profession	kaajinaru
A job or profession	kaapentaa
A job or profession	kabaagaaru
A job or profession	kabagaru
A job or profession	kaboku
A job or profession	kabu
A job or profession	kadinaru
A job or profession	kafu
A job or profession	kagakusha
A job or profession	kagushi
A job or profession	kahi
A job or profession	kaicho
A job or profession	kaichou
A job or profession	kaigyoi
A job or profession	kaigyoui
A job or profession	kaihei
A job or profession	kaiheitaiin
A job or profession	kaiheitain
A job or profession	kaiin
A job or profession	kaikei
A job or profession	kaikeikakari
A job or profession	kaikeikan
A job or profession	kaikeikensakan
A job or profession	kaikeishi
A job or profession	kaimono
A job or profession	kain
A job or profession	kainushi
A job or profession	kaisetsusha
A job or profession	kaiso
A job or profession	kaitaiya
A job or profession	kaito
A job or profession	kaitou
A job or profession	kajin
A job or profession	kajinaru
A job or profession	kajitetsudai
A job or profession	kajitori
A job or profession	kajitoriri
A job or profession	kajiya
A job or profession	kako
A job or profession	kakubo
A job or profession	kakubou
A job or profession	kakusode
A job or profession	kakusodejunsa
A job or profession	kameraman
A job or profession	kamikazetaiin
A job or profession	kamikazetain
A job or profession	kanariya
A job or profession	kanban
A job or profession	kancho
A job or profession	kanchou
A job or profession	kangofu
A job or profession	kangogakusei
A job or profession	kangonin
A job or profession	kangosamurai
A job or profession	kangoshi
A job or profession	kanja
A job or profession	kanjo
A job or profession	kanjokakari
A job or profession	kanjou
A job or profession	kanjoukakari
A job or profession	kanken
A job or profession	kankokumono
A job or profession	kanpancho
A job or profession	kanpanchou
A job or profession	kanri
A job or profession	kanrinin
A job or profession	kanryo
A job or profession	kanryou
A job or profession	kansatsu
A job or profession	kansayaku
A job or profession	kanshisho
A job or profession	kanshishou
A job or profession	kanshu
A job or profession	kanyuin
A job or profession	kanyuuin
A job or profession	kapenta
A job or profession	kararisuto
A job or profession	karei
A job or profession	karinin
A job or profession	kariudo
A job or profession	karuchibeetaa
A job or profession	karuchibeta
A job or profession	kasegite
A job or profession	kaseifu
A job or profession	kashi
A job or profession	kashikan
A job or profession	kashikanhei
A job or profession	kashiwade
A job or profession	kashu
A job or profession	kateikyoshi
A job or profession	kateikyoushi
A job or profession	katsugiya
A job or profession	katta
A job or profession	kattaa
A job or profession	katteho
A job or profession	kattehou
A job or profession	kauboi
A job or profession	kaubooi
A job or profession	kaunsera
A job or profession	kaunseraa
A job or profession	keesuwaakaa
A job or profession	keibi
A job or profession	keibu
A job or profession	keichomono
A job or profession	keichoumono
A job or profession	keigo
A job or profession	keiji
A job or profession	keijijunsa
A job or profession	keijikeisatsu
A job or profession	keikan
A job or profession	keikantai
A job or profession	keisatsu
A job or profession	keisatsukan
A job or profession	keisatsutai
A job or profession	keishu
A job or profession	keiwazashi
A job or profession	keizaie
A job or profession	keizaigakusha
A job or profession	keizaiie
A job or profession	kemisuto
A job or profession	kenchikuka
A job or profession	kenei
A job or profession	kenji
A job or profession	kenkai
A job or profession	kenkyuin
A job or profession	kenkyusha
A job or profession	kenkyuuin
A job or profession	kenkyuusha
A job or profession	kensatsu
A job or profession	kensatsukan
A job or profession	kenshui
A job or profession	kenshuui
A job or profession	kerai
A job or profession	kesho
A job or profession	keshou
A job or profession	kesuwaka
A job or profession	kibodisuto
A job or profession	kigyoie
A job or profession	kigyouie
A job or profession	kihei
A job or profession	kiiboodisuto
A job or profession	kiipaa
A job or profession	kijutsushi
A job or profession	kika
A job or profession	kikaiko
A job or profession	kikaikou
A job or profession	kikiho
A job or profession	kikihou
A job or profession	kikite
A job or profession	kikiyaku
A job or profession	kikka
A job or profession	kikkaa
A job or profession	kikoie
A job or profession	kikomono
A job or profession	kikori
A job or profession	kikouie
A job or profession	kikoumono
A job or profession	kinmuin
A job or profession	kinrosha
A job or profession	kinrousha
A job or profession	kinruigakusha
A job or profession	kipa
A job or profession	kirite
A job or profession	kirokugakari
A job or profession	kisetsuteki
A job or profession	kisha
A job or profession	kiso
A job or profession	kisou
A job or profession	kobikiki
A job or profession	kobun
A job or profession	kocha
A job or profession	kochi
A job or profession	kocho
A job or profession	koenmono
A job or profession	kofu
A job or profession	kofumono
A job or profession	kogite
A job or profession	kohei
A job or profession	koin
A job or profession	kojin
A job or profession	kokaicho
A job or profession	kokaishi
A job or profession	kokkeimono
A job or profession	kokku
A job or profession	kokogakusha
A job or profession	kokudo
A job or profession	kokushu
A job or profession	komando
A job or profession	komashi
A job or profession	komatsukai
A job or profession	komedian
A job or profession	komenteetaa
A job or profession	komenteta
A job or profession	komon
A job or profession	komonkan
A job or profession	komono
A job or profession	komori
A job or profession	komorionna
A job or profession	komuin
A job or profession	kondakuta
A job or profession	kondakutaa
A job or profession	konin
A job or profession	konpanion
A job or profession	konpoozaa
A job or profession	konpoza
A job or profession	konpyutamania
A job or profession	konpyuutamania
A job or profession	konsarutanto
A job or profession	kontoraruto
A job or profession	koochaa
A job or profession	koochi
A job or profession	koorasugaaru
A job or profession	kooriya
A job or profession	kopiiraitaa
A job or profession	kopiraita
A job or profession	korasugaru
A job or profession	koresupondento
A job or profession	koriogurafa
A job or profession	koriogurafaa
A job or profession	korisho
A job or profession	koriya
A job or profession	kororachura
A job or profession	kororachuura
A job or profession	kosaikan
A job or profession	kosakuin
A job or profession	kosakumono
A job or profession	kosanhei
A job or profession	koseikakari
A job or profession	kosekiri
A job or profession	koshi
A job or profession	kosho
A job or profession	koshonin
A job or profession	koshou
A job or profession	koshu
A job or profession	koso
A job or profession	kosumonooto
A job or profession	kosumonoto
A job or profession	kotensakka
A job or profession	kotenshugimono
A job or profession	kouchou
A job or profession	kouenmono
A job or profession	koufu
A job or profession	koufumono
A job or profession	kouhei
A job or profession	kouin
A job or profession	koujin
A job or profession	koukaichou
A job or profession	koukaishi
A job or profession	koukogakusha
A job or profession	koumuin
A job or profession	kounin
A job or profession	kourishou
A job or profession	kousaikan
A job or profession	kousakuin
A job or profession	kousakumono
A job or profession	kouseikakari
A job or profession	koushi
A job or profession	koushou
A job or profession	koushounin
A job or profession	koushu
A job or profession	kousou
A job or profession	kouyuu
A job or profession	koyo
A job or profession	koyomono
A job or profession	koyosha
A job or profession	koyou
A job or profession	koyoumono
A job or profession	koyousha
A job or profession	koyu
A job or profession	kuaesutoru
A job or profession	kuchikiki
A job or profession	kufu
A job or profession	kufuu
A job or profession	kuge
A job or profession	kugyo
A job or profession	kugyou
A job or profession	kujirafune
A job or profession	kuki
A job or profession	kukki
A job or profession	kukkii
A job or profession	kukku
A job or profession	kumiaiin
A job or profession	kumiain
A job or profession	kumite
A job or profession	kundo
A job or profession	kundou
A job or profession	kuootaabakku
A job or profession	kuotabakku
A job or profession	kuraaku
A job or profession	kurafutoman
A job or profession	kuraima
A job or profession	kuraimaa
A job or profession	kurakka
A job or profession	kurakkaa
A job or profession	kuraku
A job or profession	kurenza
A job or profession	kurenzaa
A job or profession	kuriinaa
A job or profession	kurina
A job or profession	kuriteikku
A job or profession	kuronbo
A job or profession	kuronbou
A job or profession	kurumadaiku
A job or profession	kurumahiki
A job or profession	kusa
A job or profession	kusurishi
A job or profession	kutsuya
A job or profession	kuukii
A job or profession	kuusa
A job or profession	kya
A job or profession	kyadi
A job or profession	kyadii
A job or profession	kyakuhonka
A job or profession	kyappu
A job or profession	kyaputen
A job or profession	kyariarisuto
A job or profession	kyatcha
A job or profession	kyatchaa
A job or profession	kyobairi
A job or profession	kyochosha
A job or profession	kyodai
A job or profession	kyodasha
A job or profession	kyofu
A job or profession	kyohansha
A job or profession	kyoho
A job or profession	kyohou
A job or profession	kyoikuie
A job or profession	kyoikusha
A job or profession	kyoin
A job or profession	kyoju
A job or profession	kyojusha
A job or profession	kyojuusha
A job or profession	kyokan
A job or profession	kyokodairi
A job or profession	kyokugeishi
A job or profession	kyokuin
A job or profession	kyokuyakuin
A job or profession	kyorin
A job or profession	kyoseishikai
A job or profession	kyoshi
A job or profession	kyosho
A job or profession	kyoshou
A job or profession	kyoubairi
A job or profession	kyouchosha
A job or profession	kyoudai
A job or profession	kyoudasha
A job or profession	kyoufu
A job or profession	kyouhansha
A job or profession	kyouikuie
A job or profession	kyouikusha
A job or profession	kyouin
A job or profession	kyouju
A job or profession	kyoukan
A job or profession	kyoukoudairi
A job or profession	kyoukuyakuin
A job or profession	kyourin
A job or profession	kyouseishikai
A job or profession	kyoushi
A job or profession	kyouyu
A job or profession	kyoyu
A job or profession	kyubisuto
A job or profession	kyuji
A job or profession	kyureetaa
A job or profession	kyureta
A job or profession	kyuseishu
A job or profession	kyushu
A job or profession	kyuuji
A job or profession	kyuuseishu
A job or profession	kyuushuu
A job or profession	maachandaizaa
A job or profession	maachanto
A job or profession	machandaiza
A job or profession	machanto
A job or profession	machisho
A job or profession	machishou
A job or profession	madoguchi
A job or profession	madorosu
A job or profession	maesutoro
A job or profession	maeyama
A job or profession	maihime
A job or profession	maiko
A job or profession	maima
A job or profession	maimaa
A job or profession	maira
A job or profession	mairaa
A job or profession	majishan
A job or profession	majutsushi
A job or profession	makanaiho
A job or profession	makanaihou
A job or profession	makanaikata
A job or profession	mamori
A job or profession	mamotsuko
A job or profession	mandarin
A job or profession	maneeja
A job or profession	maneejaa
A job or profession	maneja
A job or profession	manejaa
A job or profession	manekin
A job or profession	manetarisuto
A job or profession	mangaie
A job or profession	mangaka
A job or profession	mannaka
A job or profession	manukan
A job or profession	mariin
A job or profession	marin
A job or profession	masui
A job or profession	masuii
A job or profession	masuta
A job or profession	masutaa
A job or profession	matagi
A job or profession	matono
A job or profession	mawashimono
A job or profession	meakashi
A job or profession	medo
A job or profession	meedo
A job or profession	meekaa
A job or profession	meganeya
A job or profession	meido
A job or profession	meijin
A job or profession	meiko
A job or profession	meikou
A job or profession	meisha
A job or profession	meiyu
A job or profession	meiyuu
A job or profession	meka
A job or profession	memei
A job or profession	memeishi
A job or profession	meshitaki
A job or profession	meshitakiki
A job or profession	meshitsukai
A job or profession	messenja
A job or profession	messenjaa
A job or profession	mezosopurano
A job or profession	mibae
A job or profession	mie
A job or profession	mihari
A job or profession	minimarisuto
A job or profession	minpei
A job or profession	miseban
A job or profession	mittei
A job or profession	miyabito
A job or profession	miyadaiku
A job or profession	mizushionna
A job or profession	modanisuto
A job or profession	moderu
A job or profession	modisuto
A job or profession	moguriisha
A job or profession	mogurisha
A job or profession	mongaikan
A job or profession	monokaki
A job or profession	mootarisuto
A job or profession	motarisuto
A job or profession	motodaka
A job or profession	motojime
A job or profession	mukannoteio
A job or profession	mukannoteiou
A job or profession	munraita
A job or profession	muunraitaa
A job or profession	myujishan
A job or profession	myujisshan
A job or profession	myuujishan
A job or profession	myuujisshan
A job or profession	naasu
A job or profession	nabigeetaa
A job or profession	nabigeita
A job or profession	nabigeitaa
A job or profession	nabigeta
A job or profession	nachurarisuto
A job or profession	naegiya
A job or profession	naikai
A job or profession	naiya
A job or profession	naiyashu
A job or profession	nakabataraki
A job or profession	nakabatarakiki
A job or profession	nakadachi
A job or profession	nakadachinin
A job or profession	nakado
A job or profession	nakadou
A job or profession	nakahataraki
A job or profession	nakahodo
A job or profession	nakai
A job or profession	nakama
A job or profession	nakashi
A job or profession	nakashu
A job or profession	nakashuu
A job or profession	nakodo
A job or profession	nakoudo
A job or profession	nandemoya
A job or profession	narimonoshi
A job or profession	nasu
A job or profession	navigeetaa
A job or profession	navigeita
A job or profession	navigeitaa
A job or profession	navigeta
A job or profession	neeya
A job or profession	neya
A job or profession	niageninsoku
A job or profession	niho
A job or profession	nihou
A job or profession	niko
A job or profession	nikou
A job or profession	nikuya
A job or profession	ninaiakinai
A job or profession	ninbenshi
A job or profession	ninpu
A job or profession	ninsoku
A job or profession	niseisha
A job or profession	niso
A job or profession	nisou
A job or profession	nitaki
A job or profession	nitakiki
A job or profession	nitohei
A job or profession	nitouhei
A job or profession	niwasaku
A job or profession	niwashi
A job or profession	niwatsukuri
A job or profession	noberisuto
A job or profession	nochi
A job or profession	nochichi
A job or profession	noenshu
A job or profession	nofu
A job or profession	nogyoie
A job or profession	nojoshu
A job or profession	noka
A job or profession	nomin
A job or profession	nonin
A job or profession	norikumiin
A job or profession	norikumimi
A job or profession	norikumimiin
A job or profession	norikumimin
A job or profession	norikumin
A job or profession	nouchichi
A job or profession	nouenshu
A job or profession	noufu
A job or profession	nougyouie
A job or profession	noujoushu
A job or profession	nouka
A job or profession	noumin
A job or profession	nounin
A job or profession	nyoboyaku
A job or profession	nyoubouyaku
A job or profession	obo
A job or profession	obou
A job or profession	ochibohiroi
A job or profession	ochihohiroi
A job or profession	odoriko
A job or profession	odorite
A job or profession	ofisa
A job or profession	ofisaa
A job or profession	ogawa
A job or profession	ohan
A job or profession	ohon
A job or profession	ohyakushosan
A job or profession	ohyakushousan
A job or profession	oishasan
A job or profession	ojun
A job or profession	okahiki
A job or profession	okai
A job or profession	okatsuhiki
A job or profession	okeya
A job or profession	okinakashi
A job or profession	okiniyaku
A job or profession	okya
A job or profession	omamori
A job or profession	omawari
A job or profession	omeguri
A job or profession	omegurisan
A job or profession	omiyanin
A job or profession	onabe
A job or profession	onago
A job or profession	onagoshu
A job or profession	onagoshuu
A job or profession	ongakuka
A job or profession	ongakukantoku
A job or profession	onmitsu
A job or profession	onnashu
A job or profession	onnashuu
A job or profession	onnaso
A job or profession	onnasou
A job or profession	onnayakumono
A job or profession	oomiyanin
A job or profession	oosaa
A job or profession	ooshanooto
A job or profession	ooya
A job or profession	orimonosho
A job or profession	orimonoshou
A job or profession	orisuke
A job or profession	oruganisuto
A job or profession	osa
A job or profession	osakibo
A job or profession	osakibou
A job or profession	osan
A job or profession	osetsukakari
A job or profession	oshanoto
A job or profession	oshohei
A job or profession	oshu
A job or profession	otetsudai
A job or profession	otetsudaisan
A job or profession	otogi
A job or profession	otokokamiketsu
A job or profession	otokoshu
A job or profession	otokoshuu
A job or profession	otomo
A job or profession	otsuki
A job or profession	ousetsukakari
A job or profession	oushouhei
A job or profession	owaraigeinin
A job or profession	oya
A job or profession	ozaku
A job or profession	ozakunin
A job or profession	ozakuno
A job or profession	ozakunou
A job or profession	ozensui
A job or profession	ozentaki
A job or profession	paadore
A job or profession	paasaa
A job or profession	padore
A job or profession	pafoma
A job or profession	pafoomaa
A job or profession	pairotto
A job or profession	pantomaima
A job or profession	pantomaimaa
A job or profession	pantomaimisuto
A job or profession	paramedikaru
A job or profession	pararigaru
A job or profession	parariigaru
A job or profession	pasa
A job or profession	penkiya
A job or profession	pianisuto
A job or profession	pitcha
A job or profession	pitchaa
A job or profession	piyanisuto
A job or profession	pootaa
A job or profession	porisu
A job or profession	pota
A job or profession	puraetoru
A job or profession	puranta
A job or profession	purantaa
A job or profession	pureeya
A job or profession	pureeyaa
A job or profession	pureiya
A job or profession	pureiyaa
A job or profession	pureya
A job or profession	purimadonna
A job or profession	purinta
A job or profession	purintaa
A job or profession	puro
A job or profession	purofessa
A job or profession	purofessaa
A job or profession	purogurama
A job or profession	puroguramaa
A job or profession	puronputa
A job or profession	puronputaa
A job or profession	purosenshu
A job or profession	rabi
A job or profession	raiburarian
A job or profession	raifurujuhei
A job or profession	raifurujuuhei
A job or profession	rainbakka
A job or profession	rainbakkaa
A job or profession	rainman
A job or profession	raisensa
A job or profession	raita
A job or profession	raitaa
A job or profession	rakkasanbutai
A job or profession	rakunobashu
A job or profession	rakunoie
A job or profession	rakunoubashu
A job or profession	rakunouie
A job or profession	rakute
A job or profession	ranna
A job or profession	rannaa
A job or profession	rappa
A job or profession	rappaa
A job or profession	rappafuki
A job or profession	rappasui
A job or profession	rappate
A job or profession	rassha
A job or profession	rebyugaru
A job or profession	rebyuugaaru
A job or profession	rebyuuwaa
A job or profession	rebyuwa
A job or profession	reenjaa
A job or profession	reesaa
A job or profession	rei
A job or profession	reijin
A job or profession	reika
A job or profession	reinja
A job or profession	reinjaa
A job or profession	rekishika
A job or profession	renja
A job or profession	renjaa
A job or profession	renposhokuin
A job or profession	renpoushokuin
A job or profession	renzuman
A job or profession	repo
A job or profession	repoota
A job or profession	repootaa
A job or profession	repota
A job or profession	resa
A job or profession	reshiba
A job or profession	reshiiba
A job or profession	reshiibaa
A job or profession	ribetta
A job or profession	rida
A job or profession	rihatsushi
A job or profession	riida
A job or profession	riidaa
A job or profession	riin
A job or profession	rikugungunjin
A job or profession	rikuhei
A job or profession	rikuruta
A job or profession	rikuruutaa
A job or profession	rin
A job or profession	rinkuman
A job or profession	rinmukan
A job or profession	rinshoi
A job or profession	rinshoui
A job or profession	ripootaa
A job or profession	ripota
A job or profession	riron
A job or profession	risuna
A job or profession	risunaa
A job or profession	riyoshi
A job or profession	riyoushi
A job or profession	rodomono
A job or profession	rodosha
A job or profession	rokka
A job or profession	rokkukuraima
A job or profession	rokkukuraimaa
A job or profession	romusha
A job or profession	ronsetsuiin
A job or profession	ronsetsuin
A job or profession	roosutaa
A job or profession	roshi
A job or profession	rosuta
A job or profession	roudoumono
A job or profession	roudousha
A job or profession	roumusha
A job or profession	roushi
A job or profession	ryo
A job or profession	ryohan
A job or profession	ryohosamurai
A job or profession	ryoji
A job or profession	ryojin
A job or profession	ryokan
A job or profession	ryoriban
A job or profession	ryoriho
A job or profession	ryorinin
A job or profession	ryoshi
A job or profession	ryotto
A job or profession	ryou
A job or profession	ryouhousamurai
A job or profession	ryouji
A job or profession	ryoujin
A job or profession	ryoukan
A job or profession	ryouotto
A job or profession	ryouriban
A job or profession	ryourihou
A job or profession	ryourinin
A job or profession	ryoushi
A job or profession	ryouyuu
A job or profession	ryouzoku
A job or profession	ryoyu
A job or profession	ryozoku
A job or profession	ryukihei
A job or profession	ryuukihei
A job or profession	saabanto
A job or profession	sabanto
A job or profession	sabu
A job or profession	saburai
A job or profession	saguri
A job or profession	sai
A job or profession	saibaapanku
A job or profession	saibankan
A job or profession	saibapanku
A job or profession	saidanshi
A job or profession	saienteisuto
A job or profession	saikoanarisuto
A job or profession	saikorojisuto
A job or profession	saikunin
A job or profession	saikushi
A job or profession	sakan
A job or profession	sakanaya
A job or profession	sakaya
A job or profession	sakibo
A job or profession	sakibou
A job or profession	sakka
A job or profession	sakkyokuka
A job or profession	sakkyokusha
A job or profession	sakunin
A job or profession	sakuo
A job or profession	sakusha
A job or profession	sakushika
A job or profession	sakushisha
A job or profession	sanba
A job or profession	sanbo
A job or profession	sanbou
A job or profession	sankai
A job or profession	sanmaime
A job or profession	sanmonbunshi
A job or profession	sanshita
A job or profession	sanso
A job or profession	sansou
A job or profession	saoko
A job or profession	saraarai
A job or profession	sararai
A job or profession	sarariiman
A job or profession	sarariman
A job or profession	sashisoe
A job or profession	sasoe
A job or profession	satogun
A job or profession	satsu
A job or profession	sausupo
A job or profession	sausupoo
A job or profession	sawantoshu
A job or profession	sawantoushu
A job or profession	seeraa
A job or profession	seerusuman
A job or profession	seerusuuuman
A job or profession	seidote
A job or profession	seidoute
A job or profession	seigakuie
A job or profession	seihonya
A job or profession	seijishoko
A job or profession	seijishoukou
A job or profession	seikagakumono
A job or profession	seikeigekai
A job or profession	seirigakumono
A job or profession	seisakusha
A job or profession	seisan
A job or profession	seisansha
A job or profession	seishinkai
A job or profession	seishokusha
A job or profession	seizogyosha
A job or profession	seizougyousha
A job or profession	sekibangaka
A job or profession	sekkeisha
A job or profession	sekkotsui
A job or profession	sekkyomono
A job or profession	sekkyoshi
A job or profession	sekkyoumono
A job or profession	sekkyoushi
A job or profession	sekondo
A job or profession	sekuretari
A job or profession	sekuretarii
A job or profession	semipuro
A job or profession	sencho
A job or profession	senchou
A job or profession	sendatsu
A job or profession	sendo
A job or profession	sendou
A job or profession	senjouzai
A job or profession	senjozai
A job or profession	senko
A job or profession	senkou
A job or profession	senkyoshi
A job or profession	senkyoushi
A job or profession	senmonka
A job or profession	senpakushokuin
A job or profession	senryo
A job or profession	senryou
A job or profession	sensei
A job or profession	senshi
A job or profession	senshu
A job or profession	sensuiotto
A job or profession	senta
A job or profession	sentaa
A job or profession	senzai
A job or profession	sera
A job or profession	serapisuto
A job or profession	seriuri
A job or profession	seriuriri
A job or profession	serusuman
A job or profession	serusuuman
A job or profession	setsudanki
A job or profession	settaikakari
A job or profession	shacho
A job or profession	shachou
A job or profession	shakaigakusha
A job or profession	shakan
A job or profession	shakke
A job or profession	shashinka
A job or profession	shashinshi
A job or profession	shasho
A job or profession	shashou
A job or profession	shi
A job or profession	shiageko
A job or profession	shiagekou
A job or profession	shicho
A job or profession	shichoku
A job or profession	shichou
A job or profession	shidoin
A job or profession	shidouin
A job or profession	shiefu
A job or profession	shiepaado
A job or profession	shiepado
A job or profession	shifuku
A job or profession	shifukukeiji
A job or profession	shigakuie
A job or profession	shigakumono
A job or profession	shiganhei
A job or profession	shihainin
A job or profession	shihan
A job or profession	shihokan
A job or profession	shihoukan
A job or profession	shiiresaki
A job or profession	shijin
A job or profession	shijosu
A job or profession	shijouosu
A job or profession	shika
A job or profession	shikagikoshi
A job or profession	shikagikoushi
A job or profession	shikai
A job or profession	shikaisha
A job or profession	shikaishi
A job or profession	shikaku
A job or profession	shikan
A job or profession	shikikan
A job or profession	shikisha
A job or profession	shikkori
A job or profession	shikkouri
A job or profession	shikyo
A job or profession	shikyodairi
A job or profession	shikyou
A job or profession	shikyoudairi
A job or profession	shimin
A job or profession	shinan
A job or profession	shinanban
A job or profession	shinanyaku
A job or profession	shinarioraita
A job or profession	shinarioraitaa
A job or profession	shinboku
A job or profession	shinbunkisha
A job or profession	shinbunya
A job or profession	shindani
A job or profession	shinga
A job or profession	shingaa
A job or profession	shinkeikai
A job or profession	shinko
A job or profession	shinkogakari
A job or profession	shinkokakari
A job or profession	shinkougakari
A job or profession	shinkoukakari
A job or profession	shinpankan
A job or profession	shinpei
A job or profession	shinpu
A job or profession	shinrigakusha
A job or profession	shiori
A job or profession	shioya
A job or profession	shippitsusha
A job or profession	shirei
A job or profession	shireikan
A job or profession	shiresaki
A job or profession	shiroto
A job or profession	shirouto
A job or profession	shirouzurou
A job or profession	shirozuro
A job or profession	shisai
A job or profession	shisakuie
A job or profession	shisetsu
A job or profession	shishi
A job or profession	shisho
A job or profession	shishou
A job or profession	shisotsu
A job or profession	shitabataraki
A job or profession	shitamawari
A job or profession	shitappa
A job or profession	shitateya
A job or profession	shitayaku
A job or profession	shitsuji
A job or profession	shitsuso
A job or profession	shitsusou
A job or profession	shiyatsu
A job or profession	shiyonin
A job or profession	shiyounin
A job or profession	sho
A job or profession	shobainin
A job or profession	shoboshi
A job or profession	shobotto
A job or profession	shogaru
A job or profession	shogin
A job or profession	shogun
A job or profession	shoi
A job or profession	shoju
A job or profession	shojuu
A job or profession	shoka
A job or profession	shokan
A job or profession	shoki
A job or profession	shokikan
A job or profession	shokinkasegi
A job or profession	shokko
A job or profession	shokkou
A job or profession	shoko
A job or profession	shokunin
A job or profession	shonenhei
A job or profession	shonikai
A job or profession	shonin
A job or profession	shoogaaru
A job or profession	shooto
A job or profession	shootosutoppu
A job or profession	shosa
A job or profession	shosei
A job or profession	shosetsuka
A job or profession	shoten
A job or profession	shotenshu
A job or profession	shoto
A job or profession	shotosutoppu
A job or profession	shotsutomu
A job or profession	shou
A job or profession	shoubainin
A job or profession	shoubouotto
A job or profession	shouboushi
A job or profession	shougiin
A job or profession	shougun
A job or profession	shoui
A job or profession	shoukan
A job or profession	shoukinkasegi
A job or profession	shouko
A job or profession	shoukou
A job or profession	shounikai
A job or profession	shounin
A job or profession	shousa
A job or profession	shousei
A job or profession	shousetsuka
A job or profession	shouten
A job or profession	shoutenshu
A job or profession	shoutsutomu
A job or profession	shouya
A job or profession	shouzougaie
A job or profession	shoya
A job or profession	shozogaie
A job or profession	shu
A job or profession	shubi
A job or profession	shubo
A job or profession	shubu
A job or profession	shudoama
A job or profession	shudojo
A job or profession	shudoshi
A job or profession	shudoso
A job or profession	shuei
A job or profession	shuen
A job or profession	shuenmono
A job or profession	shugyomono
A job or profession	shukei
A job or profession	shukinnin
A job or profession	shukyo
A job or profession	shukyou
A job or profession	shuppangyosha
A job or profession	shuppangyousha
A job or profession	shuppansha
A job or profession	shusekishikyo
A job or profession	shusekishikyou
A job or profession	shusekishukyo
A job or profession	shusekishukyou
A job or profession	shusengyosha
A job or profession	shusennin
A job or profession	shusho
A job or profession	shushou
A job or profession	shutchoin
A job or profession	shutchouin
A job or profession	shutsuensha
A job or profession	shuudouama
A job or profession	shuudoujo
A job or profession	shuudoushi
A job or profession	shuudousou
A job or profession	shuugyoumono
A job or profession	shuukinnin
A job or profession	shuusengyousha
A job or profession	shuusennin
A job or profession	shuuzeiri
A job or profession	shuyaku
A job or profession	shuzeiri
A job or profession	shuzoie
A job or profession	shuzouie
A job or profession	soanmono
A job or profession	sobashi
A job or profession	socho
A job or profession	sodanyaku
A job or profession	sodate
A job or profession	soga
A job or profession	sogekihei
A job or profession	sogiya
A job or profession	sojifu
A job or profession	sojin
A job or profession	sojinin
A job or profession	sokaku
A job or profession	sokkisha
A job or profession	soko
A job or profession	sokomono
A job or profession	soku
A job or profession	sokuryogishi
A job or profession	sokuryoshi
A job or profession	sokuryougishi
A job or profession	sokuryoushi
A job or profession	somurie
A job or profession	songuraita
A job or profession	songuraitaa
A job or profession	sonosuji
A job or profession	soosharuwaakaa
A job or profession	sopurano
A job or profession	sopuranokashu
A job or profession	sorishita
A job or profession	sorishitaa
A job or profession	sorisuto
A job or profession	soroisuto
A job or profession	soruja
A job or profession	sorujaa
A job or profession	sosha
A job or profession	soshakakari
A job or profession	sosharuwaka
A job or profession	soshiaruwaakaa
A job or profession	soshiaruwaka
A job or profession	soshokuie
A job or profession	soshokumono
A job or profession	sotsu
A job or profession	souanmono
A job or profession	soubashi
A job or profession	souchou
A job or profession	soudanyaku
A job or profession	soudate
A job or profession	souga
A job or profession	sougiya
A job or profession	soujifu
A job or profession	soujin
A job or profession	soujinin
A job or profession	soukaku
A job or profession	souko
A job or profession	soukomono
A job or profession	souku
A job or profession	sousha
A job or profession	soushakakari
A job or profession	soushokuie
A job or profession	soushokumono
A job or profession	suchuwaadesu
A job or profession	suchuwaado
A job or profession	suchuwadesu
A job or profession	suchuwado
A job or profession	suemonosaku
A job or profession	suemonoshi
A job or profession	suemonotsukuri
A job or profession	sugakusha
A job or profession	suidouya
A job or profession	suidoya
A job or profession	suifu
A job or profession	suihei
A job or profession	suima
A job or profession	suimaa
A job or profession	suinga
A job or profession	suingaa
A job or profession	suisaigaie
A job or profession	suitogakari
A job or profession	suitogakariri
A job or profession	suitokakari
A job or profession	suitougakari
A job or profession	suitougakariri
A job or profession	suitoukakari
A job or profession	sukeetaa
A job or profession	suketa
A job or profession	suketto
A job or profession	sukiiyaa
A job or profession	sukikyo
A job or profession	sukippa
A job or profession	sukippaa
A job or profession	sukiya
A job or profession	sukyabbu
A job or profession	sukyabu
A job or profession	sukyappu
A job or profession	sunappa
A job or profession	sunappaa
A job or profession	supai
A job or profession	supamoderu
A job or profession	supeesuman
A job or profession	supesharisuto
A job or profession	supesuman
A job or profession	supichiraita
A job or profession	supiichiraitaa
A job or profession	supootsukisha
A job or profession	supootsuman
A job or profession	supootsuraitaa
A job or profession	supootsusenshu
A job or profession	supootsuuuman
A job or profession	supotsukisha
A job or profession	supotsuman
A job or profession	supotsuraita
A job or profession	supotsusenshu
A job or profession	supotsuuman
A job or profession	supuraisa
A job or profession	supuraisaa
A job or profession	supurinta
A job or profession	supurintaa
A job or profession	suragga
A job or profession	suraggaa
A job or profession	suta
A job or profession	sutaa
A job or profession	sutaataa
A job or profession	sutairisuto
A job or profession	sutata
A job or profession	sutekka
A job or profession	sutekkaa
A job or profession	suteppa
A job or profession	sutoha
A job or profession	sutoraika
A job or profession	sutoraikaa
A job or profession	sutoringa
A job or profession	sutoringaa
A job or profession	sutorippa
A job or profession	sutorippaa
A job or profession	sutoyaburi
A job or profession	suugakusha
A job or profession	suukikyou
A job or profession	suupaamoderu
A job or profession	tabakoya
A job or profession	tabiakinai
A job or profession	tabisho
A job or profession	tabishonin
A job or profession	tabishou
A job or profession	tabishounin
A job or profession	tachiban
A job or profession	tago
A job or profession	tai
A job or profession	taiekigunjin
A job or profession	taii
A job or profession	taimukiipaa
A job or profession	taimukipa
A job or profession	taipisuto
A job or profession	taisa
A job or profession	taishi
A job or profession	taishikyo
A job or profession	taishikyou
A job or profession	taisho
A job or profession	taishou
A job or profession	taisosenshu
A job or profession	taisousenshu
A job or profession	takajo
A job or profession	takajou
A job or profession	takehito
A job or profession	takkuru
A job or profession	takkusuman
A job or profession	takumi
A job or profession	takuminin
A job or profession	tamanin
A job or profession	tamaya
A job or profession	tan
A job or profession	tanakinai
A job or profession	tanbomono
A job or profession	tanboumono
A job or profession	tanko
A job or profession	tankou
A job or profession	tansho
A job or profession	tanshou
A job or profession	tantei
A job or profession	tanya
A job or profession	tappudansa
A job or profession	tappudansaa
A job or profession	tasaku
A job or profession	tasakuri
A job or profession	tassha
A job or profession	tasuke
A job or profession	tasukete
A job or profession	tasutsuto
A job or profession	tatsuji
A job or profession	tatsujin
A job or profession	tawakemono
A job or profession	tawashi
A job or profession	tayoriya
A job or profession	tebiki
A job or profession	teeraa
A job or profession	teerubakku
A job or profession	teicha
A job or profession	teicho
A job or profession	teichou
A job or profession	teihikeshi
A job or profession	teihikeshishi
A job or profession	teiicha
A job or profession	teiichaa
A job or profession	teion
A job or profession	teishin
A job or profession	teiyohono
A job or profession	teiyouhonoo
A job or profession	tejinashi
A job or profession	tejinatsukai
A job or profession	tekiya
A job or profession	tekunishan
A job or profession	tekunisshan
A job or profession	tena
A job or profession	tenaa
A job or profession	tenjonin
A job or profession	tenjounin
A job or profession	tenmongakusha
A job or profession	tenmonka
A job or profession	tenohiraki
A job or profession	tenooru
A job or profession	tenoru
A job or profession	tenshu
A job or profession	tera
A job or profession	teraotoko
A job or profession	terubakku
A job or profession	tesaki
A job or profession	teshita
A job or profession	tetsudai
A job or profession	tetsudaite
A job or profession	tezumaken
A job or profession	tezumashi
A job or profession	tezumatsukai
A job or profession	tobanhei
A job or profession	todori
A job or profession	togeika
A job or profession	toji
A job or profession	tojoin
A job or profession	tokeigakumono
A job or profession	tokkotaitain
A job or profession	tokkoutaitaiin
A job or profession	toko
A job or profession	tokosha
A job or profession	tokuhain
A job or profession	tomo
A job or profession	tomobito
A job or profession	toppa
A job or profession	toppaa
A job or profession	toranpetta
A job or profession	toranpettaa
A job or profession	toreenaa
A job or profession	toreina
A job or profession	toreinaa
A job or profession	torena
A job or profession	torima
A job or profession	torimaa
A job or profession	toriuchi
A job or profession	toriya
A job or profession	toshu
A job or profession	toubanhei
A job or profession	toudori
A job or profession	tougeika
A job or profession	toujouin
A job or profession	toukeigakumono
A job or profession	toukou
A job or profession	toukousha
A job or profession	toushu
A job or profession	towara
A job or profession	towaraa
A job or profession	tozanie
A job or profession	tsuben
A job or profession	tsuji
A job or profession	tsukaiban
A job or profession	tsukaiyatsu
A job or profession	tsukenin
A job or profession	tsuki
A job or profession	tsukibito
A job or profession	tsukinishi
A job or profession	tsukisoi
A job or profession	tsukisoinin
A job or profession	tsukurinin
A job or profession	tsure
A job or profession	tsuuben
A job or profession	tsuuji
A job or profession	tsuukinishi
A job or profession	tsuuyaku
A job or profession	tsuuyakunin
A job or profession	tsuuyakusha
A job or profession	tsuyaku
A job or profession	tsuyakunin
A job or profession	tsuyakusha
A job or profession	uchuhikoshi
A job or profession	uchuuhikoushi
A job or profession	uddokatta
A job or profession	uddokattaa
A job or profession	ueetaa
A job or profession	ueetoresu
A job or profession	ueita
A job or profession	ueitaa
A job or profession	ueitoresu
A job or profession	uekishi
A job or profession	uekiya
A job or profession	ueta
A job or profession	uetoresu
A job or profession	uingubakku
A job or profession	uirusugakusha
A job or profession	uketsuke
A job or profession	uketsukekakari
A job or profession	umaji
A job or profession	unchan
A job or profession	undosenshu
A job or profession	undousenshu
A job or profession	untensha
A job or profession	untenshu
A job or profession	ura
A job or profession	uriko
A job or profession	urite
A job or profession	ushikai
A job or profession	ushiro
A job or profession	usui
A job or profession	utahime
A job or profession	utaite
A job or profession	utautai
A job or profession	uwanori
A job or profession	vaiorinisuto
A job or profession	vaiorinsosha
A job or profession	vaiorinsousha
A job or profession	venda
A job or profession	vendaa
A job or profession	vokarisuto
A job or profession	vookarisuto
A job or profession	waakaa
A job or profession	waakahorikku
A job or profession	wai
A job or profession	waiho
A job or profession	waii
A job or profession	waiihou
A job or profession	waka
A job or profession	wakahorikku
A job or profession	wakugumi
A job or profession	wanaryoshi
A job or profession	wanaryoushi
A job or profession	watashishu
A job or profession	yakimonoshi
A job or profession	yakingakusha
A job or profession	yakugakumono
A job or profession	yakuin
A job or profession	yakurigakumono
A job or profession	yakusha
A job or profession	yakuzaishi
A job or profession	yakyusenshu
A job or profession	yakyuusenshu
A job or profession	yamaotoko
A job or profession	yamaritsu
A job or profession	yamashi
A job or profession	yamatachi
A job or profession	yaneya
A job or profession	yanshu
A job or profession	yanshuu
A job or profession	yaoya
A job or profession	yappi
A job or profession	yappii
A job or profession	yarikihei
A job or profession	yarimochichi
A job or profession	yashu
A job or profession	yatoi
A job or profession	yatoinin
A job or profession	yatsu
A job or profession	yobidashi
A job or profession	yobihei
A job or profession	yobimono
A job or profession	yofukuya
A job or profession	yohoie
A job or profession	yoi
A job or profession	yoinin
A job or profession	yomite
A job or profession	yomuin
A job or profession	yonin
A job or profession	yoriki
A job or profession	yorozuya
A job or profession	yosetsuko
A job or profession	yote
A job or profession	yottoman
A job or profession	yottouman
A job or profession	yottouuman
A job or profession	you
A job or profession	youfukuya
A job or profession	youhouie
A job or profession	youi
A job or profession	youinin
A job or profession	youmuin
A job or profession	younin
A job or profession	yousetsukou
A job or profession	youte
A job or profession	yubinhaitatsu
A job or profession	yubinkyakufu
A job or profession	yubinya
A job or profession	yuchi
A job or profession	yugeki
A job or profession	yugekishu
A job or profession	yuhitsu
A job or profession	yumorisuto
A job or profession	yushi
A job or profession	yushisha
A job or profession	yuubinhaitatsu
A job or profession	yuubinkyakufu
A job or profession	yuubinya
A job or profession	yuuchi
A job or profession	yuugeki
A job or profession	yuugekishu
A job or profession	yuuhitsu
A job or profession	yuumorisuto
A job or profession	yuushi
A job or profession	yuushisha
A job or profession	zasho
A job or profession	zashou
A job or profession	zatsuekifu
A job or profession	zenkeniin
A job or profession	zenkenin
A job or profession	zenkenkoshi
A job or profession	zenkenkoushi
A job or profession	zenni
A job or profession	zensho
A job or profession	zetsujin
A job or profession	zohyo
A job or profession	zouhyou
A job or profession	zuihanmono
A job or profession	zuihitsuka
A job or profession	zuiin
A job or profession	zuijin
A job or profession	zuiju
A job or profession	zuijuu
A job or profession	zuiko
A job or profession	zuikoin
A job or profession	zuikou
A job or profession	zuikouin
A job or profession	zuin
A job or profession	zurukkokeru
Something you read	aidokusha
Something you read	aika
Something you read	aishi
Something you read	aiso
Something you read	aisou
Something you read	akahon
Something you read	annai
Something you read	annaiki
Something you read	annainin
Something you read	annaisho
Something you read	ansoroji
Something you read	ansorojii
Something you read	araware
Something you read	atama
Something you read	atorasu
Something you read	baasu
Something you read	baiburu
Something you read	baimansuri
Something you read	baimansurii
Something you read	baiogurafi
Something you read	baiogurafii
Something you read	baraado
Something you read	baraddo
Something you read	barado
Something you read	basu
Something you read	benricho
Something you read	benrichou
Something you read	bensho
Something you read	benshou
Something you read	beryumu
Something you read	beryuumu
Something you read	besutosera
Something you read	besutoseraa
Something you read	betsuzuri
Something you read	biboroku
Something you read	bibouroku
Something you read	bin
Something you read	binran
Something you read	bira
Something you read	bokyaburari
Something you read	bokyaburarii
Something you read	boryumu
Something you read	boryuumu
Something you read	boshi
Something you read	boshitsu
Something you read	boto
Something you read	boushi
Something you read	boushitsu
Something you read	boutou
Something you read	bukku
Something you read	bukkuretto
Something you read	bun
Something you read	bunken
Something you read	bunsho
Something you read	bunshou
Something you read	bureen
Something you read	burein
Something you read	buren
Something you read	burogu
Something you read	burubukku
Something you read	buruubukku
Something you read	chaato
Something you read	chaputa
Something you read	chaputaa
Something you read	chato
Something you read	chatto
Something you read	cheenretaa
Something you read	chenreta
Something you read	chiketto
Something you read	chikuhaku
Something you read	chimeijiten
Something you read	chirashi
Something you read	chiryoku
Something you read	chisei
Something you read	chizu
Something you read	chizucho
Something you read	chizuchou
Something you read	cho
Something you read	chodashi
Something you read	chohyo
Something you read	choka
Something you read	choko
Something you read	choriho
Something you read	chosaku
Something you read	chosakubutsu
Something you read	chosatsu
Something you read	choshirube
Something you read	chosho
Something you read	choshutsu
Something you read	chou
Something you read	choudashi
Something you read	chouhyou
Something you read	chouka
Something you read	choukou
Something you read	chourihou
Something you read	chousatsu
Something you read	choushirube
Something you read	choushou
Something you read	choushutsu
Something you read	daiari
Something you read	daiarii
Something you read	daihon
Something you read	daijiesuto
Something you read	daiyari
Something you read	daiyarii
Something you read	dan
Something you read	danraku
Something you read	den
Something you read	denbun
Something you read	denhanashi
Something you read	denki
Something you read	denpo
Something you read	denpou
Something you read	densetsu
Something you read	denshimeeru
Something you read	denshimeiru
Something you read	denshimeru
Something you read	denshiyubin
Something you read	denshiyuubin
Something you read	densho
Something you read	denshou
Something you read	denwacho
Something you read	denwachou
Something you read	dikushonari
Something you read	dikushonarii
Something you read	direkutori
Something you read	direkutorii
Something you read	dogai
Something you read	dogaishi
Something you read	dohyo
Something you read	doke
Something you read	dokeshi
Something you read	dokuhon
Something you read	dokusha
Something you read	donyu
Something you read	donyubu
Something you read	dougai
Something you read	dougaishi
Something you read	douhyou
Something you read	douke
Something you read	doukeshi
Something you read	dounyuu
Something you read	dounyuubu
Something you read	edda
Something you read	edishon
Something you read	ehagaki
Something you read	ehashigaki
Something you read	eigakyakuhon
Something you read	eika
Something you read	emeeru
Something you read	emeiru
Something you read	emeru
Something you read	ensaikuropedia
Something you read	epikku
Something you read	ese
Something you read	esee
Something you read	esse
Something you read	essee
Something you read	essei
Something you read	ezu
Something you read	fakkusu
Something you read	fakushimiri
Something you read	fakushimiriki
Something you read	fakusu
Something you read	fanreta
Something you read	fanretaa
Something you read	fikushon
Something you read	fomureta
Something you read	foomuretaa
Something you read	fooramu
Something you read	foramu
Something you read	fuei
Something you read	fukudai
Something you read	fushi
Something you read	gaido
Something you read	gaidobukku
Something you read	gairon
Something you read	gakkoshinbun
Something you read	gakkoushinbun
Something you read	gakuho
Something you read	gakuhou
Something you read	gakujutsushi
Something you read	gakushujiten
Something you read	gakushuujiten
Something you read	ganji
Something you read	gannobun
Something you read	gannotayori
Something you read	gannotsukai
Something you read	gansatsu
Something you read	gansho
Something you read	geeji
Something you read	geji
Something you read	genbun
Something you read	gensaku
Something you read	genteiban
Something you read	genteishuppan
Something you read	gerasuri
Something you read	gohon
Something you read	goi
Something you read	goshu
Something you read	goshuu
Something you read	goten
Something you read	gou
Something you read	gunyochizu
Something you read	gunyouchizu
Something you read	gurafu
Something you read	gurafukiroku
Something you read	gurimowaaru
Something you read	gurimowaru
Something you read	gyoei
Something you read	gyokusho
Something you read	gyokushou
Something you read	hagaki
Something you read	haiku
Something you read	han
Something you read	hanashi
Something you read	hanasumi
Something you read	handobukku
Something you read	hanron
Something you read	hanshiki
Something you read	hantsukikan
Something you read	haridashi
Something you read	haridashishi
Something you read	harifuda
Something you read	harigami
Something you read	harisatsu
Something you read	harishutsu
Something you read	haroopeeji
Something you read	haropeji
Something you read	hashigaki
Something you read	hashigakiki
Something you read	hausuogan
Something you read	hausuoogan
Something you read	hautsumono
Something you read	hautsuumono
Something you read	heddorain
Something you read	hen
Something you read	henchitsu
Something you read	henju
Something you read	henjuu
Something you read	hensan
Something you read	hensho
Something you read	henshou
Something you read	henshu
Something you read	henshuu
Something you read	heya
Something you read	hiekan
Something you read	hikae
Something you read	hikaecho
Something you read	hikaechou
Something you read	hikaekaki
Something you read	hikkei
Something you read	hirate
Something you read	hitofude
Something you read	hogenchizu
Something you read	hokku
Something you read	hokokusho
Something you read	homupe
Something you read	homupeji
Something you read	hon
Something you read	honbun
Something you read	honin
Something you read	honkoku
Something you read	hoomupeeji
Something you read	horosukoopu
Something you read	horosukopu
Something you read	hoshi
Something you read	hoshiki
Something you read	hoshiuranai
Something you read	hoten
Something you read	hou
Something you read	hougenchizu
Something you read	houkokusho
Something you read	houshi
Something you read	houshiki
Something you read	houten
Something you read	hyakka
Something you read	hyakkajisho
Something you read	hyakkajiten
Something you read	hyakkazensho
Something you read	hyocho
Something you read	hyoron
Something you read	hyouchou
Something you read	hyouron
Something you read	ibukiki
Something you read	ichibun
Something you read	ichidaiki
Something you read	ichiran
Something you read	ichiranhyo
Something you read	ichiranhyou
Something you read	ihen
Something you read	iitsutae
Something you read	iiwake
Something you read	iken
Something you read	ikisa
Something you read	ikisashi
Something you read	ikkan
Something you read	ikkanki
Something you read	iko
Something you read	ikou
Something you read	inbiteeshon
Something you read	inbiteshon
Something you read	inboisu
Something you read	inbun
Something you read	indekkusu
Something you read	indekusu
Something you read	insatsu
Something you read	intoro
Something you read	intorodakushon
Something you read	invoisu
Something you read	ippitsu
Something you read	irei
Something you read	irobun
Something you read	iryoku
Something you read	ishi
Something you read	ito
Something you read	itsutae
Something you read	iwake
Something you read	jaanaru
Something you read	janaru
Something you read	jibiki
Something you read	jibikiki
Something you read	jiden
Something you read	jigami
Something you read	jihayashi
Something you read	jii
Something you read	jijoden
Something you read	jimaku
Something you read	jinmeibo
Something you read	jinmeiroku
Something you read	jirin
Something you read	jishaku
Something you read	jisho
Something you read	jiten
Something you read	jitsuyokaki
Something you read	jitsuyoukaki
Something you read	jiyushi
Something you read	jiyuushi
Something you read	jobun
Something you read	jodai
Something you read	jogen
Something you read	jojishi
Something you read	jojoshi
Something you read	jojoushi
Something you read	joron
Something you read	josetsu
Something you read	joshaken
Something you read	joshi
Something you read	josho
Something you read	joshou
Something you read	jou
Something you read	joushaken
Something you read	juchin
Something you read	juhan
Something you read	jukoku
Something you read	juryo
Something you read	juryou
Something you read	jusatsu
Something you read	jushichimoji
Something you read	jussaku
Something you read	juuchin
Something you read	juuhan
Something you read	juukoku
Something you read	juusatsu
Something you read	juushichimoji
Something you read	juyo
Something you read	juyore
Something you read	juyou
Something you read	juyoure
Something you read	kaado
Something you read	kado
Something you read	kage
Something you read	kaichoku
Something you read	kaiho
Something you read	kaihou
Something you read	kaikishosetsu
Something you read	kaikishousetsu
Something you read	kaikoroku
Something you read	kaisetsusho
Something you read	kaishi
Something you read	kaisoki
Something you read	kaisouki
Something you read	kaitei
Something you read	kaizu
Something you read	kaki
Something you read	kakichitsu
Something you read	kakidashi
Something you read	kakiten
Something you read	kakitsuke
Something you read	kakitsuki
Something you read	kaku
Something you read	kakushu
Something you read	kakushuu
Something you read	kami
Something you read	kan
Something you read	kanban
Something you read	kanchitsu
Something you read	kandoku
Something you read	kanjo
Something you read	kanjosho
Something you read	kanjoshoki
Something you read	kanjou
Something you read	kanjousho
Something you read	kanjoushoki
Something you read	kanketsubun
Something you read	kankobutsu
Something you read	kankoubutsu
Something you read	kanseihagaki
Something you read	kanso
Something you read	kansou
Something you read	kansu
Something you read	kansuu
Something you read	kanwa
Something you read	kanyu
Something you read	kanyuu
Something you read	karuta
Something you read	kashi
Something you read	kashu
Something you read	kashuu
Something you read	katarogu
Something you read	kazehaizu
Something you read	keburiri
Something you read	kehai
Something you read	keiji
Something you read	keisansho
Something you read	keiyaku
Something you read	keiyakusho
Something you read	ken
Something you read	kengen
Something you read	kenno
Something you read	kennou
Something you read	kenre
Something you read	kenryoku
Something you read	kenware
Something you read	ketteiban
Something you read	kibun
Something you read	kiden
Something you read	kiji
Something you read	kikan
Something you read	kikanshi
Something you read	kiku
Something you read	kippu
Something you read	kishoku
Something you read	kitan
Something you read	kitei
Something you read	kitokaki
Something you read	kitoukaki
Something you read	kiyo
Something you read	kiyou
Something you read	kizashi
Something you read	koden
Something you read	kohi
Something you read	koji
Something you read	kokaijo
Something you read	kokaizu
Something you read	kokoku
Something you read	kokokuto
Something you read	kokoro
Something you read	kokoroboe
Something you read	kokorokaku
Something you read	kokorooboe
Something you read	kokuchi
Something you read	kokushokan
Something you read	komedian
Something you read	komikkusu
Something you read	kondate
Something you read	kondatehyo
Something you read	kondatehyou
Something you read	kondateteomote
Something you read	konpasu
Something you read	kontorakuto
Something you read	kooran
Something you read	koran
Something you read	koseizuri
Something you read	koshizu
Something you read	koshokuhon
Something you read	kotoba
Something you read	kotozute
Something you read	kotozutee
Something you read	kou
Something you read	kouhi
Something you read	koukaijou
Something you read	koukaizu
Something you read	koukoku
Something you read	koukokutou
Something you read	koukuushokan
Something you read	kouseizuri
Something you read	koushokuhon
Something you read	koyomi
Something you read	kuchibiru
Something you read	kuchigaki
Something you read	kuchigakiki
Something you read	kukkubukku
Something you read	kurokku
Something you read	kyakuhon
Something you read	kyohon
Something you read	kyokasho
Something you read	kyoko
Something you read	kyokou
Something you read	kyorimondo
Something you read	kyoshikyoku
Something you read	kyosokubon
Something you read	kyosokyoku
Something you read	kyotei
Something you read	kyouhon
Something you read	kyoukasho
Something you read	kyourimondou
Something you read	kyoushikyoku
Something you read	kyousokubon
Something you read	kyousoukyoku
Something you read	kyoutei
Something you read	maegaki
Something you read	maeoki
Something you read	maezetsu
Something you read	magajin
Something you read	maki
Something you read	maneki
Something you read	mangazasshi
Something you read	manyuaru
Something you read	mappu
Something you read	masafumi
Something you read	mashisuri
Something you read	meeru
Something you read	meidai
Something you read	meikan
Something you read	meiru
Something you read	memo
Something you read	memorandamu
Something you read	menu
Something you read	menuu
Something you read	menyu
Something you read	menyuu
Something you read	meru
Something you read	messeeji
Something you read	messeiji
Something you read	messeji
Something you read	michido
Something you read	michidou
Something you read	michishirube
Something you read	midashi
Something you read	minaoshi
Something you read	minikomi
Something you read	minkandensho
Something you read	minkandenshou
Something you read	mirionsera
Something you read	mirionseraa
Something you read	mizukukinoato
Something you read	mochiba
Something you read	mokeichizu
Something you read	mokuroku
Something you read	monogatari
Something you read	monogatarishi
Something you read	monosashi
Something you read	muinshi
Something you read	mukashibanashi
Something you read	nanba
Something you read	nanbaa
Something you read	natan
Something you read	nenkan
Something you read	nenko
Something you read	nenkou
Something you read	nichijo
Something you read	nichijou
Something you read	nichiroku
Something you read	nikki
Something you read	ninjohon
Something you read	ninjouhon
Something you read	nisshi
Something you read	noberu
Something you read	noju
Something you read	nonfikushon
Something you read	nouju
Something you read	noveru
Something you read	nyumon
Something you read	nyumonsho
Something you read	nyusureta
Something you read	nyuumon
Something you read	nyuumonsho
Something you read	nyuusuretaa
Something you read	oaiso
Something you read	oaisou
Something you read	oboe
Something you read	oboegaki
Something you read	oboegakiki
Something you read	oboekaki
Something you read	obun
Something you read	odo
Something you read	oheya
Something you read	ohon
Something you read	ojo
Something you read	ojou
Something you read	okitegami
Something you read	oko
Something you read	okuribun
Something you read	okurijo
Something you read	okurijou
Something you read	oodo
Something you read	oosoritei
Something you read	oosoriteii
Something you read	ootoritee
Something you read	oshaberi
Something you read	oshi
Something you read	oshirase
Something you read	osoritei
Something you read	otorite
Something you read	otsumu
Something you read	owaraigeinin
Something you read	oyobi
Something you read	ozashiki
Something you read	panfu
Something you read	panfuretto
Something you read	paragurafu
Something you read	parupumagajin
Something you read	peeji
Something you read	peepa
Something you read	peepaa
Something you read	peepuru
Something you read	peiji
Something you read	peipa
Something you read	peipaa
Something you read	peji
Something you read	pepa
Something you read	pepuru
Something you read	poeji
Something you read	poejii
Something you read	poemu
Something you read	poetori
Something you read	poetorii
Something you read	poppuappu
Something you read	posuta
Something you read	posutaa
Something you read	posutokaado
Something you read	posutokado
Something you read	purufu
Something you read	puruufu
Something you read	rabureta
Something you read	raburetaa
Something you read	raifuhisutori
Something you read	raifuhisutorii
Something you read	raikan
Something you read	rapusodi
Something you read	rapusodii
Something you read	rashinban
Something you read	rashingi
Something you read	rebyu
Something you read	rebyuu
Something you read	rejiendo
Something you read	rekishikon
Something you read	repooto
Something you read	repoto
Something you read	reshipi
Something you read	reshipii
Something you read	reta
Something you read	retaa
Something you read	revuyu
Something you read	revuyuu
Something you read	rida
Something you read	riida
Something you read	riidaa
Something you read	ripooto
Something you read	ripoto
Something you read	rippu
Something you read	ripurinto
Something you read	risuto
Something you read	ritsubun
Something you read	rogu
Something you read	romaan
Something you read	roman
Something you read	romansu
Something you read	ron
Something you read	ronbun
Something you read	ronko
Something you read	ronkou
Something you read	ronsetsubun
Something you read	rooman
Something you read	ruigojiten
Something you read	rumu
Something you read	ruumu
Something you read	ryoriho
Something you read	ryoshu
Something you read	ryourihou
Something you read	ryoushuu
Something you read	ryukaki
Something you read	ryuukaki
Something you read	sabutaitoru
Something you read	saga
Something you read	saiginmi
Something you read	saihan
Something you read	saihyoka
Something you read	saihyouka
Something you read	saikan
Something you read	sain
Something you read	saisaki
Something you read	saito
Something you read	sakibure
Something you read	sakiburere
Something you read	sakka
Something you read	sakuhinshu
Something you read	sakuhinshuu
Something you read	sanbun
Something you read	sankokoku
Something you read	sankomanyuaru
Something you read	sankosho
Something you read	sankotosho
Something you read	sankoukoku
Something you read	sankoumanyuaru
Something you read	sankousho
Something you read	sankoutosho
Something you read	sanpurubukku
Something you read	saotoku
Something you read	sasoi
Something you read	satsu
Something you read	satsuyo
Something you read	satsuyou
Something you read	seiho
Something you read	seihou
Something you read	seikyusho
Something you read	seikyuusho
Something you read	seishin
Something you read	seisho
Something you read	seiten
Something you read	seiyokami
Something you read	seiyoukami
Something you read	sekitoku
Something you read	sendatsu
Something you read	senshu
Something you read	senshuu
Something you read	sentensu
Something you read	senzodensho
Something you read	senzodenshou
Something you read	setsumeisho
Something you read	shaberi
Something you read	shaku
Something you read	shakudo
Something you read	shanaiho
Something you read	shanaihou
Something you read	shi
Something you read	shihen
Something you read	shihyo
Something you read	shihyou
Something you read	shiika
Something you read	shika
Something you read	shikashu
Something you read	shikashuu
Something you read	shikirijo
Something you read	shikirijou
Something you read	shiku
Something you read	shin
Something you read	shinagaki
Something you read	shinagakiki
Something you read	shinankaki
Something you read	shinario
Something you read	shinban
Something you read	shinbun
Something you read	shinbunshi
Something you read	shindaiken
Something you read	shinshi
Something you read	shinshiroku
Something you read	shinsho
Something you read	shinwa
Something you read	shiori
Something you read	shioriri
Something you read	shirase
Something you read	shiriizu
Something you read	shirizu
Something you read	shiron
Something you read	shirube
Something you read	shisaku
Something you read	shiseiehagaki
Something you read	shishin
Something you read	shisoorasu
Something you read	shisorasu
Something you read	shisu
Something you read	shisuu
Something you read	shitakuchibiru
Something you read	shiteiken
Something you read	shitsu
Something you read	sho
Something you read	shochi
Something you read	shochu
Something you read	shoden
Something you read	shogen
Something you read	shoho
Something you read	shohon
Something you read	shohosen
Something you read	shohou
Something you read	shohousen
Something you read	shohyomihon
Something you read	shohyoumihon
Something you read	shojo
Something you read	shojou
Something you read	shokan
Something you read	shokken
Something you read	shoko
Something you read	shomei
Something you read	shomen
Something you read	shomon
Something you read	shomotsu
Something you read	shorai
Something you read	shoron
Something you read	shosasshi
Something you read	shosatsu
Something you read	shosei
Something you read	shoseki
Something you read	shosetsu
Something you read	shoshi
Something you read	shoshin
Something you read	shotai
Something you read	shotaijo
Something you read	shotoku
Something you read	shou
Something you read	shouchi
Something you read	shouchuu
Something you read	shouhon
Something you read	shoukan
Something you read	shouko
Something you read	shoumei
Something you read	shoumon
Something you read	shourai
Something you read	shouron
Something you read	shousasshi
Something you read	shousatsu
Something you read	shousei
Something you read	shousetsu
Something you read	shoutai
Something you read	shoutaijou
Something you read	shouyou
Something you read	shoyo
Something you read	shudai
Something you read	shuho
Something you read	shuhou
Something you read	shuju
Something you read	shukan
Something you read	shukanshi
Something you read	shuppanbutsu
Something you read	shusho
Something you read	shushou
Something you read	shutten
Something you read	shuuju
Something you read	shuukanshi
Something you read	sobun
Something you read	sokuho
Something you read	sokuhou
Something you read	somokuroku
Something you read	sonetto
Something you read	soron
Something you read	sosho
Something you read	soubun
Something you read	soumokuroku
Something you read	souron
Something you read	sousho
Something you read	sukuriputo
Something you read	suncho
Something you read	sunkan
Something you read	superuchekka
Something you read	suri
Something you read	sutoorii
Something you read	sutori
Something you read	tachiba
Something you read	tachichi
Something you read	tachiichi
Something you read	tamakan
Something you read	tamazusa
Something you read	tanehon
Something you read	tango
Something you read	tangoshu
Something you read	tangoshuu
Something you read	tanka
Something you read	tankobon
Something you read	tankoubon
Something you read	tayori
Something you read	tebikae
Something you read	tebikaee
Something you read	tebiki
Something you read	tebikikaki
Something you read	tebikisho
Something you read	teeze
Something you read	tegami
Something you read	tehodoki
Something you read	teidai
Something you read	teiketsu
Something you read	teiketto
Something you read	teiritsu
Something you read	teishiki
Something you read	teiyo
Something you read	teiyou
Something you read	tekai
Something you read	tekisu
Something you read	tekisuto
Something you read	tekisutobukku
Something you read	tekusuto
Something you read	tekusutobukku
Something you read	tenkizu
Something you read	tenkyo
Something you read	tenochi
Something you read	tenohara
Something you read	tenohira
Something you read	tenonai
Something you read	tenouchi
Something you read	tentaikoyomi
Something you read	tesoko
Something you read	tetoki
Something you read	teze
Something you read	tokei
Something you read	tokitatsugi
Something you read	tomekaki
Something you read	torokubo
Something you read	toronkai
Something you read	tosho
Something you read	tourokubo
Something you read	touronkai
Something you read	tousho
Something you read	touyounikki
Something you read	toyonikki
Something you read	tsujobun
Something you read	tsukedashi
Something you read	tsukidashi
Something you read	tsukimono
Something you read	tsukurihanashi
Something you read	tsukurikata
Something you read	tsukurikoto
Something you read	tsutae
Something you read	tsutaehanashi
Something you read	tsuujoubun
Something you read	uebupeeji
Something you read	uebupeji
Something you read	uebusaito
Something you read	ukeire
Something you read	ukeshu
Something you read	uketori
Something you read	urazuke
Something you read	uta
Something you read	utakuzu
Something you read	utau
Something you read	uwakuchibiru
Something you read	vokyaburari
Something you read	vokyaburarii
Something you read	vol
Something you read	voryumu
Something you read	voryuumu
Something you read	waado
Something you read	waakubukku
Something you read	wado
Something you read	wakubukku
Something you read	yaan
Something you read	yakkyokuho
Something you read	yakkyokuhou
Something you read	yakujo
Something you read	yakujosho
Something you read	yakujou
Something you read	yakujousho
Something you read	yakusetsu
Something you read	yan
Something you read	yocho
Something you read	yochou
Something you read	yogoshu
Something you read	yokogami
Something you read	yomimono
Something you read	yomite
Something you read	yoran
Something you read	yoshi
Something you read	yoteian
Something you read	yougoshuu
Something you read	youran
Something you read	youshi
Something you read	youwake
Something you read	youyaku
Something you read	yowake
Something you read	yoyaku
Something you read	yubin
Something you read	yubinhagaki
Something you read	yushin
Something you read	yusho
Something you read	yuu
Something you read	yuubin
Something you read	yuubinhagaki
Something you read	yuushin
Something you read	yuusho
Something you read	zappitsu
Something you read	zashiki
Something you read	zasshi
Something you read	zenbun
Something you read	zenchi
Something you read	zencho
Something you read	zenchou
Something you read	zenpyo
Something you read	zenpyou
Something you read	zensho
Something you read	zuhyo
Something you read	zuhyou
Something you read	zuno
Something you read	zunou
Something electronic	aikonosukoopu
Something electronic	aikonosukopu
Something electronic	airon
Something electronic	aisubokkusu
Something electronic	akari
Something electronic	akyumureeta
Something electronic	akyumureetaa
Something electronic	akyumureta
Something electronic	akyuumureeta
Something electronic	anakon
Something electronic	andgeeto
Something electronic	andgeto
Something electronic	andkairo
Something electronic	andogeeto
Something electronic	andogeto
Something electronic	andokairo
Something electronic	andoroido
Something electronic	anpea
Something electronic	anpu
Something electronic	anpurifaia
Something electronic	anpurifaiaa
Something electronic	antena
Something electronic	atenainsatsuki
Something electronic	bakkugurando
Something electronic	bakkuguraundo
Something electronic	bandegurafu
Something electronic	baretta
Something electronic	basukon
Something electronic	batteri
Something electronic	batterii
Something electronic	bbs
Something electronic	beru
Something electronic	bibiesu
Something electronic	bibunkaisekiki
Something electronic	bideokamera
Something electronic	biibiiesu
Something electronic	bodo
Something electronic	boi
Something electronic	boodo
Something electronic	booi
Something electronic	borutadenchi
Something electronic	buraunkan
Something electronic	burijji
Something electronic	burijjikairo
Something electronic	burijjitkairo
Something electronic	buroira
Something electronic	buroiraa
Something electronic	busuta
Something electronic	busutakyoku
Something electronic	buusuta
Something electronic	buusutaakyoku
Something electronic	buza
Something electronic	buzaa
Something electronic	cdpureeyaa
Something electronic	cdpureya
Something electronic	chattorumu
Something electronic	chattoruumu
Something electronic	chikka
Something electronic	chikkaa
Something electronic	chikudenchi
Something electronic	chindenzai
Something electronic	chippu
Something electronic	chobokakari
Something electronic	chokukoiru
Something electronic	chookukoiru
Something electronic	choubokakari
Something electronic	chubu
Something electronic	chukeikyoku
Something electronic	chuna
Something electronic	chuubu
Something electronic	chuukeikyoku
Something electronic	chuuna
Something electronic	chuunaa
Something electronic	cpu
Something electronic	crtgamen
Something electronic	daipooruantena
Something electronic	daiporuantena
Something electronic	danbo
Something electronic	danboki
Something electronic	danbou
Something electronic	danbouki
Something electronic	danpen
Something electronic	darumasutobu
Something electronic	darumasutoobu
Something electronic	dasshubodo
Something electronic	dasshuboodo
Something electronic	dejikame
Something electronic	dejitarukamera
Something electronic	denchi
Something electronic	denjichiensen
Something electronic	denkai
Something electronic	denkibon
Something electronic	denkihyuuzu
Something electronic	denkihyuzu
Something electronic	denkikairo
Something electronic	denkiko
Something electronic	denkireizoko
Something electronic	denkireizouko
Something electronic	denkisochi
Something electronic	denkisojiki
Something electronic	denkisouchi
Something electronic	denkisoujiki
Something electronic	denkiunagi
Something electronic	dennetsu
Something electronic	denno
Something electronic	dennou
Something electronic	denro
Something electronic	densan
Something electronic	densanki
Something electronic	denshidebaisu
Something electronic	denshikan
Something electronic	denshikeijiban
Something electronic	denshikeisanki
Something electronic	denshikiki
Something electronic	denshirenji
Something electronic	denshirenzu
Something electronic	denshisochi
Something electronic	denshisouchi
Something electronic	dentaku
Something electronic	dento
Something electronic	dentou
Something electronic	denwa
Something electronic	denwaki
Something electronic	desukutoppu
Something electronic	desukutoppupc
Something electronic	detekuta
Something electronic	detekutaa
Something electronic	dijikame
Something electronic	disupurei
Something electronic	ditekuta
Something electronic	ditekutaa
Something electronic	doaberu
Something electronic	dokkyoshitsu
Something electronic	donguru
Something electronic	eekonkan
Something electronic	eigakamera
Something electronic	eigayokamera
Something electronic	eigayoukamera
Something electronic	eisei
Something electronic	eiseifune
Something electronic	eiseisoshinki
Something electronic	eiseisoushinki
Something electronic	eishamaku
Something electronic	ekonkan
Something electronic	ekuran
Something electronic	enkakusosa
Something electronic	enkakusousa
Something electronic	enshinki
Something electronic	eorgeeto
Something electronic	eorgeto
Something electronic	eorkairo
Something electronic	fairusaaba
Something electronic	fairusaba
Something electronic	fan
Something electronic	feishia
Something electronic	fet
Something electronic	firuta
Something electronic	foaguraundo
Something electronic	fon
Something electronic	fukuchoutsuwa
Something electronic	fukuchouutsuwa
Something electronic	furassha
Something electronic	furasshaa
Something electronic	furasshuraito
Something electronic	furiizaa
Something electronic	furiza
Something electronic	fuyuuzu
Something electronic	fuyuzu
Something electronic	garuson
Something electronic	gasuchoridai
Something electronic	gasuchouridai
Something electronic	gasukonro
Something electronic	gasurenji
Something electronic	geeto
Something electronic	gensanutsuwa
Something electronic	gesuto
Something electronic	geto
Something electronic	ginmaku
Something electronic	gooremu
Something electronic	goremu
Something electronic	goshiki
Something electronic	goushiki
Something electronic	gunba
Something electronic	gurooranpu
Something electronic	guroranpu
Something electronic	gyaruson
Something electronic	hahen
Something electronic	haifai
Something electronic	hakuhen
Something electronic	hanashite
Something electronic	hanasunin
Something electronic	hashikure
Something electronic	hatsugensha
Something electronic	hatsukanezumi
Something electronic	heddo
Something electronic	heddofon
Something electronic	heddohon
Something electronic	heddohoon
Something electronic	heddoraito
Something electronic	heddoranpu
Something electronic	heddosetto
Something electronic	heikairo
Something electronic	heisetsu
Something electronic	henryuutsuwa
Something electronic	henryuuutsuwa
Something electronic	hiita
Something electronic	hiitaa
Something electronic	hikaridenchi
Something electronic	hita
Something electronic	hobiipasokon
Something electronic	hobipasokon
Something electronic	hochoki
Something electronic	hochouki
Something electronic	hojosochi
Something electronic	hojosouchi
Something electronic	hokotanchiki
Something electronic	homukonpyuta
Something electronic	homupe
Something electronic	homupeji
Something electronic	homuterefon
Something electronic	homuterehon
Something electronic	hon
Something electronic	hoomukonpyuuta
Something electronic	hoomupeeji
Something electronic	hoomuterefon
Something electronic	hoomuterehon
Something electronic	hosuto
Something electronic	hottopureeto
Something electronic	hottopureto
Something electronic	houkoutanchiki
Something electronic	hyojundenchi
Something electronic	hyoujundenchi
Something electronic	hyumanoido
Something electronic	hyuumanoido
Something electronic	hyuuzu
Something electronic	hyuzu
Something electronic	iafon
Something electronic	ichiganrefu
Something electronic	ichijidenchi
Something electronic	ichijikoiru
Something electronic	ichijimakisen
Something electronic	idodenwa
Something electronic	idoudenwa
Something electronic	imeejisukyana
Something electronic	imeejisukyanaa
Something electronic	imejisukyana
Something electronic	indakutansu
Something electronic	injiki
Something electronic	inkyokusenkan
Something electronic	inpane
Something electronic	inputtodebaisu
Something electronic	insatsuki
Something electronic	insatsuko
Something electronic	insatsukou
Something electronic	insatsumono
Something electronic	insatsunin
Something electronic	intaafeesu
Something electronic	intaafeisu
Something electronic	intafeesu
Something electronic	intafeisu
Something electronic	intafesu
Something electronic	ipod
Something electronic	ippen
Something electronic	iruikansoki
Something electronic	iruikansouki
Something electronic	iyafon
Something electronic	iyahon
Something electronic	iyahoon
Something electronic	jakku
Something electronic	jama
Something electronic	jamaa
Something electronic	jidenkan
Something electronic	jidoningyo
Something electronic	jidouningyou
Something electronic	jienereetaa
Something electronic	jienereta
Something electronic	jinkoeisei
Something electronic	jinkoueisei
Something electronic	jinzoningen
Something electronic	jinzouningen
Something electronic	joisuteikku
Something electronic	josaidoki
Something electronic	josaidouki
Something electronic	jushinki
Something electronic	jushinsochi
Something electronic	jushinsouchi
Something electronic	juwaki
Something electronic	juzokan
Something electronic	juzoki
Something electronic	juzoukan
Something electronic	juzouki
Something electronic	kaado
Something electronic	kado
Something electronic	kadou
Something electronic	kagenteikoki
Something electronic	kagenteikouki
Something electronic	kaichudento
Something electronic	kaichuudentou
Something electronic	kaijimakisen
Something electronic	kaikairo
Something electronic	kaikei
Something electronic	kaikeikakari
Something electronic	kaikeikan
Something electronic	kaikeikensakan
Something electronic	kaikeishi
Something electronic	kaimen
Something electronic	kairo
Something electronic	kaisen
Something electronic	kaitenko
Something electronic	kakera
Something electronic	kama
Something electronic	kamado
Something electronic	kamera
Something electronic	kamukoda
Something electronic	kamukooda
Something electronic	kanchiki
Something electronic	kandenchi
Something electronic	kanetsutsuwa
Something electronic	kanetsuutsuwa
Something electronic	kanjokakari
Something electronic	kanjoukakari
Something electronic	kansoki
Something electronic	kansouki
Something electronic	kasanki
Something electronic	kasettodekki
Something electronic	kaunta
Something electronic	kauntaa
Something electronic	keidenki
Something electronic	keijiban
Something electronic	keikai
Something electronic	keikiban
Something electronic	keikiita
Something electronic	keikita
Something electronic	keisanjaku
Something electronic	keisanki
Something electronic	keisansurunin
Something electronic	keisanutsuwa
Something electronic	keisukairo
Something electronic	keisuukairo
Something electronic	keitai
Something electronic	keitaidenwa
Something electronic	keitaitokei
Something electronic	keitsuchi
Something electronic	kenban
Something electronic	kenchiutsuwa
Something electronic	kenshutsuki
Something electronic	ketoru
Something electronic	kettoru
Something electronic	kibodo
Something electronic	kidofune
Something electronic	kidoufune
Something electronic	kiiboodo
Something electronic	kiipaddo
Something electronic	kinesukoopu
Something electronic	kinesukopu
Something electronic	kipaddo
Something electronic	kirikaedenwa
Something electronic	kohimeka
Something electronic	koikifiruta
Something electronic	koiru
Something electronic	kondensa
Something electronic	konpane
Something electronic	konpyuta
Something electronic	konpyutakairo
Something electronic	konpyuuta
Something electronic	konpyuutaa
Something electronic	konpyuutakairo
Something electronic	koohiimeekaa
Something electronic	kosekikenpaki
Something electronic	kouikifiruta
Something electronic	kousekikenpaki
Something electronic	kuchibi
Something electronic	kuchusen
Something electronic	kudo
Something electronic	kuhaku
Something electronic	kukyo
Something electronic	kura
Something electronic	kuraianto
Something electronic	kuraisutoron
Something electronic	kurokku
Something electronic	kurukkusukan
Something electronic	kusho
Something electronic	kuuchuusen
Something electronic	kuuhaku
Something electronic	kuukyo
Something electronic	kuuraa
Something electronic	kuusho
Something electronic	kyamera
Something electronic	kyo
Something electronic	kyofu
Something electronic	kyoka
Something electronic	kyoko
Something electronic	kyoshinki
Something electronic	kyoufu
Something electronic	kyoukou
Something electronic	kyoushinki
Something electronic	kyuji
Something electronic	kyukei
Something electronic	kyukon
Something electronic	kyuuji
Something electronic	kyuukei
Something electronic	kyuukon
Something electronic	mado
Something electronic	maeshoto
Something electronic	maeshoutou
Something electronic	maikon
Something electronic	maiku
Something electronic	maikurochippu
Something electronic	maikurofon
Something electronic	maikurohon
Something electronic	maikuronami
Something electronic	matsu
Something electronic	mausu
Something electronic	mazaaboodo
Something electronic	mazabo
Something electronic	mazabodo
Something electronic	meezaa
Something electronic	mei
Something electronic	meinbodo
Something electronic	meinboodo
Something electronic	meinfureemu
Something electronic	meinfuremu
Something electronic	meza
Something electronic	mikisa
Something electronic	mikisaa
Something electronic	mikusa
Something electronic	mikusaa
Something electronic	mimisen
Something electronic	minikon
Something electronic	minikonpyuta
Something electronic	minikonpyuutaa
Something electronic	minita
Something electronic	minitaa
Something electronic	mishin
Something electronic	mobiiru
Something electronic	mobiru
Something electronic	modemu
Something electronic	mojuru
Something electronic	mojuuru
Something electronic	monita
Something electronic	monitaa
Something electronic	monitaaterebi
Something electronic	monitaterebi
Something electronic	monotaipu
Something electronic	motojime
Something electronic	mubikamera
Something electronic	mubikyamera
Something electronic	musen
Something electronic	musensoshinki
Something electronic	musensoushinki
Something electronic	muubiikamera
Something electronic	muubiikyamera
Something electronic	muuviikamera
Something electronic	muvikamera
Something electronic	naisen
Something electronic	nandgeeto
Something electronic	nandgeto
Something electronic	nandkairo
Something electronic	nandogeeto
Something electronic	nandogeto
Something electronic	nandokairo
Something electronic	neipianohone
Something electronic	nenryodenchi
Something electronic	nenryoudenchi
Something electronic	netama
Something electronic	netsudenkokan
Something electronic	nezumi
Something electronic	niganrefu
Something electronic	nijikoiru
Something electronic	nodo
Something electronic	noodo
Something electronic	nooto
Something electronic	nootobukku
Something electronic	nootobukkupc
Something electronic	nootopaso
Something electronic	nootopasokon
Something electronic	nootopc
Something electronic	noto
Something electronic	notobukku
Something electronic	notobukkupc
Something electronic	notopaso
Something electronic	notopasokon
Something electronic	notopc
Something electronic	oageeto
Something electronic	oageto
Something electronic	oakairo
Something electronic	obita
Something electronic	obun
Something electronic	odioanpu
Something electronic	ogi
Something electronic	omoni
Something electronic	onpachiensen
Something electronic	onpuki
Something electronic	onpuuki
Something electronic	onpuutsuwa
Something electronic	onpuuutsuwa
Something electronic	oobita
Something electronic	oobitaa
Something electronic	oobun
Something electronic	oodioanpu
Something electronic	ootomaton
Something electronic	oovun
Something electronic	orgeeto
Something electronic	orgeto
Something electronic	orkairo
Something electronic	orushikon
Something electronic	oshirosukoopu
Something electronic	oshirosukopu
Something electronic	osubachi
Something electronic	otomaton
Something electronic	ougi
Something electronic	ovun
Something electronic	oyakodenwa
Something electronic	paneru
Something electronic	pararerupooto
Something electronic	pararerupoto
Something electronic	parusuhasseiki
Something electronic	pasokon
Something electronic	pcbodo
Something electronic	pcboodo
Something electronic	pda
Something electronic	peesumeekaa
Something electronic	periferaru
Something electronic	pesumeka
Something electronic	pootaru
Something electronic	pootarusaito
Something electronic	pooto
Something electronic	potaru
Something electronic	potarusaito
Something electronic	poto
Something electronic	puragu
Something electronic	purinta
Something electronic	purintaa
Something electronic	purintoita
Something electronic	purintokairo
Something electronic	purosessa
Something electronic	purosessaa
Something electronic	rabittoantena
Something electronic	radio
Something electronic	raidenkame
Something electronic	rainotaipu
Something electronic	rainpurinta
Something electronic	rainpurintaa
Something electronic	rajio
Something electronic	rajiojushinki
Something electronic	rajiokonpasu
Something electronic	rakugomono
Something electronic	rakugosha
Something electronic	ramupu
Something electronic	ranpe
Something electronic	ranpu
Something electronic	rapputoppu
Something electronic	rapputoppupc
Something electronic	raudosupiikaa
Something electronic	raudosupika
Something electronic	reddo
Something electronic	reezaapurinta
Something electronic	reezaapurintaa
Something electronic	refu
Something electronic	reikyakutsuwa
Something electronic	reikyakuutsuwa
Something electronic	reitoko
Something electronic	reitouko
Something electronic	reitoutsuwa
Something electronic	reitouutsuwa
Something electronic	reizoko
Something electronic	reizouko
Something electronic	renji
Something electronic	renkei
Something electronic	reshiba
Something electronic	reshiiba
Something electronic	reshiibaa
Something electronic	reshiiva
Something electronic	reshiivaa
Something electronic	reshiva
Something electronic	rezapurinta
Something electronic	riakuta
Something electronic	riakutaa
Something electronic	rimokon
Something electronic	rinkei
Something electronic	rinku
Something electronic	ripiita
Something electronic	ripita
Something electronic	robai
Something electronic	robotto
Something electronic	ronrigeeto
Something electronic	ronrigeto
Something electronic	ronrisekigeeto
Something electronic	ronrisekigeto
Something electronic	ronrisekikairo
Something electronic	ronriwageeto
Something electronic	ronriwageto
Something electronic	ronriwakairo
Something electronic	roota
Something electronic	rootaa
Something electronic	rota
Something electronic	roubai
Something electronic	rupu
Something electronic	ruupu
Something electronic	saaba
Something electronic	saabaa
Something electronic	saakitto
Something electronic	saakittoboodo
Something electronic	saamosutatto
Something electronic	saavaa
Something electronic	saba
Something electronic	sabuufa
Something electronic	sabuuufaa
Something electronic	saibo
Something electronic	saibou
Something electronic	saihen
Something electronic	saiseikoiru
Something electronic	saito
Something electronic	sakitto
Something electronic	sakittobodo
Something electronic	sakuhen
Something electronic	samosutatto
Something electronic	sankyokukan
Something electronic	saraaraiki
Something electronic	saraaraiutsuwa
Something electronic	sararaiki
Something electronic	sararaiutsuwa
Something electronic	sateraito
Something electronic	satsuzokan
Something electronic	satsuzoukan
Something electronic	saundokamera
Something electronic	sava
Something electronic	seigyoban
Something electronic	seigyokairo
Something electronic	seihyoki
Something electronic	seihyouki
Something electronic	seiryukan
Something electronic	seiryuki
Something electronic	seiryuukan
Something electronic	seiryuuki
Something electronic	sekisai
Something electronic	sekyuritei
Something electronic	sekyuriteii
Something electronic	senmen
Something electronic	sensa
Something electronic	sensaa
Something electronic	sensu
Something electronic	sentakuki
Something electronic	seru
Something electronic	setto
Something electronic	shadanki
Something electronic	shashinki
Something electronic	shashinutsuwa
Something electronic	shindoshi
Something electronic	shindoushi
Something electronic	shinekamera
Something electronic	shinkukan
Something electronic	shinkusojiki
Something electronic	shinkuukan
Something electronic	shinkuusoujiki
Something electronic	shiriarupooto
Something electronic	shiriarupoto
Something electronic	shitsudenchi
Something electronic	shohen
Something electronic	shokkiaraiki
Something electronic	shoku
Something electronic	shokujiki
Something electronic	shokusenki
Something electronic	shouhen
Something electronic	shubo
Something electronic	shuhenkiki
Something electronic	shuhensochi
Something electronic	shukei
Something electronic	shusekikairo
Something electronic	shuuhenkiki
Something electronic	shuuhensouchi
Something electronic	shuusekikairo
Something electronic	sojiki
Something electronic	sokkakutsuwa
Something electronic	sokkakuutsuwa
Something electronic	sora
Something electronic	sorenoido
Something electronic	soroban
Something electronic	sosaban
Something electronic	sosasochi
Something electronic	soshinki
Something electronic	soujiki
Something electronic	sousaban
Something electronic	sousasouchi
Something electronic	soushinki
Something electronic	suchiimuairon
Something electronic	suchiirukamera
Something electronic	suchimuairon
Something electronic	suchirukamera
Something electronic	suigindenchi
Something electronic	suitchi
Something electronic	suitogakari
Something electronic	suitogakariri
Something electronic	suitokakari
Something electronic	suitougakari
Something electronic	suitougakariri
Something electronic	suitoukakari
Something electronic	sujihyoji
Something electronic	sukaji
Something electronic	sukajii
Something electronic	sukeruchi
Something electronic	sukeruchikairo
Something electronic	sukiita
Something electronic	sukita
Something electronic	sukoka
Something electronic	sukookaa
Something electronic	sukuranbura
Something electronic	sukuriin
Something electronic	sukurin
Something electronic	sukyana
Something electronic	sukyanaa
Something electronic	supajushinki
Something electronic	supiika
Something electronic	supiikaa
Something electronic	supiikaahon
Something electronic	supika
Something electronic	supikahon
Something electronic	suteiirukamera
Something electronic	suteirukamera
Something electronic	sutenogurafu
Something electronic	sutereo
Something electronic	suujihyouji
Something electronic	suupaajushinki
Something electronic	taimatsu
Something electronic	taipu
Something electronic	taipuraita
Something electronic	taipuraitaa
Something electronic	taiyodenchi
Something electronic	taiyoudenchi
Something electronic	takujodenwa
Something electronic	takujoudenwa
Something electronic	tanchiki
Something electronic	tankukairo
Something electronic	tanmatsu
Something electronic	tanmatsuki
Something electronic	tashizanutsuwa
Something electronic	tatchisukuriin
Something electronic	tatchisukurin
Something electronic	teepudekki
Something electronic	teepupureeyaa
Something electronic	teikoki
Something electronic	teikouki
Something electronic	tel
Something electronic	tenkapuragu
Something electronic	tepudekki
Something electronic	tepupureya
Something electronic	terebi
Something electronic	terebiantena
Something electronic	terebihoso
Something electronic	terebihousou
Something electronic	terebijon
Something electronic	terebijuzokan
Something electronic	terebijuzoki
Something electronic	terebijuzoukan
Something electronic	terebijuzouki
Something electronic	terebikamera
Something electronic	terebisetto
Something electronic	terefon
Something electronic	terehon
Something electronic	terekkusu
Something electronic	terepurinta
Something electronic	terepurintaa
Something electronic	teretaipu
Something electronic	terevijon
Something electronic	tesurakoiru
Something electronic	tetsu
Something electronic	toboshi
Something electronic	tochi
Something electronic	tochoki
Something electronic	toka
Something electronic	tokei
Something electronic	toketsutsuwa
Something electronic	tokitatsugi
Something electronic	tomoshibi
Something electronic	tomoshihi
Something electronic	toochi
Something electronic	tookaa
Something electronic	toosutaa
Something electronic	torakkubooru
Something electronic	torakkuboru
Something electronic	toranjisuta
Something electronic	toranjisutaa
Something electronic	toransudeyusa
Something electronic	toransudeyuusa
Something electronic	toransujusa
Something electronic	toransujuusaa
Something electronic	toransuponda
Something electronic	toransupondaa
Something electronic	torima
Something electronic	torimaa
Something electronic	tosuta
Something electronic	tou
Something electronic	touchouki
Something electronic	touka
Something electronic	touketsuutsuwa
Something electronic	tsuiitaa
Something electronic	tsuita
Something electronic	tsunagari
Something electronic	uchiwa
Something electronic	uebukamera
Something electronic	uebusaito
Something electronic	ueetaa
Something electronic	ueita
Something electronic	ueitaa
Something electronic	ueta
Something electronic	ufa
Something electronic	uindo
Something electronic	uindou
Something electronic	uokuman
Something electronic	uookuman
Something electronic	uossha
Something electronic	uosshaa
Something electronic	uotchi
Something electronic	urotae
Something electronic	uufaa
Something electronic	waakusuteeshon
Something electronic	waiyapurinta
Something electronic	waiyapurintaa
Something electronic	wakusuteshon
Something electronic	washa
Something electronic	wassha
Something electronic	wasshaa
Something electronic	webkamera
Something electronic	xorgeeto
Something electronic	xorgeto
Something electronic	xorkairo
Something electronic	yadon
Something electronic	yakan
Something electronic	yobirin
Something electronic	yobisuzu
Something electronic	yomikakiheddo
Something electronic	yoto
Something electronic	youtou
Something electronic	yudokoiru
Something electronic	yugama
Something electronic	yuudoukoiru
Something electronic	yuwakashi
Something electronic	zenshoto
Something electronic	zenshoutou
Something electronic	zokumatsu
Something electronic	zubonpuressa
Something electronic	zubonpuressaa
A word meaning fast	akuchibu
A word meaning fast	akuchivu
A word meaning fast	akuteibu
A word meaning fast	akuteivu
A word meaning fast	awatadashi
A word meaning fast	awatadashii
A word meaning fast	binsho
A word meaning fast	binshoi
A word meaning fast	binshou
A word meaning fast	binshoui
A word meaning fast	binsoku
A word meaning fast	furatto
A word meaning fast	hashikkoi
A word meaning fast	hashikoi
A word meaning fast	hayai
A word meaning fast	hayame
A word meaning fast	heikatsu
A word meaning fast	hiratai
A word meaning fast	hiyakuteki
A word meaning fast	jinsoku
A word meaning fast	junkatsu
A word meaning fast	kaisoku
A word meaning fast	kansho
A word meaning fast	kanshou
A word meaning fast	kappatsu
A word meaning fast	katai
A word meaning fast	katsudoteki
A word meaning fast	katsudouteki
A word meaning fast	katsuhatsu
A word meaning fast	katsukatsu
A word meaning fast	katsuyaka
A word meaning fast	kibin
A word meaning fast	kimekomaka
A word meaning fast	kimesai
A word meaning fast	kodashi
A word meaning fast	kodoteki
A word meaning fast	kosoku
A word meaning fast	koudashii
A word meaning fast	koudouteki
A word meaning fast	kousoku
A word meaning fast	kyu
A word meaning fast	kyugeki
A word meaning fast	kyusoku
A word meaning fast	kyuu
A word meaning fast	kyuugeki
A word meaning fast	kyuusoku
A word meaning fast	mokumekomaka
A word meaning fast	mokumesai
A word meaning fast	motohayashikoi
A word meaning fast	motosatoi
A word meaning fast	nadaraka
A word meaning fast	nameraka
A word meaning fast	namerakoi
A word meaning fast	nodoteki
A word meaning fast	noudouteki
A word meaning fast	oisogi
A word meaning fast	ooisogi
A word meaning fast	sakkyu
A word meaning fast	sakkyuu
A word meaning fast	seikyu
A word meaning fast	seikyuu
A word meaning fast	sekkyokuteki
A word meaning fast	shinsoku
A word meaning fast	shomijikai
A word meaning fast	shosui
A word meaning fast	shoumijikai
A word meaning fast	shousui
A word meaning fast	sokume
A word meaning fast	subashikkoi
A word meaning fast	subashikoi
A word meaning fast	subayai
A word meaning fast	subekkoi
A word meaning fast	subesube
A word meaning fast	suhayai
A word meaning fast	sumiyaka
A word meaning fast	supide
A word meaning fast	supidi
A word meaning fast	supiidee
A word meaning fast	supiidii
A word meaning fast	taira
A word meaning fast	tairaka
A word meaning fast	tanmei
A word meaning fast	tanpeikyu
A word meaning fast	tanpeikyuu
A word meaning fast	tantantaru
A word meaning fast	tebashikoi
A word meaning fast	tebayai
A word meaning fast	temijika
A word meaning fast	teso
A word meaning fast	tesoku
A word meaning fast	tesou
A word meaning fast	tetsutorihayai
A word meaning fast	tettoribayai
A word meaning fast	tettorihayai
A word meaning fast	tontonhyoshi
A word meaning fast	tontonhyoushi
A type of building	aakitekucha
A type of building	aakitekuchaa
A type of building	abaraya
A type of building	abitashion
A type of building	ageya
A type of building	aimaiya
A type of building	aimaiyado
A type of building	aisurinku
A type of building	akachochin
A type of building	akachouchin
A type of building	akitekucha
A type of building	akuariumu
A type of building	akuaryumu
A type of building	akuaryuumu
A type of building	amadera
A type of building	anya
A type of building	anyado
A type of building	apaato
A type of building	apaatomento
A type of building	aparutoman
A type of building	apato
A type of building	apatomento
A type of building	ariina
A type of building	arina
A type of building	ashienda
A type of building	atorie
A type of building	azumaya
A type of building	baa
A type of building	baaruumu
A type of building	baishunyado
A type of building	baiten
A type of building	bajirika
A type of building	bar
A type of building	barakku
A type of building	barumu
A type of building	bashirika
A type of building	beekarii
A type of building	bekari
A type of building	bessho
A type of building	besso
A type of building	bessou
A type of building	besuru
A type of building	betsugyo
A type of building	betsugyou
A type of building	bijutsukan
A type of building	bira
A type of building	biru
A type of building	birudingu
A type of building	birujingu
A type of building	birura
A type of building	bishoin
A type of building	bishouin
A type of building	bisutoro
A type of building	biyoin
A type of building	biyouin
A type of building	bohachi
A type of building	bokkusu
A type of building	bokujo
A type of building	bokujou
A type of building	bokusha
A type of building	bokushikan
A type of building	bonsatsu
A type of building	bootohausu
A type of building	borui
A type of building	bosai
A type of building	bosha
A type of building	boshiya
A type of building	botohausu
A type of building	bouhachi
A type of building	bourui
A type of building	bousai
A type of building	bousha
A type of building	boushiya
A type of building	buchikku
A type of building	bukiko
A type of building	bukikura
A type of building	bukkusutoa
A type of building	bunya
A type of building	burasuri
A type of building	burasurii
A type of building	busu
A type of building	butabako
A type of building	buteikku
A type of building	butsuji
A type of building	buusu
A type of building	byodo
A type of building	byoin
A type of building	byoudou
A type of building	byouin
A type of building	byuteipara
A type of building	byuteisaron
A type of building	byuteishoppu
A type of building	byuuteiipaaraa
A type of building	byuuteiisaron
A type of building	byuuteiishoppu
A type of building	byuuteipaaraa
A type of building	byuuteisaron
A type of building	byuuteishoppu
A type of building	chaachi
A type of building	chachi
A type of building	channeru
A type of building	chaperu
A type of building	charyo
A type of building	charyou
A type of building	chikusatsuba
A type of building	chikusha
A type of building	choekikan
A type of building	chokosobiru
A type of building	chosha
A type of building	chouekikan
A type of building	choukousoubiru
A type of building	chousha
A type of building	daacha
A type of building	dacha
A type of building	dai
A type of building	daikenchiku
A type of building	daiseido
A type of building	daiseidou
A type of building	danrin
A type of building	darumaya
A type of building	demaru
A type of building	dendo
A type of building	dendou
A type of building	densha
A type of building	depaato
A type of building	depato
A type of building	derikatessen
A type of building	dobutsuen
A type of building	domitori
A type of building	domitorii
A type of building	domo
A type of building	domu
A type of building	dono
A type of building	doomitori
A type of building	doomitorii
A type of building	doomo
A type of building	doomu
A type of building	doraggusutoa
A type of building	doromu
A type of building	doroomu
A type of building	dosha
A type of building	dote
A type of building	dou
A type of building	doubutsuen
A type of building	douomo
A type of building	douoomo
A type of building	dousha
A type of building	douu
A type of building	eapooto
A type of building	eapoto
A type of building	eiga
A type of building	eigakan
A type of building	eizobutsu
A type of building	eizoubutsu
A type of building	ekuran
A type of building	enbashi
A type of building	enbashii
A type of building	enbuba
A type of building	engekikukan
A type of building	engekikuukan
A type of building	enkeigekijo
A type of building	enkeigekijou
A type of building	faiyaahausu
A type of building	faiyahausu
A type of building	fakutori
A type of building	fakutorii
A type of building	faundari
A type of building	faundarii
A type of building	fiirudo
A type of building	firudo
A type of building	firumu
A type of building	fuidorotto
A type of building	fuiidorotto
A type of building	fuirumu
A type of building	furoorisuto
A type of building	furorisuto
A type of building	furyokutabin
A type of building	fuseya
A type of building	fusha
A type of building	fushakoya
A type of building	fushin
A type of building	fushiya
A type of building	futenbyoin
A type of building	fuuryokutaabin
A type of building	fuusha
A type of building	fuushakoya
A type of building	fuutenbyouin
A type of building	gakko
A type of building	gakkou
A type of building	gakuen
A type of building	gakugeki
A type of building	gakuin
A type of building	gakuryo
A type of building	gakuryou
A type of building	gakusha
A type of building	ganguya
A type of building	garan
A type of building	gareeji
A type of building	gareji
A type of building	gashitsu
A type of building	gasshuku
A type of building	gasshukujo
A type of building	geetohausu
A type of building	gekijo
A type of building	gekijou
A type of building	gekiryo
A type of building	geshuku
A type of building	geshukuya
A type of building	gesutohausu
A type of building	getohausu
A type of building	giba
A type of building	giro
A type of building	girou
A type of building	gobo
A type of building	gobou
A type of building	gobyo
A type of building	gobyou
A type of building	godono
A type of building	goku
A type of building	gokusha
A type of building	gokutokoro
A type of building	gokuya
A type of building	gosho
A type of building	goten
A type of building	guriru
A type of building	gyarari
A type of building	gyararii
A type of building	gyareeji
A type of building	gyareji
A type of building	gyusha
A type of building	gyuusha
A type of building	haimu
A type of building	hakubutsukan
A type of building	hanaya
A type of building	hanbaiten
A type of building	hatago
A type of building	hatagoya
A type of building	hatsudensho
A type of building	hausu
A type of building	heichi
A type of building	heike
A type of building	heikiko
A type of building	heikikojo
A type of building	heikikoujou
A type of building	heikisho
A type of building	heikishou
A type of building	hendensho
A type of building	hikojo
A type of building	hikoujou
A type of building	himuro
A type of building	hiraya
A type of building	hitoyado
A type of building	homu
A type of building	honrui
A type of building	honya
A type of building	hoomu
A type of building	hooru
A type of building	horu
A type of building	horui
A type of building	hosai
A type of building	hosupitaru
A type of building	hosuteru
A type of building	hoteru
A type of building	hotoride
A type of building	hotsutatekoya
A type of building	hottatekoya
A type of building	hottatetekoya
A type of building	hourui
A type of building	ichirokuginko
A type of building	ichirokuginkou
A type of building	idokoro
A type of building	ietokoro
A type of building	iguru
A type of building	iguruu
A type of building	iin
A type of building	inakaya
A type of building	inbaiya
A type of building	inbaiyado
A type of building	inshokuten
A type of building	inukoya
A type of building	ippainomiya
A type of building	iroya
A type of building	iroyado
A type of building	izakaya
A type of building	jiggurato
A type of building	jiin
A type of building	jikka
A type of building	jikkenshitsu
A type of building	jimu
A type of building	jimushitsu
A type of building	jimusho
A type of building	jin
A type of building	jingu
A type of building	jinguu
A type of building	jinja
A type of building	jinka
A type of building	jitaku
A type of building	jokaku
A type of building	jorouya
A type of building	joroya
A type of building	jorui
A type of building	josai
A type of building	josetsukan
A type of building	joshishudoin
A type of building	joshishuudouin
A type of building	joukaku
A type of building	jourui
A type of building	jousai
A type of building	jousetsukan
A type of building	jouyo
A type of building	joyo
A type of building	jui
A type of building	juka
A type of building	jukusha
A type of building	jukyo
A type of building	juoku
A type of building	jutaku
A type of building	juu
A type of building	juui
A type of building	juuka
A type of building	juukyo
A type of building	juuoku
A type of building	juutaku
A type of building	kaaku
A type of building	kaapooto
A type of building	kachikukoya
A type of building	kadai
A type of building	kafe
A type of building	kafee
A type of building	kafeteria
A type of building	kafue
A type of building	kageki
A type of building	kagekijo
A type of building	kagekijou
A type of building	kaido
A type of building	kaidou
A type of building	kaikan
A type of building	kaikyojin
A type of building	kaikyoujiin
A type of building	kajino
A type of building	kaku
A type of building	kakunoko
A type of building	kakunouko
A type of building	kakusui
A type of building	kakyo
A type of building	kan
A type of building	kanamonoya
A type of building	kangoku
A type of building	kanshiro
A type of building	kanshito
A type of building	kanshitou
A type of building	kantei
A type of building	kaoku
A type of building	kapoto
A type of building	kappomise
A type of building	kappoumise
A type of building	kariheisha
A type of building	karikoya
A type of building	kasaku
A type of building	kasedoraru
A type of building	kashimise
A type of building	kashiya
A type of building	kashizashiki
A type of building	kasoba
A type of building	kasouba
A type of building	kataku
A type of building	katedoraru
A type of building	katsudo
A type of building	katsudou
A type of building	kattohausu
A type of building	kazeguruma
A type of building	kebin
A type of building	keimusho
A type of building	keisha
A type of building	kekko
A type of building	kekkou
A type of building	kenchiku
A type of building	kenchikubutsu
A type of building	kenkyushitsu
A type of building	kenkyusho
A type of building	kenkyuushitsu
A type of building	kenkyuusho
A type of building	kenneru
A type of building	kenrui
A type of building	kensashitsu
A type of building	kenzobutsu
A type of building	kenzoubutsu
A type of building	kichigaibyoin
A type of building	kichigaibyouin
A type of building	kichin
A type of building	kichinyado
A type of building	kinema
A type of building	kinjito
A type of building	kinjitou
A type of building	kinsha
A type of building	kisainomiya
A type of building	kishi
A type of building	kishibe
A type of building	kishukusha
A type of building	kissaten
A type of building	kitei
A type of building	kiya
A type of building	kobo
A type of building	kochisho
A type of building	kogyopuranto
A type of building	kohishoppu
A type of building	kojiin
A type of building	kojin
A type of building	kojo
A type of building	kokaku
A type of building	kokan
A type of building	kokonoenoten
A type of building	kondominiamu
A type of building	konfekushonari
A type of building	koohiishoppu
A type of building	koro
A type of building	koroshiamu
A type of building	koryoriya
A type of building	koryouriya
A type of building	kosha
A type of building	kosobiru
A type of building	kosokenchiku
A type of building	kotei
A type of building	koubou
A type of building	kouchisho
A type of building	kougyoupuranto
A type of building	koujou
A type of building	koukaku
A type of building	koukan
A type of building	kourou
A type of building	kousha
A type of building	kousoubiru
A type of building	kousoukenchiku
A type of building	koutei
A type of building	koya
A type of building	kuko
A type of building	kura
A type of building	kurabu
A type of building	kurabuhausu
A type of building	kuriininguya
A type of building	kurinikku
A type of building	kurininguya
A type of building	kurumasha
A type of building	kurumayadori
A type of building	kusuriya
A type of building	kutsuwaya
A type of building	kuukou
A type of building	kyabare
A type of building	kyabaree
A type of building	kyabin
A type of building	kyafe
A type of building	kyafeteria
A type of building	kyakusha
A type of building	kyakutei
A type of building	kyanpu
A type of building	kyassuru
A type of building	kyo
A type of building	kyogijo
A type of building	kyoheki
A type of building	kyoiki
A type of building	kyojo
A type of building	kyojou
A type of building	kyoju
A type of building	kyojuu
A type of building	kyokai
A type of building	kyokaido
A type of building	kyokan
A type of building	kyosatsu
A type of building	kyotaku
A type of building	kyougijou
A type of building	kyouheki
A type of building	kyouiki
A type of building	kyoukai
A type of building	kyoukaidou
A type of building	kyuden
A type of building	kyujo
A type of building	kyuro
A type of building	kyusha
A type of building	kyushitsu
A type of building	kyuten
A type of building	kyuuden
A type of building	kyuujou
A type of building	kyuuro
A type of building	kyuusha
A type of building	kyuushitsu
A type of building	kyuuten
A type of building	maaketto
A type of building	maketto
A type of building	makiradoora
A type of building	makiradora
A type of building	makuya
A type of building	manshon
A type of building	masujiddo
A type of building	matenro
A type of building	matenrou
A type of building	meishuya
A type of building	menzusutoa
A type of building	meshiya
A type of building	mezon
A type of building	mezonetto
A type of building	mido
A type of building	midou
A type of building	mikekototokoro
A type of building	minaretto
A type of building	mise
A type of building	miya
A type of building	miyaketsu
A type of building	mootaahoteru
A type of building	mooteru
A type of building	morugu
A type of building	mosuke
A type of building	mosuku
A type of building	motahoteru
A type of building	moteru
A type of building	mubi
A type of building	muko
A type of building	munesho
A type of building	muneshou
A type of building	munewari
A type of building	munewariri
A type of building	muubii
A type of building	muuvii
A type of building	muvi
A type of building	myujiamu
A type of building	myuujiamu
A type of building	nagaya
A type of building	naitokurabu
A type of building	nakajuku
A type of building	nanatsuya
A type of building	naya
A type of building	nikai
A type of building	nisoin
A type of building	nisouin
A type of building	niwatorikoya
A type of building	nogakudo
A type of building	noka
A type of building	nokoya
A type of building	nomiya
A type of building	nougakudou
A type of building	nouka
A type of building	nurioke
A type of building	nyushoku
A type of building	nyususutando
A type of building	nyuushoku
A type of building	nyuususutando
A type of building	obo
A type of building	obou
A type of building	obyo
A type of building	obyou
A type of building	ofisu
A type of building	oie
A type of building	okiya
A type of building	oku
A type of building	okusha
A type of building	okuu
A type of building	okyu
A type of building	omiya
A type of building	onjuku
A type of building	onnatera
A type of building	onsen
A type of building	onshitsu
A type of building	oomiya
A type of building	ootono
A type of building	opera
A type of building	operahausu
A type of building	osamuin
A type of building	oshokujitokoro
A type of building	otaku
A type of building	otamaya
A type of building	otate
A type of building	otei
A type of building	otera
A type of building	oterasama
A type of building	otono
A type of building	oukyuu
A type of building	oyado
A type of building	oyakata
A type of building	oyashiki
A type of building	paaraa
A type of building	pabu
A type of building	paburikkuhausu
A type of building	pakoda
A type of building	panteon
A type of building	panya
A type of building	para
A type of building	pareesu
A type of building	paresu
A type of building	pentohausu
A type of building	pinakuru
A type of building	piramiddo
A type of building	piramido
A type of building	piramitto
A type of building	puranetariumu
A type of building	puranto
A type of building	rabo
A type of building	raboratori
A type of building	raboratorii
A type of building	raiburari
A type of building	raiburarii
A type of building	rajiobiikon
A type of building	rajiobikon
A type of building	reianshitsu
A type of building	reiden
A type of building	reido
A type of building	reidou
A type of building	reigo
A type of building	reigyo
A type of building	reihaido
A type of building	reihaidou
A type of building	rejidensu
A type of building	rengajutaku
A type of building	rengajuutaku
A type of building	resutoran
A type of building	resutoranto
A type of building	rihatsuten
A type of building	rikyu
A type of building	rikyuu
A type of building	rinku
A type of building	rizootohoteru
A type of building	rizotohoteru
A type of building	rogoku
A type of building	roiyaruhausu
A type of building	rojji
A type of building	rokaku
A type of building	rokan
A type of building	rosha
A type of building	rou
A type of building	rougoku
A type of building	roukaku
A type of building	roukan
A type of building	rousha
A type of building	rouya
A type of building	rouyashiki
A type of building	roya
A type of building	royashiki
A type of building	rui
A type of building	ruiheki
A type of building	ruisai
A type of building	ruitoride
A type of building	ryobun
A type of building	ryogu
A type of building	ryoguu
A type of building	ryoiki
A type of building	ryojikan
A type of building	ryokan
A type of building	ryorichaya
A type of building	ryoriten
A type of building	ryoriya
A type of building	ryosha
A type of building	ryoshuku
A type of building	ryoshutei
A type of building	ryoso
A type of building	ryosou
A type of building	ryotei
A type of building	ryoubun
A type of building	ryouiki
A type of building	ryoujikan
A type of building	ryourichaya
A type of building	ryouriten
A type of building	ryouriya
A type of building	ryoushutei
A type of building	ryoutei
A type of building	sabo
A type of building	sabou
A type of building	sagyoba
A type of building	sagyouba
A type of building	saibansho
A type of building	saikuba
A type of building	saikutokoro
A type of building	sairo
A type of building	sakaba
A type of building	saketokoro
A type of building	sakushukojo
A type of building	sakushukoujou
A type of building	sanatoriumu
A type of building	sansai
A type of building	saron
A type of building	sarun
A type of building	saruun
A type of building	saten
A type of building	satsueijo
A type of building	seibikojo
A type of building	seibikoujou
A type of building	seido
A type of building	seidou
A type of building	seikosho
A type of building	seikousho
A type of building	seirensho
A type of building	seiro
A type of building	seirou
A type of building	seisakushitsu
A type of building	seisakusho
A type of building	seiseitokoro
A type of building	seishinbyoin
A type of building	seishinbyouin
A type of building	seizaisho
A type of building	seizosho
A type of building	seizousho
A type of building	sekandohausu
A type of building	senshitsu
A type of building	sensui
A type of building	senta
A type of building	sentaa
A type of building	sentare
A type of building	sento
A type of building	sentou
A type of building	sha
A type of building	shainshokudo
A type of building	shainshokudou
A type of building	shako
A type of building	shamen
A type of building	shashin
A type of building	shato
A type of building	shatoo
A type of building	shiata
A type of building	shiataa
A type of building	shibaikoya
A type of building	shichiya
A type of building	shigotoba
A type of building	shijo
A type of building	shijou
A type of building	shikenjo
A type of building	shikenjou
A type of building	shinagogu
A type of building	shinagoogu
A type of building	shinden
A type of building	shinema
A type of building	shinryojo
A type of building	shinryoujo
A type of building	shinshi
A type of building	shintaku
A type of building	shippokuya
A type of building	shiro
A type of building	shitaiokiba
A type of building	shitsu
A type of building	shitsuie
A type of building	shitsumushitsu
A type of building	shobo
A type of building	shobosho
A type of building	shobou
A type of building	shoja
A type of building	shoka
A type of building	shoku
A type of building	shokudo
A type of building	shokudou
A type of building	shonochosha
A type of building	shonotatemono
A type of building	shooku
A type of building	shoppu
A type of building	shoro
A type of building	shoten
A type of building	shoubousho
A type of building	shouja
A type of building	shouka
A type of building	shounochousha
A type of building	shounotatemono
A type of building	shourou
A type of building	shouten
A type of building	shudoin
A type of building	shugoku
A type of building	shukusha
A type of building	shuriya
A type of building	shushi
A type of building	shuudouin
A type of building	shuugoku
A type of building	shuuriya
A type of building	sodo
A type of building	soin
A type of building	soji
A type of building	soko
A type of building	soreki
A type of building	sorin
A type of building	soro
A type of building	sosha
A type of building	sosono
A type of building	soudou
A type of building	souin
A type of building	souji
A type of building	souko
A type of building	soureki
A type of building	sourin
A type of building	sourou
A type of building	sousha
A type of building	sousono
A type of building	suiso
A type of building	suisou
A type of building	suizokukan
A type of building	sukeetorinku
A type of building	suketorinku
A type of building	sukuru
A type of building	sukuuru
A type of building	sumai
A type of building	sumie
A type of building	sumiie
A type of building	sumika
A type of building	sumitokoro
A type of building	sunakku
A type of building	supa
A type of building	supamaketto
A type of building	supasutoa
A type of building	sutadiamu
A type of building	sutajiamu
A type of building	sutajio
A type of building	sutandoba
A type of building	sutandobaa
A type of building	suteekihausu
A type of building	suteeshon
A type of building	suteishon
A type of building	sutekihausu
A type of building	suteshon
A type of building	sutoa
A type of building	sutoaa
A type of building	suupaa
A type of building	suupaamaaketto
A type of building	suupaasutoa
A type of building	suupaasutoaa
A type of building	taaminaru
A type of building	tabakoya
A type of building	tabemonoya
A type of building	tabibitoyado
A type of building	tabimise
A type of building	tabitei
A type of building	taiikukan
A type of building	taika
A type of building	taikukan
A type of building	taishikan
A type of building	taisho
A type of building	taishouyado
A type of building	taishoyado
A type of building	taishudoin
A type of building	taishuudouin
A type of building	taisoba
A type of building	taisouba
A type of building	takigikoya
A type of building	taku
A type of building	taminaru
A type of building	tateie
A type of building	tatemono
A type of building	tateya
A type of building	tawa
A type of building	tawaa
A type of building	teatoru
A type of building	tei
A type of building	teihausu
A type of building	teiihausu
A type of building	teiiruumu
A type of building	teikoya
A type of building	teirumu
A type of building	teiryusho
A type of building	teiryuusho
A type of building	teitaku
A type of building	tenmaku
A type of building	tenpo
A type of building	tento
A type of building	tenya
A type of building	tera
A type of building	terakado
A type of building	tetsugoshi
A type of building	tetsugoushi
A type of building	tetsumado
A type of building	tetto
A type of building	tettou
A type of building	todai
A type of building	togijo
A type of building	togyuba
A type of building	tomari
A type of building	toride
A type of building	torigoya
A type of building	toriya
A type of building	tosatsuba
A type of building	toshokan
A type of building	toshoshitsu
A type of building	tou
A type of building	toudai
A type of building	tougijou
A type of building	tougyuuba
A type of building	ueahausu
A type of building	uekishitsu
A type of building	uiguwamu
A type of building	uindomiru
A type of building	ukiyochaya
A type of building	umagoya
A type of building	umaya
A type of building	ushikoya
A type of building	vira
A type of building	waakushoppu
A type of building	wakushoppu
A type of building	yaba
A type of building	yado
A type of building	yadokoya
A type of building	yadori
A type of building	yadoya
A type of building	yagura
A type of building	yakatashiro
A type of building	yakkyoku
A type of building	yakuho
A type of building	yakushuya
A type of building	yakuten
A type of building	yakuzaigaku
A type of building	yamato
A type of building	yashiki
A type of building	yogai
A type of building	yohoba
A type of building	yokujo
A type of building	yokujou
A type of building	yosai
A type of building	yougai
A type of building	youhouba
A type of building	yousai
A type of building	yuhodo
A type of building	yujoya
A type of building	yuruto
A type of building	yuuhodou
A type of building	yuujoya
A type of building	yuuzanyado
A type of building	yuzanyado
A type of building	zaike
A type of building	zoheisho
A type of building	zouheishou
A thing with wheels	abangarudo
A thing with wheels	abangyarudo
A thing with wheels	asobidogu
A thing with wheels	asobidougu
A thing with wheels	avangarudo
A thing with wheels	avangyarudo
A thing with wheels	bagi
A thing with wheels	bagii
A thing with wheels	baiku
A thing with wheels	ban
A thing with wheels	bandowagon
A thing with wheels	bariki
A thing with wheels	basha
A thing with wheels	bashatetsudo
A thing with wheels	bashatetsudou
A thing with wheels	basu
A thing with wheels	bebibagi
A thing with wheels	bebiibagii
A thing with wheels	bebiikaa
A thing with wheels	bebika
A thing with wheels	burudooza
A thing with wheels	burudoozaa
A thing with wheels	burudoza
A thing with wheels	butchouzura
A thing with wheels	butchozura
A thing with wheels	byuffeka
A thing with wheels	byuffekaa
A thing with wheels	chari
A thing with wheels	charinko
A thing with wheels	chariotto
A thing with wheels	chea
A thing with wheels	daburudekka
A thing with wheels	daburudekkaa
A thing with wheels	daisha
A thing with wheels	danpu
A thing with wheels	danpuka
A thing with wheels	danpukaa
A thing with wheels	danpukuruma
A thing with wheels	danputorakku
A thing with wheels	denkijidosha
A thing with wheels	denkijidousha
A thing with wheels	densha
A thing with wheels	doudorubagu
A thing with wheels	douudourubagu
A thing with wheels	eapureen
A thing with wheels	eapurein
A thing with wheels	eapuren
A thing with wheels	ekibasha
A thing with wheels	entaku
A thing with wheels	fokurifuto
A thing with wheels	fookurifuto
A thing with wheels	fukuza
A thing with wheels	futakuruma
A thing with wheels	gangu
A thing with wheels	ganromono
A thing with wheels	ganroumono
A thing with wheels	gigu
A thing with wheels	ginrin
A thing with wheels	ginyoku
A thing with wheels	gissha
A thing with wheels	gokato
A thing with wheels	gookaato
A thing with wheels	gososha
A thing with wheels	gosousha
A thing with wheels	haadotoppu
A thing with wheels	hadotoppu
A thing with wheels	haitaku
A thing with wheels	hakomakuruma
A thing with wheels	hakoumakuruma
A thing with wheels	hakuni
A thing with wheels	hakunii
A thing with wheels	handokaato
A thing with wheels	handokato
A thing with wheels	hansamukyabu
A thing with wheels	hatchibakku
A thing with wheels	heddo
A thing with wheels	hikoki
A thing with wheels	hikouki
A thing with wheels	hosha
A thing with wheels	housha
A thing with wheels	houyoku
A thing with wheels	hoyoku
A thing with wheels	ichirinkuruma
A thing with wheels	idotoshokan
A thing with wheels	idoutoshokan
A thing with wheels	iko
A thing with wheels	isu
A thing with wheels	jidojitensha
A thing with wheels	jidonirinsha
A thing with wheels	jidosha
A thing with wheels	jidoujitensha
A thing with wheels	jidounirinsha
A thing with wheels	jidousha
A thing with wheels	jietto
A thing with wheels	jiettoki
A thing with wheels	jiipu
A thing with wheels	jimushitsu
A thing with wheels	jimusho
A thing with wheels	jinrikisha
A thing with wheels	jipu
A thing with wheels	jitensha
A thing with wheels	josetsusha
A thing with wheels	jouyo
A thing with wheels	jouyousha
A thing with wheels	joyo
A thing with wheels	joyosha
A thing with wheels	kaa
A thing with wheels	kaato
A thing with wheels	kaburiore
A thing with wheels	kakusakudo
A thing with wheels	kakuusakudou
A thing with wheels	kamotsuressha
A thing with wheels	kanbutsu
A thing with wheels	kasha
A thing with wheels	kato
A thing with wheels	keburuka
A thing with wheels	keeburukaa
A thing with wheels	kenketsusha
A thing with wheels	kikansha
A thing with wheels	kisha
A thing with wheels	kitsuensha
A thing with wheels	kogatajidosha
A thing with wheels	kogatajidousha
A thing with wheels	kogatasha
A thing with wheels	kokuki
A thing with wheels	konbaachiburu
A thing with wheels	konbaateiburu
A thing with wheels	konbachiburu
A thing with wheels	konbateiburu
A thing with wheels	konpakutoka
A thing with wheels	konpakutokaa
A thing with wheels	konvaateiburu
A thing with wheels	konvateiburu
A thing with wheels	koshikake
A thing with wheels	koukuuki
A thing with wheels	kupe
A thing with wheels	kuruma
A thing with wheels	kurumaisu
A thing with wheels	kuupe
A thing with wheels	kyakusha
A thing with wheels	kyanpa
A thing with wheels	kyanpaa
A thing with wheels	kyaraban
A thing with wheels	kyariaka
A thing with wheels	kyariakaa
A thing with wheels	kyatapira
A thing with wheels	kyatto
A thing with wheels	kyukyusha
A thing with wheels	kyuukyuusha
A thing with wheels	minibaiku
A thing with wheels	minikyabu
A thing with wheels	moopeddo
A thing with wheels	mootaabaiku
A thing with wheels	mootaabiikuru
A thing with wheels	mootaahoomu
A thing with wheels	mootaakaa
A thing with wheels	mootaasaikuru
A thing with wheels	mopeddo
A thing with wheels	motabaiku
A thing with wheels	motabikuru
A thing with wheels	motahomu
A thing with wheels	motaka
A thing with wheels	motasaikuru
A thing with wheels	moteasobi
A thing with wheels	moteasobimono
A thing with wheels	mugaikasha
A thing with wheels	nibasha
A thing with wheels	niguruma
A thing with wheels	nikaidatebasu
A thing with wheels	nirin
A thing with wheels	noriai
A thing with wheels	noriaibasha
A thing with wheels	noriaii
A thing with wheels	noriaijidosha
A thing with wheels	noriaijidousha
A thing with wheels	nyuuebu
A thing with wheels	nyuueibu
A thing with wheels	nyuuevu
A thing with wheels	nyuuueebu
A thing with wheels	nyuuueevu
A thing with wheels	nyuuueibu
A thing with wheels	ochayouwagon
A thing with wheels	ochayowagon
A thing with wheels	ofisu
A thing with wheels	omocha
A thing with wheels	omunibasu
A thing with wheels	onborokuruma
A thing with wheels	oopun
A thing with wheels	oopunkaa
A thing with wheels	ootobai
A thing with wheels	ootomobiru
A thing with wheels	ootomoobiru
A thing with wheels	opun
A thing with wheels	opunka
A thing with wheels	otobai
A thing with wheels	otomobiru
A thing with wheels	patoka
A thing with wheels	patokaa
A thing with wheels	patoroorukaa
A thing with wheels	patororuka
A thing with wheels	pikkuappu
A thing with wheels	pokettobaiku
A thing with wheels	purukubogen
A thing with wheels	puruukuboogen
A thing with wheels	pusshukaato
A thing with wheels	pusshukato
A thing with wheels	reeshingukaa
A thing with wheels	reikyusha
A thing with wheels	reikyuusha
A thing with wheels	rekka
A thing with wheels	rekkaa
A thing with wheels	rekkaakuruma
A thing with wheels	rekkakuruma
A thing with wheels	reshinguka
A thing with wheels	ressha
A thing with wheels	rigu
A thing with wheels	rikisha
A thing with wheels	rimujiin
A thing with wheels	rimujin
A thing with wheels	roda
A thing with wheels	romendensha
A thing with wheels	romono
A thing with wheels	roodaa
A thing with wheels	rooraasukeeto
A thing with wheels	rorasuketo
A thing with wheels	roumono
A thing with wheels	ryokobaggu
A thing with wheels	ryokokaban
A thing with wheels	ryokoubaggu
A thing with wheels	ryokoukaban
A thing with wheels	ryokouyoukaban
A thing with wheels	ryokoyokaban
A thing with wheels	saikuru
A thing with wheels	sanrinsha
A thing with wheels	sarun
A thing with wheels	saruun
A thing with wheels	sedan
A thing with wheels	sekisaikuruma
A thing with wheels	sensha
A thing with wheels	shariki
A thing with wheels	sharyo
A thing with wheels	sharyou
A thing with wheels	shiageko
A thing with wheels	shiagekou
A thing with wheels	shiden
A thing with wheels	shigaidensha
A thing with wheels	shindaisha
A thing with wheels	shinkansen
A thing with wheels	shitsumushitsu
A thing with wheels	shokudosha
A thing with wheels	shokudousha
A thing with wheels	soko
A thing with wheels	soukou
A thing with wheels	sukeeto
A thing with wheels	sukeetoboodo
A thing with wheels	suketo
A thing with wheels	suketobodo
A thing with wheels	sukuta
A thing with wheels	sukuuta
A thing with wheels	sukuutaa
A thing with wheels	sunomobiru
A thing with wheels	sunoomoobiru
A thing with wheels	suteeshonwagon
A thing with wheels	suteishonwagon
A thing with wheels	suteshonwagon
A thing with wheels	sutoriitokaa
A thing with wheels	sutoritoka
A thing with wheels	sutsukesu
A thing with wheels	suutsukeesu
A thing with wheels	taikara
A thing with wheels	taikaraa
A thing with wheels	taisho
A thing with wheels	taishou
A thing with wheels	takushi
A thing with wheels	takushii
A thing with wheels	tanku
A thing with wheels	tankukuruma
A thing with wheels	tansha
A thing with wheels	tansuikuruma
A thing with wheels	teasobi
A thing with wheels	teguruma
A thing with wheels	teiiwagon
A thing with wheels	teiwagon
A thing with wheels	teoshikuruma
A thing with wheels	tetsudobasha
A thing with wheels	tetsudoubasha
A thing with wheels	teyu
A thing with wheels	teyuu
A thing with wheels	toden
A thing with wheels	toi
A thing with wheels	tokusha
A thing with wheels	toppoi
A thing with wheels	toraishikuru
A thing with wheels	torakku
A thing with wheels	torakuta
A thing with wheels	torakutaa
A thing with wheels	toreeraa
A thing with wheels	toreeraahausu
A thing with wheels	toreeraaheddo
A thing with wheels	toreerubaiku
A thing with wheels	torera
A thing with wheels	torerahausu
A thing with wheels	toreraheddo
A thing with wheels	torerubaiku
A thing with wheels	toroika
A thing with wheels	torori
A thing with wheels	tororii
A thing with wheels	tsujijidosha
A thing with wheels	tsujijidousha
A thing with wheels	tsukindensha
A thing with wheels	tsukinressha
A thing with wheels	tsuringuka
A thing with wheels	tsuukindensha
A thing with wheels	tsuukinressha
A thing with wheels	tsuuringukaa
A thing with wheels	ubaguruma
A thing with wheels	ubakuruma
A thing with wheels	unpankuruma
A thing with wheels	van
A thing with wheels	wagon
A thing with wheels	wanbokkusuka
A thing with wheels	wanbokkusukaa
A thing with wheels	wataku
A thing with wheels	yonrinsha
A thing with wheels	yudogu
A thing with wheels	yugaikasha
A thing with wheels	yugaikuruma
A thing with wheels	yuudougu
A thing with wheels	yuugaikasha
A thing with wheels	yuugaikuruma
Something metal	aen
Something metal	ainsutainiumu
Something metal	akagane
Something metal	amarugamu
Something metal	amerishiumu
Something metal	anchimoni
Something metal	anchimonii
Something metal	aroi
Something metal	arumi
Something metal	aruminiumu
Something metal	asanabe
Something metal	baakuriumu
Something metal	babittometaru
Something metal	bakuriumu
Something metal	banajiumu
Something metal	bariumu
Something metal	beririumu
Something metal	beru
Something metal	bisumasu
Something metal	boei
Something metal	bogyo
Something metal	bon
Something metal	bouei
Something metal	bougyo
Something metal	burasu
Something metal	byo
Something metal	byou
Something metal	chitaniumu
Something metal	choban
Something metal	chotsugai
Something metal	chouban
Something metal	choutsugai
Something metal	choutsugaii
Something metal	chuka
Something metal	chuuka
Something metal	daimedaru
Something metal	daisuzu
Something metal	danbira
Something metal	deba
Something metal	debabocho
Something metal	debabouchou
Something metal	denko
Something metal	denkou
Something metal	dokane
Something metal	dosu
Something metal	dou
Something metal	doukane
Something metal	eiten
Something metal	ensho
Something metal	enshou
Something metal	erubiumu
Something metal	fensu
Something metal	ferumiumu
Something metal	foiru
Something metal	foku
Something metal	fooku
Something metal	furanshiumu
Something metal	fusabiko
Something metal	fusabikou
Something metal	fushuko
Something metal	fushuukou
Something metal	gadoriniumu
Something metal	gariumu
Something metal	geeto
Something metal	gekitetsu
Something metal	gekkeikan
Something metal	geto
Something metal	gin
Something metal	gokin
Something metal	goukin
Something metal	gusoku
Something metal	hafuniumu
Something metal	haku
Something metal	hakudo
Something metal	hakudou
Something metal	hamono
Something metal	hanma
Something metal	hanmaa
Something metal	harigane
Something metal	haru
Something metal	hasami
Something metal	hei
Something metal	heijin
Something metal	hekireki
Something metal	himo
Something metal	hinji
Something metal	hiranabe
Something metal	hocho
Something metal	hoiru
Something metal	hokin
Something metal	hoku
Something metal	hooku
Something metal	horumiumu
Something metal	hoshin
Something metal	hosho
Something metal	houchou
Something metal	houkin
Something metal	houshin
Something metal	houshou
Something metal	ichiren
Something metal	igaki
Something metal	inazuma
Something metal	inemitsu
Something metal	injiumu
Something metal	irijiumu
Something metal	itterubiumu
Something metal	ittoriumu
Something metal	jinku
Something metal	jinrai
Something metal	jirukoniumu
Something metal	jishaku
Something metal	jisupuroshiumu
Something metal	jomae
Something metal	jou
Something metal	joumae
Something metal	jushin
Something metal	juushin
Something metal	kabuto
Something metal	kadomiumu
Something metal	kagi
Something metal	kaki
Something metal	kakine
Something metal	kakoi
Something metal	kama
Something metal	kaminari
Something metal	kan
Something metal	kanashikiki
Something metal	kane
Something metal	kanshu
Something metal	kanto
Something metal	kari
Something metal	karihoruniumu
Something metal	karimyoban
Something metal	karimyouban
Something metal	kariumu
Something metal	karushiumu
Something metal	katana
Something metal	katchu
Something metal	katchuu
Something metal	katta
Something metal	kattaa
Something metal	keigin
Something metal	keikan
Something metal	ketoru
Something metal	kettoru
Something metal	kii
Something metal	kikaki
Something metal	kin
Something metal	kinka
Something metal	kinko
Something metal	kintetsu
Something metal	kinzoku
Something metal	kinzokugenso
Something metal	kirite
Something metal	kisho
Something metal	kishou
Something metal	kobaruto
Something metal	kogatana
Something metal	koin
Something metal	koka
Something metal	komayose
Something metal	komayosese
Something metal	konsutantan
Something metal	koran
Something metal	koronbiumu
Something metal	koshinomono
Something metal	kotetsu
Something metal	kotsudo
Something metal	kotsudou
Something metal	kou
Something metal	kouka
Something metal	kouran
Something metal	koutetsu
Something metal	kouzai
Something metal	kozai
Something metal	kuikkushiruba
Something metal	kuikkushirubaa
Something metal	kunsho
Something metal	kunshou
Something metal	kuromu
Something metal	kuromuko
Something metal	kuromukou
Something metal	kyosho
Something metal	kyoushou
Something metal	kyuriumu
Something metal	maakyurii
Something metal	maguneshiumu
Something metal	magunetto
Something metal	makyuri
Something metal	mangan
Something metal	medaru
Something metal	metaaru
Something metal	metaru
Something metal	miharu
Something metal	mon
Something metal	mononogu
Something metal	moribuden
Something metal	munekazariri
Something metal	myoban
Something metal	myouban
Something metal	nabe
Something metal	naifu
Something metal	namari
Something metal	namazume
Something metal	natoriumu
Something metal	neeru
Something metal	nenten
Something metal	neojimu
Something metal	neputsuniumu
Something metal	neru
Something metal	nikkeru
Something metal	ninkirihocho
Something metal	ninkirihouchou
Something metal	niobu
Something metal	niumu
Something metal	nokotsudo
Something metal	noukotsudou
Something metal	nyumu
Something metal	nyuumu
Something metal	obon
Something metal	odo
Something metal	ogaki
Something metal	oogaki
Something metal	oroido
Something metal	osaji
Something metal	osumiumu
Something metal	oudou
Something metal	paipu
Something metal	parajiumu
Something metal	pin
Something metal	poroniumu
Something metal	purantan
Something metal	puraseojimu
Something metal	purintan
Something metal	puromechiumu
Something metal	rachi
Something metal	raiden
Something metal	raiko
Something metal	raikou
Something metal	rajiumu
Something metal	rakurai
Something metal	ran
Something metal	rankan
Something metal	rantan
Something metal	renchi
Something metal	reniumu
Something metal	ribon
Something metal	richiumu
Something metal	rido
Something metal	riido
Something metal	roban
Something metal	rojiumu
Something metal	rokka
Something metal	rokkaa
Something metal	rokku
Something metal	rouban
Something metal	rubijiumu
Something metal	rutechiumu
Something metal	ruteniumu
Something metal	saidanshi
Something metal	saji
Something metal	saku
Something metal	samariumu
Something metal	satsujinkatana
Something metal	seido
Something metal	seidou
Something metal	sento
Something metal	sentou
Something metal	seriumu
Something metal	seshiumu
Something metal	setsudanki
Something metal	shahei
Something metal	shaheibutsu
Something metal	shiirudo
Something metal	shinchu
Something metal	shinchuu
Something metal	shinken
Something metal	shinto
Something metal	shintou
Something metal	shirogane
Something metal	shirome
Something metal	shiruba
Something metal	shirubaa
Something metal	shirudo
Something metal	shiruva
Something metal	shiruvaa
Something metal	sho
Something metal	shoheki
Something metal	shoi
Something metal	shou
Something metal	shouheki
Something metal	shoui
Something metal	shungetsu
Something metal	shunki
Something metal	shunyo
Something metal	shunyou
Something metal	shuronoha
Something metal	sodo
Something metal	sojiumu
Something metal	soko
Something metal	soodo
Something metal	soukou
Something metal	suchiiru
Something metal	suchiru
Something metal	suigin
Something metal	sukanjiumu
Something metal	supana
Something metal	supigeru
Something metal	supiigeru
Something metal	supun
Something metal	supuringu
Something metal	supuun
Something metal	suteiiru
Something metal	suteinresu
Something metal	suteiru
Something metal	sutenresu
Something metal	sutenresuko
Something metal	sutenresukou
Something metal	sutoronchiumu
Something metal	suzu
Something metal	tachi
Something metal	taku
Something metal	tando
Something metal	tandou
Something metal	tangusuten
Something metal	tantaru
Something metal	tariumu
Something metal	tekko
Something metal	tekkou
Something metal	tekunechiumu
Something metal	tenabe
Something metal	terubiumu
Something metal	tesuri
Something metal	tetsu
Something metal	tetsujo
Something metal	tetsujou
Something metal	tojin
Something metal	tokei
Something metal	token
Something metal	tomubakku
Something metal	tore
Something metal	toree
Something metal	torei
Something metal	toriumu
Something metal	toujin
Something metal	toukei
Something metal	touken
Something metal	tsukikane
Something metal	tsume
Something metal	tsuriumu
Something metal	tsurugi
Something metal	tsurugitachi
Something metal	tsutsu
Something metal	uchidachi
Something metal	uchitachi
Something metal	uorufuramu
Something metal	uran
Something metal	uraniumu
Something metal	waia
Something metal	waiya
Something metal	waiyaa
Something metal	yakan
Something metal	yaku
Something metal	yoroi
Something metal	yugama
Something metal	yureka
Something metal	yuropiumu
Something metal	yuureka
Something metal	yuuropiumu
Something metal	yuwakashi
A type of plant	aamondo
A type of plant	abaka
A type of plant	aburagiri
A type of plant	agapansasu
A type of plant	agapansasuzoku
A type of plant	agekome
A type of plant	ageraatamu
A type of plant	ageratamu
A type of plant	airisu
A type of plant	ajisai
A type of plant	akanboku
A type of plant	akansasu
A type of plant	akashia
A type of plant	akaza
A type of plant	akkeshiso
A type of plant	akkeshisou
A type of plant	amaransu
A type of plant	amaririsu
A type of plant	amata
A type of plant	amerikaninjin
A type of plant	amerikazuta
A type of plant	amondo
A type of plant	anemone
A type of plant	anisu
A type of plant	ansuriumu
A type of plant	anzerika
A type of plant	anzu
A type of plant	aoi
A type of plant	aoigoke
A type of plant	arissamu
A type of plant	aroe
A type of plant	arufarufa
A type of plant	aruga
A type of plant	arunika
A type of plant	asa
A type of plant	asatsuki
A type of plant	asebi
A type of plant	ashi
A type of plant	asshu
A type of plant	asuchirube
A type of plant	asuparagasu
A type of plant	asupen
A type of plant	asuta
A type of plant	asutaa
A type of plant	ateiboku
A type of plant	avokado
A type of plant	awamorishoma
A type of plant	awamorishouma
A type of plant	ayame
A type of plant	azarea
A type of plant	azusa
A type of plant	baabena
A type of plant	baajiniazuta
A type of plant	babena
A type of plant	baikautsugi
A type of plant	baimo
A type of plant	baioretto
A type of plant	bajiniazuta
A type of plant	bajiru
A type of plant	banana
A type of plant	banananoki
A type of plant	banbu
A type of plant	banbuu
A type of plant	banda
A type of plant	banira
A type of plant	banjiro
A type of plant	banjirou
A type of plant	bankoku
A type of plant	bankushia
A type of plant	banshiroyuzu
A type of plant	baobabu
A type of plant	bara
A type of plant	bareisho
A type of plant	barusa
A type of plant	barusamuki
A type of plant	begonia
A type of plant	begoniya
A type of plant	beihan
A type of plant	beikoku
A type of plant	bejitaburu
A type of plant	benibana
A type of plant	beniuchiwa
A type of plant	benkeikusa
A type of plant	benkeiso
A type of plant	benkeisoka
A type of plant	benkeisou
A type of plant	benkeisouka
A type of plant	beradonna
A type of plant	berubeenu
A type of plant	berubenu
A type of plant	berugamotto
A type of plant	biito
A type of plant	bijosakura
A type of plant	birodoaoizoku
A type of plant	biroodoaoizoku
A type of plant	bito
A type of plant	biwa
A type of plant	bodaiju
A type of plant	bokuso
A type of plant	bokusou
A type of plant	bonsai
A type of plant	botan
A type of plant	buddorea
A type of plant	budo
A type of plant	budou
A type of plant	bugenbiria
A type of plant	buna
A type of plant	buraia
A type of plant	burakkujakku
A type of plant	burakkupepa
A type of plant	burakkupepaa
A type of plant	burakkupeppa
A type of plant	burakkupeppaa
A type of plant	burokkori
A type of plant	buruberi
A type of plant	buruberu
A type of plant	burugurasu
A type of plant	buruuberii
A type of plant	buruuberu
A type of plant	buruugurasu
A type of plant	bushukan
A type of plant	busshu
A type of plant	butakusa
A type of plant	buugenbiria
A type of plant	byakushin
A type of plant	cha
A type of plant	chaibu
A type of plant	chanoki
A type of plant	charumeruso
A type of plant	charumerusou
A type of plant	chidorikusa
A type of plant	chiiku
A type of plant	chiizu
A type of plant	chikori
A type of plant	chikorii
A type of plant	chiku
A type of plant	chinguruma
A type of plant	chisha
A type of plant	chizu
A type of plant	choji
A type of plant	chojinoki
A type of plant	choko
A type of plant	chokoreeto
A type of plant	chokoreto
A type of plant	chosenasagao
A type of plant	chosenninjin
A type of plant	chouji
A type of plant	choujinoki
A type of plant	chousenasagao
A type of plant	chousenninjin
A type of plant	chuberozu
A type of plant	chuingamunoki
A type of plant	churippu
A type of plant	chuuberoozu
A type of plant	chuuingamunoki
A type of plant	chuurippu
A type of plant	daidai
A type of plant	daikon
A type of plant	daikondora
A type of plant	daio
A type of plant	daiou
A type of plant	daizu
A type of plant	daria
A type of plant	deejii
A type of plant	deji
A type of plant	derisu
A type of plant	deyuramukomugi
A type of plant	dokumugi
A type of plant	dorasena
A type of plant	dorian
A type of plant	eapurantsu
A type of plant	ebaaguriin
A type of plant	ebagurin
A type of plant	ederuwaisu
A type of plant	eederuwaisu
A type of plant	egonoki
A type of plant	endaibu
A type of plant	endomame
A type of plant	endoumame
A type of plant	enkoso
A type of plant	enkousou
A type of plant	enoki
A type of plant	enokorogusa
A type of plant	enreiso
A type of plant	enreisou
A type of plant	episushia
A type of plant	erika
A type of plant	erikazoku
A type of plant	erumu
A type of plant	esharotto
A type of plant	ezoaridooshi
A type of plant	ezoaridoshi
A type of plant	ezomatsu
A type of plant	firodendoron
A type of plant	fudankusa
A type of plant	fudanso
A type of plant	fudansou
A type of plant	fuji
A type of plant	fujibakama
A type of plant	fujimoto
A type of plant	fukamikusa
A type of plant	fukushia
A type of plant	furansugiku
A type of plant	furiijia
A type of plant	furijia
A type of plant	furokkusu
A type of plant	fushinko
A type of plant	fuushinko
A type of plant	fuyo
A type of plant	fuyou
A type of plant	gairarujia
A type of plant	gama
A type of plant	gamazumi
A type of plant	gazania
A type of plant	gekkeiju
A type of plant	genbuiwa
A type of plant	gindoro
A type of plant	ginmeshi
A type of plant	gishigishi
A type of plant	gobo
A type of plant	gobou
A type of plant	gohan
A type of plant	goma
A type of plant	gomeshi
A type of plant	gomunoki
A type of plant	gomushokubutsu
A type of plant	guaba
A type of plant	gurajiorasu
A type of plant	gusuberi
A type of plant	guu
A type of plant	guusuberii
A type of plant	guuzuberii
A type of plant	guzuberi
A type of plant	gyoryu
A type of plant	gyoryumodoki
A type of plant	gyoryuu
A type of plant	gyoryuumodoki
A type of plant	haabu
A type of plant	habu
A type of plant	hadakamugi
A type of plant	haejigoku
A type of plant	hahakogusa
A type of plant	hai
A type of plant	haigukarada
A type of plant	haiguukarada
A type of plant	hakka
A type of plant	hakkuruberi
A type of plant	hakkuruberii
A type of plant	hakobe
A type of plant	hakumai
A type of plant	hakunboku
A type of plant	hakuren
A type of plant	hakusanfuro
A type of plant	hakusanfuuro
A type of plant	hakuunboku
A type of plant	hamakanzashi
A type of plant	hanaaoi
A type of plant	hanaoi
A type of plant	hanashobu
A type of plant	hanashoubu
A type of plant	hanaudo
A type of plant	hanegara
A type of plant	hanmai
A type of plant	hannoki
A type of plant	haramitsu
A type of plant	haran
A type of plant	harunonogeshi
A type of plant	hashibami
A type of plant	hashidoi
A type of plant	hasu
A type of plant	hatankyo
A type of plant	hatankyou
A type of plant	hechima
A type of plant	henruda
A type of plant	henruuda
A type of plant	hento
A type of plant	hentou
A type of plant	heraobako
A type of plant	heraoobako
A type of plant	heza
A type of plant	hezaa
A type of plant	hibikusa
A type of plant	hienkusa
A type of plant	hienso
A type of plant	hiensou
A type of plant	hiisu
A type of plant	hikagenokazura
A type of plant	hikagenokuzu
A type of plant	hikkori
A type of plant	hikkorii
A type of plant	himarayasugi
A type of plant	himawari
A type of plant	himehagi
A type of plant	himeshakunage
A type of plant	hinagiku
A type of plant	hirate
A type of plant	hirumo
A type of plant	hisu
A type of plant	hiyashinsu
A type of plant	hiyokomame
A type of plant	hiyokushi
A type of plant	hiyosu
A type of plant	hoboku
A type of plant	hoosuminto
A type of plant	hoosuradisshu
A type of plant	hoppu
A type of plant	horenso
A type of plant	horihokku
A type of plant	hosenka
A type of plant	hoshikarada
A type of plant	hosuminto
A type of plant	hosuradisshu
A type of plant	hotarubukuro
A type of plant	hoteiran
A type of plant	hotokenoza
A type of plant	hououboku
A type of plant	hourensou
A type of plant	housenka
A type of plant	houshikarada
A type of plant	howaitopepa
A type of plant	howaitopepaa
A type of plant	howaitopeppa
A type of plant	howaitopeppaa
A type of plant	hyakunichikusa
A type of plant	hyakunichiso
A type of plant	hyakunichisou
A type of plant	hyakusen
A type of plant	hyotan
A type of plant	hyoutan
A type of plant	hyuganatsu
A type of plant	hyuuganatsu
A type of plant	ibota
A type of plant	ibuki
A type of plant	ichi
A type of plant	ichigo
A type of plant	ichihatsu
A type of plant	ichii
A type of plant	ichijiku
A type of plant	ichiyakuso
A type of plant	ichiyakusou
A type of plant	icho
A type of plant	ichoki
A type of plant	ichou
A type of plant	ichouki
A type of plant	igusa
A type of plant	inagomame
A type of plant	indosokei
A type of plant	indotaima
A type of plant	ine
A type of plant	inekanokusa
A type of plant	inemago
A type of plant	ingenmame
A type of plant	injigo
A type of plant	inkashokubutsu
A type of plant	inomotosoka
A type of plant	inomotosouka
A type of plant	inunofuguri
A type of plant	irakusa
A type of plant	ishiimo
A type of plant	ishimo
A type of plant	itokuri
A type of plant	itoso
A type of plant	itosou
A type of plant	itosugi
A type of plant	iwaoshokubutsu
A type of plant	iwauchiwa
A type of plant	jaga
A type of plant	jagaimo
A type of plant	jagataraimo
A type of plant	jasumin
A type of plant	jigitarisu
A type of plant	jinja
A type of plant	jinjaa
A type of plant	jochi
A type of plant	jochugiku
A type of plant	jochuugiku
A type of plant	jomai
A type of plant	jouchi
A type of plant	joumai
A type of plant	jumoku
A type of plant	kaaneeshon
A type of plant	kaba
A type of plant	kabocha
A type of plant	kabu
A type of plant	kabura
A type of plant	kaede
A type of plant	kafe
A type of plant	kafee
A type of plant	kafue
A type of plant	kaido
A type of plant	kaidou
A type of plant	kaiso
A type of plant	kaisou
A type of plant	kakao
A type of plant	kaki
A type of plant	kakitsubata
A type of plant	kakutasu
A type of plant	kamashia
A type of plant	kamigayatsuri
A type of plant	kamirure
A type of plant	kamogaya
A type of plant	kamomiiru
A type of plant	kamomiru
A type of plant	kamuruchi
A type of plant	kanboku
A type of plant	kaneshon
A type of plant	kanki
A type of plant	kanna
A type of plant	kanokoso
A type of plant	kanokosou
A type of plant	kanshohana
A type of plant	kanshouhana
A type of plant	kantaroopu
A type of plant	kantaropu
A type of plant	kanzo
A type of plant	kanzou
A type of plant	kao
A type of plant	kaou
A type of plant	karajongu
A type of plant	karajumu
A type of plant	karajumuzoku
A type of plant	karajuumu
A type of plant	karajuumuzoku
A type of plant	karamatsu
A type of plant	karamushi
A type of plant	karashi
A type of plant	karashina
A type of plant	karasumugi
A type of plant	karasunoendo
A type of plant	karasunoendou
A type of plant	karetachigi
A type of plant	karetachiki
A type of plant	karifurawa
A type of plant	karifurawaa
A type of plant	karipuso
A type of plant	karudamon
A type of plant	karumia
A type of plant	karumiazoku
A type of plant	kashi
A type of plant	kashu
A type of plant	kashuu
A type of plant	katabami
A type of plant	katakuri
A type of plant	katorea
A type of plant	kawahone
A type of plant	kawayanagi
A type of plant	kayatsurigusa
A type of plant	keeru
A type of plant	keiso
A type of plant	keisou
A type of plant	keito
A type of plant	keitou
A type of plant	kemurita
A type of plant	kenja
A type of plant	kenjin
A type of plant	kentetsu
A type of plant	keru
A type of plant	keshi
A type of plant	keshine
A type of plant	kibi
A type of plant	kichigo
A type of plant	kiichigo
A type of plant	kiiui
A type of plant	kiku
A type of plant	kikuimo
A type of plant	kimame
A type of plant	kin
A type of plant	kingyokusa
A type of plant	kingyomo
A type of plant	kingyoso
A type of plant	kingyosou
A type of plant	kinkan
A type of plant	kinma
A type of plant	kinmizuhiki
A type of plant	kinrenhana
A type of plant	kinrui
A type of plant	kinsenhana
A type of plant	kinsenka
A type of plant	kiranso
A type of plant	kiransou
A type of plant	kiui
A type of plant	kizuta
A type of plant	kobaikeiso
A type of plant	kobaikeisou
A type of plant	kocha
A type of plant	kohi
A type of plant	kohinoki
A type of plant	kokanoki
A type of plant	koke
A type of plant	kokemomo
A type of plant	kokoa
A type of plant	kokoyashi
A type of plant	koku
A type of plant	kokuen
A type of plant	kokumotsu
A type of plant	kokurui
A type of plant	kokushoku
A type of plant	kokutan
A type of plant	kome
A type of plant	komugi
A type of plant	kon
A type of plant	konfuri
A type of plant	konfurii
A type of plant	koohii
A type of plant	koohiinoki
A type of plant	koon
A type of plant	koora
A type of plant	koorurabi
A type of plant	kora
A type of plant	korianda
A type of plant	koriandaa
A type of plant	koriusu
A type of plant	korurabi
A type of plant	koryosake
A type of plant	kosho
A type of plant	koshou
A type of plant	kosumosu
A type of plant	kotton
A type of plant	koucha
A type of plant	kouryousake
A type of plant	kouyou
A type of plant	kouzui
A type of plant	koyo
A type of plant	kozui
A type of plant	kuchinashi
A type of plant	kujakushida
A type of plant	kukui
A type of plant	kumin
A type of plant	kunugi
A type of plant	kuramuyomogi
A type of plant	kuranberi
A type of plant	kuranberii
A type of plant	kuremachisu
A type of plant	kureome
A type of plant	kuri
A type of plant	kuroba
A type of plant	kurobu
A type of plant	kurogashi
A type of plant	kurokkasu
A type of plant	kurokosho
A type of plant	kurokoshou
A type of plant	kuroobaa
A type of plant	kuroobu
A type of plant	kuroovu
A type of plant	kuroton
A type of plant	kurovu
A type of plant	kurumahakusa
A type of plant	kusa
A type of plant	kusabana
A type of plant	kusasotetsu
A type of plant	kuwa
A type of plant	kuzu
A type of plant	kyabetsu
A type of plant	kyafe
A type of plant	kyaraue
A type of plant	kyarauee
A type of plant	kyashi
A type of plant	kyashii
A type of plant	kyassaba
A type of plant	kyochikuto
A type of plant	kyomai
A type of plant	kyota
A type of plant	kyouchikutou
A type of plant	kyoumai
A type of plant	kyukeikanran
A type of plant	kyukonrui
A type of plant	kyuri
A type of plant	kyuukeikanran
A type of plant	kyuukonrui
A type of plant	kyuuri
A type of plant	maagaretto
A type of plant	maajoramu
A type of plant	magaretto
A type of plant	mahogani
A type of plant	mahoganii
A type of plant	majoramu
A type of plant	makadamia
A type of plant	makaronikomugi
A type of plant	makurakome
A type of plant	mame
A type of plant	mameka
A type of plant	mandarin
A type of plant	mandoreeku
A type of plant	mandoreku
A type of plant	mango
A type of plant	mangoo
A type of plant	mangoruto
A type of plant	mangosuchin
A type of plant	mangurobu
A type of plant	manguroobu
A type of plant	maniraasa
A type of plant	manirasa
A type of plant	manryo
A type of plant	manryou
A type of plant	mao
A type of plant	maou
A type of plant	maranta
A type of plant	mari
A type of plant	marigoorudo
A type of plant	marigorudo
A type of plant	marii
A type of plant	mariposa
A type of plant	maro
A type of plant	maronie
A type of plant	marou
A type of plant	marumero
A type of plant	marusuguri
A type of plant	masukatto
A type of plant	masukumeron
A type of plant	masutaado
A type of plant	masutado
A type of plant	matorikania
A type of plant	matsu
A type of plant	matsuka
A type of plant	matsumo
A type of plant	matsumushiso
A type of plant	matsumushisou
A type of plant	megika
A type of plant	meitetsu
A type of plant	men
A type of plant	menjo
A type of plant	meron
A type of plant	meshi
A type of plant	mesukaru
A type of plant	mesukiito
A type of plant	mesukito
A type of plant	metasekoia
A type of plant	mezamashikusa
A type of plant	mikan
A type of plant	mikurofuroora
A type of plant	mikurofurora
A type of plant	miro
A type of plant	miruna
A type of plant	misohagi
A type of plant	mitsugashiwa
A type of plant	mizugoke
A type of plant	mizuki
A type of plant	moku
A type of plant	mokuseiso
A type of plant	mokuseisou
A type of plant	momen
A type of plant	momi
A type of plant	momiji
A type of plant	momo
A type of plant	monaruda
A type of plant	morokoshi
A type of plant	mosengoke
A type of plant	mosenkoke
A type of plant	moshiokusa
A type of plant	mousengoke
A type of plant	mousenkoke
A type of plant	mugi
A type of plant	mugiwaragiku
A type of plant	mukuge
A type of plant	mukuroji
A type of plant	murasaki
A type of plant	muyuki
A type of plant	muyuuki
A type of plant	naegi
A type of plant	nanakamado
A type of plant	nara
A type of plant	nasu
A type of plant	natorikusa
A type of plant	natoririkusa
A type of plant	natsume
A type of plant	natsumegu
A type of plant	nekutarin
A type of plant	nemurigusa
A type of plant	nenashikazura
A type of plant	nichimawari
A type of plant	nichinichiso
A type of plant	nichinichisou
A type of plant	nigayomogi
A type of plant	ninjin
A type of plant	ninniku
A type of plant	nioaraseito
A type of plant	nioaraseitou
A type of plant	nioiaraseito
A type of plant	nioiaraseitou
A type of plant	nioishobu
A type of plant	nioishoubu
A type of plant	nire
A type of plant	nireka
A type of plant	nishikigi
A type of plant	niwaurushi
A type of plant	nobana
A type of plant	noborifuji
A type of plant	noborogiku
A type of plant	nogikoku
A type of plant	nokogiriso
A type of plant	nokogirisou
A type of plant	nominofusuma
A type of plant	nonohana
A type of plant	oawagaeri
A type of plant	obako
A type of plant	ocha
A type of plant	odamaki
A type of plant	oguruma
A type of plant	ohamabo
A type of plant	okazeko
A type of plant	oku
A type of plant	okura
A type of plant	okuzai
A type of plant	omanma
A type of plant	omugi
A type of plant	omuginotsubu
A type of plant	omugitsubu
A type of plant	onamomi
A type of plant	onshijumu
A type of plant	onshijuumu
A type of plant	ooawagaeri
A type of plant	oobako
A type of plant	ooguruma
A type of plant	oohamabou
A type of plant	ookazeko
A type of plant	ooku
A type of plant	ookuzai
A type of plant	oomugi
A type of plant	oomuginotsubu
A type of plant	oomugitsubu
A type of plant	oorusupaisu
A type of plant	oosuguri
A type of plant	orandakaiu
A type of plant	orenji
A type of plant	oribu
A type of plant	oriibu
A type of plant	orusupaisu
A type of plant	osuguri
A type of plant	osuyoshiwa
A type of plant	osuyoushiwa
A type of plant	painappuru
A type of plant	panji
A type of plant	panjii
A type of plant	pannoki
A type of plant	panya
A type of plant	papaiya
A type of plant	papirusu
A type of plant	papurika
A type of plant	paseri
A type of plant	pechunia
A type of plant	pekan
A type of plant	pepa
A type of plant	pepaa
A type of plant	pepaaminto
A type of plant	pepaminto
A type of plant	peperomia
A type of plant	peperomiazoku
A type of plant	pepokabocha
A type of plant	peppa
A type of plant	peppaa
A type of plant	piiman
A type of plant	piman
A type of plant	pirakansa
A type of plant	pisutachio
A type of plant	poinsechia
A type of plant	popi
A type of plant	popii
A type of plant	poppukon
A type of plant	poppukoon
A type of plant	popura
A type of plant	poriansasu
A type of plant	poteto
A type of plant	purumeria
A type of plant	purumeriya
A type of plant	rabenda
A type of plant	rabendaa
A type of plant	raigyo
A type of plant	raimu
A type of plant	raimugi
A type of plant	rairakku
A type of plant	raisu
A type of plant	rakkasei
A type of plant	rami
A type of plant	ramii
A type of plant	ran
A type of plant	ranbutan
A type of plant	ranbuutan
A type of plant	rantana
A type of plant	rappasuisen
A type of plant	rappazuisen
A type of plant	rauorufia
A type of plant	reishi
A type of plant	remon
A type of plant	remongurasu
A type of plant	rengyo
A type of plant	rengyou
A type of plant	reo
A type of plant	retasu
A type of plant	riiki
A type of plant	riito
A type of plant	riki
A type of plant	rinboku
A type of plant	rindo
A type of plant	rindou
A type of plant	ringo
A type of plant	ringonoki
A type of plant	rira
A type of plant	rito
A type of plant	roberia
A type of plant	rododendoron
A type of plant	rogguddonoki
A type of plant	rogguuddonoki
A type of plant	rokurogi
A type of plant	romai
A type of plant	roododendoron
A type of plant	rooreru
A type of plant	rootasu
A type of plant	roozeru
A type of plant	roozu
A type of plant	roozumarii
A type of plant	roreru
A type of plant	rotasu
A type of plant	rou
A type of plant	roumai
A type of plant	rozeru
A type of plant	rozu
A type of plant	rozumari
A type of plant	rukkora
A type of plant	runaria
A type of plant	ryomai
A type of plant	ryoumai
A type of plant	ryugan
A type of plant	ryuugan
A type of plant	ryuuzetsuran
A type of plant	ryuuzu
A type of plant	ryuzetsuran
A type of plant	ryuzu
A type of plant	saboten
A type of plant	safuran
A type of plant	saikaku
A type of plant	sakumotsu
A type of plant	sakura
A type of plant	sakuraso
A type of plant	sakurasou
A type of plant	sanba
A type of plant	sankirai
A type of plant	sankome
A type of plant	sanseberia
A type of plant	sanshikisumire
A type of plant	sanshokusumire
A type of plant	sanzashi
A type of plant	sapojira
A type of plant	sarubia
A type of plant	sarumenbana
A type of plant	sasage
A type of plant	sasarindo
A type of plant	sasarindou
A type of plant	sassafurasu
A type of plant	satodaikon
A type of plant	satoimo
A type of plant	satokibi
A type of plant	satoudaikon
A type of plant	satoukibi
A type of plant	satouyashi
A type of plant	satoyashi
A type of plant	sayamame
A type of plant	sayuri
A type of plant	seiboku
A type of plant	seija
A type of plant	seijin
A type of plant	seitetsu
A type of plant	seiyomizakura
A type of plant	seiyonashi
A type of plant	seiyoniwatoko
A type of plant	seiyoshin
A type of plant	seiyosuguri
A type of plant	seiyoumizakura
A type of plant	seiyounashi
A type of plant	seiyouniwatoko
A type of plant	seiyoushin
A type of plant	seiyousuguri
A type of plant	seiyouwasabi
A type of plant	seiyowasabi
A type of plant	sekishomo
A type of plant	sekishoumo
A type of plant	sen
A type of plant	sendan
A type of plant	senega
A type of plant	senna
A type of plant	senrui
A type of plant	sentai
A type of plant	serori
A type of plant	seruriaku
A type of plant	shabonso
A type of plant	shabonsou
A type of plant	shakujoso
A type of plant	shakujousou
A type of plant	shakuyaku
A type of plant	shari
A type of plant	sharotto
A type of plant	shi
A type of plant	shibazoku
A type of plant	shida
A type of plant	shii
A type of plant	shikokubie
A type of plant	shikuramen
A type of plant	shinbijiumu
A type of plant	shineraria
A type of plant	shinju
A type of plant	shinkin
A type of plant	shinkinrui
A type of plant	shinmai
A type of plant	shinyoju
A type of plant	shinyouju
A type of plant	shira
A type of plant	shiraa
A type of plant	shirayuri
A type of plant	shirotsumekusa
A type of plant	shissho
A type of plant	shisshou
A type of plant	shitaji
A type of plant	sho
A type of plant	shobu
A type of plant	shochu
A type of plant	shoga
A type of plant	shohaku
A type of plant	shokora
A type of plant	shokubutsu
A type of plant	shoshokubutsu
A type of plant	shou
A type of plant	shoubu
A type of plant	shouchuu
A type of plant	shouga
A type of plant	shouhaku
A type of plant	shoushokubutsu
A type of plant	shouyuri
A type of plant	shoyuri
A type of plant	shuku
A type of plant	shukuki
A type of plant	shunranzoku
A type of plant	shusho
A type of plant	shushou
A type of plant	soba
A type of plant	sohon
A type of plant	somoku
A type of plant	sorugamu
A type of plant	sorui
A type of plant	soshoku
A type of plant	sotetsu
A type of plant	souhon
A type of plant	soumoku
A type of plant	sourui
A type of plant	soushoku
A type of plant	suberihiyu
A type of plant	suedenkabura
A type of plant	suguri
A type of plant	suhyo
A type of plant	suiitomeron
A type of plant	suika
A type of plant	suikazura
A type of plant	suikazuraka
A type of plant	suisen
A type of plant	suitomeron
A type of plant	sukasshu
A type of plant	sumire
A type of plant	sumotorigusa
A type of plant	sumotorikusa
A type of plant	sumoutorigusa
A type of plant	sumoutorikusa
A type of plant	supeaminto
A type of plant	sutaachisu
A type of plant	sutachisu
A type of plant	sutaperia
A type of plant	sutokku
A type of plant	sutoroberi
A type of plant	sutoroberii
A type of plant	sutorofurusu
A type of plant	suueedenkabura
A type of plant	suuhyou
A type of plant	suzukakenoki
A type of plant	tabako
A type of plant	tachiaoi
A type of plant	taiken
A type of plant	takagi
A type of plant	take
A type of plant	takonoki
A type of plant	takonokika
A type of plant	tamanegi
A type of plant	tamarindo
A type of plant	taniku
A type of plant	tanji
A type of plant	tanjii
A type of plant	tanomi
A type of plant	tanpopo
A type of plant	tanukimo
A type of plant	taragon
A type of plant	taroimo
A type of plant	taryo
A type of plant	taryou
A type of plant	tashiroimo
A type of plant	tatsunamiso
A type of plant	tatsunamisou
A type of plant	tei
A type of plant	teiboku
A type of plant	teii
A type of plant	teiji
A type of plant	tennenki
A type of plant	tenningiku
A type of plant	tenochi
A type of plant	tenohara
A type of plant	tenohira
A type of plant	tenonai
A type of plant	tenouchi
A type of plant	tesoko
A type of plant	tetsujin
A type of plant	toboku
A type of plant	tochi
A type of plant	tochinoki
A type of plant	togarashi
A type of plant	tokeiso
A type of plant	tokeisou
A type of plant	tokibi
A type of plant	tokiwagi
A type of plant	tokiwaki
A type of plant	tomato
A type of plant	tomorokoshi
A type of plant	toneriko
A type of plant	toochi
A type of plant	torano
A type of plant	toranoo
A type of plant	torikabuto
A type of plant	toritoma
A type of plant	tou
A type of plant	touboku
A type of plant	tougarashi
A type of plant	toukibi
A type of plant	toumorokoshi
A type of plant	touwata
A type of plant	towata
A type of plant	tsubaki
A type of plant	tsuchiguri
A type of plant	tsuge
A type of plant	tsukurimono
A type of plant	tsukushi
A type of plant	tsuna
A type of plant	tsuri
A type of plant	tsurii
A type of plant	tsuru
A type of plant	tsurubo
A type of plant	tsurukokemomo
A type of plant	tsurukusa
A type of plant	tsuta
A type of plant	tsutakazura
A type of plant	tsuyukusa
A type of plant	tsuyukusaka
A type of plant	uido
A type of plant	uiido
A type of plant	uikyo
A type of plant	uikyou
A type of plant	uintaaguriin
A type of plant	uintagurin
A type of plant	ukon
A type of plant	ukonbana
A type of plant	ume
A type of plant	unshumikan
A type of plant	unshuumikan
A type of plant	uoorufurawaa
A type of plant	uootaakuresu
A type of plant	uootaaninfu
A type of plant	uorufurawa
A type of plant	uotakuresu
A type of plant	uotaninfu
A type of plant	uri
A type of plant	urinotsuru
A type of plant	utsugi
A type of plant	vaioretto
A type of plant	wakagi
A type of plant	warabi
A type of plant	wasabi
A type of plant	wasabidaikon
A type of plant	wata
A type of plant	yadorigi
A type of plant	yaemugura
A type of plant	yagi
A type of plant	yamagobouzoku
A type of plant	yamagobozoku
A type of plant	yamamomo
A type of plant	yamamori
A type of plant	yamatachibana
A type of plant	yamazumi
A type of plant	yamuimo
A type of plant	yanagi
A type of plant	yanaginoki
A type of plant	yasai
A type of plant	yaseihana
A type of plant	yashi
A type of plant	yashika
A type of plant	yogarashi
A type of plant	yomogi
A type of plant	yorugao
A type of plant	yougarashi
A type of plant	yugao
A type of plant	yukari
A type of plant	yukarinoki
A type of plant	yukinoshita
A type of plant	yukka
A type of plant	yukyaku
A type of plant	yuri
A type of plant	yuugao
A type of plant	yuukari
A type of plant	yuukarinoki
A type of plant	yuukyaku
A type of plant	zabon
A type of plant	zaifuriboku
A type of plant	zakuro
A type of plant	zasso
A type of plant	zassou
A type of plant	zeniaoi
A type of plant	zenmai
A type of plant	zuhan
A type of plant	zuhyo
A type of plant	zuhyou
A type of plant	zukei
A type of plant	zukkiini
A type of plant	zukkini
A type of plant	zushiki
A word meaning difficult	bimyo
A word meaning difficult	bimyou
A word meaning difficult	chikarazuyoi
A word meaning difficult	chosenteki
A word meaning difficult	chousenteki
A word meaning difficult	derikeeto
A word meaning difficult	derikeito
A word meaning difficult	deriketo
A word meaning difficult	enamerushitsu
A word meaning difficult	fukuzatsu
A word meaning difficult	ganjo
A word meaning difficult	ganjou
A word meaning difficult	gankyo
A word meaning difficult	gankyou
A word meaning difficult	gatai
A word meaning difficult	gatashi
A word meaning difficult	gekijin
A word meaning difficult	gekiretsu
A word meaning difficult	gekisetsu
A word meaning difficult	gotsui
A word meaning difficult	gottsui
A word meaning difficult	haado
A word meaning difficult	hado
A word meaning difficult	hageshi
A word meaning difficult	hageshii
A word meaning difficult	hanahadashi
A word meaning difficult	hanahadashii
A word meaning difficult	hebi
A word meaning difficult	hebii
A word meaning difficult	hevi
A word meaning difficult	ikameshi
A word meaning difficult	ikameshii
A word meaning difficult	itai
A word meaning difficult	iwajo
A word meaning difficult	iwajou
A word meaning difficult	jini
A word meaning difficult	jobu
A word meaning difficult	joubu
A word meaning difficult	kageki
A word meaning difficult	kanken
A word meaning difficult	katai
A word meaning difficult	katakunatta
A word meaning difficult	katamatta
A word meaning difficult	katashi
A word meaning difficult	keisantakai
A word meaning difficult	kenmei
A word meaning difficult	kenro
A word meaning difficult	kenrou
A word meaning difficult	kewashi
A word meaning difficult	kewashii
A word meaning difficult	kijobu
A word meaning difficult	kijoubu
A word meaning difficult	kimuzukashi
A word meaning difficult	kimuzukashii
A word meaning difficult	kitsui
A word meaning difficult	kochikochi
A word meaning difficult	kokashita
A word meaning difficult	konnan
A word meaning difficult	koshitsu
A word meaning difficult	kou
A word meaning difficult	koukashita
A word meaning difficult	koushitsu
A word meaning difficult	kukkyo
A word meaning difficult	kukkyou
A word meaning difficult	kurushi
A word meaning difficult	kurushii
A word meaning difficult	kyatchi
A word meaning difficult	kyatchii
A word meaning difficult	kyodo
A word meaning difficult	kyogo
A word meaning difficult	kyojin
A word meaning difficult	kyoken
A word meaning difficult	kyoko
A word meaning difficult	kyoretsu
A word meaning difficult	kyoryoku
A word meaning difficult	kyoso
A word meaning difficult	kyoudo
A word meaning difficult	kyougou
A word meaning difficult	kyoujin
A word meaning difficult	kyouken
A word meaning difficult	kyoukou
A word meaning difficult	kyouretsu
A word meaning difficult	kyouryoku
A word meaning difficult	kyousou
A word meaning difficult	mendo
A word meaning difficult	mendoi
A word meaning difficult	mendokusai
A word meaning difficult	mendou
A word meaning difficult	mendoui
A word meaning difficult	mendoukusai
A word meaning difficult	moretsu
A word meaning difficult	mouretsu
A word meaning difficult	muzui
A word meaning difficult	muzukashi
A word meaning difficult	muzukashii
A word meaning difficult	nankai
A word meaning difficult	oenai
A word meaning difficult	omotai
A word meaning difficult	reisei
A word meaning difficult	seikyo
A word meaning difficult	seikyou
A word meaning difficult	seiretsu
A word meaning difficult	shindoi
A word meaning difficult	shunretsu
A word meaning difficult	suitaibu
A word meaning difficult	tachikara
A word meaning difficult	tafu
A word meaning difficult	taihen
A word meaning difficult	tegowai
A word meaning difficult	tsurai
A word meaning difficult	tsuretsu
A word meaning difficult	tsuuretsu
A word meaning difficult	tsuyoi
A word meaning difficult	tsuyoshi
A word meaning difficult	urusai
A word meaning difficult	wanpaku
A word meaning difficult	wazurawashi
A word meaning difficult	wazurawashii
A word meaning difficult	yakkai
A type of dance	bare
A type of dance	baree
A type of dance	bigin
A type of dance	borero
A type of dance	butokai
A type of dance	butoukai
A type of dance	chaarusuton
A type of dance	charusuton
A type of dance	choryu
A type of dance	chouryuu
A type of dance	dansu
A type of dance	disuko
A type of dance	donendai
A type of dance	dotehara
A type of dance	dotetsuhara
A type of dance	dou
A type of dance	dounendai
A type of dance	farandooru
A type of dance	farandoru
A type of dance	fokkusutorotto
A type of dance	fokudansu
A type of dance	fookudansu
A type of dance	fucho
A type of dance	fukubu
A type of dance	furadansu
A type of dance	furamenko
A type of dance	futoppara
A type of dance	fuuchou
A type of dance	gabotto
A type of dance	gooremu
A type of dance	goremu
A type of dance	habanera
A type of dance	hara
A type of dance	hayari
A type of dance	himamoji
A type of dance	jaibu
A type of dance	jidoningyo
A type of dance	jidouningyou
A type of dance	jiggu
A type of dance	jigu
A type of dance	jiko
A type of dance	jikou
A type of dance	jinzoningen
A type of dance	jinzouningen
A type of dance	jitabagu
A type of dance	kadoriiru
A type of dance	kadoriru
A type of dance	kafuku
A type of dance	kafukubu
A type of dance	kikai
A type of dance	konga
A type of dance	konsaatodansu
A type of dance	konsatodansu
A type of dance	kontorudansu
A type of dance	kosho
A type of dance	koteiyon
A type of dance	koushou
A type of dance	kudatsuhara
A type of dance	kuikku
A type of dance	kyuhen
A type of dance	kyuten
A type of dance	kyuuhen
A type of dance	kyuuten
A type of dance	manbo
A type of dance	mashikaku
A type of dance	matsushikaku
A type of dance	mazuruka
A type of dance	menuetto
A type of dance	minyo
A type of dance	minyou
A type of dance	minzokubuyo
A type of dance	minzokubuyou
A type of dance	modandansu
A type of dance	ohara
A type of dance	onaka
A type of dance	onchu
A type of dance	onchuu
A type of dance	ootomaton
A type of dance	oretsu
A type of dance	otai
A type of dance	otomaton
A type of dance	ouretsu
A type of dance	outai
A type of dance	pontoiuoto
A type of dance	poppu
A type of dance	poruka
A type of dance	puromunaado
A type of dance	puromunado
A type of dance	riiru
A type of dance	rinbu
A type of dance	riru
A type of dance	robotto
A type of dance	runba
A type of dance	ryuko
A type of dance	ryuukou
A type of dance	sanba
A type of dance	sarusa
A type of dance	seiho
A type of dance	seihokei
A type of dance	seihou
A type of dance	seihoukei
A type of dance	seika
A type of dance	shakodansu
A type of dance	shakoudansu
A type of dance	shikakushimen
A type of dance	soosharudansu
A type of dance	sosharudansu
A type of dance	suingu
A type of dance	suko
A type of dance	susei
A type of dance	suukou
A type of dance	suusei
A type of dance	tanda
A type of dance	tango
A type of dance	tappudansu
A type of dance	tarantera
A type of dance	tenkai
A type of dance	tenkan
A type of dance	tenpen
A type of dance	tontontoiuoto
A type of dance	torendo
A type of dance	tsuisuto
A type of dance	warutsu
A type of dance	yakai
Something you can drink	abusan
Something you can drink	akuabitto
Something you can drink	amaretto
Something you can drink	anizetto
Something you can drink	aperichifu
Something you can drink	aperiteifu
Something you can drink	appurujakku
Something you can drink	arukohoru
Something you can drink	arukooru
Something you can drink	arukooruinryou
Something you can drink	arukoru
Something you can drink	arukoruinryo
Something you can drink	baabon
Something you can drink	babon
Something you can drink	bannouyaku
Something you can drink	bannoyaku
Something you can drink	bataamiruku
Something you can drink	batamiruku
Something you can drink	berumotto
Something you can drink	bia
Something you can drink	biia
Something you can drink	biiru
Something you can drink	binteeji
Something you can drink	binteji
Something you can drink	biru
Something you can drink	bishoppu
Something you can drink	bitaazu
Something you can drink	bitazu
Something you can drink	biya
Something you can drink	biyaku
Something you can drink	budosake
Something you can drink	budousake
Something you can drink	buiyon
Something you can drink	burande
Something you can drink	burandee
Something you can drink	burandei
Something you can drink	cha
Something you can drink	chan
Something you can drink	chichi
Something you can drink	chikori
Something you can drink	chikorii
Something you can drink	choko
Something you can drink	chokoreeto
Something you can drink	chokoreto
Something you can drink	dageki
Something you can drink	daikiri
Something you can drink	daimiki
Something you can drink	dashishiru
Something you can drink	dekafe
Something you can drink	demitasu
Something you can drink	eggunoggu
Something you can drink	eki
Something you can drink	ekiju
Something you can drink	ekijuu
Something you can drink	esupuresso
Something you can drink	feari
Something you can drink	fearii
Something you can drink	feyari
Something you can drink	feyarii
Something you can drink	fizu
Something you can drink	gimuretto
Something you can drink	gosake
Something you can drink	gurappa
Something you can drink	guroggusake
Something you can drink	gyunyu
Something you can drink	gyuunyuu
Something you can drink	haabuteii
Something you can drink	habutei
Something you can drink	haibooru
Something you can drink	haiboru
Something you can drink	hakkochichi
Something you can drink	hakkouchichi
Something you can drink	hannyato
Something you can drink	hannyatou
Something you can drink	heiyamizu
Something you can drink	hijiri
Something you can drink	ichigeki
Something you can drink	inryo
Something you can drink	inryou
Something you can drink	jin
Something you can drink	joryushu
Something you can drink	jouryuushu
Something you can drink	jouzou
Something you can drink	jouzoushu
Something you can drink	jozo
Something you can drink	jozoshu
Something you can drink	jueki
Something you can drink	jusu
Something you can drink	juueki
Something you can drink	juusu
Something you can drink	kaba
Something you can drink	kafe
Something you can drink	kafee
Something you can drink	kafue
Something you can drink	kajitsusake
Something you can drink	kakuteru
Something you can drink	kamitsu
Something you can drink	kanro
Something you can drink	kappu
Something you can drink	kappuchiino
Something you can drink	kappuchino
Something you can drink	kapuchiino
Something you can drink	kapuchino
Something you can drink	kashu
Something you can drink	kichigaiimizu
Something you can drink	kichigaimizu
Something you can drink	kikunigana
Something you can drink	kirushu
Something you can drink	kobura
Something you can drink	koburaa
Something you can drink	kocha
Something you can drink	kohi
Something you can drink	kokakoora
Something you can drink	kokakora
Something you can drink	kokoa
Something you can drink	koku
Something you can drink	kokusu
Something you can drink	konyakku
Something you can drink	koohii
Something you can drink	kooku
Something you can drink	kookusu
Something you can drink	koora
Something you can drink	kora
Something you can drink	koucha
Something you can drink	kuraretto
Something you can drink	kuwasu
Something you can drink	kyafe
Something you can drink	kyoda
Something you can drink	kyouda
Something you can drink	kyuken
Something you can drink	kyunmeru
Something you can drink	kyuraso
Something you can drink	kyurasoo
Something you can drink	kyuuken
Something you can drink	maateiini
Something you can drink	maateini
Something you can drink	marasukino
Something you can drink	marugariita
Something you can drink	marugarita
Something you can drink	maruteiini
Something you can drink	maruteini
Something you can drink	masukatto
Something you can drink	mateiini
Something you can drink	mateini
Something you can drink	mido
Something you can drink	miido
Something you can drink	miki
Something you can drink	mikisa
Something you can drink	mikisaa
Something you can drink	mimoza
Something you can drink	mintojureppu
Something you can drink	miruku
Something you can drink	mirukuseeki
Something you can drink	mirukuseki
Something you can drink	mirukushieeku
Something you can drink	mirukushieku
Something you can drink	mitsu
Something you can drink	mizu
Something you can drink	mizumono
Something you can drink	moka
Something you can drink	mokuteki
Something you can drink	moruto
Something you can drink	nekuta
Something you can drink	nekutaa
Something you can drink	nigorisake
Something you can drink	nihonshu
Something you can drink	nijiru
Something you can drink	nippa
Something you can drink	nomimono
Something you can drink	nomiryo
Something you can drink	nomiryou
Something you can drink	nyuju
Something you can drink	nyuujuu
Something you can drink	ocha
Something you can drink	ochichi
Something you can drink	omiki
Something you can drink	omizu
Something you can drink	oppai
Something you can drink	orenjiedo
Something you can drink	orenjieedo
Something you can drink	osake
Something you can drink	oshiru
Something you can drink	otochan
Something you can drink	otouchan
Something you can drink	otsuke
Something you can drink	panchi
Something you can drink	papa
Something you can drink	pasuteisu
Something you can drink	ponchi
Something you can drink	pootaa
Something you can drink	pootowain
Something you can drink	pota
Something you can drink	potaaju
Something you can drink	potaju
Something you can drink	potowain
Something you can drink	ragaabiiru
Something you can drink	ragabiru
Something you can drink	rakusho
Something you can drink	rakushou
Something you can drink	ramu
Something you can drink	ramune
Something you can drink	ramusake
Something you can drink	reeshingu
Something you can drink	remonaado
Something you can drink	remonado
Something you can drink	remonedo
Something you can drink	remoneedo
Something you can drink	remoneido
Something you can drink	remonmizu
Something you can drink	reshingu
Something you can drink	rieki
Something you can drink	rifuressha
Something you can drink	rifuresshaa
Something you can drink	rika
Something you can drink	rikaa
Something you can drink	rikki
Something you can drink	rikkii
Something you can drink	rikyuru
Something you can drink	rikyuuru
Something you can drink	ringosake
Something you can drink	saida
Something you can drink	saidaa
Something you can drink	saidoka
Something you can drink	saidokaa
Something you can drink	sake
Something you can drink	sakerui
Something you can drink	sanbenshu
Something you can drink	sanguria
Something you can drink	sawa
Something you can drink	sawaa
Something you can drink	seijin
Something you can drink	seiryoinryo
Something you can drink	seiryouinryou
Something you can drink	seishu
Something you can drink	senjo
Something you can drink	sentakusoda
Something you can drink	sentakusooda
Something you can drink	senyaku
Something you can drink	seri
Something you can drink	serii
Something you can drink	shanpaan
Something you can drink	shanpan
Something you can drink	shanpeen
Something you can drink	shanpen
Something you can drink	shichichi
Something you can drink	shieri
Something you can drink	shierii
Something you can drink	shieriisake
Something you can drink	shierisake
Something you can drink	shiru
Something you can drink	shirumono
Something you can drink	shochu
Something you can drink	shoeki
Something you can drink	shokora
Something you can drink	shouchuu
Something you can drink	shoueki
Something you can drink	shupurittsua
Something you can drink	shupurittsuaa
Something you can drink	soda
Something you can drink	sodahai
Something you can drink	sodamizu
Something you can drink	sofutodorinku
Something you can drink	sooda
Something you can drink	soodahai
Something you can drink	soodamizu
Something you can drink	soosu
Something you can drink	sosu
Something you can drink	souda
Something you can drink	suimono
Something you can drink	suiyaku
Something you can drink	suizuru
Something you can drink	supiritsu
Something you can drink	supirittsu
Something you can drink	supu
Something you can drink	supurittsua
Something you can drink	supurittsuaa
Something you can drink	suraggu
Something you can drink	suringu
Something you can drink	sutauto
Something you can drink	suteinga
Something you can drink	suteingaa
Something you can drink	sutokku
Something you can drink	suuizuru
Something you can drink	suupu
Something you can drink	tame
Something you can drink	tansansoda
Something you can drink	tansansooda
Something you can drink	tansansui
Something you can drink	tei
Something you can drink	teii
Something you can drink	tekiira
Something you can drink	tekira
Something you can drink	tochan
Something you can drink	tonikkuota
Something you can drink	tonikkuuootaa
Something you can drink	totsutsuan
Something you can drink	touchan
Something you can drink	toutsutsuan
Something you can drink	tsuda
Something you can drink	tsukeshiru
Something you can drink	tsukishiru
Something you can drink	tsuuda
Something you can drink	tsuyoisake
Something you can drink	tsuyu
Something you can drink	uisuki
Something you can drink	uisukii
Something you can drink	uokka
Something you can drink	uootaa
Something you can drink	uota
Something you can drink	uuzo
Something you can drink	uzo
Something you can drink	verumotto
Something you can drink	wain
Something you can drink	wantsu
Something you can drink	wantsuu
Something you can drink	warishita
Something you can drink	wasake
Something you can drink	yaneita
Something you can drink	yoguruto
Something you can drink	yoma
Something you can drink	yooguruto
Something you can drink	yosei
Something you can drink	youma
Something you can drink	yousei
Something you can drink	zonbi
Something you can drink	zonbii
A thing in a toolbox	aikugi
A thing in a toolbox	airetto
A thing in a toolbox	anka
A thing in a toolbox	ankaa
A thing in a toolbox	aren
A thing in a toolbox	bakkuru
A thing in a toolbox	bakume
A thing in a toolbox	bisu
A thing in a toolbox	bobiipin
A thing in a toolbox	bobipin
A thing in a toolbox	boruto
A thing in a toolbox	byo
A thing in a toolbox	byou
A thing in a toolbox	chakku
A thing in a toolbox	chaneru
A thing in a toolbox	chisha
A thing in a toolbox	choban
A thing in a toolbox	chokokuto
A thing in a toolbox	chomusubi
A thing in a toolbox	chomusubibi
A thing in a toolbox	chotsugai
A thing in a toolbox	chouban
A thing in a toolbox	choukokutou
A thing in a toolbox	choumusubi
A thing in a toolbox	choumusubibi
A thing in a toolbox	choutsugai
A thing in a toolbox	choutsugaii
A thing in a toolbox	chukaimono
A thing in a toolbox	chuukaimono
A thing in a toolbox	danso
A thing in a toolbox	dansou
A thing in a toolbox	deba
A thing in a toolbox	debabocho
A thing in a toolbox	debabouchou
A thing in a toolbox	deetafairu
A thing in a toolbox	denko
A thing in a toolbox	denkou
A thing in a toolbox	detafairu
A thing in a toolbox	doai
A thing in a toolbox	dokan
A thing in a toolbox	doraiba
A thing in a toolbox	doraibaa
A thing in a toolbox	doraiva
A thing in a toolbox	doraivaa
A thing in a toolbox	doriru
A thing in a toolbox	doukan
A thing in a toolbox	emeriipeepaa
A thing in a toolbox	emeripepa
A thing in a toolbox	enpitsu
A thing in a toolbox	fairu
A thing in a toolbox	fasuna
A thing in a toolbox	fasunaa
A thing in a toolbox	funegakari
A thing in a toolbox	funekakari
A thing in a toolbox	funekeiri
A thing in a toolbox	funrin
A thing in a toolbox	furasshuraito
A thing in a toolbox	furo
A thing in a toolbox	fuu
A thing in a toolbox	fuurou
A thing in a toolbox	gabyo
A thing in a toolbox	gabyou
A thing in a toolbox	gaikokudenpo
A thing in a toolbox	gaikokudenpou
A thing in a toolbox	gasuketto
A thing in a toolbox	gekitetsu
A thing in a toolbox	gengo
A thing in a toolbox	genno
A thing in a toolbox	gennou
A thing in a toolbox	goguru
A thing in a toolbox	googuru
A thing in a toolbox	gurabu
A thing in a toolbox	guravu
A thing in a toolbox	gurobu
A thing in a toolbox	gurometto
A thing in a toolbox	guroobu
A thing in a toolbox	guroovu
A thing in a toolbox	gurovu
A thing in a toolbox	han
A thing in a toolbox	hanasen
A thing in a toolbox	hanko
A thing in a toolbox	hanma
A thing in a toolbox	hanmaa
A thing in a toolbox	hanmi
A thing in a toolbox	haraobi
A thing in a toolbox	harigane
A thing in a toolbox	hatome
A thing in a toolbox	heapin
A thing in a toolbox	hekireki
A thing in a toolbox	henmusubi
A thing in a toolbox	hera
A thing in a toolbox	hikikiri
A thing in a toolbox	hinji
A thing in a toolbox	hitsujuhin
A thing in a toolbox	hitsukaku
A thing in a toolbox	hocho
A thing in a toolbox	hodo
A thing in a toolbox	hori
A thing in a toolbox	horie
A thing in a toolbox	horikawa
A thing in a toolbox	horiwari
A thing in a toolbox	horiwariri
A thing in a toolbox	hotchikisu
A thing in a toolbox	houchou
A thing in a toolbox	ichigo
A thing in a toolbox	ichigou
A thing in a toolbox	ikari
A thing in a toolbox	iki
A thing in a toolbox	inazuma
A thing in a toolbox	inemitsu
A thing in a toolbox	ingyo
A thing in a toolbox	ingyou
A thing in a toolbox	inukugi
A thing in a toolbox	ippen
A thing in a toolbox	ishikiriri
A thing in a toolbox	jigen
A thing in a toolbox	jinrai
A thing in a toolbox	jippa
A thing in a toolbox	jippaa
A thing in a toolbox	jomae
A thing in a toolbox	jou
A thing in a toolbox	joumae
A thing in a toolbox	kagi
A thing in a toolbox	kaichudento
A thing in a toolbox	kaichuudentou
A thing in a toolbox	kaigaidenpo
A thing in a toolbox	kaigaidenpou
A thing in a toolbox	kaikyo
A thing in a toolbox	kaikyou
A thing in a toolbox	kaimu
A thing in a toolbox	kakegane
A thing in a toolbox	kakera
A thing in a toolbox	kakikin
A thing in a toolbox	kakki
A thing in a toolbox	kakugen
A thing in a toolbox	kama
A thing in a toolbox	kamajo
A thing in a toolbox	kamajou
A thing in a toolbox	kaminari
A thing in a toolbox	kamiyasuri
A thing in a toolbox	kan
A thing in a toolbox	kanakugi
A thing in a toolbox	kananoko
A thing in a toolbox	kanazuchi
A thing in a toolbox	kanshu
A thing in a toolbox	karabina
A thing in a toolbox	kasugai
A thing in a toolbox	katsume
A thing in a toolbox	kenka
A thing in a toolbox	kenmakami
A thing in a toolbox	kenukiki
A thing in a toolbox	ketsu
A thing in a toolbox	ketsuime
A thing in a toolbox	ketsukobu
A thing in a toolbox	ketsutama
A thing in a toolbox	kifude
A thing in a toolbox	kihosuijunki
A thing in a toolbox	kihousuijunki
A thing in a toolbox	kiketsu
A thing in a toolbox	kingen
A thing in a toolbox	kinguboruto
A thing in a toolbox	kinomi
A thing in a toolbox	kintsuchi
A thing in a toolbox	kisoku
A thing in a toolbox	kizuchi
A thing in a toolbox	kizuna
A thing in a toolbox	kobu
A thing in a toolbox	kochomusubi
A thing in a toolbox	kochoumusubi
A thing in a toolbox	koekihojin
A thing in a toolbox	kogatana
A thing in a toolbox	kojoshohin
A thing in a toolbox	kokusukuryu
A thing in a toolbox	konomi
A thing in a toolbox	kookusukuryuu
A thing in a toolbox	korukubatsu
A thing in a toolbox	korukunuki
A thing in a toolbox	kotowaza
A thing in a toolbox	kouekihoujin
A thing in a toolbox	koujoushouhin
A thing in a toolbox	kuchibatsu
A thing in a toolbox	kuchinuki
A thing in a toolbox	kugi
A thing in a toolbox	kukurime
A thing in a toolbox	kuranku
A thing in a toolbox	kurinchi
A thing in a toolbox	kurippu
A thing in a toolbox	kusari
A thing in a toolbox	kyo
A thing in a toolbox	kyoka
A thing in a toolbox	maaka
A thing in a toolbox	maakaa
A thing in a toolbox	magajin
A thing in a toolbox	maka
A thing in a toolbox	makenkami
A thing in a toolbox	makuragi
A thing in a toolbox	manriki
A thing in a toolbox	mashikaku
A thing in a toolbox	matsu
A thing in a toolbox	matsushikaku
A thing in a toolbox	meigen
A thing in a toolbox	migakikami
A thing in a toolbox	mitsumatafoku
A thing in a toolbox	mitsumatafooku
A thing in a toolbox	mitto
A thing in a toolbox	mittsumata
A thing in a toolbox	mizumoriri
A thing in a toolbox	munekazariri
A thing in a toolbox	musubi
A thing in a toolbox	musubikobu
A thing in a toolbox	musubime
A thing in a toolbox	musubitama
A thing in a toolbox	naifu
A thing in a toolbox	namazume
A thing in a toolbox	nashi
A thing in a toolbox	nasshingu
A thing in a toolbox	natakama
A thing in a toolbox	natsume
A thing in a toolbox	natto
A thing in a toolbox	nattsu
A thing in a toolbox	nawame
A thing in a toolbox	neeru
A thing in a toolbox	neji
A thing in a toolbox	nejikai
A thing in a toolbox	nejikugi
A thing in a toolbox	nejimawashi
A thing in a toolbox	nenten
A thing in a toolbox	neru
A thing in a toolbox	nokogiri
A thing in a toolbox	nomi
A thing in a toolbox	nori
A thing in a toolbox	nyubo
A thing in a toolbox	nyuubou
A thing in a toolbox	oopunaa
A thing in a toolbox	opuna
A thing in a toolbox	osuneji
A thing in a toolbox	osurasen
A thing in a toolbox	pate
A thing in a toolbox	peepaa
A thing in a toolbox	penchi
A thing in a toolbox	penshiru
A thing in a toolbox	pepa
A thing in a toolbox	pin
A thing in a toolbox	pinsetto
A thing in a toolbox	pitchifoku
A thing in a toolbox	pitchifooku
A thing in a toolbox	puraiya
A thing in a toolbox	puraiyaa
A thing in a toolbox	puresu
A thing in a toolbox	raiden
A thing in a toolbox	raiko
A thing in a toolbox	raikou
A thing in a toolbox	rakurai
A thing in a toolbox	rasen
A thing in a toolbox	rasenkai
A thing in a toolbox	rasenkugi
A thing in a toolbox	rasenmawashi
A thing in a toolbox	reberu
A thing in a toolbox	reburu
A thing in a toolbox	rei
A thing in a toolbox	renchi
A thing in a toolbox	reveru
A thing in a toolbox	ribetto
A thing in a toolbox	ribonmusubi
A thing in a toolbox	rigen
A thing in a toolbox	roban
A thing in a toolbox	rokku
A thing in a toolbox	rouban
A thing in a toolbox	ryugu
A thing in a toolbox	ryuugu
A thing in a toolbox	saku
A thing in a toolbox	sandopeepaa
A thing in a toolbox	sandopepa
A thing in a toolbox	sankoki
A thing in a toolbox	sankouki
A thing in a toolbox	sasho
A thing in a toolbox	sashou
A thing in a toolbox	satokotowaza
A thing in a toolbox	seiho
A thing in a toolbox	seihokei
A thing in a toolbox	seihou
A thing in a toolbox	seihoukei
A thing in a toolbox	seiki
A thing in a toolbox	seiku
A thing in a toolbox	senanaki
A thing in a toolbox	senkoki
A thing in a toolbox	senkouki
A thing in a toolbox	senkoutsuwa
A thing in a toolbox	senkouutsuwa
A thing in a toolbox	senmaitoshi
A thing in a toolbox	senmaitoushi
A thing in a toolbox	sennukiki
A thing in a toolbox	sentakubasami
A thing in a toolbox	sentakuki
A thing in a toolbox	setchakuzai
A thing in a toolbox	setsuzokusha
A thing in a toolbox	shaberu
A thing in a toolbox	shaveru
A thing in a toolbox	shibarime
A thing in a toolbox	shigemi
A thing in a toolbox	shigeri
A thing in a toolbox	shihaisha
A thing in a toolbox	shiiru
A thing in a toolbox	shikakushimen
A thing in a toolbox	shikkuri
A thing in a toolbox	shimemusubi
A thing in a toolbox	shimi
A thing in a toolbox	shin
A thing in a toolbox	shingen
A thing in a toolbox	shiru
A thing in a toolbox	shoberu
A thing in a toolbox	shohen
A thing in a toolbox	shosho
A thing in a toolbox	shouhen
A thing in a toolbox	shoushou
A thing in a toolbox	shukogu
A thing in a toolbox	shukougu
A thing in a toolbox	soko
A thing in a toolbox	sorin
A thing in a toolbox	soukou
A thing in a toolbox	sourin
A thing in a toolbox	sui
A thing in a toolbox	suihei
A thing in a toolbox	suiheiutsuwa
A thing in a toolbox	suijun
A thing in a toolbox	suijungi
A thing in a toolbox	suijunki
A thing in a toolbox	suiro
A thing in a toolbox	sukoppu
A thing in a toolbox	sukupu
A thing in a toolbox	sukureepaa
A thing in a toolbox	sukurepa
A thing in a toolbox	sukuryu
A thing in a toolbox	sukuryuu
A thing in a toolbox	sukuupu
A thing in a toolbox	sun
A thing in a toolbox	sunakami
A thing in a toolbox	sunappu
A thing in a toolbox	supaateru
A thing in a toolbox	supachura
A thing in a toolbox	supana
A thing in a toolbox	supateru
A thing in a toolbox	sutaataa
A thing in a toolbox	sutata
A thing in a toolbox	suteepuraa
A thing in a toolbox	sutepura
A thing in a toolbox	taimatsu
A thing in a toolbox	tateketsu
A thing in a toolbox	tatemusubi
A thing in a toolbox	teepu
A thing in a toolbox	tei
A thing in a toolbox	teido
A thing in a toolbox	teii
A thing in a toolbox	tenkashu
A thing in a toolbox	tenkatori
A thing in a toolbox	tepu
A thing in a toolbox	tetsujo
A thing in a toolbox	tetsujou
A thing in a toolbox	tettsui
A thing in a toolbox	tochi
A thing in a toolbox	tochimono
A thing in a toolbox	tome
A thing in a toolbox	tomegu
A thing in a toolbox	tonkachi
A thing in a toolbox	toochi
A thing in a toolbox	touchimono
A thing in a toolbox	tsuchi
A thing in a toolbox	tsume
A thing in a toolbox	tsumekuruma
A thing in a toolbox	tsuruhashi
A thing in a toolbox	unga
A thing in a toolbox	uomu
A thing in a toolbox	uoomu
A thing in a toolbox	uossha
A thing in a toolbox	uosshaa
A thing in a toolbox	visu
A thing in a toolbox	waia
A thing in a toolbox	waiya
A thing in a toolbox	waiyaa
A thing in a toolbox	wassha
A thing in a toolbox	wasshaa
A thing in a toolbox	yabu
A thing in a toolbox	yakikushi
A thing in a toolbox	yasuri
A thing in a toolbox	yasurikami
A thing in a toolbox	yoji
A thing in a toolbox	youji
A thing in a toolbox	zan
A thing in a toolbox	zemukurippu
A thing in a toolbox	zero
A thing in a toolbox	zetsumu
A thing in a toolbox	zokibayashi
A thing in a toolbox	zokugen
A thing in a toolbox	zokumatsu
A thing in a toolbox	zoukibayashi
A type of insect	abu
A type of insect	aburamushi
A type of insect	amimekagero
A type of insect	amimekagerou
A type of insect	aomushi
A type of insect	ari
A type of insect	arimaki
A type of insect	awafukimushi
A type of insect	awasuimushi
A type of insect	azamiuma
A type of insect	baimo
A type of insect	batafurai
A type of insect	batta
A type of insect	biryo
A type of insect	biryou
A type of insect	buben
A type of insect	buyu
A type of insect	chiburi
A type of insect	cho
A type of insect	chocho
A type of insect	chokushirui
A type of insect	chou
A type of insect	chouchou
A type of insect	danito
A type of insect	enhanabachi
A type of insect	enjimushi
A type of insect	enmakoorogi
A type of insect	enmakorogi
A type of insect	furai
A type of insect	fuyushaku
A type of insect	gokiburi
A type of insect	gomadaracho
A type of insect	gomadarachou
A type of insect	gunjin
A type of insect	gunsotsu
A type of insect	habachi
A type of insect	hachi
A type of insect	hae
A type of insect	hajirami
A type of insect	hamushi
A type of insect	hanabachi
A type of insect	hanemushi
A type of insect	hanpuko
A type of insect	hanpuuko
A type of insect	hasamimushi
A type of insect	hatahata
A type of insect	hebitonbo
A type of insect	hei
A type of insect	heika
A type of insect	heishi
A type of insect	heitai
A type of insect	himeshijimiaka
A type of insect	hitojirami
A type of insect	hitotsumami
A type of insect	hotaru
A type of insect	hyomoncho
A type of insect	hyomushi
A type of insect	hyoumonchou
A type of insect	hyoumushi
A type of insect	ichisatsu
A type of insect	ichitsumami
A type of insect	ichitsumi
A type of insect	iebae
A type of insect	iehae
A type of insect	iga
A type of insect	imomushi
A type of insect	inago
A type of insect	ineko
A type of insect	inshime
A type of insect	itten
A type of insect	kamikiri
A type of insect	kawagera
A type of insect	kejirami
A type of insect	kejiramisho
A type of insect	kejiramishou
A type of insect	kemushi
A type of insect	keshime
A type of insect	kiirosuzumega
A type of insect	kirigirisu
A type of insect	kirosuzumega
A type of insect	kobachi
A type of insect	kobikiki
A type of insect	kochiniiru
A type of insect	kochiniru
A type of insect	kocho
A type of insect	kochou
A type of insect	kochu
A type of insect	kokkurochi
A type of insect	kokkuroochi
A type of insect	kometsukimushi
A type of insect	konchu
A type of insect	konchuu
A type of insect	koorogi
A type of insect	korogi
A type of insect	kouchuu
A type of insect	kujakucho
A type of insect	kujakuchou
A type of insect	kumo
A type of insect	kurohae
A type of insect	kyosemi
A type of insect	madarashimi
A type of insect	makushime
A type of insect	maruhanabachi
A type of insect	maruhanahachi
A type of insect	matsumushi
A type of insect	mijin
A type of insect	mitsubachi
A type of insect	mushi
A type of insect	mushikera
A type of insect	nomi
A type of insect	ochibazai
A type of insect	okabamadara
A type of insect	ookabamadara
A type of insect	saachaa
A type of insect	sacha
A type of insect	sanagi
A type of insect	sanagimushi
A type of insect	sasagani
A type of insect	sashi
A type of insect	semi
A type of insect	senjukannon
A type of insect	senshi
A type of insect	shijimicho
A type of insect	shijimichou
A type of insect	shimi
A type of insect	shimushi
A type of insect	shirami
A type of insect	shiroari
A type of insect	shojobae
A type of insect	shoryo
A type of insect	shoujoubae
A type of insect	shouryou
A type of insect	soshirui
A type of insect	soushirui
A type of insect	sunabae
A type of insect	sunanomi
A type of insect	supaida
A type of insect	supaidaa
A type of insect	suzumebachi
A type of insect	suzumushi
A type of insect	tamabachi
A type of insect	tamabae
A type of insect	tatehacho
A type of insect	tatehachou
A type of insect	tendomushi
A type of insect	tendoumushi
A type of insect	tobimushi
A type of insect	tonbo
A type of insect	tsuchibotaru
A type of insect	tsuchihanmyo
A type of insect	tsuchihanmyou
A type of insect	tsuetsuehae
A type of insect	tsutsugamushi
A type of insect	uji
A type of insect	ujimushi
A type of insect	ushiabu
A type of insect	utsusemi
A type of insect	wasupu
A type of insect	wataribattarui
A type of insect	yamamayuito
A type of insect	yochu
A type of insect	yosei
A type of insect	youchuu
A type of insect	yousei
A type of insect	yumemitori
A type of insect	zomushi
A type of insect	zoumushi
A type of weather event	afuri
A type of weather event	akatsuki
A type of weather event	akatsukigata
A type of weather event	akatsukiyami
A type of weather event	ake
A type of weather event	akebono
A type of weather event	akegata
A type of weather event	akuten
A type of weather event	akutenko
A type of weather event	akutenkou
A type of weather event	amagumo
A type of weather event	amagumoriri
A type of weather event	ame
A type of weather event	amefuri
A type of weather event	arare
A type of weather event	arashi
A type of weather event	ariake
A type of weather event	ariakegata
A type of weather event	ariakeho
A type of weather event	ariakehou
A type of weather event	ariakeke
A type of weather event	ariakekeho
A type of weather event	ariakekehou
A type of weather event	asaborake
A type of weather event	bakuon
A type of weather event	bifu
A type of weather event	bifuu
A type of weather event	bise
A type of weather event	biu
A type of weather event	boekikaze
A type of weather event	bofu
A type of weather event	bofuu
A type of weather event	bouekikaze
A type of weather event	boufuu
A type of weather event	boufuuu
A type of weather event	burizaado
A type of weather event	burizado
A type of weather event	chimei
A type of weather event	chinsei
A type of weather event	daikouzui
A type of weather event	daikozui
A type of weather event	denko
A type of weather event	denkou
A type of weather event	densen
A type of weather event	don
A type of weather event	donten
A type of weather event	doshaburi
A type of weather event	doshaori
A type of weather event	eapoketto
A type of weather event	enmu
A type of weather event	feengenshou
A type of weather event	fengensho
A type of weather event	foggu
A type of weather event	fogu
A type of weather event	fubuki
A type of weather event	furosuto
A type of weather event	fusa
A type of weather event	futsugyo
A type of weather event	futsugyou
A type of weather event	fuusa
A type of weather event	gou
A type of weather event	gouu
A type of weather event	gufu
A type of weather event	gufuu
A type of weather event	gyoketsu
A type of weather event	gyoko
A type of weather event	gyoshu
A type of weather event	gyoshuku
A type of weather event	gyoten
A type of weather event	gyouketsu
A type of weather event	gyouko
A type of weather event	gyoushuku
A type of weather event	gyoushuu
A type of weather event	gyouten
A type of weather event	hae
A type of weather event	haku
A type of weather event	hakuhakuake
A type of weather event	hakuhakumei
A type of weather event	hakuu
A type of weather event	hanran
A type of weather event	hare
A type of weather event	harikeen
A type of weather event	harikein
A type of weather event	hariken
A type of weather event	haro
A type of weather event	haroo
A type of weather event	harumattan
A type of weather event	heimei
A type of weather event	heisei
A type of weather event	heisoku
A type of weather event	hekireki
A type of weather event	hideri
A type of weather event	higashikaze
A type of weather event	hiitoueebu
A type of weather event	hiitoueibu
A type of weather event	hijiame
A type of weather event	hijikasaame
A type of weather event	hijikasame
A type of weather event	hikiake
A type of weather event	hikimei
A type of weather event	hikokikumo
A type of weather event	hikoukikumo
A type of weather event	hinode
A type of weather event	hinome
A type of weather event	hisame
A type of weather event	hitoebu
A type of weather event	hitoeibu
A type of weather event	hitofuki
A type of weather event	hiyori
A type of weather event	hizashi
A type of weather event	howaitoauto
A type of weather event	hyo
A type of weather event	hyoketsu
A type of weather event	hyou
A type of weather event	hyouketsu
A type of weather event	ichifuki
A type of weather event	iki
A type of weather event	inasa
A type of weather event	inazuma
A type of weather event	inemitsu
A type of weather event	inetamashi
A type of weather event	inetamashii
A type of weather event	jihibiki
A type of weather event	jinpu
A type of weather event	jinpuu
A type of weather event	jinrai
A type of weather event	jokikiri
A type of weather event	jomei
A type of weather event	joshokiryu
A type of weather event	jotenki
A type of weather event	joukikiri
A type of weather event	joushoukiryuu
A type of weather event	joutenki
A type of weather event	kaisho
A type of weather event	kaishou
A type of weather event	kaito
A type of weather event	kaitou
A type of weather event	kaminari
A type of weather event	kanatokokumo
A type of weather event	kanbatsu
A type of weather event	kanpa
A type of weather event	kanten
A type of weather event	karedare
A type of weather event	karedaretoki
A type of weather event	karehadare
A type of weather event	karehadaretoki
A type of weather event	karemonodare
A type of weather event	kassui
A type of weather event	kasumi
A type of weather event	kaze
A type of weather event	keifu
A type of weather event	keifuu
A type of weather event	keimei
A type of weather event	kensekiun
A type of weather event	kensoun
A type of weather event	kensouun
A type of weather event	kirema
A type of weather event	kiri
A type of weather event	kirisame
A type of weather event	kiryu
A type of weather event	kiryuu
A type of weather event	kisetsufu
A type of weather event	kisetsufuu
A type of weather event	kisho
A type of weather event	kishojokyo
A type of weather event	kishou
A type of weather event	kishoujoukyou
A type of weather event	kitakaze
A type of weather event	koarare
A type of weather event	kofu
A type of weather event	kogei
A type of weather event	kohyo
A type of weather event	kokaze
A type of weather event	kokiatsu
A type of weather event	kokyu
A type of weather event	kokyuu
A type of weather event	konukaame
A type of weather event	konukame
A type of weather event	koorudoueebu
A type of weather event	korudoebu
A type of weather event	kosame
A type of weather event	kosei
A type of weather event	kosetsu
A type of weather event	koso
A type of weather event	kosokumo
A type of weather event	kosui
A type of weather event	koten
A type of weather event	kou
A type of weather event	kouarare
A type of weather event	koufuu
A type of weather event	kougei
A type of weather event	kouhyou
A type of weather event	koukiatsu
A type of weather event	kousei
A type of weather event	kousetsu
A type of weather event	kousou
A type of weather event	kousoukumo
A type of weather event	kousui
A type of weather event	kouten
A type of weather event	kouu
A type of weather event	kouzui
A type of weather event	kozui
A type of weather event	kuki
A type of weather event	kukinojotai
A type of weather event	kumo
A type of weather event	kumori
A type of weather event	kunpu
A type of weather event	kunpuu
A type of weather event	kurokaze
A type of weather event	kuuki
A type of weather event	kuukinojoutai
A type of weather event	kyofu
A type of weather event	kyohyo
A type of weather event	kyoufuu
A type of weather event	kyouhyou
A type of weather event	kyuu
A type of weather event	kyuuu
A type of weather event	meimu
A type of weather event	minamiyori
A type of weather event	misuto
A type of weather event	misutoraru
A type of weather event	mizore
A type of weather event	mizukarere
A type of weather event	mizukikin
A type of weather event	mizuko
A type of weather event	moku
A type of weather event	monsun
A type of weather event	monsuun
A type of weather event	moya
A type of weather event	mufu
A type of weather event	mufuu
A type of weather event	muhyo
A type of weather event	muhyou
A type of weather event	nanpu
A type of weather event	nanpuu
A type of weather event	neppa
A type of weather event	nichiei
A type of weather event	nichinoiri
A type of weather event	nichiun
A type of weather event	niji
A type of weather event	nikko
A type of weather event	nikkou
A type of weather event	nipponbare
A type of weather event	nipponhare
A type of weather event	nipponsei
A type of weather event	nishi
A type of weather event	nishikaze
A type of weather event	nissha
A type of weather event	nissho
A type of weather event	nisshou
A type of weather event	niwakaame
A type of weather event	niwakame
A type of weather event	niwatoritan
A type of weather event	noosaa
A type of weather event	nosa
A type of weather event	noshuku
A type of weather event	noushuku
A type of weather event	nukaame
A type of weather event	nukame
A type of weather event	oame
A type of weather event	oborokumo
A type of weather event	oikaze
A type of weather event	omizu
A type of weather event	onnetsusei
A type of weather event	ooame
A type of weather event	oomizu
A type of weather event	oorora
A type of weather event	ooyuki
A type of weather event	orora
A type of weather event	otenki
A type of weather event	oyuki
A type of weather event	raiame
A type of weather event	raiden
A type of weather event	raika
A type of weather event	raiko
A type of weather event	raikou
A type of weather event	raitoningu
A type of weather event	raiu
A type of weather event	raiun
A type of weather event	rakurai
A type of weather event	ranryu
A type of weather event	ranryuu
A type of weather event	reimei
A type of weather event	reinbo
A type of weather event	reinboo
A type of weather event	reisei
A type of weather event	reito
A type of weather event	reitou
A type of weather event	sagiri
A type of weather event	saikuron
A type of weather event	saiu
A type of weather event	sandoburasuto
A type of weather event	sanshain
A type of weather event	seijaku
A type of weather event	seiran
A type of weather event	seishi
A type of weather event	seiten
A type of weather event	sekirankumo
A type of weather event	sekiun
A type of weather event	senpu
A type of weather event	senpuu
A type of weather event	shawa
A type of weather event	shawaa
A type of weather event	shimo
A type of weather event	shimun
A type of weather event	shimuun
A type of weather event	shirajiramei
A type of weather event	shirokko
A type of weather event	shiroshimo
A type of weather event	shizukesa
A type of weather event	shoketsumi
A type of weather event	shotomi
A type of weather event	shouketsumi
A type of weather event	shoutomi
A type of weather event	shouyami
A type of weather event	shoyami
A type of weather event	shungyo
A type of weather event	shungyou
A type of weather event	shuso
A type of weather event	shussui
A type of weather event	shuusou
A type of weather event	sogyo
A type of weather event	soraai
A type of weather event	soraaii
A type of weather event	sorai
A type of weather event	soramoyo
A type of weather event	soramoyou
A type of weather event	soten
A type of weather event	sougyou
A type of weather event	soun
A type of weather event	souten
A type of weather event	souun
A type of weather event	soyokaze
A type of weather event	sukimakaze
A type of weather event	sukooru
A type of weather event	sukoru
A type of weather event	sumoggu
A type of weather event	sunaarashi
A type of weather event	sunarashi
A type of weather event	sutomu
A type of weather event	sutoomu
A type of weather event	sutoumu
A type of weather event	taifu
A type of weather event	taifuu
A type of weather event	taikijotai
A type of weather event	taikijoutai
A type of weather event	taiyoko
A type of weather event	taiyokosen
A type of weather event	taiyonohikari
A type of weather event	taiyoukou
A type of weather event	taiyoukousen
A type of weather event	taiyounohikari
A type of weather event	takasekiun
A type of weather event	tamaarare
A type of weather event	tamakuzu
A type of weather event	tamarare
A type of weather event	tatsumaki
A type of weather event	tatsumakiki
A type of weather event	teikiatsu
A type of weather event	teniro
A type of weather event	tenjitsu
A type of weather event	tenki
A type of weather event	tenkimoyo
A type of weather event	tenkimoyou
A type of weather event	tenko
A type of weather event	tenkofujun
A type of weather event	tenkofuryo
A type of weather event	tenkou
A type of weather event	tenkoufujun
A type of weather event	tenkoufuryou
A type of weather event	tensho
A type of weather event	tenshou
A type of weather event	todoroki
A type of weather event	toketsu
A type of weather event	tooriame
A type of weather event	toppu
A type of weather event	toppuu
A type of weather event	toriame
A type of weather event	torukankaze
A type of weather event	torunedo
A type of weather event	toruneedo
A type of weather event	touketsu
A type of weather event	touriame
A type of weather event	tourukankaze
A type of weather event	tsujikaze
A type of weather event	tsukigasa
A type of weather event	tsunami
A type of weather event	tsuyu
A type of weather event	ueza
A type of weather event	uezaa
A type of weather event	uindo
A type of weather event	unari
A type of weather event	uten
A type of weather event	yoake
A type of weather event	yokai
A type of weather event	yoko
A type of weather event	yonome
A type of weather event	yoruake
A type of weather event	youkai
A type of weather event	youkou
A type of weather event	younome
A type of weather event	yudachi
A type of weather event	yukai
A type of weather event	yuki
A type of weather event	yukidoke
A type of weather event	yukifuri
A type of weather event	yukiko
A type of weather event	yukikou
A type of weather event	yukiori
A type of weather event	yusetsu
A type of weather event	yuudachi
A type of weather event	yuukai
A type of weather event	yuusetsu
A type of weather event	zensen
A type of shoe	butsu
A type of shoe	buutsu
A type of shoe	chokyoshi
A type of shoe	choukyoushi
A type of shoe	dan
A type of shoe	fin
A type of shoe	furattoshuuzu
A type of shoe	furattoshuzu
A type of shoe	garosshu
A type of shoe	geetoru
A type of shoe	gesoku
A type of shoe	geta
A type of shoe	getoru
A type of shoe	haafubuutsu
A type of shoe	hafubutsu
A type of shoe	hakimono
A type of shoe	hiiru
A type of shoe	hiru
A type of shoe	jodopuru
A type of shoe	kakato
A type of shoe	kusabibu
A type of shoe	kusabikata
A type of shoe	kutsu
A type of shoe	mokashin
A type of shoe	mokashon
A type of shoe	myuru
A type of shoe	myuuru
A type of shoe	obashuzu
A type of shoe	okusufodo
A type of shoe	okusufoodo
A type of shoe	oobaashuuzu
A type of shoe	panpusu
A type of shoe	ponpu
A type of shoe	raba
A type of shoe	rodokutsu
A type of shoe	rofa
A type of shoe	roofaa
A type of shoe	roudoukutsu
A type of shoe	sabo
A type of shoe	sandaru
A type of shoe	shokin
A type of shoe	shoukin
A type of shoe	sokutsutsu
A type of shoe	sukeeto
A type of shoe	suketo
A type of shoe	suniikaa
A type of shoe	sunika
A type of shoe	surippa
A type of shoe	toreenaa
A type of shoe	toreina
A type of shoe	toreinaa
A type of shoe	torena
A type of shoe	uerinton
A type of shoe	waakushuuzu
A type of shoe	wakushuzu
A type of shoe	yosuiki
A type of shoe	yousuiki
A type of bird	aankawa
A type of bird	abi
A type of bird	ahiru
A type of bird	aho
A type of bird	ahodori
A type of bird	ahomono
A type of bird	ahondara
A type of bird	ahosui
A type of bird	ahotare
A type of bird	ahou
A type of bird	ahoudori
A type of bird	ahoumono
A type of bird	aigamo
A type of bird	aisa
A type of bird	ajisashi
A type of bird	akameinko
A type of bird	akaonosuri
A type of bird	ake
A type of bird	akemono
A type of bird	akkemono
A type of bird	amatsubame
A type of bird	amerikakogamo
A type of bird	amerikakogara
A type of bird	ani
A type of bird	ankawa
A type of bird	anpontan
A type of bird	aoashishigi
A type of bird	aogara
A type of bird	aoitori
A type of bird	aokakesu
A type of bird	aosagi
A type of bird	arisui
A type of bird	arubatorosu
A type of bird	atori
A type of bird	auru
A type of bird	baado
A type of bird	bado
A type of bird	bajji
A type of bird	bajjii
A type of bird	baka
A type of bird	bakamono
A type of bird	bakasui
A type of bird	bakatare
A type of bird	bakayaro
A type of bird	bakayarou
A type of bird	ban
A type of bird	benihiwa
A type of bird	benisuzume
A type of bird	boborinku
A type of bird	bokemono
A type of bird	bokujotori
A type of bird	bokujoutori
A type of bird	botaninko
A type of bird	buncho
A type of bird	bunchou
A type of bird	burakkubaado
A type of bird	burakkubado
A type of bird	chidori
A type of bird	chijin
A type of bird	chikin
A type of bird	chimono
A type of bird	chiremono
A type of bird	chogenbo
A type of bird	chorui
A type of bird	chougenbou
A type of bird	chourui
A type of bird	dacho
A type of bird	dachou
A type of bird	daihayabusa
A type of bird	dakku
A type of bird	denshobato
A type of bird	dodo
A type of bird	donbutsu
A type of bird	doodoo
A type of bird	emyu
A type of bird	emyuu
A type of bird	erimakishigi
A type of bird	finchi
A type of bird	fukukan
A type of bird	fukuro
A type of bird	fukurou
A type of bird	furamingo
A type of bird	futaobichidori
A type of bird	gacho
A type of bird	gachou
A type of bird	gan
A type of bird	ganda
A type of bird	gandaa
A type of bird	garantori
A type of bird	gini
A type of bird	ginii
A type of bird	gojukara
A type of bird	gojuukara
A type of bird	goshikidoriaka
A type of bird	gubutsu
A type of bird	gufu
A type of bird	gujin
A type of bird	gusha
A type of bird	hagetaka
A type of bird	hagoromogarasu
A type of bird	haiirogan
A type of bird	hairogan
A type of bird	hakubonyari
A type of bird	hakuchimono
A type of bird	hakucho
A type of bird	hakuchou
A type of bird	hamashigi
A type of bird	hashibiroko
A type of bird	hashibirokou
A type of bird	hataoritori
A type of bird	hato
A type of bird	hayabusa
A type of bird	herasagi
A type of bird	heron
A type of bird	hibari
A type of bird	hidorigamo
A type of bird	hikin
A type of bird	hikoki
A type of bird	hikouki
A type of bird	hikuidori
A type of bird	himehajiro
A type of bird	himekondoru
A type of bird	himerenjaku
A type of bird	himeumisuzume
A type of bird	hina
A type of bird	hinatori
A type of bird	hinkei
A type of bird	hisui
A type of bird	hitonomi
A type of bird	hitoriuranai
A type of bird	hoshigarasu
A type of bird	hoshihajiro
A type of bird	hyorokutama
A type of bird	hyourokutama
A type of bird	ichisusuri
A type of bird	ieroosurooto
A type of bird	ierosuroto
A type of bird	iguru
A type of bird	iiguru
A type of bird	iikamo
A type of bird	iitori
A type of bird	ikamo
A type of bird	inko
A type of bird	ishiusu
A type of bird	isuka
A type of bird	itori
A type of bird	iwahibarika
A type of bird	jiei
A type of bird	kaadinaru
A type of bird	kaajinaru
A type of bird	kaakaa
A type of bird	kadinaru
A type of bird	kaitsuburi
A type of bird	kaitsuburime
A type of bird	kajinaru
A type of bird	kaka
A type of bird	kakesu
A type of bird	kaki
A type of bird	kakko
A type of bird	kakkou
A type of bird	kamadomushikui
A type of bird	kamo
A type of bird	kamome
A type of bird	kanadagan
A type of bird	kanaria
A type of bird	kaojirogan
A type of bird	karasu
A type of bird	kasasagi
A type of bird	kashidori
A type of bird	kawagarasu
A type of bird	kawarabato
A type of bird	kawasemi
A type of bird	keashima
A type of bird	ketsuaaru
A type of bird	ketsuaru
A type of bird	kibashiri
A type of bird	kigisu
A type of bird	kiiui
A type of bird	kiji
A type of bird	kintori
A type of bird	kitsutsuki
A type of bird	kiui
A type of bird	kobato
A type of bird	kojaku
A type of bird	kokamo
A type of bird	komadori
A type of bird	komatsugumi
A type of bird	kondoru
A type of bird	konohatori
A type of bird	koro
A type of bird	kotodorika
A type of bird	kotori
A type of bird	kotsumono
A type of bird	kotsutaka
A type of bird	koujaku
A type of bird	koukamo
A type of bird	kugui
A type of bird	kujaku
A type of bird	kujakucho
A type of bird	kujakuchou
A type of bird	kujakunoosu
A type of bird	kujakunosu
A type of bird	kurein
A type of bird	kuro
A type of bird	kurogamo
A type of bird	kurou
A type of bird	kyojoshigi
A type of bird	kyomono
A type of bird	kyoujoshigi
A type of bird	kyukancho
A type of bird	kyuukanchou
A type of bird	magamo
A type of bird	mahiwa
A type of bird	meguro
A type of bird	meicho
A type of bird	meichou
A type of bird	meikinrui
A type of bird	mendori
A type of bird	mesudori
A type of bird	mesutori
A type of bird	misago
A type of bird	misosazai
A type of bird	miyakodori
A type of bird	miyakodorizoku
A type of bird	miyamagarasu
A type of bird	miyamakarasu
A type of bird	miyubishigi
A type of bird	mizunagidori
A type of bird	mizutori
A type of bird	moa
A type of bird	mokin
A type of bird	moribato
A type of bird	moukin
A type of bird	mozu
A type of bird	mukudori
A type of bird	munashike
A type of bird	munashikemono
A type of bird	naganakikitori
A type of bird	naganakitori
A type of bird	naichingeeru
A type of bird	naichingeru
A type of bird	nakihakucho
A type of bird	nakihakuchou
A type of bird	nekomanedori
A type of bird	niwatori
A type of bird	niwatsutori
A type of bird	noharatsugumi
A type of bird	nohitaki
A type of bird	nosuri
A type of bird	oban
A type of bird	ohashi
A type of bird	ohoshihajiro
A type of bird	ojirowashi
A type of bird	okamome
A type of bird	omu
A type of bird	onagagamo
A type of bird	ondori
A type of bird	oninkoshi
A type of bird	oninkoushi
A type of bird	oninyoshi
A type of bird	ooban
A type of bird	oohashi
A type of bird	oohoshihajiro
A type of bird	ookamome
A type of bird	ooshirotori
A type of bird	oosutoritchi
A type of bird	ootaka
A type of bird	orokamono
A type of bird	orokanin
A type of bird	oshirotori
A type of bird	osuniwatori
A type of bird	osutoritchi
A type of bird	otaka
A type of bird	oumu
A type of bird	pengin
A type of bird	perikan
A type of bird	pihen
A type of bird	piihen
A type of bird	pirotei
A type of bird	poppo
A type of bird	raicho
A type of bird	raichou
A type of bird	rea
A type of bird	ren
A type of bird	renjaku
A type of bird	saicho
A type of bird	saichou
A type of bird	santaro
A type of bird	santarou
A type of bird	seikei
A type of bird	seiran
A type of bird	seitakako
A type of bird	seitakakou
A type of bird	sekirei
A type of bird	sekiseiinko
A type of bird	sekiseinko
A type of bird	shamo
A type of bird	shichimencho
A type of bird	shichimenchou
A type of bird	shijukara
A type of bird	shijuukara
A type of bird	shimaaji
A type of bird	shimaji
A type of bird	shime
A type of bird	shirasagi
A type of bird	shisocho
A type of bird	shisochou
A type of bird	shokin
A type of bird	shokukei
A type of bird	shoukin
A type of bird	soramono
A type of bird	sukikyo
A type of bird	sukuriimaa
A type of bird	sukurima
A type of bird	sunabashiri
A type of bird	suniikaa
A type of bird	sunika
A type of bird	suniwatori
A type of bird	suukikyou
A type of bird	suwan
A type of bird	suzume
A type of bird	taakii
A type of bird	tageri
A type of bird	tahibari
A type of bird	taka
A type of bird	taki
A type of bird	takuboku
A type of bird	tobi
A type of bird	tokei
A type of bird	tokiaka
A type of bird	tori
A type of bird	toriniku
A type of bird	toukei
A type of bird	tsubame
A type of bird	tsugumi
A type of bird	tsukatsukuri
A type of bird	tsuru
A type of bird	uddopekka
A type of bird	uddopekkaa
A type of bird	umataro
A type of bird	umatarou
A type of bird	umidori
A type of bird	umigarasu
A type of bird	unjaku
A type of bird	uso
A type of bird	utaite
A type of bird	utatsugumi
A type of bird	uzura
A type of bird	wakadori
A type of bird	waraihisui
A type of bird	waraikamome
A type of bird	washi
A type of bird	watarigarasu
A type of bird	yabugara
A type of bird	yakei
A type of bird	yamabato
A type of bird	yamashigi
A type of bird	yatsugashira
A type of bird	yoikamo
A type of bird	yoitori
A type of bird	yotaka
A type of bird	yotakaka
A type of bird	yotaro
A type of bird	yotarou
A type of bird	yukihojiro
A type of bird	yukihoojiro
A type of bird	yutsuke
A type of bird	yutsukeke
A type of bird	yutsukeketori
A type of bird	yutsuketori
A type of bird	yuutsuke
A type of bird	yuutsukeke
A type of bird	yuutsukeketori
A type of bird	yuutsuketori
A type of bird	zuaoatori
A type of bird	zuaohojiro
A type of bird	zuaohoojiro
A type of rock or mineral	aen
A type of rock or mineral	aensosanshio
A type of rock or mineral	aidoko
A type of rock or mineral	aidoukou
A type of rock or mineral	ainsutainiumu
A type of rock or mineral	aisu
A type of rock or mineral	akagane
A type of rock or mineral	akasango
A type of rock or mineral	akatekko
A type of rock or mineral	akatekkou
A type of rock or mineral	akuamarin
A type of rock or mineral	amejisuto
A type of rock or mineral	amerishiumu
A type of rock or mineral	anba
A type of rock or mineral	anbaa
A type of rock or mineral	anchimoni
A type of rock or mineral	anchimonii
A type of rock or mineral	anzangan
A type of rock or mineral	aodama
A type of rock or mineral	arare
A type of rock or mineral	arareishi
A type of rock or mineral	arumi
A type of rock or mineral	arumina
A type of rock or mineral	aruminiumu
A type of rock or mineral	asubesuto
A type of rock or mineral	asufaruto
A type of rock or mineral	baakuriumu
A type of rock or mineral	baamikyuraito
A type of rock or mineral	bakuriumu
A type of rock or mineral	bamikyuraito
A type of rock or mineral	banajiumu
A type of rock or mineral	banjaku
A type of rock or mineral	bariumu
A type of rock or mineral	basorisu
A type of rock or mineral	beririumu
A type of rock or mineral	bisumasu
A type of rock or mineral	bokisaito
A type of rock or mineral	bookisaito
A type of rock or mineral	burasu
A type of rock or mineral	chiishi
A type of rock or mineral	chishi
A type of rock or mineral	chitaniumu
A type of rock or mineral	chitantekko
A type of rock or mineral	chitantekkou
A type of rock or mineral	choku
A type of rock or mineral	chooku
A type of rock or mineral	choseki
A type of rock or mineral	chouseki
A type of rock or mineral	daia
A type of rock or mineral	daiamondo
A type of rock or mineral	dairiseki
A type of rock or mineral	daiya
A type of rock or mineral	daiyamondo
A type of rock or mineral	deikaiiwa
A type of rock or mineral	deikaiwa
A type of rock or mineral	doromaito
A type of rock or mineral	dou
A type of rock or mineral	emerarudo
A type of rock or mineral	emeri
A type of rock or mineral	emerii
A type of rock or mineral	enrui
A type of rock or mineral	erubiumu
A type of rock or mineral	ferumiumu
A type of rock or mineral	furanshiumu
A type of rock or mineral	furosuto
A type of rock or mineral	fushinko
A type of rock or mineral	fuushinko
A type of rock or mineral	gadoriniumu
A type of rock or mineral	ganseki
A type of rock or mineral	gariina
A type of rock or mineral	garina
A type of rock or mineral	gariumu
A type of rock or mineral	gatsuchoseki
A type of rock or mineral	gatsuchouseki
A type of rock or mineral	genbuiwa
A type of rock or mineral	genko
A type of rock or mineral	genkou
A type of rock or mineral	gin
A type of rock or mineral	gurafaito
A type of rock or mineral	gyokaiwa
A type of rock or mineral	gyokuseki
A type of rock or mineral	gyokuzui
A type of rock or mineral	gyoukaiiwa
A type of rock or mineral	hafuniumu
A type of rock or mineral	haichoseki
A type of rock or mineral	haichouseki
A type of rock or mineral	haiomoshi
A type of rock or mineral	hakunhaha
A type of rock or mineral	hakuunhaha
A type of rock or mineral	handoko
A type of rock or mineral	handoukou
A type of rock or mineral	hangan
A type of rock or mineral	hanreiiwa
A type of rock or mineral	hanreiwa
A type of rock or mineral	hekigyoku
A type of rock or mineral	hengan
A type of rock or mineral	henmaiwa
A type of rock or mineral	henseigan
A type of rock or mineral	heriotoroopu
A type of rock or mineral	heriotoropu
A type of rock or mineral	hisame
A type of rock or mineral	hishikudoko
A type of rock or mineral	hishikudokou
A type of rock or mineral	hishitekko
A type of rock or mineral	hishitekkou
A type of rock or mineral	hisui
A type of rock or mineral	hiuchiishi
A type of rock or mineral	hiuchishi
A type of rock or mineral	hiyashinsu
A type of rock or mineral	hoenko
A type of rock or mineral	hokaiseki
A type of rock or mineral	horumiumu
A type of rock or mineral	horunferusu
A type of rock or mineral	hoseki
A type of rock or mineral	hoshu
A type of rock or mineral	hosuna
A type of rock or mineral	hotaruishi
A type of rock or mineral	houenkou
A type of rock or mineral	houkaiseki
A type of rock or mineral	houseki
A type of rock or mineral	houshu
A type of rock or mineral	housuna
A type of rock or mineral	hyo
A type of rock or mineral	hyoishi
A type of rock or mineral	hyoshoishi
A type of rock or mineral	hyou
A type of rock or mineral	hyouishi
A type of rock or mineral	hyoushouishi
A type of rock or mineral	injiumu
A type of rock or mineral	iou
A type of rock or mineral	irijiumu
A type of rock or mineral	isago
A type of rock or mineral	ishi
A type of rock or mineral	ishigan
A type of rock or mineral	ishiki
A type of rock or mineral	ishiko
A type of rock or mineral	ishikoro
A type of rock or mineral	ishikure
A type of rock or mineral	ishiwata
A type of rock or mineral	itterubiumu
A type of rock or mineral	ittoriumu
A type of rock or mineral	iwa
A type of rock or mineral	jaagon
A type of rock or mineral	jagon
A type of rock or mineral	jari
A type of rock or mineral	jiemu
A type of rock or mineral	jiemusuton
A type of rock or mineral	jiemusutoon
A type of rock or mineral	jinku
A type of rock or mineral	jirukon
A type of rock or mineral	jirukoniumu
A type of rock or mineral	jisupuroshiumu
A type of rock or mineral	jitekko
A type of rock or mineral	jitekkou
A type of rock or mineral	juakishi
A type of rock or mineral	juuakiishi
A type of rock or mineral	kaanaraito
A type of rock or mineral	kaanerian
A type of rock or mineral	kaanotaito
A type of rock or mineral	kadomiumu
A type of rock or mineral	kaihoishi
A type of rock or mineral	kaihouishi
A type of rock or mineral	kakogan
A type of rock or mineral	kakougan
A type of rock or mineral	kakugan
A type of rock or mineral	kakurekiiwa
A type of rock or mineral	kakurekiwa
A type of rock or mineral	kakusenishi
A type of rock or mineral	kakuseniwa
A type of rock or mineral	kanaraito
A type of rock or mineral	kanerian
A type of rock or mineral	kanotaito
A type of rock or mineral	kanpantoishi
A type of rock or mineral	kanranishi
A type of rock or mineral	kanraniwa
A type of rock or mineral	kaorinaito
A type of rock or mineral	karamin
A type of rock or mineral	kari
A type of rock or mineral	karihoruniumu
A type of rock or mineral	karimyoban
A type of rock or mineral	karimyouban
A type of rock or mineral	kariumu
A type of rock or mineral	karuishi
A type of rock or mineral	karunoishi
A type of rock or mineral	karunooishi
A type of rock or mineral	karushiumu
A type of rock or mineral	kaseiiwa
A type of rock or mineral	kaseiwa
A type of rock or mineral	kasseki
A type of rock or mineral	kasumiishi
A type of rock or mineral	kasumishi
A type of rock or mineral	katsutekko
A type of rock or mineral	katsutekkou
A type of rock or mineral	keigan
A type of rock or mineral	keigin
A type of rock or mineral	keiiwa
A type of rock or mineral	keikanishi
A type of rock or mineral	keinikkeruko
A type of rock or mineral	keinikkerukou
A type of rock or mineral	keiwa
A type of rock or mineral	kessho
A type of rock or mineral	kesshohengan
A type of rock or mineral	kesshou
A type of rock or mineral	kesshouhengan
A type of rock or mineral	ketsugan
A type of rock or mineral	kianko
A type of rock or mineral	kiankou
A type of rock or mineral	kin
A type of rock or mineral	kinbaaraito
A type of rock or mineral	kinbaraito
A type of rock or mineral	kinka
A type of rock or mineral	kinkurenaiishi
A type of rock or mineral	kinkurenaishi
A type of rock or mineral	kinryokuishi
A type of rock or mineral	kintetsu
A type of rock or mineral	kinunmo
A type of rock or mineral	kinzoku
A type of rock or mineral	kinzokugenso
A type of rock or mineral	kiseki
A type of rock or mineral	kitekko
A type of rock or mineral	kitekkou
A type of rock or mineral	kobaruto
A type of rock or mineral	kobarutohana
A type of rock or mineral	kobutsu
A type of rock or mineral	kodo
A type of rock or mineral	koganeiro
A type of rock or mineral	kogyoku
A type of rock or mineral	kohaku
A type of rock or mineral	kohakuiro
A type of rock or mineral	koishi
A type of rock or mineral	kokuen
A type of rock or mineral	kokuyoishi
A type of rock or mineral	kokuyouishi
A type of rock or mineral	komono
A type of rock or mineral	kongo
A type of rock or mineral	kongoseki
A type of rock or mineral	kongosha
A type of rock or mineral	kongou
A type of rock or mineral	kongouseki
A type of rock or mineral	kongousha
A type of rock or mineral	koori
A type of rock or mineral	kooriarare
A type of rock or mineral	korandamu
A type of rock or mineral	kori
A type of rock or mineral	koriarare
A type of rock or mineral	koronbiumu
A type of rock or mineral	koseki
A type of rock or mineral	koso
A type of rock or mineral	koubutsu
A type of rock or mineral	koudo
A type of rock or mineral	kougyoku
A type of rock or mineral	koumono
A type of rock or mineral	kouseki
A type of rock or mineral	kousou
A type of rock or mineral	kuhaiishi
A type of rock or mineral	kuhaishi
A type of rock or mineral	kuikkushiruba
A type of rock or mineral	kuikkushirubaa
A type of rock or mineral	kujakuishi
A type of rock or mineral	kuootsu
A type of rock or mineral	kuotsu
A type of rock or mineral	kure
A type of rock or mineral	kuree
A type of rock or mineral	kurei
A type of rock or mineral	kurisopureezu
A type of rock or mineral	kurisopurezu
A type of rock or mineral	kurisutaru
A type of rock or mineral	kurodaiya
A type of rock or mineral	kurokumohaha
A type of rock or mineral	kuromu
A type of rock or mineral	kuromutekko
A type of rock or mineral	kuromutekkou
A type of rock or mineral	kurosuisho
A type of rock or mineral	kurosuishou
A type of rock or mineral	kyoreki
A type of rock or mineral	kyuriumu
A type of rock or mineral	maaburu
A type of rock or mineral	maakyurii
A type of rock or mineral	maburu
A type of rock or mineral	maguma
A type of rock or mineral	magunesaito
A type of rock or mineral	maguneshia
A type of rock or mineral	maguneshiumu
A type of rock or mineral	makyuri
A type of rock or mineral	mangan
A type of rock or mineral	masago
A type of rock or mineral	metaaru
A type of rock or mineral	metaru
A type of rock or mineral	midorisenishi
A type of rock or mineral	mineraru
A type of rock or mineral	mizubando
A type of rock or mineral	monazuishi
A type of rock or mineral	moribuden
A type of rock or mineral	muhyo
A type of rock or mineral	muhyou
A type of rock or mineral	myoban
A type of rock or mineral	myouban
A type of rock or mineral	namari
A type of rock or mineral	nanmanganko
A type of rock or mineral	nanmangankou
A type of rock or mineral	nantama
A type of rock or mineral	natoriumu
A type of rock or mineral	nen
A type of rock or mineral	nenbaniwa
A type of rock or mineral	nendo
A type of rock or mineral	nendokobutsu
A type of rock or mineral	nendokoubutsu
A type of rock or mineral	neojimu
A type of rock or mineral	neputsuniumu
A type of rock or mineral	nikkeru
A type of rock or mineral	niobu
A type of rock or mineral	niumu
A type of rock or mineral	nyuhakushoku
A type of rock or mineral	nyumu
A type of rock or mineral	nyuuhakushoku
A type of rock or mineral	nyuumu
A type of rock or mineral	odo
A type of rock or mineral	odoko
A type of rock or mineral	oenko
A type of rock or mineral	onjakumen
A type of rock or mineral	opaaru
A type of rock or mineral	oparu
A type of rock or mineral	osuiaki
A type of rock or mineral	osumiumu
A type of rock or mineral	oudou
A type of rock or mineral	oudoukou
A type of rock or mineral	ouenkou
A type of rock or mineral	ousuiaki
A type of rock or mineral	parajiumu
A type of rock or mineral	poroniumu
A type of rock or mineral	puraseojimu
A type of rock or mineral	purazuma
A type of rock or mineral	puromechiumu
A type of rock or mineral	rainsuton
A type of rock or mineral	rainsutoon
A type of rock or mineral	rajiumu
A type of rock or mineral	ranshoishi
A type of rock or mineral	ranshouishi
A type of rock or mineral	rantan
A type of rock or mineral	rapisurazuri
A type of rock or mineral	rekigan
A type of rock or mineral	rekiseiuranko
A type of rock or mineral	rekiseiurankou
A type of rock or mineral	reniumu
A type of rock or mineral	richiaunmo
A type of rock or mineral	richiumu
A type of rock or mineral	rido
A type of rock or mineral	riido
A type of rock or mineral	rodoraito
A type of rock or mineral	rojiumu
A type of rock or mineral	rokku
A type of rock or mineral	roodoraito
A type of rock or mineral	rubi
A type of rock or mineral	rubii
A type of rock or mineral	rubijiumu
A type of rock or mineral	rutechiumu
A type of rock or mineral	ruteniumu
A type of rock or mineral	ryokuchuishi
A type of rock or mineral	ryokuchuuishi
A type of rock or mineral	ryuhitekko
A type of rock or mineral	ryukanchimon
A type of rock or mineral	ryumoniwa
A type of rock or mineral	ryusanbariumu
A type of rock or mineral	ryuuhitekkou
A type of rock or mineral	ryuukaanchimon
A type of rock or mineral	ryuumoniwa
A type of rock or mineral	ryuusanbariumu
A type of rock or mineral	saadonikkusu
A type of rock or mineral	sadonikkusu
A type of rock or mineral	safaia
A type of rock or mineral	sagan
A type of rock or mineral	saiseki
A type of rock or mineral	samariumu
A type of rock or mineral	sando
A type of rock or mineral	sango
A type of rock or mineral	sansuton
A type of rock or mineral	sansutoon
A type of rock or mineral	sareki
A type of rock or mineral	sarufa
A type of rock or mineral	sazare
A type of rock or mineral	sazareishi
A type of rock or mineral	seido
A type of rock or mineral	seidou
A type of rock or mineral	sekiban
A type of rock or mineral	sekiboku
A type of rock or mineral	sekiei
A type of rock or mineral	sekieigarasu
A type of rock or mineral	sekitan
A type of rock or mineral	sekkaiiwa
A type of rock or mineral	sekkaiwa
A type of rock or mineral	sekkasekko
A type of rock or mineral	sekkasekkou
A type of rock or mineral	sekkenishi
A type of rock or mineral	sekki
A type of rock or mineral	sekko
A type of rock or mineral	sekkou
A type of rock or mineral	senaenko
A type of rock or mineral	senaenkou
A type of rock or mineral	senryokuiwa
A type of rock or mineral	senuranko
A type of rock or mineral	senurankou
A type of rock or mineral	seppen
A type of rock or mineral	seriumu
A type of rock or mineral	seshiumu
A type of rock or mineral	shachoseki
A type of rock or mineral	shachouseki
A type of rock or mineral	shakudoko
A type of rock or mineral	shakudoukou
A type of rock or mineral	shienna
A type of rock or mineral	shimameno
A type of rock or mineral	shimamenou
A type of rock or mineral	shimo
A type of rock or mineral	shinchu
A type of rock or mineral	shinchuu
A type of rock or mineral	shinju
A type of rock or mineral	shinseiiwa
A type of rock or mineral	shinseiwa
A type of rock or mineral	shinsha
A type of rock or mineral	shio
A type of rock or mineral	shirato
A type of rock or mineral	shirikagarasu
A type of rock or mineral	shiroenko
A type of rock or mineral	shiroenkou
A type of rock or mineral	shirogane
A type of rock or mineral	shiroshimo
A type of rock or mineral	shiruba
A type of rock or mineral	shirubaa
A type of rock or mineral	shirutoiwa
A type of rock or mineral	shiruva
A type of rock or mineral	shiruvaa
A type of rock or mineral	shitorin
A type of rock or mineral	shochoishi
A type of rock or mineral	shoku
A type of rock or mineral	shouchouishi
A type of rock or mineral	shukai
A type of rock or mineral	shuso
A type of rock or mineral	shuukai
A type of rock or mineral	shuusou
A type of rock or mineral	sochoishi
A type of rock or mineral	sojiumu
A type of rock or mineral	souchouishi
A type of rock or mineral	suigin
A type of rock or mineral	suisho
A type of rock or mineral	suishogarasu
A type of rock or mineral	suishou
A type of rock or mineral	suishougarasu
A type of rock or mineral	sukanjiumu
A type of rock or mineral	sumireaoishi
A type of rock or mineral	suna
A type of rock or mineral	sunareki
A type of rock or mineral	supa
A type of rock or mineral	supaa
A type of rock or mineral	supigeru
A type of rock or mineral	supiigeru
A type of rock or mineral	supineru
A type of rock or mineral	sususumi
A type of rock or mineral	suton
A type of rock or mineral	sutoon
A type of rock or mineral	sutoronchiumu
A type of rock or mineral	suzu
A type of rock or mineral	suzuishi
A type of rock or mineral	taisekiiwa
A type of rock or mineral	taisekiwa
A type of rock or mineral	taishaishi
A type of rock or mineral	takaradama
A type of rock or mineral	takaryodo
A type of rock or mineral	takaryoudo
A type of rock or mineral	takonaito
A type of rock or mineral	tamaarare
A type of rock or mineral	tamajari
A type of rock or mineral	tamarare
A type of rock or mineral	tangusuten
A type of rock or mineral	tantaru
A type of rock or mineral	tariumu
A type of rock or mineral	teiban
A type of rock or mineral	tekunechiumu
A type of rock or mineral	tenseiishi
A type of rock or mineral	tenseishi
A type of rock or mineral	tenta
A type of rock or mineral	terubiumu
A type of rock or mineral	terudoko
A type of rock or mineral	terudoukou
A type of rock or mineral	teruginko
A type of rock or mineral	teruginkou
A type of rock or mineral	terusuienko
A type of rock or mineral	terusuienkou
A type of rock or mineral	tetsu
A type of rock or mineral	todo
A type of rock or mineral	tomatsu
A type of rock or mineral	topaazu
A type of rock or mineral	topazu
A type of rock or mineral	toriumu
A type of rock or mineral	torukoishi
A type of rock or mineral	torumarin
A type of rock or mineral	toudo
A type of rock or mineral	tsuriumu
A type of rock or mineral	umiryokuseki
A type of rock or mineral	unmo
A type of rock or mineral	uorufuramu
A type of rock or mineral	uran
A type of rock or mineral	uraniumu
A type of rock or mineral	yogan
A type of rock or mineral	you
A type of rock or mineral	yougan
A type of rock or mineral	yukiarare
A type of rock or mineral	yuropiumu
A type of rock or mineral	yuuropiumu
A type of rock or mineral	zeoraito
A fruit	aamondo
A fruit	abokaado
A fruit	abokado
A fruit	akanasu
A fruit	aki
A fruit	akii
A fruit	amondo
A fruit	anzu
A fruit	apurikotto
A fruit	arinomi
A fruit	aserora
A fruit	avokaado
A fruit	avokado
A fruit	banana
A fruit	banananoki
A fruit	benimikan
A fruit	beri
A fruit	berii
A fruit	biruberi
A fruit	biruberii
A fruit	biwa
A fruit	budo
A fruit	budou
A fruit	burakkuberi
A fruit	burakkuberii
A fruit	buruberi
A fruit	buruuberii
A fruit	cheri
A fruit	cherii
A fruit	damusonsumomo
A fruit	deetsu
A fruit	detsu
A fruit	dorian
A fruit	einichika
A fruit	ekika
A fruit	enoki
A fruit	enpera
A fruit	enperaa
A fruit	guaba
A fruit	gureepu
A fruit	gurepu
A fruit	gusuberi
A fruit	guusuberii
A fruit	guuzuberii
A fruit	guzuberi
A fruit	hakkuruberi
A fruit	hakkuruberii
A fruit	haramitsu
A fruit	hizuke
A fruit	hoshibudo
A fruit	hoshibudou
A fruit	hoshisumomo
A fruit	ichigo
A fruit	ichijiku
A fruit	ichijikujoka
A fruit	ichijikujouka
A fruit	ichijikuka
A fruit	inuibudo
A fruit	inuibudou
A fruit	kajitsu
A fruit	kaki
A fruit	kakuka
A fruit	kanbudo
A fruit	kanbudou
A fruit	kankitsurui
A fruit	kanro
A fruit	kantaroopu
A fruit	kantaropu
A fruit	karanto
A fruit	karantsu
A fruit	karenzu
A fruit	kichigo
A fruit	kiichigo
A fruit	kiiui
A fruit	kinkan
A fruit	kinomi
A fruit	kiui
A fruit	kiuifurutsu
A fruit	kiuifuruutsu
A fruit	koji
A fruit	kokemomo
A fruit	konomi
A fruit	kouji
A fruit	kudamono
A fruit	kuranberi
A fruit	kuranberii
A fruit	kurenaimikan
A fruit	kuroichigo
A fruit	kuttsuki
A fruit	kuwa
A fruit	mandarin
A fruit	mango
A fruit	mangoo
A fruit	mangosuchin
A fruit	marumero
A fruit	marusuguri
A fruit	masukatto
A fruit	masukumeron
A fruit	meron
A fruit	mikan
A fruit	momo
A fruit	monsutera
A fruit	nashi
A fruit	nashinomi
A fruit	natsume
A fruit	natsumeyashi
A fruit	nekutarin
A fruit	nichi
A fruit	nichinichi
A fruit	nichizuke
A fruit	niwatoko
A fruit	obako
A fruit	oobako
A fruit	oosuguri
A fruit	orandaichigo
A fruit	orenji
A fruit	oribu
A fruit	oriibu
A fruit	osuguri
A fruit	oto
A fruit	outou
A fruit	painappuru
A fruit	pannoki
A fruit	papaiya
A fruit	pea
A fruit	peya
A fruit	pichi
A fruit	piichi
A fruit	puramu
A fruit	purun
A fruit	puruun
A fruit	raimu
A fruit	ranbutan
A fruit	ranbuutan
A fruit	razuberi
A fruit	razuberii
A fruit	reezun
A fruit	reishi
A fruit	reizun
A fruit	remon
A fruit	rezun
A fruit	rika
A fruit	ringo
A fruit	sakuranbo
A fruit	sakuranbou
A fruit	sanmomo
A fruit	sapojira
A fruit	seiyonashi
A fruit	seiyoniwatoko
A fruit	seiyosuguri
A fruit	seiyounashi
A fruit	seiyouniwatoko
A fruit	seiyousuguri
A fruit	senbo
A fruit	senbou
A fruit	shakaatama
A fruit	shakatama
A fruit	shitorasu
A fruit	shitoron
A fruit	shoka
A fruit	shosekkai
A fruit	shouka
A fruit	shousekkai
A fruit	suguri
A fruit	suhyo
A fruit	suiitomeron
A fruit	suika
A fruit	suitomeron
A fruit	sumomo
A fruit	surutana
A fruit	sutoroberi
A fruit	sutoroberii
A fruit	suuhyou
A fruit	tamarindo
A fruit	tanjierin
A fruit	tomato
A fruit	udonge
A fruit	udonhana
A fruit	uintaaguriin
A fruit	uintagurin
A fruit	ume
A fruit	unshumikan
A fruit	unshuumikan
A fruit	uri
A fruit	yonashi
A fruit	younashi
A fruit	zabon
A fruit	zaifuriboku
A fruit	zakuro
A fruit	zuhan
A fruit	zuhyo
A fruit	zuhyou
A fruit	zukei
A fruit	zushiki
A vegetable	aateichooku
A vegetable	aisubaagu
A vegetable	aisubagu
A vegetable	akanasu
A vegetable	akaza
A vegetable	aomono
A vegetable	asatsuki
A vegetable	asuparagasu
A vegetable	ateichoku
A vegetable	bejitaburu
A vegetable	biin
A vegetable	biito
A vegetable	bin
A vegetable	bito
A vegetable	burakkupepa
A vegetable	burakkupepaa
A vegetable	burakkupeppa
A vegetable	burakkupeppaa
A vegetable	burokkori
A vegetable	burokkorii
A vegetable	burokori
A vegetable	chaibu
A vegetable	chikori
A vegetable	chikorii
A vegetable	chirikonkaan
A vegetable	chirikonkan
A vegetable	daikon
A vegetable	daizu
A vegetable	endaibu
A vegetable	endomame
A vegetable	endoumame
A vegetable	epinaaru
A vegetable	epinaru
A vegetable	fenneru
A vegetable	fudankusa
A vegetable	fudanso
A vegetable	fudansou
A vegetable	fukube
A vegetable	furaidopoteto
A vegetable	futaba
A vegetable	ganbo
A vegetable	gennama
A vegetable	gishigishi
A vegetable	hamono
A vegetable	hiyokomame
A vegetable	horenkusa
A vegetable	horenso
A vegetable	hou
A vegetable	hourenkusa
A vegetable	hourensou
A vegetable	howaitopepa
A vegetable	howaitopepaa
A vegetable	howaitopeppa
A vegetable	howaitopeppaa
A vegetable	hyo
A vegetable	hyotan
A vegetable	hyou
A vegetable	hyoutan
A vegetable	jagaimo
A vegetable	jinja
A vegetable	jinjaa
A vegetable	jushi
A vegetable	kabocha
A vegetable	kabu
A vegetable	kabura
A vegetable	kanran
A vegetable	karashina
A vegetable	karifurawa
A vegetable	karifurawaa
A vegetable	kikujisha
A vegetable	kimame
A vegetable	kin
A vegetable	komiyasai
A vegetable	kon
A vegetable	konsai
A vegetable	koon
A vegetable	koorurabi
A vegetable	korurabi
A vegetable	kosho
A vegetable	koshou
A vegetable	koumiyasai
A vegetable	kureson
A vegetable	kurokosho
A vegetable	kurokoshou
A vegetable	kusahen
A vegetable	kyabetsu
A vegetable	kyukei
A vegetable	kyukeikanran
A vegetable	kyuri
A vegetable	kyuukei
A vegetable	kyuukeikanran
A vegetable	kyuuri
A vegetable	mame
A vegetable	mamerui
A vegetable	masshurumu
A vegetable	masshuruumu
A vegetable	mebae
A vegetable	morokoshi
A vegetable	nasu
A vegetable	negi
A vegetable	ninjin
A vegetable	ninniku
A vegetable	niranegi
A vegetable	obako
A vegetable	okin
A vegetable	okura
A vegetable	onion
A vegetable	oobako
A vegetable	paasunippu
A vegetable	panpukin
A vegetable	pasunippu
A vegetable	pepa
A vegetable	pepaa
A vegetable	pepokabocha
A vegetable	peppa
A vegetable	peppaa
A vegetable	piiman
A vegetable	piman
A vegetable	pimento
A vegetable	radishu
A vegetable	radisshu
A vegetable	renzumame
A vegetable	retasu
A vegetable	riiki
A vegetable	riiku
A vegetable	riki
A vegetable	riku
A vegetable	romeinretasu
A vegetable	roomeinretasu
A vegetable	rubaabu
A vegetable	rubabu
A vegetable	rukkora
A vegetable	sasage
A vegetable	satodaikon
A vegetable	satoimo
A vegetable	satoudaikon
A vegetable	seiyokabocha
A vegetable	seiyonegi
A vegetable	seiyoukabocha
A vegetable	seiyounegi
A vegetable	sen
A vegetable	serori
A vegetable	seruriaku
A vegetable	sharotto
A vegetable	shinme
A vegetable	shoga
A vegetable	shokuyodaio
A vegetable	shokuyomame
A vegetable	shokuyoudaiou
A vegetable	shokuyoumame
A vegetable	shouga
A vegetable	shuku
A vegetable	sosai
A vegetable	suedenkabura
A vegetable	sukasshu
A vegetable	suueedenkabura
A vegetable	suzushiro
A vegetable	take
A vegetable	tamana
A vegetable	tamanegi
A vegetable	taroimo
A vegetable	togarashi
A vegetable	tokibi
A vegetable	tomato
A vegetable	tomorokoshi
A vegetable	tonasu
A vegetable	toryufu
A vegetable	tougarashi
A vegetable	toukibi
A vegetable	toumorokoshi
A vegetable	tounasu
A vegetable	uikyo
A vegetable	uikyou
A vegetable	yamaimo
A vegetable	yamanoimo
A vegetable	yasai
A vegetable	zukkiini
A vegetable	zukkini
An animal	aafenpinshaa
An animal	aankawa
An animal	abi
An animal	abu
An animal	aburamushi
An animal	afenpinsha
An animal	aguchi
An animal	aguuchi
An animal	ahiru
An animal	ahodori
An animal	ahorootoru
An animal	ahorotoru
An animal	ahoudori
An animal	aigamo
An animal	aigandobutsu
An animal	aigandoubutsu
An animal	aiganinu
An animal	ainame
An animal	aisa
An animal	aji
An animal	ajisashi
An animal	akaai
An animal	akaei
An animal	akagaeruka
An animal	akagesaru
An animal	akagezaru
An animal	akai
An animal	akamanbo
An animal	akamanbou
An animal	akame
An animal	akameinko
An animal	akamikame
An animal	akamushi
An animal	akaonosuri
An animal	akashika
An animal	akaumigame
An animal	akiaji
An animal	amatsubame
An animal	amerikabaison
An animal	amerikakogamo
An animal	amerikakogara
An animal	amerikayagyu
An animal	amerikayagyuu
An animal	amimekagero
An animal	amimekagerou
An animal	ana
An animal	anago
An animal	anaguma
An animal	anakonda
An animal	anausagi
An animal	anchobi
An animal	anchobii
An animal	ani
An animal	animaru
An animal	ankawa
An animal	ankirosaurusu
An animal	anko
An animal	ankou
An animal	anoa
An animal	aoashishigi
An animal	aogai
An animal	aogara
An animal	aoikai
An animal	aoitori
An animal	aokakesu
An animal	aomushi
An animal	aonisai
An animal	aosagi
An animal	aoyagi
An animal	aozame
An animal	araiguma
An animal	ari
An animal	arigeetaa
An animal	arigeta
An animal	arihizumerui
An animal	arikui
An animal	arikuii
An animal	arimaki
An animal	arisui
An animal	aritaibanrui
An animal	ariyomakurui
An animal	ariyoumakurui
An animal	arosaurusu
An animal	arubatorosu
An animal	arumajiro
An animal	arupaka
An animal	asari
An animal	ashigenoma
An animal	ashigenouma
An animal	ashikaamoku
An animal	ashikamoku
An animal	ashinashiimori
An animal	ashinashimori
An animal	atamakazu
An animal	atori
An animal	auru
An animal	awabi
An animal	awafukimushi
An animal	awasuimushi
An animal	ayu
An animal	azamiuma
An animal	baabariishiipu
An animal	baado
An animal	babarishipu
An animal	babirusa
An animal	bado
An animal	baffaro
An animal	baffaroo
An animal	bahitsu
An animal	baikai
An animal	baimo
An animal	baison
An animal	bajji
An animal	bajjii
An animal	baku
An animal	ban
An animal	banken
An animal	bansairui
An animal	basettohaundo
An animal	bashirisuku
An animal	basu
An animal	batafurai
An animal	batta
An animal	benchu
An animal	benchuu
An animal	benerarui
An animal	benihiwa
An animal	benijake
An animal	benisuzume
An animal	benizake
An animal	bera
An animal	biba
An animal	bifaro
An animal	biguru
An animal	biibaa
An animal	biifaroo
An animal	biiguru
An animal	binhame
An animal	binnaga
An animal	bintorongu
An animal	boa
An animal	boborinku
An animal	bobukyatto
An animal	bobuteeru
An animal	bobuteru
An animal	bofura
An animal	bokujotori
An animal	bokujoutori
An animal	bokusa
An animal	bokusaa
An animal	bokuyoinu
An animal	bokuyouinu
An animal	bongo
An animal	bora
An animal	boruzoi
An animal	bosekikikai
An animal	bot
An animal	botaninko
An animal	boufura
An animal	bousekikikai
An animal	buben
An animal	buncho
An animal	bunchou
An animal	buraddohaundo
An animal	burakkubaado
An animal	burakkubado
An animal	buri
An animal	burudoggu
An animal	burugiru
An animal	buruugiru
An animal	busho
An animal	bushou
An animal	buta
An animal	buyu
An animal	chauchau
An animal	chibi
An animal	chiburi
An animal	chidori
An animal	chiita
An animal	chikin
An animal	chikurui
An animal	chinchira
An animal	chinju
An animal	chinjuu
An animal	chinkoro
An animal	chinpanji
An animal	chinpanjii
An animal	chita
An animal	cho
An animal	chocho
An animal	choda
An animal	chogenbo
An animal	choju
An animal	chokushirui
An animal	chorui
An animal	chou
An animal	chouchou
An animal	chouda
An animal	chougenbou
An animal	choujuu
An animal	chourui
An animal	chouzame
An animal	chozame
An animal	dacho
An animal	dachou
An animal	daihayabusa
An animal	dainu
An animal	daireinin
An animal	daishojo
An animal	daishoujou
An animal	dakatsu
An animal	dakemono
An animal	dakku
An animal	dakkusufunto
An animal	dan
An animal	dangan
An animal	dani
An animal	danime
An animal	danito
An animal	dauma
An animal	deinonikusu
An animal	dendenmushi
An animal	denshobato
An animal	dingo
An animal	dipurodokusu
An animal	dobutsu
An animal	dodo
An animal	doggu
An animal	dojo
An animal	dojou
An animal	donbutsu
An animal	doodoo
An animal	doriru
An animal	dorufin
An animal	doubutsu
An animal	ebi
An animal	echiopia
An animal	ejiki
An animal	ejiputokobura
An animal	ekiba
An animal	ekinokokkusu
An animal	emono
An animal	emyu
An animal	emyuu
An animal	enhanabachi
An animal	enjimushi
An animal	enkorui
An animal	enkourui
An animal	enmakoorogi
An animal	enmakorogi
An animal	erando
An animal	erimakishigi
An animal	esukimoinu
An animal	esukimooinu
An animal	eteko
An animal	etekou
An animal	feretto
An animal	finchi
An animal	firaria
An animal	fisshu
An animal	fokkusu
An animal	fokkusuhaundo
An animal	fossa
An animal	fukukan
An animal	fukuro
An animal	fukuroarikui
An animal	fukuronezumi
An animal	fukurookami
An animal	fukuroookami
An animal	fukurou
An animal	fukusokurui
An animal	funakuimushi
An animal	furai
An animal	furamingo
An animal	furo
An animal	fusokurui
An animal	futaobichidori
An animal	fuurou
An animal	fuyushaku
An animal	gacho
An animal	gachou
An animal	gaichu
An animal	gaichuu
An animal	gakuto
An animal	gakutou
An animal	gan
An animal	ganda
An animal	gandaa
An animal	gangiei
An animal	garagarahebi
An animal	garagoka
An animal	garantori
An animal	gazeru
An animal	genchohai
An animal	genchouhai
An animal	gesshidobutsu
An animal	gesshidoubutsu
An animal	gesshirui
An animal	getsuharui
An animal	gini
An animal	ginii
An animal	ginpo
An animal	ginrin
An animal	gojukara
An animal	gojuukara
An animal	gokiburi
An animal	gomadaracho
An animal	gomadarachou
An animal	gondokujira
An animal	gondoukujira
An animal	gooraru
An animal	gooto
An animal	goraru
An animal	gorira
An animal	goshikidoriaka
An animal	goto
An animal	guanako
An animal	gunba
An animal	gunjin
An animal	gunsotsu
An animal	guppi
An animal	guppii
An animal	gurifon
An animal	gyochu
An animal	gyoryu
An animal	gyoryuu
An animal	gyouchuu
An animal	gyozoku
An animal	haatebiisuto
An animal	habachi
An animal	hachi
An animal	hachu
An animal	hachurui
An animal	hachuu
An animal	hachuurui
An animal	hadokku
An animal	hae
An animal	hagetaka
An animal	hagoromogarasu
An animal	hai
An animal	haiena
An animal	haigyo
An animal	haiirogan
An animal	haiiroguma
An animal	hairakkusu
An animal	hairogan
An animal	hairoguma
An animal	haishi
An animal	hajirami
An animal	hakkaibuta
An animal	hakofugu
An animal	hakucho
An animal	hakuchou
An animal	hakuni
An animal	hakunii
An animal	hamashigi
An animal	hamushi
An animal	hamushirui
An animal	hamusuta
An animal	hamusutaa
An animal	hanabachi
An animal	hanagondo
An animal	hanagondou
An animal	hanakuma
An animal	hanasuikozo
An animal	hanasuikozou
An animal	hanasuishi
An animal	hanatarashi
An animal	hanatarekozo
An animal	hanatarekozou
An animal	hanemushi
An animal	hanenuketori
An animal	hanpuko
An animal	hanpuuko
An animal	hansudobutsu
An animal	hansuudoubutsu
An animal	harimogura
An animal	harinezumi
An animal	hariunagi
An animal	hasamimushi
An animal	hashibiroko
An animal	hashibirokou
An animal	hata
An animal	hatahata
An animal	hataoritori
An animal	hatebisuto
An animal	hato
An animal	hatsukanezumi
An animal	haura
An animal	hayabusa
An animal	haze
An animal	hebi
An animal	hebitonbo
An animal	hei
An animal	heika
An animal	heishi
An animal	heitai
An animal	henachoko
An animal	henkeidobutsu
An animal	henkeidoubutsu
An animal	herajika
An animal	herasagi
An animal	herefodo
An animal	herefodotane
An animal	herefoodo
An animal	herefoodotane
An animal	hibari
An animal	hidora
An animal	hidorigamo
An animal	hidoromushirui
An animal	higemushi
An animal	higuma
An animal	hihi
An animal	hikin
An animal	hikoki
An animal	hikouki
An animal	hikuidori
An animal	himehajiro
An animal	himeji
An animal	himekondoru
An animal	himerenjaku
An animal	himeshijimiaka
An animal	himeumisuzume
An animal	hina
An animal	hinadori
An animal	hinatori
An animal	hinkei
An animal	hinmorui
An animal	hinmourui
An animal	hippo
An animal	hirame
An animal	hiromichi
An animal	hiru
An animal	hishokumono
An animal	hisui
An animal	hito
An animal	hitode
An animal	hitojirami
An animal	hitonomi
An animal	hitoriuranai
An animal	hitozoku
An animal	hitsuji
An animal	hiyokezarume
An animal	hizaragai
An animal	hobo
An animal	hoezaru
An animal	hoggu
An animal	hohai
An animal	homo
An animal	honyu
An animal	honyudobutsu
An animal	honyuu
An animal	honyuudoubutsu
An animal	horinezumi
An animal	hoshigarasu
An animal	hoshihajiro
An animal	hoshokumono
An animal	hotaru
An animal	hotate
An animal	hotatekai
An animal	houbou
An animal	houhai
An animal	hyakujuno
An animal	hyakujuunoou
An animal	hyo
An animal	hyomoncho
An animal	hyomushi
An animal	hyou
An animal	hyoumonchou
An animal	hyoumushi
An animal	iboinoshishi
An animal	ichifuki
An animal	iebae
An animal	iehae
An animal	ieroosurooto
An animal	ierosuroto
An animal	ieusagi
An animal	iga
An animal	iguana
An animal	iguanodon
An animal	iguru
An animal	iiguru
An animal	ika
An animal	ikanago
An animal	ikimono
An animal	ikkaku
An animal	imomushi
An animal	inago
An animal	inari
An animal	indori
An animal	ineko
An animal	inko
An animal	inoshishi
An animal	inoshishinoko
An animal	inpara
An animal	inshime
An animal	inu
An animal	inuji
An animal	inukadobutsu
An animal	inukadoubutsu
An animal	inuko
An animal	inukoro
An animal	iruka
An animal	isaki
An animal	ishimochi
An animal	isoginchaku
An animal	isuka
An animal	itachi
An animal	itachinezumi
An animal	itayakai
An animal	itomakiei
An animal	itome
An animal	iwahibarika
An animal	iwana
An animal	iwashi
An animal	jaga
An animal	jagaa
An animal	jaianto
An animal	jaiantopanda
An animal	jakkaru
An animal	jakonezumi
An animal	jakounezumi
An animal	jakuhai
An animal	jakuhaimono
An animal	jakumushi
An animal	jienetto
An animal	jimushi
An animal	jinrui
An animal	jirafu
An animal	joba
An animal	jochu
An animal	joou
An animal	jouba
An animal	jouchuu
An animal	juchiku
An animal	judan
An animal	jugan
An animal	jugon
An animal	juntane
An animal	juseiran
An animal	jushi
An animal	juuchiku
An animal	juudan
An animal	juugan
An animal	kaafu
An animal	kaakaa
An animal	kaba
An animal	kabeshirami
An animal	kabeshiramime
An animal	kachiku
An animal	kaeru
An animal	kafu
An animal	kagimushi
An animal	kai
An animal	kaibuta
An animal	kaichu
An animal	kaichuu
An animal	kaiinu
An animal	kaiko
An animal	kaiman
An animal	kaimen
An animal	kaimendobutsu
An animal	kaimendoubutsu
An animal	kainu
An animal	kairui
An animal	kaisho
An animal	kaishou
An animal	kaitsuburi
An animal	kaitsuburime
An animal	kajika
An animal	kaka
An animal	kakedashi
An animal	kakesu
An animal	kaki
An animal	kakko
An animal	kakkou
An animal	kakuitori
An animal	kamadomushikui
An animal	kamasu
An animal	kame
An animal	kamereon
An animal	kamikiri
An animal	kaminariryu
An animal	kaminariryuu
An animal	kamo
An animal	kamome
An animal	kanadagan
An animal	kanaria
An animal	kangaru
An animal	kangarunezumi
An animal	kangaruu
An animal	kangaruunezumi
An animal	kanhodobutsu
An animal	kanhodoubutsu
An animal	kani
An animal	kanimushi
An animal	kankeidobutsu
An animal	kankeidoubutsu
An animal	kaojirogan
An animal	kapibara
An animal	kara
An animal	karajishi
An animal	karakaru
An animal	karakuru
An animal	karakuuru
An animal	karasu
An animal	karei
An animal	kariinu
An animal	karinu
An animal	kasasagi
An animal	kashidori
An animal	kashokucho
An animal	kashokuchou
An animal	kasuku
An animal	katatsumuri
An animal	katsuo
An animal	katsuonoeboshi
An animal	kawagarasu
An animal	kawagera
An animal	kawahagi
An animal	kawarabato
An animal	kawasemi
An animal	kawauso
An animal	keagodobutsu
An animal	keagodoubutsu
An animal	keashima
An animal	keemanshoshima
An animal	keibo
An animal	keibou
An animal	keisatsuinu
An animal	kejirami
An animal	kejiramisho
An animal	kejiramishou
An animal	kemanshoshima
An animal	kemono
An animal	kemushi
An animal	kenagaitachi
An animal	kenmijinko
An animal	kenoaramono
An animal	kentanie
An animal	keshime
An animal	ketsuaaru
An animal	ketsuaru
An animal	kibashiri
An animal	kigisu
An animal	kihada
An animal	kiirosuzumega
An animal	kiiui
An animal	kiji
An animal	kimera
An animal	kinezumi
An animal	kingukobura
An animal	kingusaamon
An animal	kingusamon
An animal	kingyo
An animal	kinkaju
An animal	kinkajuu
An animal	kintori
An animal	kirigirisu
An animal	kirin
An animal	kirosuzumega
An animal	kitai
An animal	kitsune
An animal	kitsunezaru
An animal	kitsutsuki
An animal	kiui
An animal	koara
An animal	kobachi
An animal	kobansame
An animal	kobanzame
An animal	kobato
An animal	kobikiki
An animal	kobura
An animal	kobuta
An animal	kochi
An animal	kochiniiru
An animal	kochiniru
An animal	kocho
An animal	kochou
An animal	kochu
An animal	kohitsuji
An animal	koi
An animal	koika
An animal	koinu
An animal	kojaku
An animal	kokamo
An animal	kokemushi
An animal	kokkurochi
An animal	kokkuroochi
An animal	kokukujira
An animal	koma
An animal	komadori
An animal	komatsugumi
An animal	kometsukimushi
An animal	komori
An animal	komushi
An animal	konchu
An animal	konchuu
An animal	kondobutsu
An animal	kondoru
An animal	koneko
An animal	koni
An animal	konii
An animal	konohatori
An animal	koorogi
An animal	kori
An animal	korii
An animal	korobusu
An animal	korogi
An animal	koseidobutsu
An animal	koshi
An animal	kotodorika
An animal	kotori
An animal	kotsutaka
An animal	kouchuu
An animal	kouika
An animal	koujaku
An animal	kouma
An animal	koumori
An animal	koumushi
An animal	kouondoubutsu
An animal	kouseidoubutsu
An animal	koushi
An animal	koyagi
An animal	koyasukai
An animal	koyoote
An animal	koyote
An animal	kuagga
An animal	kudashi
An animal	kugui
An animal	kuiin
An animal	kuin
An animal	kujaku
An animal	kujakucho
An animal	kujakuchou
An animal	kujakunoosu
An animal	kujakunosu
An animal	kujira
An animal	kujirame
An animal	kuma
An animal	kumo
An animal	kumotsuna
An animal	kurage
An animal	kurinezumi
An animal	kuro
An animal	kurobotan
An animal	kurogamo
An animal	kurogutsuna
An animal	kurohae
An animal	kurokodairu
An animal	kuroshojo
An animal	kuroshoujou
An animal	kuroten
An animal	kurou
An animal	kushutsushi
An animal	kusukusu
An animal	kyameru
An animal	kyatto
An animal	kyojin
An animal	kyojoshigi
An animal	kyokan
An animal	kyoryu
An animal	kyoseiuma
An animal	kyoseiushi
An animal	kyosemi
An animal	kyosoba
An animal	kyoujoshigi
An animal	kyouryuu
An animal	kyousouba
An animal	kyuchu
An animal	kyukancho
An animal	kyuketsuki
An animal	kyusekaisaru
An animal	kyuuchuu
An animal	kyuukanchou
An animal	kyuuketsuki
An animal	kyuusekaisaru
An animal	maagei
An animal	maaji
An animal	maamosetto
An animal	maamotto
An animal	madani
An animal	madarashimi
An animal	madoimono
An animal	madomoazeru
An animal	madomowazeru
An animal	magamo
An animal	magei
An animal	maguro
An animal	mahiwa
An animal	maimai
An animal	maji
An animal	makaku
An animal	makigai
An animal	makkokujira
An animal	makkoukujira
An animal	makotodani
An animal	makushime
An animal	mamosetto
An animal	mamotto
An animal	manatei
An animal	manateii
An animal	manbo
An animal	manbou
An animal	mandoriru
An animal	mangabe
An animal	mangabee
An animal	mangabei
An animal	mangusu
An animal	manguusu
An animal	manki
An animal	mankii
An animal	manmosu
An animal	mantoriru
An animal	maruhanabachi
An animal	maruhanahachi
An animal	masu
An animal	masuchifu
An animal	masukuratto
An animal	masunosuke
An animal	masuteifu
An animal	masutodon
An animal	matsumushi
An animal	mausu
An animal	mebaru
An animal	medaka
An animal	medeyusa
An animal	medeyuusa
An animal	meganesaru
An animal	meguro
An animal	mehitsuji
An animal	meicho
An animal	meichou
An animal	meikinrui
An animal	meiusagi
An animal	mekajiki
An animal	mekuraunagi
An animal	mendori
An animal	menuke
An animal	menyo
An animal	menyou
An animal	merurusa
An animal	meruruusa
An animal	mesu
An animal	mesudori
An animal	mesuinu
An animal	mesuma
An animal	mesunokoma
An animal	mesunokouma
An animal	mesushi
An animal	mesutori
An animal	mesuuma
An animal	mesuushi
An animal	meushi
An animal	miakyatto
An animal	miiakyatto
An animal	miiruwaamu
An animal	mijinko
An animal	mimizu
An animal	minku
An animal	minokasago
An animal	miruwamu
An animal	misago
An animal	mishimaokoze
An animal	misosazai
An animal	mitsuanaguma
An animal	mitsubachi
An animal	miyakodori
An animal	miyakodorizoku
An animal	miyamagarasu
An animal	miyamakarasu
An animal	miyubishigi
An animal	mizunagidori
An animal	mizutori
An animal	moa
An animal	mogura
An animal	mokin
An animal	monki
An animal	monkii
An animal	monshirocho
An animal	monshirochou
An animal	moribato
An animal	moroko
An animal	morumotto
An animal	moukin
An animal	mozu
An animal	muguramochi
An animal	mukashitokage
An animal	mukudori
An animal	murukai
An animal	mushi
An animal	mushikera
An animal	musutangu
An animal	mutsugoro
An animal	mutsugorou
An animal	muurukai
An animal	myutanto
An animal	myuutanto
An animal	nadoashime
An animal	nagamushi
An animal	naganakikitori
An animal	naganakitori
An animal	nagasukujira
An animal	naichingeeru
An animal	naichingeru
An animal	naikodobutsu
An animal	naikoudoubutsu
An animal	nakihakucho
An animal	nakihakuchou
An animal	nakiusagi
An animal	namajuku
An animal	namakemono
An animal	namako
An animal	namaure
An animal	namazu
An animal	namekuji
An animal	namekujiuo
An animal	namihebi
An animal	nanfu
An animal	nantaidobutsu
An animal	nantaidoubutsu
An animal	natsugo
An animal	neko
An animal	nekokadobutsu
An animal	nekokadoubutsu
An animal	nekomanedori
An animal	nezumi
An animal	nezumiiruka
An animal	nezumiruka
An animal	nezuppo
An animal	nikugyu
An animal	nikugyuu
An animal	nimaikai
An animal	nin
An animal	ninfu
An animal	ningen
An animal	nisai
An animal	nisokudobutsu
An animal	nisokudoubutsu
An animal	niwatori
An animal	niwatsutori
An animal	noharatsugumi
An animal	nohitaki
An animal	nokogiriei
An animal	nomi
An animal	noriuma
An animal	nosagi
An animal	nosuri
An animal	nousagi
An animal	nutoria
An animal	nuu
An animal	nuutoria
An animal	nyannyan
An animal	nyugyu
An animal	nyunfe
An animal	nyushuji
An animal	nyuugyuu
An animal	nyuushuuji
An animal	nyuuyoutane
An animal	nyuuyouushi
An animal	nyuyotane
An animal	nyuyoushi
An animal	oanakonda
An animal	oban
An animal	ochibazai
An animal	oguchibasu
An animal	ohashi
An animal	ohitsuji
An animal	ohoshihajiro
An animal	oirimichi
An animal	ojirowashi
An animal	ojokaku
An animal	ojoukaku
An animal	okabamadara
An animal	okami
An animal	okamome
An animal	okapi
An animal	okiami
An animal	okojo
An animal	oma
An animal	omakizaru
An animal	omu
An animal	omugai
An animal	omukai
An animal	onagagamo
An animal	onagasaru
An animal	onagazame
An animal	ondori
An animal	oniitomakiei
An animal	onitomakiei
An animal	onogai
An animal	ooanakonda
An animal	ooban
An animal	ooguchibasu
An animal	oohashi
An animal	oohoshihajiro
An animal	ooirimichi
An animal	ookabamadara
An animal	ookami
An animal	ookamome
An animal	oonogai
An animal	oootoko
An animal	ooshirotori
An animal	oosutoritchi
An animal	ootaka
An animal	ootoko
An animal	ooyamaneko
An animal	opossamu
An animal	orikkusu
An animal	orochi
An animal	osakudobutsu
An animal	osakudoubutsu
An animal	osakurui
An animal	oserotto
An animal	oshaberi
An animal	oshi
An animal	oshika
An animal	oshirotori
An animal	osu
An animal	osubachi
An animal	osuhitsuji
An animal	osuma
An animal	osuneko
An animal	osuniwatori
An animal	osunokoma
An animal	osunokouma
An animal	osutoritchi
An animal	osuuma
An animal	otaka
An animal	otamajakushi
An animal	otamashakushi
An animal	otokoneko
An animal	ouma
An animal	oumu
An animal	oumugai
An animal	oumukai
An animal	oushi
An animal	oyamaneko
An animal	paachi
An animal	pachi
An animal	pagu
An animal	panda
An animal	papiyon
An animal	peesumeekaa
An animal	pekkari
An animal	pekkarii
An animal	pengin
An animal	perikan
An animal	pesumeka
An animal	petto
An animal	pihen
An animal	piihen
An animal	pirania
An animal	pirotei
An animal	pointa
An animal	pointaa
An animal	poni
An animal	ponii
An animal	ponpon
An animal	poppo
An animal	poriipu
An animal	poripu
An animal	pudoru
An animal	puma
An animal	puranaria
An animal	puranura
An animal	puronguhon
An animal	puronguhoon
An animal	puudoru
An animal	puuma
An animal	pyuma
An animal	pyuuma
An animal	raajimausubasu
An animal	raateru
An animal	raba
An animal	rabitto
An animal	raicho
An animal	raichou
An animal	raiga
An animal	raigaa
An animal	raion
An animal	rajimausubasu
An animal	raku
An animal	rakuda
An animal	rama
An animal	ramu
An animal	ranna
An animal	rannaa
An animal	rashamen
An animal	rateru
An animal	ratto
An animal	rea
An animal	reesaa
An animal	reiyo
An animal	reiyou
An animal	remingu
An animal	renjaku
An animal	reputokefarusu
An animal	resa
An animal	ressaapanda
An animal	ressapanda
An animal	rinkusu
An animal	risu
An animal	rizaado
An animal	rizado
An animal	roba
An animal	robusuta
An animal	robusutaa
An animal	rokudenashi
An animal	ron
An animal	ronguhon
An animal	ronguhoon
An animal	roon
An animal	rotte
An animal	ruki
An animal	ruukii
An animal	ryokemono
An animal	ryoken
An animal	ryoma
An animal	ryorinu
An animal	ryoseirui
An animal	ryoukemono
An animal	ryouken
An animal	ryouma
An animal	ryouriinu
An animal	ryouseirui
An animal	ryu
An animal	ryuma
An animal	ryuu
An animal	ryuuma
An animal	saabaru
An animal	saachaa
An animal	saadin
An animal	saamon
An animal	saba
An animal	sabaru
An animal	sacha
An animal	sadin
An animal	sai
An animal	saicho
An animal	saichou
An animal	sakana
An animal	sake
An animal	same
An animal	samon
An animal	sanadamushi
An animal	sanagi
An animal	sanagimushi
An animal	sango
An animal	sanji
An animal	sanma
An animal	sanshouo
An animal	sanshouuo
An animal	sanyochu
An animal	sanyouchuu
An animal	saoko
An animal	sarabureddo
An animal	saru
An animal	sarupa
An animal	sasagani
An animal	sashi
An animal	sasori
An animal	saya
An animal	seibutsu
An animal	seichu
An animal	seichuu
An animal	seikei
An animal	seiran
An animal	seitai
An animal	seitakako
An animal	seitakakou
An animal	seiuchi
An animal	sekirei
An animal	sekiseiinko
An animal	sekiseinko
An animal	semi
An animal	senchu
An animal	senchuu
An animal	senjukannon
An animal	senkeidobutsu
An animal	senkeidoubutsu
An animal	senshi
An animal	senuma
An animal	setta
An animal	settaa
An animal	shachi
An animal	shaddo
An animal	shaiya
An animal	shaiyaa
An animal	shake
An animal	shako
An animal	shamo
An animal	shamoa
An animal	shi
An animal	shiageko
An animal	shiagekou
An animal	shibireei
An animal	shibirei
An animal	shichimencho
An animal	shichimenchou
An animal	shiepaado
An animal	shiepado
An animal	shiirakansu
An animal	shiiru
An animal	shijimicho
An animal	shijimichou
An animal	shijukara
An animal	shijuukara
An animal	shika
An animal	shikuriddo
An animal	shimaaji
An animal	shimaji
An animal	shimauma
An animal	shime
An animal	shimi
An animal	shimushi
An animal	shinmae
An animal	shinmai
An animal	shirafuro
An animal	shirafurou
An animal	shirakansu
An animal	shirami
An animal	shirasagi
An animal	shiroari
An animal	shirobishin
An animal	shiru
An animal	shishi
An animal	shishidobutsu
An animal	shishidoubutsu
An animal	shisocho
An animal	shisochou
An animal	shojo
An animal	shojobae
An animal	shokin
An animal	shokukei
An animal	shorui
An animal	shoujou
An animal	shoujoubae
An animal	shoukin
An animal	shourui
An animal	shumokusame
An animal	shumokuzame
An animal	shunautsua
An animal	shunautsuaa
An animal	shunauza
An animal	shunauzaa
An animal	shuryochoju
An animal	shuryouchoujuu
An animal	shuryurui
An animal	shuryuurui
An animal	sodoteru
An animal	sojitsuhai
An animal	sokawa
An animal	soko
An animal	sokouo
An animal	soku
An animal	sokyurui
An animal	somushi
An animal	soodoteeru
An animal	sookawa
An animal	soshirui
An animal	sotondobutsu
An animal	sotoondoubutsu
An animal	soujitsuhai
An animal	souku
An animal	soukyuurui
An animal	soumushi
An animal	soushirui
An animal	suburingubokku
An animal	suigyu
An animal	suigyuu
An animal	sukanku
An animal	sukarappu
An animal	sukaroppu
An animal	suketotara
An animal	suketoutara
An animal	sukuriimaa
An animal	sukurima
An animal	sumeruto
An animal	sunabae
An animal	sunabashiri
An animal	sunanomi
An animal	suneeku
An animal	suneku
An animal	suniwatori
An animal	supaida
An animal	supaidaa
An animal	supanieru
An animal	suppon
An animal	suteiya
An animal	suteiyaa
An animal	suteppa
An animal	suwan
An animal	suzume
An animal	suzumebachi
An animal	suzumushi
An animal	taakii
An animal	taatorunekku
An animal	tageri
An animal	tahibari
An animal	tai
An animal	taida
An animal	taiga
An animal	taigaa
An animal	taigon
An animal	taiji
An animal	taimai
An animal	taipan
An animal	taka
An animal	takaragai
An animal	taki
An animal	tako
An animal	takuboku
An animal	tamabachi
An animal	tamabae
An animal	tamorui
An animal	tamourui
An animal	taneuma
An animal	taneushi
An animal	tanezumi
An animal	tanhorakuda
An animal	tanhourakuda
An animal	tankakushi
An animal	tankakuushi
An animal	tankodobutsu
An animal	tankoudoubutsu
An animal	tankyakurui
An animal	tanyumirui
An animal	tara
An animal	taranchura
An animal	tatehacho
An animal	tatehachou
An animal	tatorunekku
An animal	teiranosaurusu
An animal	teitei
An animal	teiusagi
An animal	tekodonto
An animal	ten
An animal	tenagaebi
An animal	tenagazaru
An animal	tendomushi
An animal	tendoumushi
An animal	tengukomori
An animal	tengukoumori
An animal	tenjikunezumi
An animal	tenma
An animal	tenrekku
An animal	teppodama
An animal	teppodan
An animal	teppotama
An animal	teppoudama
An animal	teppoudan
An animal	teppouo
An animal	teppoutama
An animal	teppouuo
An animal	teria
An animal	tetora
An animal	tobi
An animal	tobihaze
An animal	tobimushi
An animal	tobinezumi
An animal	togarinezumi
An animal	togeuo
An animal	tokage
An animal	tokagerui
An animal	tokei
An animal	tokiaka
An animal	tokobushi
An animal	tonakai
An animal	tonbo
An animal	tora
An animal	toraneko
An animal	tori
An animal	torikeratopusu
An animal	toriniku
An animal	torinoko
An animal	tosokurui
An animal	toto
An animal	toukei
An animal	tousokurui
An animal	tsubame
An animal	tsuchibotaru
An animal	tsuchibuta
An animal	tsuchihanmyo
An animal	tsuchihanmyou
An animal	tsuetsuehae
An animal	tsugumi
An animal	tsukatsukuri
An animal	tsukigenoma
An animal	tsukigenouma
An animal	tsuna
An animal	tsuru
An animal	tsuruashirui
An animal	tsurugiryu
An animal	tsurugiryuu
An animal	tsutsugamushi
An animal	uddochakku
An animal	uddopekka
An animal	uddopekkaa
An animal	uerupu
An animal	uji
An animal	ujimushi
An animal	uma
An animal	umame
An animal	umidori
An animal	umigarasu
An animal	umigumo
An animal	umikumo
An animal	umiogi
An animal	umiougi
An animal	umisasori
An animal	umitanago
An animal	umiushi
An animal	umiyuri
An animal	unagi
An animal	unjaku
An animal	uonbatto
An animal	uootaabakku
An animal	uotabakku
An animal	uotchidoggu
An animal	uragawa
An animal	uroko
An animal	urokuzu
An animal	urufu
An animal	urufuhaundo
An animal	usagi
An animal	usagiuma
An animal	ushi
An animal	ushiabu
An animal	ushigaeru
An animal	ushika
An animal	ushime
An animal	uso
An animal	utaite
An animal	utatsugumi
An animal	utsubo
An animal	utsusemi
An animal	uzura
An animal	waakaa
An animal	waamu
An animal	wafu
An animal	wafuu
An animal	waka
An animal	wakadori
An animal	wakazo
An animal	wakazou
An animal	wakuimono
An animal	wamu
An animal	wanchan
An animal	wanko
An animal	wanwan
An animal	wapichi
An animal	warabi
An animal	warabii
An animal	waraihisui
An animal	waraikamome
An animal	warajimushi
An animal	washi
An animal	wasupu
An animal	wataribattarui
An animal	watarigarasu
An animal	yabugara
An animal	yagi
An animal	yagyu
An animal	yagyuu
An animal	yakei
An animal	yaku
An animal	yamaarashi
An animal	yamabato
An animal	yamamayuito
An animal	yamane
An animal	yamaneko
An animal	yamarashi
An animal	yamashigi
An animal	yamausagi
An animal	yamazaru
An animal	yamori
An animal	yaseuma
An animal	yatomushi
An animal	yatoumushi
An animal	yatsugashira
An animal	yatsumeunagi
An animal	yochu
An animal	yojiuo
An animal	yokuryu
An animal	yokuryuu
An animal	yoroinezumi
An animal	yosei
An animal	yota
An animal	yotaka
An animal	yotakaka
An animal	yotsuashi
An animal	yotsuashirui
An animal	yotsumejika
An animal	youchuu
An animal	youjiuo
An animal	yousei
An animal	yubimusubi
An animal	yugyo
An animal	yukihojiro
An animal	yukihoojiro
An animal	yukihyo
An animal	yukihyou
An animal	yumemitori
An animal	yutaidobutsu
An animal	yutairui
An animal	yutsuke
An animal	yutsukeke
An animal	yutsukeketori
An animal	yutsuketori
An animal	yuugyo
An animal	yuutaidoubutsu
An animal	yuutairui
An animal	yuutsuke
An animal	yuutsukeke
An animal	yuutsukeketori
An animal	yuutsuketori
An animal	zakken
An animal	zarigani
An animal	zasshuinu
An animal	zatokujira
An animal	zatoukujira
An animal	zenmushi
An animal	zomushi
An animal	zosan
An animal	zou
An animal	zoumushi
An animal	zousan
An animal	zuaoatori
An animal	zuaohojiro
An animal	zuaohoojiro
An animal	zugaidobutsu
An animal	zugaidoubutsu
A mammal	aafenpinshaa
A mammal	afenpinsha
A mammal	aguchi
A mammal	aguuchi
A mammal	aiganinu
A mammal	akagesaru
A mammal	akagezaru
A mammal	akashika
A mammal	amerikabaison
A mammal	amerikayagyu
A mammal	amerikayagyuu
A mammal	ana
A mammal	anaguma
A mammal	anausagi
A mammal	anoa
A mammal	araiguma
A mammal	arihizumerui
A mammal	arikui
A mammal	arikuii
A mammal	arumajiro
A mammal	arupaka
A mammal	ashigenoma
A mammal	ashigenouma
A mammal	ashikaamoku
A mammal	ashikamoku
A mammal	baabariishiipu
A mammal	babarishipu
A mammal	babirusa
A mammal	baffaro
A mammal	baffaroo
A mammal	bahitsu
A mammal	baison
A mammal	baku
A mammal	banken
A mammal	basettohaundo
A mammal	biba
A mammal	bifaro
A mammal	biguru
A mammal	biibaa
A mammal	biifaroo
A mammal	biiguru
A mammal	binhame
A mammal	bintorongu
A mammal	bobukyatto
A mammal	bobuteeru
A mammal	bobuteru
A mammal	bokusa
A mammal	bokusaa
A mammal	bokuyoinu
A mammal	bokuyouinu
A mammal	bongo
A mammal	boruzoi
A mammal	bosekikikai
A mammal	bousekikikai
A mammal	buraddohaundo
A mammal	burudoggu
A mammal	busho
A mammal	bushou
A mammal	buta
A mammal	chauchau
A mammal	chiita
A mammal	chikurui
A mammal	chinchira
A mammal	chinkoro
A mammal	chinpanji
A mammal	chinpanjii
A mammal	chita
A mammal	dainu
A mammal	daireinin
A mammal	daishojo
A mammal	daishoujou
A mammal	dakkusufunto
A mammal	dauma
A mammal	dingo
A mammal	doggu
A mammal	doriru
A mammal	dorufin
A mammal	ekiba
A mammal	erando
A mammal	esukimoinu
A mammal	esukimooinu
A mammal	eteko
A mammal	etekou
A mammal	feretto
A mammal	fokkusu
A mammal	fokkusuhaundo
A mammal	fossa
A mammal	fukuroarikui
A mammal	fukuronezumi
A mammal	fukurookami
A mammal	fukuroookami
A mammal	furo
A mammal	fuurou
A mammal	garagoka
A mammal	gazeru
A mammal	gesshidobutsu
A mammal	gesshidoubutsu
A mammal	gesshirui
A mammal	getsuharui
A mammal	gondokujira
A mammal	gondoukujira
A mammal	gooraru
A mammal	gooto
A mammal	goraru
A mammal	gorira
A mammal	goto
A mammal	guanako
A mammal	gunba
A mammal	guramubunshi
A mammal	gurifon
A mammal	haatebiisuto
A mammal	haiena
A mammal	haiiroguma
A mammal	hairakkusu
A mammal	hairoguma
A mammal	hakkaibuta
A mammal	hakuni
A mammal	hakunii
A mammal	hamusuta
A mammal	hamusutaa
A mammal	hanagondo
A mammal	hanagondou
A mammal	hanakuma
A mammal	hansudobutsu
A mammal	hansuudoubutsu
A mammal	harimogura
A mammal	harinezumi
A mammal	hatebisuto
A mammal	hatsukanezumi
A mammal	haura
A mammal	herajika
A mammal	herefodo
A mammal	herefodotane
A mammal	herefoodo
A mammal	herefoodotane
A mammal	higuma
A mammal	hihi
A mammal	hippo
A mammal	hiromichi
A mammal	hito
A mammal	hitozoku
A mammal	hitsuji
A mammal	hiyokezarume
A mammal	hoezaru
A mammal	hoggu
A mammal	homo
A mammal	honyu
A mammal	honyudobutsu
A mammal	honyuu
A mammal	honyuudoubutsu
A mammal	horinezumi
A mammal	hyakujuno
A mammal	hyakujuunoou
A mammal	hyo
A mammal	hyou
A mammal	iboinoshishi
A mammal	ieusagi
A mammal	ikkaku
A mammal	inari
A mammal	indori
A mammal	inoshishi
A mammal	inoshishinoko
A mammal	inpara
A mammal	inu
A mammal	inuji
A mammal	inukadobutsu
A mammal	inukadoubutsu
A mammal	inuko
A mammal	inukoro
A mammal	iruka
A mammal	itachi
A mammal	itachinezumi
A mammal	jaga
A mammal	jagaa
A mammal	jaianto
A mammal	jaiantopanda
A mammal	jakkaru
A mammal	jakonezumi
A mammal	jakounezumi
A mammal	jienetto
A mammal	jinrui
A mammal	jirafu
A mammal	joba
A mammal	jouba
A mammal	jugon
A mammal	kaba
A mammal	kachiku
A mammal	kaibuta
A mammal	kaiinu
A mammal	kainu
A mammal	kaisho
A mammal	kaishou
A mammal	kakuitori
A mammal	kame
A mammal	kangaru
A mammal	kangarunezumi
A mammal	kangaruu
A mammal	kangaruunezumi
A mammal	kapibara
A mammal	karajishi
A mammal	karakaru
A mammal	karakuru
A mammal	karakuuru
A mammal	kariinu
A mammal	karinu
A mammal	kashokucho
A mammal	kashokuchou
A mammal	kawauso
A mammal	keibo
A mammal	keibou
A mammal	keisatsuinu
A mammal	kenagaitachi
A mammal	kentanie
A mammal	kinezumi
A mammal	kinkaju
A mammal	kinkajuu
A mammal	kirin
A mammal	kitsune
A mammal	kitsunezaru
A mammal	koara
A mammal	koinu
A mammal	kokukujira
A mammal	koma
A mammal	komori
A mammal	koneko
A mammal	koni
A mammal	konii
A mammal	kori
A mammal	korii
A mammal	korobusu
A mammal	kouma
A mammal	koumori
A mammal	koyagi
A mammal	koyoote
A mammal	koyote
A mammal	kuagga
A mammal	kujira
A mammal	kujirame
A mammal	kuma
A mammal	kurinezumi
A mammal	kurobotan
A mammal	kuroshojo
A mammal	kuroshoujou
A mammal	kuroten
A mammal	kusukusu
A mammal	kyameru
A mammal	kyatto
A mammal	kyojin
A mammal	kyokan
A mammal	kyoseiuma
A mammal	kyoseiushi
A mammal	kyosoba
A mammal	kyousouba
A mammal	kyusekaisaru
A mammal	kyuusekaisaru
A mammal	maagei
A mammal	maamosetto
A mammal	maamotto
A mammal	madoimono
A mammal	magei
A mammal	makaku
A mammal	makkokujira
A mammal	makkoukujira
A mammal	mamosetto
A mammal	mamotto
A mammal	manatei
A mammal	manateii
A mammal	mandoriru
A mammal	mangabe
A mammal	mangabee
A mammal	mangabei
A mammal	mangusu
A mammal	manguusu
A mammal	manki
A mammal	mankii
A mammal	manmosu
A mammal	mantoriru
A mammal	masuchifu
A mammal	masukuratto
A mammal	masuteifu
A mammal	masutodon
A mammal	mausu
A mammal	meganesaru
A mammal	mehitsuji
A mammal	meiusagi
A mammal	menyo
A mammal	menyou
A mammal	mesu
A mammal	mesuinu
A mammal	mesuma
A mammal	mesushi
A mammal	mesuuma
A mammal	mesuushi
A mammal	meushi
A mammal	miakyatto
A mammal	miiakyatto
A mammal	minku
A mammal	mitsuanaguma
A mammal	mogura
A mammal	monki
A mammal	monkii
A mammal	moru
A mammal	morumotto
A mammal	muguramochi
A mammal	musutangu
A mammal	nagasukujira
A mammal	nakiusagi
A mammal	namakemono
A mammal	neko
A mammal	nekokadobutsu
A mammal	nekokadoubutsu
A mammal	nezumi
A mammal	nezumiiruka
A mammal	nezumiruka
A mammal	nikugyu
A mammal	nikugyuu
A mammal	nin
A mammal	ningen
A mammal	noriuma
A mammal	nosagi
A mammal	nousagi
A mammal	nutoria
A mammal	nuu
A mammal	nuutoria
A mammal	nyannyan
A mammal	nyugyu
A mammal	nyuugyuu
A mammal	nyuuyoutane
A mammal	nyuuyouushi
A mammal	nyuyotane
A mammal	nyuyoushi
A mammal	ohitsuji
A mammal	oirimichi
A mammal	okami
A mammal	okapi
A mammal	okojo
A mammal	oma
A mammal	omakizaru
A mammal	onagasaru
A mammal	ooirimichi
A mammal	ookami
A mammal	oootoko
A mammal	ootoko
A mammal	ooyamaneko
A mammal	opossamu
A mammal	orikkusu
A mammal	oserotto
A mammal	oshi
A mammal	oshika
A mammal	osu
A mammal	osuhitsuji
A mammal	osuma
A mammal	osuneko
A mammal	osuuma
A mammal	otokoneko
A mammal	ouma
A mammal	oushi
A mammal	oyamaneko
A mammal	pagu
A mammal	panda
A mammal	papiyon
A mammal	peesumeekaa
A mammal	pekkari
A mammal	pekkarii
A mammal	pesumeka
A mammal	pointa
A mammal	pointaa
A mammal	poni
A mammal	ponii
A mammal	pudoru
A mammal	puma
A mammal	puronguhon
A mammal	puronguhoon
A mammal	puudoru
A mammal	puuma
A mammal	pyuma
A mammal	pyuuma
A mammal	raateru
A mammal	raba
A mammal	rabitto
A mammal	raiga
A mammal	raigaa
A mammal	raion
A mammal	rakuda
A mammal	rama
A mammal	rashamen
A mammal	rateru
A mammal	ratto
A mammal	reiyo
A mammal	reiyou
A mammal	remingu
A mammal	ressaapanda
A mammal	ressapanda
A mammal	rinkusu
A mammal	risu
A mammal	roba
A mammal	rokudenashi
A mammal	ron
A mammal	ronguhon
A mammal	ronguhoon
A mammal	roon
A mammal	ryoken
A mammal	ryoma
A mammal	ryorinu
A mammal	ryouken
A mammal	ryouma
A mammal	ryouriinu
A mammal	ryuma
A mammal	ryuuma
A mammal	saabaru
A mammal	sabaru
A mammal	sai
A mammal	saoko
A mammal	saru
A mammal	seiuchi
A mammal	senuma
A mammal	setta
A mammal	settaa
A mammal	shachi
A mammal	shaiya
A mammal	shaiyaa
A mammal	shamoa
A mammal	shiepaado
A mammal	shiepado
A mammal	shiiru
A mammal	shika
A mammal	shimauma
A mammal	shirobishin
A mammal	shiru
A mammal	shishi
A mammal	shojo
A mammal	shoujou
A mammal	shunautsua
A mammal	shunautsuaa
A mammal	shunauza
A mammal	shunauzaa
A mammal	sokawa
A mammal	soku
A mammal	sookawa
A mammal	souku
A mammal	suburingubokku
A mammal	suigyu
A mammal	suigyuu
A mammal	sukanku
A mammal	supanieru
A mammal	suteppa
A mammal	taida
A mammal	taiga
A mammal	taigaa
A mammal	taigon
A mammal	taneuma
A mammal	taneushi
A mammal	tanezumi
A mammal	tanhorakuda
A mammal	tanhourakuda
A mammal	tankakushi
A mammal	tankakuushi
A mammal	tankodobutsu
A mammal	tankoudoubutsu
A mammal	teitei
A mammal	teiusagi
A mammal	ten
A mammal	tenagazaru
A mammal	tengukomori
A mammal	tengukoumori
A mammal	tenjikunezumi
A mammal	tenma
A mammal	tenrekku
A mammal	teria
A mammal	tobinezumi
A mammal	togarinezumi
A mammal	tonakai
A mammal	tora
A mammal	toraneko
A mammal	tsuchibuta
A mammal	tsukigenoma
A mammal	tsukigenouma
A mammal	uddochakku
A mammal	uma
A mammal	umame
A mammal	umiushi
A mammal	uonbatto
A mammal	uootaabakku
A mammal	uotabakku
A mammal	uotchidoggu
A mammal	uragawa
A mammal	urufu
A mammal	urufuhaundo
A mammal	usagi
A mammal	usagiuma
A mammal	ushi
A mammal	ushika
A mammal	ushime
A mammal	wakuimono
A mammal	wanchan
A mammal	wanko
A mammal	wanwan
A mammal	wapichi
A mammal	warabi
A mammal	warabii
A mammal	yagi
A mammal	yagyu
A mammal	yagyuu
A mammal	yaku
A mammal	yamaarashi
A mammal	yamane
A mammal	yamaneko
A mammal	yamarashi
A mammal	yamausagi
A mammal	yamazaru
A mammal	yaseuma
A mammal	yoroinezumi
A mammal	yota
A mammal	yotsumejika
A mammal	yubimusubi
A mammal	yugyo
A mammal	yukihyo
A mammal	yukihyou
A mammal	yutaidobutsu
A mammal	yutairui
A mammal	yuugyo
A mammal	yuutaidoubutsu
A mammal	yuutairui
A mammal	zakken
A mammal	zasshuinu
A mammal	zatokujira
A mammal	zatoukujira
A mammal	zosan
A mammal	zou
A mammal	zousan
A reptile or amphibian	ahorootoru
A reptile or amphibian	ahorotoru
A reptile or amphibian	akagaeruka
A reptile or amphibian	akamikame
A reptile or amphibian	akaumigame
A reptile or amphibian	anakonda
A reptile or amphibian	ankirosaurusu
A reptile or amphibian	arigeetaa
A reptile or amphibian	arigeta
A reptile or amphibian	arosaurusu
A reptile or amphibian	ashinashiimori
A reptile or amphibian	ashinashimori
A reptile or amphibian	bashirisuku
A reptile or amphibian	boa
A reptile or amphibian	choda
A reptile or amphibian	chouda
A reptile or amphibian	dakatsu
A reptile or amphibian	deinonikusu
A reptile or amphibian	dipurodokusu
A reptile or amphibian	ebi
A reptile or amphibian	ejiputokobura
A reptile or amphibian	garagarahebi
A reptile or amphibian	gyoryu
A reptile or amphibian	gyoryuu
A reptile or amphibian	hachu
A reptile or amphibian	hachurui
A reptile or amphibian	hachuu
A reptile or amphibian	hachuurui
A reptile or amphibian	hamushirui
A reptile or amphibian	hebi
A reptile or amphibian	iguana
A reptile or amphibian	iguanodon
A reptile or amphibian	kaeru
A reptile or amphibian	kaiman
A reptile or amphibian	kame
A reptile or amphibian	kamereon
A reptile or amphibian	kaminariryu
A reptile or amphibian	kaminariryuu
A reptile or amphibian	keemanshoshima
A reptile or amphibian	kemanshoshima
A reptile or amphibian	kingukobura
A reptile or amphibian	kobura
A reptile or amphibian	kurogutsuna
A reptile or amphibian	kurokodairu
A reptile or amphibian	kyoryu
A reptile or amphibian	kyouryuu
A reptile or amphibian	minita
A reptile or amphibian	minitaa
A reptile or amphibian	monita
A reptile or amphibian	monitaa
A reptile or amphibian	mukashitokage
A reptile or amphibian	nagamushi
A reptile or amphibian	namihebi
A reptile or amphibian	oanakonda
A reptile or amphibian	ojokaku
A reptile or amphibian	ojoukaku
A reptile or amphibian	ooanakonda
A reptile or amphibian	orochi
A reptile or amphibian	otamajakushi
A reptile or amphibian	otamashakushi
A reptile or amphibian	raku
A reptile or amphibian	reesaa
A reptile or amphibian	resa
A reptile or amphibian	rizaado
A reptile or amphibian	rizado
A reptile or amphibian	ryoseirui
A reptile or amphibian	ryouseirui
A reptile or amphibian	ryu
A reptile or amphibian	ryuu
A reptile or amphibian	sanshouo
A reptile or amphibian	sanshouuo
A reptile or amphibian	shuryurui
A reptile or amphibian	shuryuurui
A reptile or amphibian	sokyurui
A reptile or amphibian	soukyuurui
A reptile or amphibian	suneeku
A reptile or amphibian	suneku
A reptile or amphibian	suppon
A reptile or amphibian	taatorunekku
A reptile or amphibian	taimai
A reptile or amphibian	taipan
A reptile or amphibian	tanyumirui
A reptile or amphibian	tatorunekku
A reptile or amphibian	teiranosaurusu
A reptile or amphibian	tekodonto
A reptile or amphibian	tokage
A reptile or amphibian	tokagerui
A reptile or amphibian	torikeratopusu
A reptile or amphibian	tsurugiryu
A reptile or amphibian	tsurugiryuu
A reptile or amphibian	ushigaeru
A reptile or amphibian	yamori
A reptile or amphibian	yokuryu
A reptile or amphibian	yokuryuu
A vehicle	abangarudo
A vehicle	abangyarudo
A vehicle	amibune
A vehicle	arawashi
A vehicle	avangarudo
A vehicle	avangyarudo
A vehicle	baaku
A vehicle	bagi
A vehicle	bagii
A vehicle	baiku
A vehicle	baku
A vehicle	bakugekiki
A vehicle	ban
A vehicle	bandowagon
A vehicle	bariki
A vehicle	barun
A vehicle	baruun
A vehicle	basha
A vehicle	bashatetsudo
A vehicle	bashatetsudou
A vehicle	basu
A vehicle	batteera
A vehicle	battera
A vehicle	bebibagi
A vehicle	bebiibagii
A vehicle	bebiikaa
A vehicle	bebika
A vehicle	bobusure
A vehicle	bobusuree
A vehicle	booto
A vehicle	boto
A vehicle	buriggu
A vehicle	burudooza
A vehicle	burudoozaa
A vehicle	burudoza
A vehicle	butchouzura
A vehicle	butchozura
A vehicle	byuffeka
A vehicle	byuffekaa
A vehicle	chari
A vehicle	charinko
A vehicle	chariotto
A vehicle	chikatetsu
A vehicle	choki
A vehicle	chokifune
A vehicle	daburudekka
A vehicle	daburudekkaa
A vehicle	daisha
A vehicle	danpu
A vehicle	danpuka
A vehicle	danpukaa
A vehicle	danpukuruma
A vehicle	danputorakku
A vehicle	daufune
A vehicle	denkijidosha
A vehicle	denkijidousha
A vehicle	densha
A vehicle	dingi
A vehicle	dingii
A vehicle	doron
A vehicle	doroon
A vehicle	doudorubagu
A vehicle	douudourubagu
A vehicle	eabasu
A vehicle	eaka
A vehicle	eakaa
A vehicle	eakurafuto
A vehicle	eapureen
A vehicle	eapurein
A vehicle	eapuren
A vehicle	eisen
A vehicle	ekibasha
A vehicle	entaku
A vehicle	faita
A vehicle	faitaa
A vehicle	fanjietto
A vehicle	feri
A vehicle	feriboto
A vehicle	ferii
A vehicle	feriibooto
A vehicle	fokurifuto
A vehicle	fookurifuto
A vehicle	fukuyoki
A vehicle	fukuyouki
A vehicle	fukuza
A vehicle	funato
A vehicle	fune
A vehicle	funefune
A vehicle	fusen
A vehicle	futakuruma
A vehicle	futeikifune
A vehicle	fuusen
A vehicle	gareonfune
A vehicle	geigekiki
A vehicle	gensen
A vehicle	gigu
A vehicle	ginrin
A vehicle	ginyoku
A vehicle	gissha
A vehicle	gondora
A vehicle	gososha
A vehicle	gosousha
A vehicle	gunkan
A vehicle	gunyoki
A vehicle	gunyouki
A vehicle	guraida
A vehicle	guraidaa
A vehicle	haadotoppu
A vehicle	hadotoppu
A vehicle	haidoropureen
A vehicle	haidoropuren
A vehicle	haisen
A vehicle	haitaku
A vehicle	hakomakuruma
A vehicle	hakoumakuruma
A vehicle	hakuni
A vehicle	hakunii
A vehicle	handokaato
A vehicle	handokato
A vehicle	hansamukyabu
A vehicle	hansen
A vehicle	hashike
A vehicle	hatchibakku
A vehicle	heddo
A vehicle	heisen
A vehicle	henshu
A vehicle	henshuu
A vehicle	heri
A vehicle	herikoputa
A vehicle	herikoputaa
A vehicle	hikifune
A vehicle	hikoki
A vehicle	hikosen
A vehicle	hikouki
A vehicle	hikousen
A vehicle	hirazoko
A vehicle	hirazokofune
A vehicle	hobaakurafuto
A vehicle	hobakurafuto
A vehicle	hogeisen
A vehicle	hokan
A vehicle	hosha
A vehicle	houkan
A vehicle	housha
A vehicle	houyoku
A vehicle	hoyoku
A vehicle	ichirinkuruma
A vehicle	idotoshokan
A vehicle	idoutoshokan
A vehicle	ikada
A vehicle	ikusabune
A vehicle	inabune
A vehicle	inafune
A vehicle	inuzori
A vehicle	jidojitensha
A vehicle	jidonirinsha
A vehicle	jidosha
A vehicle	jidoujitensha
A vehicle	jidounirinsha
A vehicle	jidousha
A vehicle	jietto
A vehicle	jiettoki
A vehicle	jiipu
A vehicle	jinrikisha
A vehicle	jipu
A vehicle	jitensha
A vehicle	joki
A vehicle	jokifune
A vehicle	jokisen
A vehicle	josetsusha
A vehicle	jouki
A vehicle	joukifune
A vehicle	joukisen
A vehicle	jouyo
A vehicle	jouyousha
A vehicle	joyo
A vehicle	joyosha
A vehicle	junyokan
A vehicle	junyoukan
A vehicle	kaa
A vehicle	kaato
A vehicle	kaburiore
A vehicle	kaizoku
A vehicle	kaizokusen
A vehicle	kakakifune
A vehicle	kakusakudo
A vehicle	kakuusakudou
A vehicle	kamotsuressha
A vehicle	kamotsusen
A vehicle	kanu
A vehicle	kanuu
A vehicle	kapuseru
A vehicle	karabune
A vehicle	kasha
A vehicle	kato
A vehicle	katokorofune
A vehicle	katta
A vehicle	kattaa
A vehicle	kayakku
A vehicle	kayoifune
A vehicle	keburuka
A vehicle	keeburukaa
A vehicle	keikitama
A vehicle	kenketsusha
A vehicle	ketchi
A vehicle	kikan
A vehicle	kikansha
A vehicle	kikyu
A vehicle	kikyuu
A vehicle	kisen
A vehicle	kisha
A vehicle	kitei
A vehicle	kitsuensha
A vehicle	kobune
A vehicle	kogatabooto
A vehicle	kogataboto
A vehicle	kogatajidosha
A vehicle	kogatajidousha
A vehicle	kogatasha
A vehicle	kogekiki
A vehicle	kokubokan
A vehicle	kokuki
A vehicle	konbaachiburu
A vehicle	konbaateiburu
A vehicle	konbachiburu
A vehicle	konbateiburu
A vehicle	konpakutoka
A vehicle	konpakutokaa
A vehicle	kontenafune
A vehicle	konvaateiburu
A vehicle	konvateiburu
A vehicle	korifune
A vehicle	korubetto
A vehicle	koseifune
A vehicle	kougekiki
A vehicle	koukuubokan
A vehicle	koukuuki
A vehicle	kouseifune
A vehicle	kouwashi
A vehicle	kowashi
A vehicle	kubo
A vehicle	kuchikukan
A vehicle	kupe
A vehicle	kurifune
A vehicle	kurippa
A vehicle	kurippaa
A vehicle	kuruma
A vehicle	kuubo
A vehicle	kuupe
A vehicle	kyakusha
A vehicle	kyanpa
A vehicle	kyanpaa
A vehicle	kyaraban
A vehicle	kyariaka
A vehicle	kyariakaa
A vehicle	kyatapira
A vehicle	kyatto
A vehicle	kyokyakufune
A vehicle	kyoukyakufune
A vehicle	kyukyusha
A vehicle	kyumeiboto
A vehicle	kyuukyuusha
A vehicle	kyuumeibooto
A vehicle	kyuuyufune
A vehicle	kyuuyukan
A vehicle	kyuyufune
A vehicle	kyuyukan
A vehicle	marukifune
A vehicle	marutafune
A vehicle	metoro
A vehicle	minibaiku
A vehicle	minikyabu
A vehicle	misairu
A vehicle	modo
A vehicle	moopeddo
A vehicle	mootaabaiku
A vehicle	mootaabiikuru
A vehicle	mootaabooto
A vehicle	mootaahoomu
A vehicle	mootaakaa
A vehicle	mootaasaikuru
A vehicle	mopeddo
A vehicle	motabaiku
A vehicle	motabikuru
A vehicle	motaboto
A vehicle	motahomu
A vehicle	motaka
A vehicle	motasaikuru
A vehicle	moudou
A vehicle	mugaikasha
A vehicle	nanpasen
A vehicle	nibasha
A vehicle	nibune
A vehicle	niguruma
A vehicle	nikaidatebasu
A vehicle	nirin
A vehicle	noriai
A vehicle	noriaibasha
A vehicle	noriaifune
A vehicle	noriaii
A vehicle	noriaijidosha
A vehicle	noriaijidousha
A vehicle	norimono
A vehicle	nyuuebu
A vehicle	nyuueibu
A vehicle	nyuuevu
A vehicle	nyuuueebu
A vehicle	nyuuueevu
A vehicle	nyuuueibu
A vehicle	obune
A vehicle	ochayouwagon
A vehicle	ochayowagon
A vehicle	ogatahashike
A vehicle	omunibasu
A vehicle	onborokuruma
A vehicle	onisoputa
A vehicle	oogatahashike
A vehicle	oonisoputaa
A vehicle	oopun
A vehicle	oopunkaa
A vehicle	ootobai
A vehicle	ootojairo
A vehicle	ootomobiru
A vehicle	ootomoobiru
A vehicle	opun
A vehicle	opunka
A vehicle	otobai
A vehicle	otojairo
A vehicle	otomobiru
A vehicle	panto
A vehicle	patoka
A vehicle	patokaa
A vehicle	patoroorukaa
A vehicle	patororuka
A vehicle	pike
A vehicle	pikkuappu
A vehicle	pokettobaiku
A vehicle	pontsun
A vehicle	pontsuun
A vehicle	puroppujietto
A vehicle	purukubogen
A vehicle	puruukuboogen
A vehicle	pusshukaato
A vehicle	pusshukato
A vehicle	rafuto
A vehicle	raifubooto
A vehicle	raifuboto
A vehicle	ranchi
A vehicle	reeshingukaa
A vehicle	reeshinguyotto
A vehicle	reesutei
A vehicle	reikyusha
A vehicle	reikyuusha
A vehicle	rekka
A vehicle	rekkaa
A vehicle	rekkaakuruma
A vehicle	rekkakuruma
A vehicle	renrakufune
A vehicle	renrakusen
A vehicle	reshinguka
A vehicle	reshinguyotto
A vehicle	ressha
A vehicle	resutei
A vehicle	rigu
A vehicle	rikisha
A vehicle	rimujiin
A vehicle	rimujin
A vehicle	roda
A vehicle	rodorora
A vehicle	roketto
A vehicle	rokettodan
A vehicle	romendensha
A vehicle	roodaa
A vehicle	roodorooraa
A vehicle	ryuju
A vehicle	ryuuju
A vehicle	sabue
A vehicle	sabumarin
A vehicle	sabuuee
A vehicle	saihyofune
A vehicle	saihyoufune
A vehicle	saikuru
A vehicle	sandankaisen
A vehicle	sanita
A vehicle	sanrinsha
A vehicle	sarun
A vehicle	saruun
A vehicle	sedan
A vehicle	seiki
A vehicle	sekisaikuruma
A vehicle	sengai
A vehicle	senkan
A vehicle	senkotei
A vehicle	senkoutei
A vehicle	senpaku
A vehicle	senpuku
A vehicle	sensha
A vehicle	sensuikan
A vehicle	sensuitei
A vehicle	sentoki
A vehicle	sentouki
A vehicle	shaba
A vehicle	shaga
A vehicle	shariki
A vehicle	sharyo
A vehicle	sharyou
A vehicle	shatorukokku
A vehicle	shiageko
A vehicle	shiagekou
A vehicle	shiden
A vehicle	shieru
A vehicle	shigaidensha
A vehicle	shindaisha
A vehicle	shinkansen
A vehicle	shippu
A vehicle	shobotei
A vehicle	shoboto
A vehicle	shokudosha
A vehicle	shokudousha
A vehicle	shoobooto
A vehicle	shosen
A vehicle	shouboutei
A vehicle	shousen
A vehicle	shunsetsufune
A vehicle	shutei
A vehicle	shuutei
A vehicle	sogekihei
A vehicle	sokaitei
A vehicle	soko
A vehicle	sorarofune
A vehicle	sori
A vehicle	soukaitei
A vehicle	soukou
A vehicle	suichuuyokusen
A vehicle	suichuyokusen
A vehicle	suijohikoki
A vehicle	suijoki
A vehicle	suijouhikouki
A vehicle	suijouki
A vehicle	sukaru
A vehicle	sukeetoboodo
A vehicle	suketobodo
A vehicle	sukuna
A vehicle	sukuta
A vehicle	sukuunaa
A vehicle	sukuuta
A vehicle	sukuutaa
A vehicle	sumakku
A vehicle	sunomobiru
A vehicle	sunoomoobiru
A vehicle	supatanka
A vehicle	surupu
A vehicle	suruupu
A vehicle	suteeshonwagon
A vehicle	suteishonwagon
A vehicle	suteshonwagon
A vehicle	sutoriitokaa
A vehicle	sutoritoka
A vehicle	suupaatankaa
A vehicle	suv
A vehicle	taabopuroppu
A vehicle	tabopuroppu
A vehicle	tagu
A vehicle	tagubooto
A vehicle	taguboto
A vehicle	taikara
A vehicle	taikaraa
A vehicle	taisho
A vehicle	taishou
A vehicle	takasefune
A vehicle	takushi
A vehicle	takushii
A vehicle	tanka
A vehicle	tankaa
A vehicle	tanku
A vehicle	tankukuruma
A vehicle	tansha
A vehicle	tansuikuruma
A vehicle	tantei
A vehicle	tanyoki
A vehicle	tanyouki
A vehicle	teguruma
A vehicle	tei
A vehicle	teiiwagon
A vehicle	teikifune
A vehicle	teiwagon
A vehicle	tenmafune
A vehicle	teoshikuruma
A vehicle	tessen
A vehicle	tetsudobasha
A vehicle	tetsudoubasha
A vehicle	tobogan
A vehicle	todaifune
A vehicle	toden
A vehicle	tokkoki
A vehicle	tokkouki
A vehicle	tokusha
A vehicle	toppoi
A vehicle	toraishikuru
A vehicle	torakku
A vehicle	torakuta
A vehicle	torakutaa
A vehicle	toreeraa
A vehicle	toreeraahausu
A vehicle	toreeraaheddo
A vehicle	toreerubaiku
A vehicle	torera
A vehicle	torerahausu
A vehicle	toreraheddo
A vehicle	torerubaiku
A vehicle	torimaran
A vehicle	toroika
A vehicle	toroorufune
A vehicle	torori
A vehicle	tororii
A vehicle	tororufune
A vehicle	tosen
A vehicle	toshu
A vehicle	toshuu
A vehicle	toudaifune
A vehicle	tsujijidosha
A vehicle	tsujijidousha
A vehicle	tsukindensha
A vehicle	tsukinressha
A vehicle	tsuringuka
A vehicle	tsusen
A vehicle	tsuukindensha
A vehicle	tsuukinressha
A vehicle	tsuuringukaa
A vehicle	tsuusen
A vehicle	ubaguruma
A vehicle	ubakuruma
A vehicle	uchukapuseru
A vehicle	uchusen
A vehicle	uchuukapuseru
A vehicle	uchuusen
A vehicle	ukigi
A vehicle	ukiki
A vehicle	unpanfune
A vehicle	unpankuruma
A vehicle	unsofune
A vehicle	unsoufune
A vehicle	uootaakurafuto
A vehicle	uotakurafuto
A vehicle	van
A vehicle	wagon
A vehicle	wanbokkusuka
A vehicle	wanbokkusukaa
A vehicle	wataku
A vehicle	watari
A vehicle	watarifune
A vehicle	watashi
A vehicle	watashibune
A vehicle	watashifune
A vehicle	yogekiki
A vehicle	yonrinsha
A vehicle	yotto
A vehicle	yougekiki
A vehicle	yubinfune
A vehicle	yuboto
A vehicle	yugaikasha
A vehicle	yugaikuruma
A vehicle	yuransen
A vehicle	yusen
A vehicle	yusofune
A vehicle	yusoufune
A vehicle	yuubinfune
A vehicle	yuubooto
A vehicle	yuugaikasha
A vehicle	yuugaikuruma
A vehicle	yuuransen
A vehicle	yuusen
A vehicle	zangai
A tree	aamondo
A tree	aburagiri
A tree	akashia
A tree	amondo
A tree	anzu
A tree	asshu
A tree	asupen
A tree	avokado
A tree	azusa
A tree	banana
A tree	banananoki
A tree	banjiro
A tree	banjirou
A tree	banshiroyuzu
A tree	baobabu
A tree	barusa
A tree	benimikan
A tree	berugamotto
A tree	biwa
A tree	bodaiju
A tree	bonsai
A tree	buna
A tree	burakkujakku
A tree	bushukan
A tree	byakushin
A tree	chiiku
A tree	chiku
A tree	choji
A tree	chojinoki
A tree	chouji
A tree	choujinoki
A tree	chuingamunoki
A tree	chuuingamunoki
A tree	daidai
A tree	dorian
A tree	enoki
A tree	erumu
A tree	ezomatsu
A tree	fuji
A tree	gekkeiju
A tree	gindoro
A tree	gomunoki
A tree	guaba
A tree	hai
A tree	haikara
A tree	hannoki
A tree	haramitsu
A tree	hashibami
A tree	hatankyo
A tree	hatankyou
A tree	hento
A tree	hentou
A tree	hikkori
A tree	hikkorii
A tree	himarayasugi
A tree	hirate
A tree	hoboku
A tree	hououboku
A tree	hyuganatsu
A tree	hyuuganatsu
A tree	ichi
A tree	ichii
A tree	ichijiku
A tree	icho
A tree	ichoki
A tree	ichou
A tree	ichouki
A tree	inagomame
A tree	itosugi
A tree	jumoku
A tree	kaba
A tree	kaede
A tree	kaibun
A tree	kakao
A tree	kaki
A tree	karajongu
A tree	karamatsu
A tree	karasuki
A tree	karetachigi
A tree	karetachiki
A tree	kashi
A tree	kashu
A tree	kashuu
A tree	kawayanagi
A tree	kibai
A tree	kiku
A tree	kinkan
A tree	kohinoki
A tree	koji
A tree	kokoyashi
A tree	kokutan
A tree	koohiinoki
A tree	koora
A tree	kora
A tree	kouji
A tree	kouyou
A tree	koyo
A tree	kukui
A tree	kunugi
A tree	kurenaimikan
A tree	kuri
A tree	kurobu
A tree	kurodan
A tree	kurogashi
A tree	kuroobu
A tree	kuroovu
A tree	kurovu
A tree	kurumi
A tree	kuwa
A tree	kyashi
A tree	kyashii
A tree	mahogani
A tree	mahoganii
A tree	makadamia
A tree	makkuro
A tree	mandarin
A tree	mango
A tree	mangoo
A tree	mangosuchin
A tree	mangurobu
A tree	manguroobu
A tree	mari
A tree	marii
A tree	maronie
A tree	marumero
A tree	matsu
A tree	matsuka
A tree	matsukuro
A tree	metasekoia
A tree	mikan
A tree	mizuki
A tree	momi
A tree	momiji
A tree	momo
A tree	mukuroji
A tree	muyuki
A tree	muyuuki
A tree	naegi
A tree	nanakamado
A tree	nara
A tree	natsumegu
A tree	nekutarin
A tree	nire
A tree	nireka
A tree	niwaurushi
A tree	okazeko
A tree	oku
A tree	okuzai
A tree	ookazeko
A tree	ooku
A tree	ookuzai
A tree	oorusupaisu
A tree	orenji
A tree	oribu
A tree	oriibu
A tree	orusupaisu
A tree	pannoki
A tree	panya
A tree	papaiya
A tree	pekan
A tree	pepaaminto
A tree	pepaminto
A tree	pisutachio
A tree	popura
A tree	raimu
A tree	ranbutan
A tree	ranbuutan
A tree	reishi
A tree	remon
A tree	rinboku
A tree	ringo
A tree	ringonoki
A tree	rogguddonoki
A tree	rogguuddonoki
A tree	rooreru
A tree	roreru
A tree	ryugan
A tree	ryuugan
A tree	sakura
A tree	sanba
A tree	sapojira
A tree	sassafurasu
A tree	satouyashi
A tree	satoyashi
A tree	seiboku
A tree	seiyomizakura
A tree	seiyonashi
A tree	seiyoshin
A tree	seiyoumizakura
A tree	seiyounashi
A tree	seiyoushin
A tree	sekoia
A tree	sendan
A tree	shi
A tree	shii
A tree	shikai
A tree	shikkoku
A tree	shinanoki
A tree	shinazai
A tree	shinju
A tree	shinyoju
A tree	shinyouju
A tree	sho
A tree	shochu
A tree	shou
A tree	shouchuu
A tree	shuku
A tree	shukuki
A tree	shusho
A tree	shushou
A tree	suhyo
A tree	sutorofurusu
A tree	suuhyou
A tree	suzukakenoki
A tree	takagi
A tree	take
A tree	takonoki
A tree	takonokika
A tree	tamarindo
A tree	teiji
A tree	tennenki
A tree	tenochi
A tree	tenohara
A tree	tenohira
A tree	tenonai
A tree	tenouchi
A tree	tesoko
A tree	tochi
A tree	tochinoki
A tree	toneriko
A tree	tou
A tree	tsuri
A tree	tsurii
A tree	ume
A tree	unshumikan
A tree	unshuumikan
A tree	wakagi
A tree	yamamomo
A tree	yanagi
A tree	yanaginoki
A tree	yashi
A tree	yashika
A tree	yukari
A tree	yukarinoki
A tree	yuukari
A tree	yuukarinoki
A tree	zabon
A tree	zakuro
A tree	zuhan
A tree	zuhyo
A tree	zuhyou
A tree	zukei
A tree	zushiki
A flower	ageraatamu
A flower	ageratamu
A flower	airisu
A flower	ajisai
A flower	akikusanohana
A flower	ametsuchi
A flower	anemone
A flower	aodama
A flower	asuta
A flower	asutaa
A flower	ayame
A flower	azarea
A flower	baabena
A flower	babena
A flower	baioretto
A flower	banbutsu
A flower	banda
A flower	banira
A flower	banyu
A flower	banyuu
A flower	bara
A flower	begonia
A flower	begoniya
A flower	berubeenu
A flower	berubenu
A flower	bijosakura
A flower	botan
A flower	bugenbiria
A flower	burossamu
A flower	buugenbiria
A flower	chidorikusa
A flower	chuberozu
A flower	churippu
A flower	chuuberoozu
A flower	chuurippu
A flower	daiuchu
A flower	daiuchuu
A flower	dansankajo
A flower	daria
A flower	deejii
A flower	deji
A flower	ederuwaisu
A flower	eederuwaisu
A flower	ensuikajo
A flower	fuji
A flower	fukamikusa
A flower	furansugiku
A flower	furawa
A flower	furawaa
A flower	furiijia
A flower	furijia
A flower	fushinko
A flower	fuushinko
A flower	fuyo
A flower	fuyou
A flower	gazania
A flower	gurajiorasu
A flower	guu
A flower	gyoryumodoki
A flower	gyoryuumodoki
A flower	haejigoku
A flower	hahakogusa
A flower	hana
A flower	hanashobu
A flower	hanashoubu
A flower	hasu
A flower	heza
A flower	hezaa
A flower	hienkusa
A flower	hienso
A flower	hiensou
A flower	himawari
A flower	hinagiku
A flower	hiyashinsu
A flower	hoteiran
A flower	hyakunichikusa
A flower	hyakunichiso
A flower	hyakunichisou
A flower	ibuki
A flower	ichihatsu
A flower	ichiyakuso
A flower	ichiyakusou
A flower	inkunshi
A flower	ishiimo
A flower	ishimo
A flower	itokuri
A flower	itoso
A flower	itosou
A flower	iwauchiwa
A flower	jasumin
A flower	jigitarisu
A flower	jochugiku
A flower	jochuugiku
A flower	kaaneeshon
A flower	kaido
A flower	kaidou
A flower	kaika
A flower	kajo
A flower	kakitsubata
A flower	kan
A flower	kaneshon
A flower	kanokoso
A flower	kanokosou
A flower	kanshohana
A flower	kanshouhana
A flower	kao
A flower	kaou
A flower	karashi
A flower	karipuso
A flower	katorea
A flower	keshi
A flower	kikka
A flower	kiku
A flower	kikuimo
A flower	kikunohana
A flower	kingyokusa
A flower	kingyoso
A flower	kingyosou
A flower	kinsenhana
A flower	kinsenka
A flower	kokushoku
A flower	kosumo
A flower	kosumosu
A flower	kuchinashi
A flower	kugatsuhana
A flower	kuni
A flower	kuroba
A flower	kurokkasu
A flower	kuroobaa
A flower	makurokosumosu
A flower	marigoorudo
A flower	marigorudo
A flower	matsumushiso
A flower	matsumushisou
A flower	mugiwaragiku
A flower	natorikusa
A flower	natoririkusa
A flower	nichimawari
A flower	nioaraseito
A flower	nioaraseitou
A flower	nioiaraseito
A flower	nioiaraseitou
A flower	noborifuji
A flower	odamaki
A flower	ohana
A flower	ojohana
A flower	ojokajo
A flower	ojouhana
A flower	ojoukajo
A flower	onshijumu
A flower	onshijuumu
A flower	orandakaiu
A flower	panji
A flower	panjii
A flower	pechunia
A flower	popi
A flower	popii
A flower	rabenda
A flower	rabendaa
A flower	rairakku
A flower	ran
A flower	ranankyurasu
A flower	rappasuisen
A flower	rappazuisen
A flower	rindo
A flower	rindou
A flower	rira
A flower	rootasu
A flower	roozu
A flower	rotasu
A flower	rozu
A flower	saki
A flower	sakuraso
A flower	sakurasou
A flower	sanbokajo
A flower	sanboukajo
A flower	sanshikisumire
A flower	sanshokusumire
A flower	sasarindo
A flower	sasarindou
A flower	sayuri
A flower	shabonso
A flower	shabonsou
A flower	shakuyaku
A flower	shikuramen
A flower	shinbijiumu
A flower	shineraria
A flower	shinrabansho
A flower	shinrabanshou
A flower	shobu
A flower	shoubu
A flower	shouyuri
A flower	shoyuri
A flower	shunranzoku
A flower	shusankajo
A flower	shuusankajo
A flower	sojokajo
A flower	sonzai
A flower	soujoukajo
A flower	suberihiyu
A flower	subetenosonzai
A flower	suikazura
A flower	suikazuraka
A flower	sumire
A flower	sumotorigusa
A flower	sumotorikusa
A flower	sumoutorigusa
A flower	sumoutorikusa
A flower	sutokku
A flower	tanji
A flower	tanjii
A flower	tanpopo
A flower	tenchi
A flower	tsubaki
A flower	tsubomi
A flower	uchu
A flower	uchuu
A flower	uoorufurawaa
A flower	uorufurawa
A flower	vaioretto
A flower	yamatachibana
A flower	yukyaku
A flower	yunibaasu
A flower	yunibasu
A flower	yunivaasu
A flower	yunivasu
A flower	yuri
A flower	yuukyaku
A musical instrument	akodeon
A musical instrument	akodion
A musical instrument	akoodeon
A musical instrument	akoodion
A musical instrument	ami
A musical instrument	appuraitopiano
A musical instrument	aruto
A musical instrument	bagupaipu
A musical instrument	baiorin
A musical instrument	banjo
A musical instrument	banjoo
A musical instrument	bararaika
A musical instrument	bariton
A musical instrument	basu
A musical instrument	basun
A musical instrument	basuun
A musical instrument	beesu
A musical instrument	beisu
A musical instrument	beru
A musical instrument	besu
A musical instrument	biburafon
A musical instrument	biora
A musical instrument	bioron
A musical instrument	bongo
A musical instrument	boryaku
A musical instrument	bouryaku
A musical instrument	burasu
A musical instrument	chaimu
A musical instrument	chenbaro
A musical instrument	cheresuta
A musical instrument	chero
A musical instrument	chuba
A musical instrument	chuuba
A musical instrument	daburubeesu
A musical instrument	daburubesu
A musical instrument	daisuzu
A musical instrument	darushima
A musical instrument	darushimaa
A musical instrument	denkiorugan
A musical instrument	denshiorugan
A musical instrument	dokane
A musical instrument	doramu
A musical instrument	doukane
A musical instrument	erekuton
A musical instrument	erekutoon
A musical instrument	fagotto
A musical instrument	fidoru
A musical instrument	forutepiano
A musical instrument	fudei
A musical instrument	fue
A musical instrument	fukin
A musical instrument	furenchihorun
A musical instrument	furuto
A musical instrument	furuuto
A musical instrument	furyuto
A musical instrument	furyuuto
A musical instrument	fuudei
A musical instrument	fuukin
A musical instrument	gakki
A musical instrument	ginteki
A musical instrument	gita
A musical instrument	gitaa
A musical instrument	gongu
A musical instrument	guntairappa
A musical instrument	gurandopiano
A musical instrument	haamonika
A musical instrument	haapu
A musical instrument	haapushikoodo
A musical instrument	hamondoorugan
A musical instrument	hamondorugan
A musical instrument	hamonika
A musical instrument	handoberu
A musical instrument	hapu
A musical instrument	hapushikodo
A musical instrument	hikikake
A musical instrument	hikikakeke
A musical instrument	hon
A musical instrument	hoon
A musical instrument	horun
A musical instrument	insutorumento
A musical instrument	insutourumento
A musical instrument	insutsurumento
A musical instrument	jiru
A musical instrument	kan
A musical instrument	kane
A musical instrument	kangakki
A musical instrument	kansei
A musical instrument	karioope
A musical instrument	kariope
A musical instrument	kariron
A musical instrument	kariyon
A musical instrument	kasutanetto
A musical instrument	kazu
A musical instrument	kazuu
A musical instrument	keiryaku
A musical instrument	ken
A musical instrument	kenban
A musical instrument	kenbangakki
A musical instrument	kibodo
A musical instrument	kiiboodo
A musical instrument	kikan
A musical instrument	kinkan
A musical instrument	kinkangakki
A musical instrument	kon
A musical instrument	koncheruteina
A musical instrument	konga
A musical instrument	kontorabasu
A musical instrument	kontorafagotto
A musical instrument	korunetto
A musical instrument	kosaku
A musical instrument	kurabikodo
A musical instrument	kurabikoodo
A musical instrument	kurarinetto
A musical instrument	kurarion
A musical instrument	kuravikodo
A musical instrument	kuravikoodo
A musical instrument	kurumuhorun
A musical instrument	kyusogakki
A musical instrument	kyuusougakki
A musical instrument	makumeigakki
A musical instrument	mandorin
A musical instrument	marinba
A musical instrument	meikai
A musical instrument	meikan
A musical instrument	mokkan
A musical instrument	mokkangakki
A musical instrument	mokkin
A musical instrument	myuzetto
A musical instrument	obo
A musical instrument	oboe
A musical instrument	odo
A musical instrument	okarina
A musical instrument	onsa
A musical instrument	ooboe
A musical instrument	ooboo
A musical instrument	orugan
A musical instrument	otori
A musical instrument	otoshiana
A musical instrument	oudou
A musical instrument	paipu
A musical instrument	paipuorugan
A musical instrument	petto
A musical instrument	piano
A musical instrument	pianoforute
A musical instrument	pikkoro
A musical instrument	piyano
A musical instrument	raia
A musical instrument	raiaa
A musical instrument	rakuana
A musical instrument	rappa
A musical instrument	rekoda
A musical instrument	rekooda
A musical instrument	rekoodaa
A musical instrument	ridogakki
A musical instrument	ridorugan
A musical instrument	riidogakki
A musical instrument	riidoorugan
A musical instrument	rikoda
A musical instrument	rikoodaa
A musical instrument	ryuto
A musical instrument	ryuuto
A musical instrument	sakisofon
A musical instrument	sakisohon
A musical instrument	sakkusu
A musical instrument	sakusofon
A musical instrument	sakusorun
A musical instrument	sankaku
A musical instrument	sankakukei
A musical instrument	sankakukon
A musical instrument	satsugengakki
A musical instrument	seikan
A musical instrument	shaishiho
A musical instrument	shaishihou
A musical instrument	shinbaru
A musical instrument	shinchu
A musical instrument	shinchuu
A musical instrument	shinsesaiza
A musical instrument	shinsesaizaa
A musical instrument	shirofon
A musical instrument	shirohon
A musical instrument	shitaan
A musical instrument	shitaaru
A musical instrument	shitan
A musical instrument	shitaru
A musical instrument	shomu
A musical instrument	shoomu
A musical instrument	suneadoramu
A musical instrument	sutoringubasu
A musical instrument	suuzafon
A musical instrument	suzafon
A musical instrument	suzu
A musical instrument	taiko
A musical instrument	taku
A musical instrument	tamutamu
A musical instrument	tanbarin
A musical instrument	tanburu
A musical instrument	tanbuuru
A musical instrument	tategoto
A musical instrument	tefukin
A musical instrument	tefuukin
A musical instrument	teikin
A musical instrument	teinpani
A musical instrument	teion
A musical instrument	teionbu
A musical instrument	terumin
A musical instrument	teyuba
A musical instrument	teyuuba
A musical instrument	tojinfue
A musical instrument	toraianguru
A musical instrument	toranpetto
A musical instrument	torappu
A musical instrument	toronbon
A musical instrument	toronboon
A musical instrument	toujinfue
A musical instrument	tsuita
A musical instrument	tsuitaa
A musical instrument	tsukikane
A musical instrument	ukurere
A musical instrument	utafue
A musical instrument	vaajinaru
A musical instrument	vaiorin
A musical instrument	vajinaru
A musical instrument	viora
A musical instrument	viorin
A musical instrument	vioron
A musical instrument	viyoron
A musical instrument	wana
A musical instrument	yokin
A musical instrument	yokobue
A musical instrument	youkin
A musical instrument	yufoniamu
A musical instrument	yuufoniamu
A sport	aacherii
A sport	acheri
A sport	aisuhokke
A sport	aisuhokkee
A sport	akurobatto
A sport	asurechikkusu
A sport	badominton
A sport	bajutsu
A sport	bare
A sport	bareboru
A sport	baree
A sport	bareebooru
A sport	basuketto
A sport	basukettobooru
A sport	basukettoboru
A sport	beesubooru
A sport	beisubooru
A sport	beisuboru
A sport	besuboru
A sport	biriyaado
A sport	biriyado
A sport	bobusure
A sport	bobusuree
A sport	bodibiru
A sport	bodiibiru
A sport	bokushingu
A sport	booringu
A sport	boringu
A sport	byo
A sport	byou
A sport	chogyo
A sport	chougyo
A sport	chouyaku
A sport	choyaku
A sport	chukei
A sport	chuukei
A sport	daatsu
A sport	daburusu
A sport	daibingu
A sport	daibu
A sport	daivingu
A sport	daivu
A sport	datsu
A sport	enmakoorogi
A sport	enmakorogi
A sport	ensho
A sport	enshou
A sport	ensoku
A sport	faito
A sport	fensu
A sport	fiirudohokkee
A sport	firudohokke
A sport	fisshingu
A sport	funanorikagyo
A sport	funanorikagyou
A sport	furisubi
A sport	furisubii
A sport	futoboru
A sport	futtobooru
A sport	futtoboru
A sport	fuutobooru
A sport	gorufu
A sport	gotanekyogi
A sport	gotanekyougi
A sport	haadorukyousou
A sport	haaringu
A sport	hadorukyoso
A sport	haiarai
A sport	haikingu
A sport	haiku
A sport	haikyu
A sport	haikyuu
A sport	handobooru
A sport	handoboru
A sport	hanteingu
A sport	haringu
A sport	hei
A sport	hikomi
A sport	hikomikyogi
A sport	hikomikyougi
A sport	hitooyogi
A sport	hitoyogi
A sport	hokke
A sport	hokkee
A sport	hoosushuuzu
A sport	hosushuzu
A sport	igaki
A sport	jisshukyogi
A sport	jisshukyougi
A sport	judo
A sport	juryoage
A sport	juudou
A sport	juuryouage
A sport	kaaringu
A sport	kabocha
A sport	kaki
A sport	kakine
A sport	kakoi
A sport	kakugi
A sport	kakuto
A sport	kakutou
A sport	kani
A sport	kanto
A sport	karate
A sport	kari
A sport	karingu
A sport	keai
A sport	keaii
A sport	kikaki
A sport	kiko
A sport	kikou
A sport	kinnikutsukuri
A sport	kirigirisu
A sport	kogatana
A sport	komayose
A sport	komayosese
A sport	koorogi
A sport	korogi
A sport	koshiki
A sport	koushiki
A sport	kuriketto
A sport	kurokke
A sport	kurokkee
A sport	kyasuteingu
A sport	kyoso
A sport	kyousou
A sport	matsumushi
A sport	musansondo
A sport	musansoundou
A sport	nakakei
A sport	nakatsugi
A sport	nakatsugigi
A sport	naminoriri
A sport	ogaki
A sport	okizuriri
A sport	oogaki
A sport	oozumou
A sport	oshiokuri
A sport	oyogi
A sport	ozumo
A sport	piaffe
A sport	poro
A sport	puru
A sport	puuru
A sport	rachi
A sport	raga
A sport	ragaa
A sport	ragubi
A sport	ragubii
A sport	rakettobooru
A sport	rakettoboru
A sport	rakurosu
A sport	ranningupure
A sport	ranningupuree
A sport	raundo
A sport	resuringu
A sport	rire
A sport	riree
A sport	rodeo
A sport	rokyu
A sport	rontenisu
A sport	roontenisu
A sport	roukyuu
A sport	ryo
A sport	ryou
A sport	ryuju
A sport	ryuuju
A sport	saafin
A sport	safin
A sport	saikuringu
A sport	sakanatsuri
A sport	sakka
A sport	sakkaa
A sport	saku
A sport	sento
A sport	sentou
A sport	shaffurubodo
A sport	shaffuruboodo
A sport	shiai
A sport	shingurusu
A sport	sho
A sport	shoheki
A sport	shoi
A sport	shou
A sport	shouheki
A sport	shoui
A sport	shukyu
A sport	shuryo
A sport	shuryou
A sport	shuukyuu
A sport	sofutobooru
A sport	sofutoboru
A sport	sotei
A sport	soto
A sport	soutei
A sport	soutou
A sport	suiei
A sport	suieigi
A sport	suimingu
A sport	suiren
A sport	sukasshu
A sport	sukeeto
A sport	suketo
A sport	suki
A sport	sukii
A sport	sumo
A sport	sumou
A sport	sunobodingu
A sport	sunooboodingu
A sport	sunuka
A sport	sunuukaa
A sport	supaaringu
A sport	suparingu
A sport	supootsu
A sport	supotsu
A sport	suuimingu
A sport	suzumushi
A sport	taiso
A sport	taisou
A sport	tanburingu
A sport	tatakai
A sport	teiden
A sport	teikyu
A sport	teikyuu
A sport	teitetsunage
A sport	tekobushimichi
A sport	tenisu
A sport	tobikomi
A sport	tobikomikyogi
A sport	tobikomikyougi
A sport	togyu
A sport	tokei
A sport	torakku
A sport	torikumigo
A sport	torikumigou
A sport	toso
A sport	totsukumiai
A sport	totsukumiaii
A sport	tougyuu
A sport	toukei
A sport	tousou
A sport	tsunawatari
A sport	tsuri
A sport	undo
A sport	undokyogi
A sport	undou
A sport	undoukyougi
A sport	uotsuriri
A sport	wanage
A sport	wandaafoogeru
A sport	wandaahoogeru
A sport	wandafogeru
A sport	wandahogeru
A sport	wanderungu
A sport	yakyu
A sport	yakyuu
A sport	yamaaruki
A sport	yamaruki
A sport	yuei
A sport	yuryo
A sport	yuuei
A sport	yuuryou
A color	aibori
A color	aiborii
A color	aiiro
A color	airo
A color	aivori
A color	aivorii
A color	aka
A color	akacha
A color	akagane
A color	akaikoto
A color	akakurige
A color	akami
A color	akiaji
A color	akuamariin
A color	akuamarin
A color	amata
A color	ame
A color	ameiro
A color	anba
A color	anbaa
A color	anhaiiro
A color	anhairo
A color	aoiro
A color	aomi
A color	aomidori
A color	aomidoriiro
A color	aomidoriro
A color	apurikotto
A color	arisairo
A color	asabeniiro
A color	asabeniro
A color	asshugure
A color	asshuguree
A color	awabeni
A color	awabeniiro
A color	awabeniro
A color	ayu
A color	baioretto
A color	bankoku
A color	barairo
A color	beeju
A color	beju
A color	benimikan
A color	burakku
A color	buraun
A color	burondo
A color	buru
A color	buruu
A color	cha
A color	chairo
A color	chakooru
A color	chakooruguree
A color	chakoorugurei
A color	chakoru
A color	chakorugure
A color	chakorugurei
A color	chokoreeto
A color	chokoreto
A color	daakuburuu
A color	daidai
A color	daidaiiro
A color	daidairo
A color	dakuburu
A color	doshoku
A color	dou
A color	doushoku
A color	ebicha
A color	edazumi
A color	emerarudo
A color	fukushia
A color	ganboji
A color	ganbooji
A color	gin
A color	ginkaiiro
A color	ginkairo
A color	ginnezu
A color	ginnezuiro
A color	gure
A color	guree
A color	gurei
A color	guriin
A color	gurin
A color	hadairo
A color	haiiro
A color	haikasshoku
A color	hairo
A color	hakua
A color	hakujin
A color	hakujintane
A color	hakushoku
A color	hiiro
A color	hiro
A color	hisui
A color	hisuiiro
A color	hisuiro
A color	hiyake
A color	howaito
A color	hyakusen
A color	hyohaku
A color	hyohakuzai
A color	hyouhaku
A color	hyouhakuzai
A color	iero
A color	ieroo
A color	indigo
A color	iro
A color	iroai
A color	irodori
A color	irotsuya
A color	irozashi
A color	jirosa
A color	junpaku
A color	kaaki
A color	kaigun
A color	kaki
A color	kanariairo
A color	kaoiro
A color	kara
A color	karaa
A color	karashi
A color	karashina
A color	karasuki
A color	kareiro
A color	kasshoku
A color	katsu
A color	kesshoku
A color	ketonin
A color	ketounin
A color	kiiro
A color	kiirodearukoto
A color	kikasshoku
A color	kimi
A color	kimidori
A color	kinka
A color	kiro
A color	kirodearukoto
A color	kitsune
A color	kitsuneiro
A color	kobaruto
A color	kobarutoburu
A color	kobarutoburuu
A color	kodo
A color	koganeiro
A color	kohaku
A color	kohakuiro
A color	koji
A color	kojiro
A color	kokushoku
A color	kokutan
A color	komo
A color	kon
A color	koudo
A color	kouji
A color	koujiiro
A color	koumou
A color	kouzui
A color	kozui
A color	kuchinashi
A color	kuchinashiiro
A color	kuchinashiro
A color	kuraretto
A color	kurenaimikan
A color	kuro
A color	kurocha
A color	kurodan
A color	kuroikoto
A color	kyota
A color	makkuro
A color	makotosha
A color	masutaado
A color	masutado
A color	matsukuro
A color	mazenta
A color	menshoku
A color	mesuki
A color	midori
A color	mikan
A color	mokutan
A color	momo
A color	momoiro
A color	murasaki
A color	musaishoku
A color	mushokumoto
A color	nebi
A color	nebiburu
A color	neebii
A color	neebiiburuu
A color	neeviburuu
A color	neevii
A color	neibi
A color	neibiburu
A color	neibii
A color	neibiiburuu
A color	neiro
A color	neivi
A color	neivii
A color	nevi
A color	neviburu
A color	nezumiiro
A color	nezumiro
A color	niiro
A color	niro
A color	nohairo
A color	nokon
A color	nokoniro
A color	nouhaiiro
A color	noukon
A color	noukoniro
A color	nyuansu
A color	odoiro
A color	ofuhowaito
A color	oka
A color	okuru
A color	okuruiro
A color	ookaa
A color	ookuru
A color	ookuruiro
A color	orenji
A color	orenjiero
A color	orenjiieroo
A color	orenjiiro
A color	orenjiro
A color	oribuiro
A color	oriibuiro
A color	oudoiro
A color	pasuteru
A color	piikokkuburuu
A color	pikokkuburu
A color	pinku
A color	rabenda
A color	rabendaa
A color	rairakku
A color	ranryokuiro
A color	reddo
A color	remoniro
A color	rira
A color	rooze
A color	roozu
A color	roze
A color	rozu
A color	rubi
A color	rubii
A color	ruriiro
A color	ruriro
A color	ryokushoku
A color	saamon
A color	saamonpinku
A color	sabi
A color	sabiiro
A color	sabiro
A color	safaia
A color	safuran
A color	saishoku
A color	sake
A color	sakura
A color	sakurairo
A color	samon
A color	samonpinku
A color	sanbaan
A color	sanban
A color	sanbenshu
A color	santan
A color	satan
A color	seido
A color	seidou
A color	seihaku
A color	seiheki
A color	seiyoshin
A color	seiyoushin
A color	sekichikuiro
A color	sekikatsuiro
A color	sekishoku
A color	sengun
A color	sepia
A color	sepiairo
A color	sepiya
A color	shake
A color	shakudo
A color	shakudoiro
A color	shakudou
A color	shakudouiro
A color	shanpaan
A color	shanpan
A color	shanpeen
A color	shanpen
A color	sharutoruuzu
A color	sharutoruzu
A color	shian
A color	shibuiro
A color	shienna
A color	shikicho
A color	shikichou
A color	shikisa
A color	shikisai
A color	shikisashi
A color	shikiso
A color	shikisou
A color	shikkoku
A color	shiko
A color	shikoiro
A color	shinku
A color	shinryokunoiro
A color	shirami
A color	shiro
A color	shiroganeiro
A color	shiroikoto
A color	shirotae
A color	shiruba
A color	shirubaa
A color	shirubaaguree
A color	shirubaagurei
A color	shirubagure
A color	shirubagurei
A color	shiruva
A color	shiruvaa
A color	shokora
A color	shosekkai
A color	shousekkai
A color	shu
A color	shuiro
A color	shunuri
A color	sohaku
A color	sorairo
A color	souhaku
A color	sui
A color	suigun
A color	suiryoku
A color	suishi
A color	suishoku
A color	sumi
A color	sumire
A color	sumizome
A color	sumizomeme
A color	sumotorigusa
A color	sumotorikusa
A color	sumoutorigusa
A color	sumoutorikusa
A color	taakoizu
A color	taakowaazu
A color	taiko
A color	taikoiro
A color	taikou
A color	taikouiro
A color	taisha
A color	taishairo
A color	taketsushitsu
A color	takoizu
A color	takowaazu
A color	takowazu
A color	tanaka
A color	tankokasshoku
A color	tankoukasshoku
A color	tansai
A color	taryo
A color	taryou
A color	teishoku
A color	tobiiro
A color	tobiro
A color	togan
A color	tokiiro
A color	tokiro
A color	tokoiro
A color	ton
A color	toon
A color	topaazu
A color	topaazuiro
A color	topazu
A color	topazuiro
A color	toppaazu
A color	toppazu
A color	torukoishi
A color	tougan
A color	toukouiro
A color	ume
A color	unshumikan
A color	unshuumikan
A color	usubeni
A color	usuzumi
A color	usuzumiiro
A color	usuzumiro
A color	vaioretto
A color	wakamurasaki
A color	yamamori
A color	yamazumi
A color	yogarashi
A color	yorinuki
A color	yougarashi
A color	zoge
A color	zogeiro
A color	zouge
A color	zougeiro
An emotion or feeling	ada
An emotion or feeling	aibin
An emotion or feeling	aibo
An emotion or feeling	aichaku
An emotion or feeling	aijo
An emotion or feeling	aijofukai
An emotion or feeling	aijou
An emotion or feeling	aijoufukai
An emotion or feeling	aiko
An emotion or feeling	aikou
An emotion or feeling	aimi
An emotion or feeling	aimin
An emotion or feeling	ainen
An emotion or feeling	airen
An emotion or feeling	aiseki
An emotion or feeling	aishin
An emotion or feeling	aisho
An emotion or feeling	aishou
An emotion or feeling	aisoreeshon
An emotion or feeling	aisoreshon
An emotion or feeling	aito
An emotion or feeling	aitotsuseki
An emotion or feeling	aitou
An emotion or feeling	aitoutsuuseki
An emotion or feeling	aizoheison
An emotion or feeling	aizouheison
An emotion or feeling	ajiteeshon
An emotion or feeling	ajiteshon
An emotion or feeling	akahaji
An emotion or feeling	akarusa
An emotion or feeling	akirame
An emotion or feeling	akogare
An emotion or feeling	akui
An emotion or feeling	akukanjo
An emotion or feeling	akukanjou
An emotion or feeling	akumi
An emotion or feeling	akunen
An emotion or feeling	akusento
An emotion or feeling	amaimonosuki
An emotion or feeling	anadori
An emotion or feeling	anbibarensu
An emotion or feeling	anbishon
An emotion or feeling	ando
An emotion or feeling	anjikoto
An emotion or feeling	annei
An emotion or feeling	annon
An emotion or feeling	annyui
An emotion or feeling	anraku
An emotion or feeling	ansei
An emotion or feeling	anshin
An emotion or feeling	anshu
An emotion or feeling	anshuu
An emotion or feeling	ansoku
An emotion or feeling	antagonizumu
An emotion or feeling	antai
An emotion or feeling	anzen
An emotion or feeling	apashi
An emotion or feeling	apashii
An emotion or feeling	apateia
An emotion or feeling	appaku
An emotion or feeling	arigatasa
An emotion or feeling	arimuzukasa
An emotion or feeling	assei
An emotion or feeling	atatakaaji
An emotion or feeling	atatakaji
An emotion or feeling	atatakami
An emotion or feeling	atatakasa
An emotion or feeling	atsusei
An emotion or feeling	atsushi
An emotion or feeling	aware
An emotion or feeling	awaremi
An emotion or feeling	awatadashisa
An emotion or feeling	bekkon
An emotion or feeling	besshi
An emotion or feeling	betsu
An emotion or feeling	binkansa
An emotion or feeling	bodai
An emotion or feeling	boga
An emotion or feeling	bojo
An emotion or feeling	bojou
An emotion or feeling	bokyononen
An emotion or feeling	bon
An emotion or feeling	bou
An emotion or feeling	bouga
An emotion or feeling	boukyounonen
An emotion or feeling	bouon
An emotion or feeling	bouyaki
An emotion or feeling	bouzenjishitsu
An emotion or feeling	boyaki
An emotion or feeling	bozenjishitsu
An emotion or feeling	bubetsu
An emotion or feeling	buji
An emotion or feeling	bujoku
An emotion or feeling	bukken
An emotion or feeling	buman
An emotion or feeling	bushugi
An emotion or feeling	bushuugi
An emotion or feeling	butaimake
An emotion or feeling	chikaraotoshi
An emotion or feeling	chinchaku
An emotion or feeling	chinsei
An emotion or feeling	cho
An emotion or feeling	choi
An emotion or feeling	choji
An emotion or feeling	chokon
An emotion or feeling	choro
An emotion or feeling	chou
An emotion or feeling	choui
An emotion or feeling	chouji
An emotion or feeling	choukon
An emotion or feeling	chourou
An emotion or feeling	chucho
An emotion or feeling	chuchoi
An emotion or feeling	chukon
An emotion or feeling	churitsu
An emotion or feeling	chusei
An emotion or feeling	chushin
An emotion or feeling	chuucho
An emotion or feeling	chuuchoi
An emotion or feeling	chuuchou
An emotion or feeling	chuukon
An emotion or feeling	chuuritsu
An emotion or feeling	chuusei
An emotion or feeling	chuushin
An emotion or feeling	daifu
An emotion or feeling	daigo
An emotion or feeling	daikusari
An emotion or feeling	daki
An emotion or feeling	dekigokoro
An emotion or feeling	dekikokoro
An emotion or feeling	depuresshon
An emotion or feeling	dezaia
An emotion or feeling	dezaiaa
An emotion or feeling	dezaiya
An emotion or feeling	dipuresshon
An emotion or feeling	disutoresu
An emotion or feeling	docho
An emotion or feeling	dojo
An emotion or feeling	dojoshin
An emotion or feeling	dokan
An emotion or feeling	dokei
An emotion or feeling	doki
An emotion or feeling	doko
An emotion or feeling	dokubotchi
An emotion or feeling	dokuke
An emotion or feeling	dokukokoro
An emotion or feeling	dokunen
An emotion or feeling	donyokunakoto
An emotion or feeling	donyokusa
An emotion or feeling	doran
An emotion or feeling	doriimu
An emotion or feeling	dorimu
An emotion or feeling	dosatsuryoku
An emotion or feeling	dou
An emotion or feeling	douchou
An emotion or feeling	doujou
An emotion or feeling	doujoushin
An emotion or feeling	doukan
An emotion or feeling	doukei
An emotion or feeling	doukou
An emotion or feeling	douran
An emotion or feeling	dousatsuryoku
An emotion or feeling	douyou
An emotion or feeling	doyo
An emotion or feeling	egetsunasa
An emotion or feeling	eiketsu
An emotion or feeling	eiki
An emotion or feeling	eiyusuhai
An emotion or feeling	eiyuusuuhai
An emotion or feeling	ekusutashi
An emotion or feeling	ekusutashii
An emotion or feeling	emooshon
An emotion or feeling	emoshon
An emotion or feeling	endoku
An emotion or feeling	enjaku
An emotion or feeling	enki
An emotion or feeling	enkon
An emotion or feeling	ensa
An emotion or feeling	ensei
An emotion or feeling	erochizumu
An emotion or feeling	etsuraku
An emotion or feeling	fiiringu
An emotion or feeling	firingu
An emotion or feeling	fuan
An emotion or feeling	fuankokoro
An emotion or feeling	fuantei
An emotion or feeling	fubin
An emotion or feeling	fudoi
An emotion or feeling	fudoui
An emotion or feeling	fufuku
An emotion or feeling	fugiri
An emotion or feeling	fuhei
An emotion or feeling	fuji
An emotion or feeling	fukai
An emotion or feeling	fukigen
An emotion or feeling	fukitsu
An emotion or feeling	fuko
An emotion or feeling	fukosa
An emotion or feeling	fukou
An emotion or feeling	fukousa
An emotion or feeling	fuku
An emotion or feeling	fukuroku
An emotion or feeling	fukyoka
An emotion or feeling	fuman
An emotion or feeling	fumanzoku
An emotion or feeling	fundo
An emotion or feeling	fungai
An emotion or feeling	fungeki
An emotion or feeling	funkyu
An emotion or feeling	funkyuu
An emotion or feeling	funman
An emotion or feeling	funnu
An emotion or feeling	furue
An emotion or feeling	furui
An emotion or feeling	fusansei
An emotion or feeling	fushiaiwase
An emotion or feeling	fushiaiwasesa
An emotion or feeling	fushiawase
An emotion or feeling	fushiawasesa
An emotion or feeling	fusho
An emotion or feeling	fushochi
An emotion or feeling	fushonin
An emotion or feeling	fushou
An emotion or feeling	fushouchi
An emotion or feeling	fushounin
An emotion or feeling	fusuki
An emotion or feeling	futeikusare
An emotion or feeling	fuyo
An emotion or feeling	fuyukai
An emotion or feeling	gai
An emotion or feeling	gaii
An emotion or feeling	gaishin
An emotion or feeling	gaisho
An emotion or feeling	gaishou
An emotion or feeling	gaku
An emotion or feeling	gakuki
An emotion or feeling	gan
An emotion or feeling	ganbo
An emotion or feeling	ganbosurukoto
An emotion or feeling	ganbou
An emotion or feeling	ganbousurukoto
An emotion or feeling	gankoto
An emotion or feeling	ganriki
An emotion or feeling	ganshiki
An emotion or feeling	gegirai
An emotion or feeling	gekido
An emotion or feeling	gekifun
An emotion or feeling	gekihatsu
An emotion or feeling	gekijo
An emotion or feeling	gekijou
An emotion or feeling	gekiko
An emotion or feeling	gekikou
An emotion or feeling	gekirei
An emotion or feeling	gekko
An emotion or feeling	gekkou
An emotion or feeling	gen
An emotion or feeling	gifun
An emotion or feeling	gigi
An emotion or feeling	gimi
An emotion or feeling	gimon
An emotion or feeling	ginen
An emotion or feeling	giri
An emotion or feeling	gishin
An emotion or feeling	gishisa
An emotion or feeling	giwaku
An emotion or feeling	godo
An emotion or feeling	godou
An emotion or feeling	gokigen
An emotion or feeling	goshimi
An emotion or feeling	gotagota
An emotion or feeling	gurajiorasu
An emotion or feeling	gyakutai
An emotion or feeling	gyoten
An emotion or feeling	gyouten
An emotion or feeling	gyouyoku
An emotion or feeling	gyoyoku
An emotion or feeling	haibokushugi
An emotion or feeling	haji
An emotion or feeling	hakku
An emotion or feeling	hanaiki
An emotion or feeling	hankan
An emotion or feeling	hanmoku
An emotion or feeling	hanmonono
An emotion or feeling	hanmonounou
An emotion or feeling	hanryo
An emotion or feeling	hanshinhangi
An emotion or feeling	hantai
An emotion or feeling	haradachi
An emotion or feeling	hararitsu
An emotion or feeling	hatsukoi
An emotion or feeling	hazukashisa
An emotion or feeling	hedatari
An emotion or feeling	heian
An emotion or feeling	heiki
An emotion or feeling	heion
An emotion or feeling	heisei
An emotion or feeling	heiwa
An emotion or feeling	hen
An emotion or feeling	henko
An emotion or feeling	henkou
An emotion or feeling	hiai
An emotion or feeling	hidosa
An emotion or feeling	hidousa
An emotion or feeling	hifun
An emotion or feeling	higan
An emotion or feeling	hige
An emotion or feeling	hijosa
An emotion or feeling	hijousa
An emotion or feeling	hikan
An emotion or feeling	hikeme
An emotion or feeling	hikokoro
An emotion or feeling	himakesa
An emotion or feeling	himasa
An emotion or feeling	hin
An emotion or feeling	hinan
An emotion or feeling	hiniku
An emotion or feeling	hinkaku
An emotion or feeling	hiro
An emotion or feeling	hirou
An emotion or feeling	hisu
An emotion or feeling	hisuteri
An emotion or feeling	hisuterii
An emotion or feeling	hitan
An emotion or feeling	hitogokochi
An emotion or feeling	hitoribotchi
An emotion or feeling	hitorihoshi
An emotion or feeling	hitorihoushi
An emotion or feeling	hitsukomi
An emotion or feeling	hiyayakasa
An emotion or feeling	hoe
An emotion or feeling	hoetsu
An emotion or feeling	hokorashisa
An emotion or feeling	hokori
An emotion or feeling	honki
An emotion or feeling	honmo
An emotion or feeling	honmou
An emotion or feeling	honpo
An emotion or feeling	honpou
An emotion or feeling	hoopu
An emotion or feeling	hopu
An emotion or feeling	hora
An emotion or feeling	horaa
An emotion or feeling	hossa
An emotion or feeling	houe
An emotion or feeling	houetsu
An emotion or feeling	houpu
An emotion or feeling	hyoshinuke
An emotion or feeling	hyoushinuke
An emotion or feeling	ichinen
An emotion or feeling	ijiwaru
An emotion or feeling	ijiwarusa
An emotion or feeling	ikari
An emotion or feeling	ikarippoikoto
An emotion or feeling	ikaripposa
An emotion or feeling	ikei
An emotion or feeling	ikidoori
An emotion or feeling	ikidooroshisa
An emotion or feeling	ikidori
An emotion or feeling	ikidoroshisa
An emotion or feeling	ikigomi
An emotion or feeling	ikikomi
An emotion or feeling	ikikumi
An emotion or feeling	ikishochin
An emotion or feeling	ikishouchin
An emotion or feeling	ikisoso
An emotion or feeling	ikisosou
An emotion or feeling	ikitogo
An emotion or feeling	ikitougou
An emotion or feeling	ikiyouyou
An emotion or feeling	ikiyoyo
An emotion or feeling	ikkyo
An emotion or feeling	ikkyou
An emotion or feeling	ikon
An emotion or feeling	ingin
An emotion or feeling	ingosa
An emotion or feeling	ingousa
An emotion or feeling	inryoku
An emotion or feeling	inutsu
An emotion or feeling	inutsusa
An emotion or feeling	iradachi
An emotion or feeling	iradatashisa
An emotion or feeling	iraira
An emotion or feeling	irokichigai
An emotion or feeling	irokonomi
An emotion or feeling	ishin
An emotion or feeling	ishu
An emotion or feeling	ishuikon
An emotion or feeling	itami
An emotion or feeling	itoshimi
An emotion or feeling	itsukushimi
An emotion or feeling	itsuraku
An emotion or feeling	iyaen
An emotion or feeling	iyake
An emotion or feeling	iyoku
An emotion or feeling	izon
An emotion or feeling	izumimon
An emotion or feeling	jaaku
An emotion or feeling	jaki
An emotion or feeling	jaku
An emotion or feeling	jiai
An emotion or feeling	jibo
An emotion or feeling	jibojiki
An emotion or feeling	jibou
An emotion or feeling	jiboujiki
An emotion or feeling	jierashi
An emotion or feeling	jierashii
An emotion or feeling	jifu
An emotion or feeling	jifukokoro
An emotion or feeling	jihi
An emotion or feeling	jihikokoro
An emotion or feeling	jikei
An emotion or feeling	jiki
An emotion or feeling	jikinoyanhachi
An emotion or feeling	jikkon
An emotion or feeling	jikokoro
An emotion or feeling	jikoman
An emotion or feeling	jikomanzoku
An emotion or feeling	jikomanzokukan
An emotion or feeling	jiman
An emotion or feeling	jinji
An emotion or feeling	jinjo
An emotion or feeling	jinshin
An emotion or feeling	jirettasa
An emotion or feeling	jisekinonen
An emotion or feeling	jisekinouzuki
An emotion or feeling	jisekinozuki
An emotion or feeling	jishin
An emotion or feeling	jison
An emotion or feeling	jisonshin
An emotion or feeling	jitchokusa
An emotion or feeling	jizen
An emotion or feeling	jizenkokoro
An emotion or feeling	joai
An emotion or feeling	jobutsu
An emotion or feeling	jocho
An emotion or feeling	jodo
An emotion or feeling	joen
An emotion or feeling	joi
An emotion or feeling	joka
An emotion or feeling	jokan
An emotion or feeling	jokigen
An emotion or feeling	jonetsu
An emotion or feeling	josei
An emotion or feeling	josho
An emotion or feeling	jotai
An emotion or feeling	jou
An emotion or feeling	jouai
An emotion or feeling	joubutsu
An emotion or feeling	jouchou
An emotion or feeling	joudou
An emotion or feeling	jouen
An emotion or feeling	joui
An emotion or feeling	jouka
An emotion or feeling	joukan
An emotion or feeling	joukigen
An emotion or feeling	jounetsu
An emotion or feeling	jousei
An emotion or feeling	jousho
An emotion or feeling	joutai
An emotion or feeling	jouyoku
An emotion or feeling	joyoku
An emotion or feeling	juitsu
An emotion or feeling	juku
An emotion or feeling	juryoku
An emotion or feeling	jusokukan
An emotion or feeling	juuitsu
An emotion or feeling	juuku
An emotion or feeling	juuryoku
An emotion or feeling	juusokukan
An emotion or feeling	juuyoku
An emotion or feeling	juuyousei
An emotion or feeling	juyoku
An emotion or feeling	juyosei
An emotion or feeling	kaerimi
An emotion or feeling	kagayaki
An emotion or feeling	kage
An emotion or feeling	kagyakuai
An emotion or feeling	kagyakuseiai
An emotion or feeling	kaho
An emotion or feeling	kahou
An emotion or feeling	kai
An emotion or feeling	kaigi
An emotion or feeling	kaigikokoro
An emotion or feeling	kaigo
An emotion or feeling	kaiji
An emotion or feeling	kaikan
An emotion or feeling	kaiko
An emotion or feeling	kaikon
An emotion or feeling	kaikyu
An emotion or feeling	kaikyuu
An emotion or feeling	kaimi
An emotion or feeling	kairaku
An emotion or feeling	kaisai
An emotion or feeling	kaishin
An emotion or feeling	kakki
An emotion or feeling	kakokusa
An emotion or feeling	kakugo
An emotion or feeling	kakuhan
An emotion or feeling	kakuri
An emotion or feeling	kakushitsu
An emotion or feeling	kakuzetsu
An emotion or feeling	kan
An emotion or feeling	kanashimi
An emotion or feeling	kanashisa
An emotion or feeling	kanbi
An emotion or feeling	kando
An emotion or feeling	kandou
An emotion or feeling	kane
An emotion or feeling	kani
An emotion or feeling	kanjaku
An emotion or feeling	kanjakusa
An emotion or feeling	kanji
An emotion or feeling	kanjiyasasa
An emotion or feeling	kanjiyasusa
An emotion or feeling	kanjo
An emotion or feeling	kanjodonma
An emotion or feeling	kanjoinyu
An emotion or feeling	kanjou
An emotion or feeling	kanjoudonma
An emotion or feeling	kanjouinyuu
An emotion or feeling	kanjusei
An emotion or feeling	kanki
An emotion or feeling	kankokoro
An emotion or feeling	kanku
An emotion or feeling	kanme
An emotion or feeling	kannen
An emotion or feeling	kanpeki
An emotion or feeling	kanraku
An emotion or feeling	kanritsu
An emotion or feeling	kanroku
An emotion or feeling	kansei
An emotion or feeling	kansha
An emotion or feeling	kanshaku
An emotion or feeling	kanshakutama
An emotion or feeling	kanshin
An emotion or feeling	kansho
An emotion or feeling	kanshou
An emotion or feeling	kantan
An emotion or feeling	kantenkichi
An emotion or feeling	karen
An emotion or feeling	katamuki
An emotion or feeling	katsu
An emotion or feeling	katsubo
An emotion or feeling	katsubou
An emotion or feeling	katsukyu
An emotion or feeling	katsukyuu
An emotion or feeling	katto
An emotion or feeling	kattou
An emotion or feeling	kawaki
An emotion or feeling	kega
An emotion or feeling	kegirai
An emotion or feeling	kei
An emotion or feeling	keibetsu
An emotion or feeling	keibo
An emotion or feeling	keibu
An emotion or feeling	keifuku
An emotion or feeling	keii
An emotion or feeling	keikai
An emotion or feeling	keiko
An emotion or feeling	keikou
An emotion or feeling	keisha
An emotion or feeling	keishi
An emotion or feeling	keito
An emotion or feeling	keitou
An emotion or feeling	keiya
An emotion or feeling	kekki
An emotion or feeling	kenen
An emotion or feeling	kenensurukoto
An emotion or feeling	kenjo
An emotion or feeling	kenjou
An emotion or feeling	kenki
An emotion or feeling	kenshiki
An emotion or feeling	kenson
An emotion or feeling	kentai
An emotion or feeling	ketakasa
An emotion or feeling	kiatsukai
An emotion or feeling	kibo
An emotion or feeling	kibou
An emotion or feeling	kibuku
An emotion or feeling	kibun
An emotion or feeling	kichu
An emotion or feeling	kichuu
An emotion or feeling	kietsu
An emotion or feeling	kigakari
An emotion or feeling	kigane
An emotion or feeling	kigen
An emotion or feeling	kigi
An emotion or feeling	kigu
An emotion or feeling	kigurai
An emotion or feeling	kiguro
An emotion or feeling	kigurou
An emotion or feeling	kihin
An emotion or feeling	kiin
An emotion or feeling	kikakari
An emotion or feeling	kikaku
An emotion or feeling	kikko
An emotion or feeling	kikkou
An emotion or feeling	kikkyo
An emotion or feeling	kikkyou
An emotion or feeling	kikomi
An emotion or feeling	kikotsu
An emotion or feeling	kiku
An emotion or feeling	kikumi
An emotion or feeling	kikyu
An emotion or feeling	kikyuu
An emotion or feeling	kimagure
An emotion or feeling	kimariwarusa
An emotion or feeling	kimi
An emotion or feeling	kimiai
An emotion or feeling	kimie
An emotion or feeling	kimigo
An emotion or feeling	kimigou
An emotion or feeling	kimochi
An emotion or feeling	kin
An emotion or feeling	kinajirisa
An emotion or feeling	kinbi
An emotion or feeling	kinetsu
An emotion or feeling	kinko
An emotion or feeling	kinkou
An emotion or feeling	kirai
An emotion or feeling	kirakusa
An emotion or feeling	kisei
An emotion or feeling	kishoku
An emotion or feeling	kitai
An emotion or feeling	kitsumarisa
An emotion or feeling	kiutsu
An emotion or feeling	kizukai
An emotion or feeling	kizukawashisa
An emotion or feeling	kizumarisa
An emotion or feeling	kodoku
An emotion or feeling	kodokusa
An emotion or feeling	kofuku
An emotion or feeling	kofukukan
An emotion or feeling	kofun
An emotion or feeling	koi
An emotion or feeling	koiwazurai
An emotion or feeling	kojo
An emotion or feeling	kokai
An emotion or feeling	kokainonen
An emotion or feeling	koken
An emotion or feeling	kokishin
An emotion or feeling	kokochi
An emotion or feeling	kokoroan
An emotion or feeling	kokoroate
An emotion or feeling	kokorogakari
An emotion or feeling	kokorogori
An emotion or feeling	kokorojobusa
An emotion or feeling	kokorojoubusa
An emotion or feeling	kokorokubari
An emotion or feeling	kokorokyo
An emotion or feeling	kokorokyou
An emotion or feeling	kokoromochi
An emotion or feeling	kokoromotonasa
An emotion or feeling	kokoronohazumi
An emotion or feeling	kokoronoheiwa
An emotion or feeling	kokoroogori
An emotion or feeling	kokorosawagi
An emotion or feeling	kokoroshire
An emotion or feeling	kokorotokimeki
An emotion or feeling	kokoroushire
An emotion or feeling	kokorozashi
An emotion or feeling	kokorozukai
An emotion or feeling	kokorozuyosa
An emotion or feeling	kokotsu
An emotion or feeling	kokuhakusa
An emotion or feeling	komannakoto
An emotion or feeling	kon
An emotion or feeling	kondo
An emotion or feeling	kondou
An emotion or feeling	konfurikuto
An emotion or feeling	konmei
An emotion or feeling	konnan
An emotion or feeling	konomi
An emotion or feeling	konomikokoro
An emotion or feeling	konpurekkusu
An emotion or feeling	konpurekusu
An emotion or feeling	konran
An emotion or feeling	konshin
An emotion or feeling	konton
An emotion or feeling	konwaku
An emotion or feeling	koritsu
An emotion or feeling	kosho
An emotion or feeling	koshoku
An emotion or feeling	koto
An emotion or feeling	kotogara
An emotion or feeling	kou
An emotion or feeling	koufuku
An emotion or feeling	koufukukan
An emotion or feeling	koufun
An emotion or feeling	koui
An emotion or feeling	koujou
An emotion or feeling	koukai
An emotion or feeling	koukainonen
An emotion or feeling	koukishin
An emotion or feeling	koukotsu
An emotion or feeling	koumannakoto
An emotion or feeling	koushoku
An emotion or feeling	koushou
An emotion or feeling	kowake
An emotion or feeling	kowasa
An emotion or feeling	kubomi
An emotion or feeling	kuchioshisa
An emotion or feeling	kuchu
An emotion or feeling	kuchuu
An emotion or feeling	kugen
An emotion or feeling	kui
An emotion or feeling	kuju
An emotion or feeling	kujuu
An emotion or feeling	kukan
An emotion or feeling	kumon
An emotion or feeling	kuno
An emotion or feeling	kunou
An emotion or feeling	kure
An emotion or feeling	kurui
An emotion or feeling	kurushimi
An emotion or feeling	kurushimukoto
An emotion or feeling	kurushisa
An emotion or feeling	kushin
An emotion or feeling	kuso
An emotion or feeling	kutsu
An emotion or feeling	kutsujoku
An emotion or feeling	kutsunakoto
An emotion or feeling	kutsuu
An emotion or feeling	kutsuunakoto
An emotion or feeling	kuyami
An emotion or feeling	kuyandeirukoto
An emotion or feeling	kuyashisa
An emotion or feeling	kyo
An emotion or feeling	kyocho
An emotion or feeling	kyodaiai
An emotion or feeling	kyodatsujotai
An emotion or feeling	kyodatsujoutai
An emotion or feeling	kyoeishin
An emotion or feeling	kyofu
An emotion or feeling	kyofushin
An emotion or feeling	kyogaku
An emotion or feeling	kyogo
An emotion or feeling	kyogou
An emotion or feeling	kyoi
An emotion or feeling	kyoji
An emotion or feeling	kyokai
An emotion or feeling	kyokan
An emotion or feeling	kyokei
An emotion or feeling	kyoki
An emotion or feeling	kyoko
An emotion or feeling	kyomei
An emotion or feeling	kyomeiri
An emotion or feeling	kyonetsu
An emotion or feeling	kyosei
An emotion or feeling	kyoshin
An emotion or feeling	kyoshu
An emotion or feeling	kyotan
An emotion or feeling	kyou
An emotion or feeling	kyouchou
An emotion or feeling	kyoudaiai
An emotion or feeling	kyoufu
An emotion or feeling	kyoufushin
An emotion or feeling	kyougaku
An emotion or feeling	kyougou
An emotion or feeling	kyoui
An emotion or feeling	kyouji
An emotion or feeling	kyoukai
An emotion or feeling	kyoukan
An emotion or feeling	kyoukei
An emotion or feeling	kyouki
An emotion or feeling	kyoukou
An emotion or feeling	kyoumei
An emotion or feeling	kyoumeiri
An emotion or feeling	kyounetsu
An emotion or feeling	kyousei
An emotion or feeling	kyoushin
An emotion or feeling	kyoushuu
An emotion or feeling	kyoutan
An emotion or feeling	kyukai
An emotion or feeling	kyukutsusa
An emotion or feeling	kyushu
An emotion or feeling	kyuukai
An emotion or feeling	kyuukutsusa
An emotion or feeling	kyuushuu
An emotion or feeling	majimesa
An emotion or feeling	manshin
An emotion or feeling	manzoku
An emotion or feeling	manzokukan
An emotion or feeling	marusa
An emotion or feeling	masatsu
An emotion or feeling	masohizumu
An emotion or feeling	mazohizumu
An emotion or feeling	mecha
An emotion or feeling	megumiai
An emotion or feeling	merankori
An emotion or feeling	merankoria
An emotion or feeling	merankorii
An emotion or feeling	miburi
An emotion or feeling	miburii
An emotion or feeling	miburui
An emotion or feeling	mishin
An emotion or feeling	mochu
An emotion or feeling	mochuu
An emotion or feeling	modae
An emotion or feeling	modokashisa
An emotion or feeling	mon
An emotion or feeling	mono
An emotion or feeling	monoanji
An emotion or feeling	monogoto
An emotion or feeling	monokon
An emotion or feeling	monomoi
An emotion or feeling	monoomoi
An emotion or feeling	monoosoroshisa
An emotion or feeling	monorami
An emotion or feeling	monorayami
An emotion or feeling	monosabishisa
An emotion or feeling	monosen
An emotion or feeling	monosoroshisa
An emotion or feeling	monourami
An emotion or feeling	monourayami
An emotion or feeling	muchitsujo
An emotion or feeling	mudi
An emotion or feeling	mufu
An emotion or feeling	mufuu
An emotion or feeling	mugotarashisa
An emotion or feeling	muimuryo
An emotion or feeling	muimuryou
An emotion or feeling	mujihinakoto
An emotion or feeling	mujihisa
An emotion or feeling	mujonakoto
An emotion or feeling	mujounakoto
An emotion or feeling	mukanshin
An emotion or feeling	mukatsuhara
An emotion or feeling	mukatsuki
An emotion or feeling	mukiryoku
An emotion or feeling	munasawagi
An emotion or feeling	munen
An emotion or feeling	munensa
An emotion or feeling	munesawagi
An emotion or feeling	muneso
An emotion or feeling	munesou
An emotion or feeling	muryo
An emotion or feeling	muryou
An emotion or feeling	mushakusha
An emotion or feeling	mushike
An emotion or feeling	mushinoshirase
An emotion or feeling	mutsuhara
An emotion or feeling	muudi
An emotion or feeling	muzansa
An emotion or feeling	muzumuzu
An emotion or feeling	nageki
An emotion or feeling	nagusame
An emotion or feeling	nagusamerumono
An emotion or feeling	nagusami
An emotion or feeling	naiyo
An emotion or feeling	naiyobutsu
An emotion or feeling	naiyou
An emotion or feeling	naiyoubutsu
An emotion or feeling	najimi
An emotion or feeling	nakami
An emotion or feeling	nangisa
An emotion or feeling	nanjusa
An emotion or feeling	nanjuusa
An emotion or feeling	nanshoku
An emotion or feeling	narushishizumu
An emotion or feeling	nasake
An emotion or feeling	natsukashisa
An emotion or feeling	nayami
An emotion or feeling	negai
An emotion or feeling	negaigoto
An emotion or feeling	nehan
An emotion or feeling	nekketsu
An emotion or feeling	nekki
An emotion or feeling	nekkyo
An emotion or feeling	nekkyou
An emotion or feeling	nen
An emotion or feeling	nenbo
An emotion or feeling	nenbou
An emotion or feeling	nengan
An emotion or feeling	neni
An emotion or feeling	nessei
An emotion or feeling	nesshin
An emotion or feeling	nesshinnakoto
An emotion or feeling	nesshinsa
An emotion or feeling	netamashisa
An emotion or feeling	netami
An emotion or feeling	netamikokoro
An emotion or feeling	netamisonemi
An emotion or feeling	netchu
An emotion or feeling	netchuu
An emotion or feeling	netsu
An emotion or feeling	netsuai
An emotion or feeling	netsubo
An emotion or feeling	netsubou
An emotion or feeling	netsui
An emotion or feeling	netsujo
An emotion or feeling	netsujou
An emotion or feeling	netsuretsu
An emotion or feeling	netsuretsusa
An emotion or feeling	nigate
An emotion or feeling	nigiyakasa
An emotion or feeling	nikujo
An emotion or feeling	nikujou
An emotion or feeling	nikumi
An emotion or feeling	nikushimi
An emotion or feeling	nikuyoku
An emotion or feeling	ninfomania
An emotion or feeling	ningenkirai
An emotion or feeling	ninoashi
An emotion or feeling	nintoku
An emotion or feeling	nirubaana
An emotion or feeling	nirubana
An emotion or feeling	niruvaana
An emotion or feeling	niruvana
An emotion or feeling	noboseagari
An emotion or feeling	nodokakesa
An emotion or feeling	nodokasa
An emotion or feeling	nodokayakasa
An emotion or feeling	nonkisa
An emotion or feeling	noran
An emotion or feeling	nosutaruji
An emotion or feeling	nosutarujia
An emotion or feeling	nosutarujii
An emotion or feeling	nosutarujiya
An emotion or feeling	nouran
An emotion or feeling	nozomi
An emotion or feeling	nurukaaji
An emotion or feeling	nurukaji
An emotion or feeling	nurukami
An emotion or feeling	nyukon
An emotion or feeling	nyuukon
An emotion or feeling	obo
An emotion or feeling	oboe
An emotion or feeling	ochitsukanasa
An emotion or feeling	ochitsuki
An emotion or feeling	odayakasa
An emotion or feeling	odoroki
An emotion or feeling	ogokoro
An emotion or feeling	ogori
An emotion or feeling	ojike
An emotion or feeling	ojiki
An emotion or feeling	ojo
An emotion or feeling	ojou
An emotion or feeling	okayaki
An emotion or feeling	okkanasa
An emotion or feeling	oko
An emotion or feeling	okonomi
An emotion or feeling	okou
An emotion or feeling	omohayusa
An emotion or feeling	omoi
An emotion or feeling	omoiagari
An emotion or feeling	omoiken
An emotion or feeling	omoinobori
An emotion or feeling	omoiyari
An emotion or feeling	omoiyariri
An emotion or feeling	omosa
An emotion or feeling	omoshirosa
An emotion or feeling	omowaku
An emotion or feeling	onagusami
An emotion or feeling	onasake
An emotion or feeling	onjirazu
An emotion or feeling	onnakirai
An emotion or feeling	onnen
An emotion or feeling	ono
An emotion or feeling	onohanmon
An emotion or feeling	ononoki
An emotion or feeling	onorehore
An emotion or feeling	onorekotsu
An emotion or feeling	onshu
An emotion or feeling	onshuu
An emotion or feeling	oosawagi
An emotion or feeling	ooyorokobi
An emotion or feeling	opuchimizumu
An emotion or feeling	oputeimizumu
An emotion or feeling	oraku
An emotion or feeling	osawagi
An emotion or feeling	oshujoge
An emotion or feeling	oshujouge
An emotion or feeling	osonaikosho
An emotion or feeling	osonaikoushou
An emotion or feeling	osore
An emotion or feeling	osorosa
An emotion or feeling	osoroshisa
An emotion or feeling	otanoshimi
An emotion or feeling	oubou
An emotion or feeling	ounou
An emotion or feeling	ounouhanmon
An emotion or feeling	oyorokobi
An emotion or feeling	panikkushogai
An emotion or feeling	panikkushougai
An emotion or feeling	passhon
An emotion or feeling	penisusenbo
An emotion or feeling	penisusenbou
An emotion or feeling	piisu
An emotion or feeling	pisu
An emotion or feeling	puraido
An emotion or feeling	qol
An emotion or feeling	rabu
An emotion or feeling	raku
An emotion or feeling	rakukan
An emotion or feeling	rakutan
An emotion or feeling	rakuten
An emotion or feeling	ranmyaku
An emotion or feeling	ranzatsu
An emotion or feeling	ravu
An emotion or feeling	reihai
An emotion or feeling	reikokunakoto
An emotion or feeling	reikokusa
An emotion or feeling	reisei
An emotion or feeling	reitan
An emotion or feeling	reitansa
An emotion or feeling	renbin
An emotion or feeling	renjo
An emotion or feeling	renjou
An emotion or feeling	resseikan
An emotion or feeling	rettokan
An emotion or feeling	rettoukan
An emotion or feeling	ribido
An emotion or feeling	ribidoo
An emotion or feeling	rifuku
An emotion or feeling	rihan
An emotion or feeling	rikai
An emotion or feeling	rikainoarukoto
An emotion or feeling	rikairyoku
An emotion or feeling	rikaku
An emotion or feeling	rikiten
An emotion or feeling	rinki
An emotion or feeling	riso
An emotion or feeling	risou
An emotion or feeling	robai
An emotion or feeling	roubai
An emotion or feeling	rouzeki
An emotion or feeling	rozeki
An emotion or feeling	ryokai
An emotion or feeling	ryomenkachi
An emotion or feeling	ryoukai
An emotion or feeling	ryoumenkachi
An emotion or feeling	sabishimi
An emotion or feeling	sabishisa
An emotion or feeling	sachi
An emotion or feeling	sadeizumu
An emotion or feeling	sadizumu
An emotion or feeling	sado
An emotion or feeling	sadomazo
An emotion or feeling	sadomazohizumu
An emotion or feeling	sagesumi
An emotion or feeling	saiwai
An emotion or feeling	sajizumu
An emotion or feeling	sanbi
An emotion or feeling	sansei
An emotion or feeling	santan
An emotion or feeling	santsu
An emotion or feeling	santsuu
An emotion or feeling	satogokoro
An emotion or feeling	satori
An emotion or feeling	sei
An emotion or feeling	seiatsu
An emotion or feeling	seifuku
An emotion or feeling	seiheki
An emotion or feeling	seihitsu
An emotion or feeling	seihitsusa
An emotion or feeling	seii
An emotion or feeling	seijitsusa
An emotion or feeling	seikan
An emotion or feeling	seiko
An emotion or feeling	seikou
An emotion or feeling	seion
An emotion or feeling	seionsa
An emotion or feeling	seishin
An emotion or feeling	seishodo
An emotion or feeling	seishoudou
An emotion or feeling	seiteki
An emotion or feeling	seiyoku
An emotion or feeling	sekaseka
An emotion or feeling	sekibaku
An emotion or feeling	sekiryo
An emotion or feeling	sekiryosa
An emotion or feeling	sekiryou
An emotion or feeling	sekiryousa
An emotion or feeling	sekkachi
An emotion or feeling	sekkusu
An emotion or feeling	sekyuritei
An emotion or feeling	sekyuriteii
An emotion or feeling	semeku
An emotion or feeling	senbo
An emotion or feeling	senbou
An emotion or feeling	senchimento
An emotion or feeling	sendo
An emotion or feeling	sendou
An emotion or feeling	senki
An emotion or feeling	senritsu
An emotion or feeling	senshibiritei
An emotion or feeling	senshibiriteii
An emotion or feeling	senteimento
An emotion or feeling	sessho
An emotion or feeling	sesshou
An emotion or feeling	setsubo
An emotion or feeling	setsubou
An emotion or feeling	shai
An emotion or feeling	shaku
An emotion or feeling	shaon
An emotion or feeling	shiaiwase
An emotion or feeling	shian
An emotion or feeling	shiawase
An emotion or feeling	shibetsu
An emotion or feeling	shibo
An emotion or feeling	shibou
An emotion or feeling	shibunan
An emotion or feeling	shifuku
An emotion or feeling	shigan
An emotion or feeling	shiki
An emotion or feeling	shiko
An emotion or feeling	shikou
An emotion or feeling	shikuhakku
An emotion or feeling	shin
An emotion or feeling	shindo
An emotion or feeling	shini
An emotion or feeling	shinishizumu
An emotion or feeling	shinjo
An emotion or feeling	shinjou
An emotion or feeling	shinka
An emotion or feeling	shinken
An emotion or feeling	shinkensa
An emotion or feeling	shinko
An emotion or feeling	shinkou
An emotion or feeling	shinmitsu
An emotion or feeling	shinpai
An emotion or feeling	shinpaigoto
An emotion or feeling	shinpashi
An emotion or feeling	shinpashii
An emotion or feeling	shinpyo
An emotion or feeling	shinpyou
An emotion or feeling	shinrai
An emotion or feeling	shinratsu
An emotion or feeling	shinro
An emotion or feeling	shinrou
An emotion or feeling	shinsan
An emotion or feeling	shinsetsugi
An emotion or feeling	shinsho
An emotion or feeling	shinshou
An emotion or feeling	shinsui
An emotion or feeling	shintsu
An emotion or feeling	shintsuu
An emotion or feeling	shinyo
An emotion or feeling	shinyou
An emotion or feeling	shion
An emotion or feeling	shiotsunami
An emotion or feeling	shiromono
An emotion or feeling	shiru
An emotion or feeling	shishinohagami
An emotion or feeling	shishinohago
An emotion or feeling	shishinohagou
An emotion or feeling	shishinohakami
An emotion or feeling	shisho
An emotion or feeling	shishou
An emotion or feeling	shitashimi
An emotion or feeling	shitsu
An emotion or feeling	shitsubo
An emotion or feeling	shitsubou
An emotion or feeling	shitsui
An emotion or feeling	shitsukokoro
An emotion or feeling	shitsuku
An emotion or feeling	shitto
An emotion or feeling	shodo
An emotion or feeling	shogai
An emotion or feeling	shogan
An emotion or feeling	shogeki
An emotion or feeling	shohaku
An emotion or feeling	shoi
An emotion or feeling	shojiki
An emotion or feeling	shoki
An emotion or feeling	shokku
An emotion or feeling	shomenzosa
An emotion or feeling	shomi
An emotion or feeling	shomo
An emotion or feeling	shomou
An emotion or feeling	shonin
An emotion or feeling	shoryo
An emotion or feeling	shosan
An emotion or feeling	shoshin
An emotion or feeling	shoso
An emotion or feeling	shotamashi
An emotion or feeling	shoudou
An emotion or feeling	shougai
An emotion or feeling	shougan
An emotion or feeling	shougeki
An emotion or feeling	shouhaku
An emotion or feeling	shoui
An emotion or feeling	shoujiki
An emotion or feeling	shoumenzousa
An emotion or feeling	shoumi
An emotion or feeling	shounin
An emotion or feeling	shouryo
An emotion or feeling	shousan
An emotion or feeling	shoushin
An emotion or feeling	shousou
An emotion or feeling	shoutamashii
An emotion or feeling	shu
An emotion or feeling	shuaku
An emotion or feeling	shuchi
An emotion or feeling	shucho
An emotion or feeling	shujo
An emotion or feeling	shukoto
An emotion or feeling	shukubo
An emotion or feeling	shukubou
An emotion or feeling	shukugan
An emotion or feeling	shusho
An emotion or feeling	shuu
An emotion or feeling	shuuaku
An emotion or feeling	shuuchi
An emotion or feeling	shuuchou
An emotion or feeling	shuujou
An emotion or feeling	shuukoto
An emotion or feeling	shuushou
An emotion or feeling	sobo
An emotion or feeling	sogai
An emotion or feeling	sogon
An emotion or feeling	sokaku
An emotion or feeling	soko
An emotion or feeling	sokuin
An emotion or feeling	sokuinnojo
An emotion or feeling	sokuinnojou
An emotion or feeling	sokyu
An emotion or feeling	soncho
An emotion or feeling	sonchou
An emotion or feeling	sonemi
An emotion or feeling	sonemikokoro
An emotion or feeling	songen
An emotion or feeling	songensa
An emotion or feeling	sonkei
An emotion or feeling	sonsu
An emotion or feeling	sonsuu
An emotion or feeling	soshin
An emotion or feeling	soubou
An emotion or feeling	sougon
An emotion or feeling	soukou
An emotion or feeling	soukyuu
An emotion or feeling	soushin
An emotion or feeling	suhai
An emotion or feeling	suika
An emotion or feeling	sukei
An emotion or feeling	suki
An emotion or feeling	sukikonomi
An emotion or feeling	sukikoto
An emotion or feeling	suriru
An emotion or feeling	sutebachi
An emotion or feeling	sutehachi
An emotion or feeling	sutoressu
An emotion or feeling	sutoresu
An emotion or feeling	suuhai
An emotion or feeling	suukei
An emotion or feeling	taibo
An emotion or feeling	taibou
An emotion or feeling	taigan
An emotion or feeling	taihei
An emotion or feeling	taikutsu
An emotion or feeling	tainen
An emotion or feeling	tairitsu
An emotion or feeling	taishi
An emotion or feeling	takaburi
An emotion or feeling	tamerai
An emotion or feeling	tanbi
An emotion or feeling	tandeki
An emotion or feeling	tanki
An emotion or feeling	tanomoshisa
An emotion or feeling	tanoshibi
An emotion or feeling	tanoshiikoto
An emotion or feeling	tanoshikoto
An emotion or feeling	tanoshimi
An emotion or feeling	tanoshisa
An emotion or feeling	tansho
An emotion or feeling	tanshou
An emotion or feeling	tasseikan
An emotion or feeling	teikan
An emotion or feeling	teki
An emotion or feeling	tekii
An emotion or feeling	tekitai
An emotion or feeling	tekizu
An emotion or feeling	tekunofobia
An emotion or feeling	tengaikodoku
An emotion or feeling	tenkataihei
An emotion or feeling	tenputeeshon
An emotion or feeling	tenputeshon
An emotion or feeling	terekusasa
An emotion or feeling	tereshusa
An emotion or feeling	tereshuusa
An emotion or feeling	token
An emotion or feeling	tokui
An emotion or feeling	tokuisa
An emotion or feeling	torikomi
An emotion or feeling	torikomimi
An emotion or feeling	toshin
An emotion or feeling	tosui
An emotion or feeling	touken
An emotion or feeling	tousui
An emotion or feeling	touwaku
An emotion or feeling	towaku
An emotion or feeling	tsuicho
An emotion or feeling	tsuichou
An emotion or feeling	tsuiseki
An emotion or feeling	tsuito
An emotion or feeling	tsuitou
An emotion or feeling	tsukai
An emotion or feeling	tsukare
An emotion or feeling	tsuku
An emotion or feeling	tsurasa
An emotion or feeling	tsusetsusa
An emotion or feeling	tsushin
An emotion or feeling	tsuukai
An emotion or feeling	tsuuku
An emotion or feeling	tsuusetsusa
An emotion or feeling	tsuushin
An emotion or feeling	tsuyaaji
An emotion or feeling	tsuyaji
An emotion or feeling	tsuyoikyomi
An emotion or feeling	tsuyoikyoumi
An emotion or feeling	uchiki
An emotion or feeling	uchoten
An emotion or feeling	uchouten
An emotion or feeling	uekigen
An emotion or feeling	ukime
An emotion or feeling	unubore
An emotion or feeling	unuborere
An emotion or feeling	unuhore
An emotion or feeling	unukotsu
An emotion or feeling	uppun
An emotion or feeling	urami
An emotion or feeling	urasabishisa
An emotion or feeling	urayamashisa
An emotion or feeling	ure
An emotion or feeling	uree
An emotion or feeling	urei
An emotion or feeling	ureikoto
An emotion or feeling	ureshiikoto
An emotion or feeling	ureshikoto
An emotion or feeling	ureshisa
An emotion or feeling	ureutsu
An emotion or feeling	urotae
An emotion or feeling	urusai
An emotion or feeling	utagai
An emotion or feeling	utagawashisa
An emotion or feeling	utsu
An emotion or feeling	utsuki
An emotion or feeling	utsuyu
An emotion or feeling	utsuyuu
An emotion or feeling	wabishisa
An emotion or feeling	wahei
An emotion or feeling	waizatsu
An emotion or feeling	warebome
An emotion or feeling	warehome
An emotion or feeling	warerebome
An emotion or feeling	warugi
An emotion or feeling	wazurawashisa
An emotion or feeling	yabo
An emotion or feeling	yabou
An emotion or feeling	yakekuso
An emotion or feeling	yakeppachi
An emotion or feeling	yakimochi
An emotion or feeling	yasashiikoto
An emotion or feeling	yasashikoto
An emotion or feeling	yasashisa
An emotion or feeling	yashin
An emotion or feeling	yasuragi
An emotion or feeling	yasurakasa
An emotion or feeling	yasushinei
An emotion or feeling	yobo
An emotion or feeling	yoki
An emotion or feeling	yokkyu
An emotion or feeling	yokkyufuman
An emotion or feeling	yokkyuu
An emotion or feeling	yokkyuufuman
An emotion or feeling	yoku
An emotion or feeling	yokuatsu
An emotion or feeling	yokubo
An emotion or feeling	yokubou
An emotion or feeling	yokujo
An emotion or feeling	yokujou
An emotion or feeling	yorokobi
An emotion or feeling	yosha
An emotion or feeling	yoso
An emotion or feeling	yosou
An emotion or feeling	youbou
An emotion or feeling	youki
An emotion or feeling	yousha
An emotion or feeling	yuetsu
An emotion or feeling	yufushi
An emotion or feeling	yugu
An emotion or feeling	yuji
An emotion or feeling	yukai
An emotion or feeling	yukaisa
An emotion or feeling	yukan
An emotion or feeling	yuki
An emotion or feeling	yukoto
An emotion or feeling	yuku
An emotion or feeling	yume
An emotion or feeling	yumon
An emotion or feeling	yuraku
An emotion or feeling	yuryo
An emotion or feeling	yushin
An emotion or feeling	yushu
An emotion or feeling	yuu
An emotion or feeling	yuufushi
An emotion or feeling	yuugu
An emotion or feeling	yuuji
An emotion or feeling	yuukan
An emotion or feeling	yuuki
An emotion or feeling	yuukoto
An emotion or feeling	yuuku
An emotion or feeling	yuumon
An emotion or feeling	yuuryo
An emotion or feeling	yuushin
An emotion or feeling	yuushuu
An emotion or feeling	yuutsu
An emotion or feeling	yuutsusa
An emotion or feeling	yuuutsu
An emotion or feeling	yuuutsusa
An emotion or feeling	yuuwaku
An emotion or feeling	yuwaku
An emotion or feeling	zaiakukan
An emotion or feeling	zaisekikan
An emotion or feeling	zangyakusa
An emotion or feeling	zanki
An emotion or feeling	zankokusa
An emotion or feeling	zanninsa
An emotion or feeling	zappaku
An emotion or feeling	zasetsu
An emotion or feeling	zasetsukan
An emotion or feeling	zenko
An emotion or feeling	zenkou
An emotion or feeling	zetsubo
An emotion or feeling	zetsubou
An emotion or feeling	zetsuen
An emotion or feeling	zetsunen
An emotion or feeling	zokukokoro
An emotion or feeling	zou
An emotion or feeling	zouo
An emotion or feeling	zutsu
An emotion or feeling	zutsunotane
An emotion or feeling	zutsuu
An emotion or feeling	zutsuunotane
A piece of furniture	aamuchea
A piece of furniture	aamucheaa
A piece of furniture	akari
A piece of furniture	amuchea
A piece of furniture	anrakuisu
A piece of furniture	baa
A piece of furniture	baasu
A piece of furniture	baida
A piece of furniture	baidaa
A piece of furniture	bainda
A piece of furniture	baindaa
A piece of furniture	basu
A piece of furniture	beddo
A piece of furniture	benchi
A piece of furniture	benkyotsukue
A piece of furniture	benkyoutsukue
A piece of furniture	benza
A piece of furniture	bichichea
A piece of furniture	biichichea
A piece of furniture	bokkusu
A piece of furniture	bokkususeki
A piece of furniture	bokkusushiito
A piece of furniture	bokkusushito
A piece of furniture	bukkukeesu
A piece of furniture	bukkukesu
A piece of furniture	buresuto
A piece of furniture	byosho
A piece of furniture	byoushou
A piece of furniture	byuro
A piece of furniture	byuuroo
A piece of furniture	chaato
A piece of furniture	chabako
A piece of furniture	chabudai
A piece of furniture	chato
A piece of furniture	chea
A piece of furniture	chesuto
A piece of furniture	chirutodai
A piece of furniture	chodohin
A piece of furniture	choudohin
A piece of furniture	chukidashi
A piece of furniture	chushutsu
A piece of furniture	chushutsushi
A piece of furniture	chuukidashi
A piece of furniture	chuushutsu
A piece of furniture	chuushutsushi
A piece of furniture	daburubeddo
A piece of furniture	dai
A piece of furniture	daiza
A piece of furniture	deibeddo
A piece of furniture	dekkichea
A piece of furniture	denkisutando
A piece of furniture	dento
A piece of furniture	dentou
A piece of furniture	desuku
A piece of furniture	dinaateeburu
A piece of furniture	dinateburu
A piece of furniture	dodai
A piece of furniture	dogubako
A piece of furniture	doressa
A piece of furniture	doressaa
A piece of furniture	doroa
A piece of furniture	dougubako
A piece of furniture	endai
A piece of furniture	enkyu
A piece of furniture	enkyuu
A piece of furniture	faanichaa
A piece of furniture	faanichua
A piece of furniture	fairu
A piece of furniture	fairubukku
A piece of furniture	fanicha
A piece of furniture	fanichaa
A piece of furniture	fanichua
A piece of furniture	furattobenchi
A piece of furniture	furoasutando
A piece of furniture	furonto
A piece of furniture	fuzukue
A piece of furniture	gakushuuzukue
A piece of furniture	gakushuzukue
A piece of furniture	gato
A piece of furniture	gatou
A piece of furniture	gedan
A piece of furniture	ginkyo
A piece of furniture	ginkyou
A piece of furniture	gusoku
A piece of furniture	gyokuan
A piece of furniture	gyokuza
A piece of furniture	hanawa
A piece of furniture	handai
A piece of furniture	hanjiseki
A piece of furniture	hanmokku
A piece of furniture	hayami
A piece of furniture	hayamihyo
A piece of furniture	hayamihyou
A piece of furniture	hayamiomote
A piece of furniture	hijikakeisu
A piece of furniture	hijikakekeisu
A piece of furniture	hijirisuguru
A piece of furniture	hikidashi
A piece of furniture	hikishiki
A piece of furniture	hinatori
A piece of furniture	hisho
A piece of furniture	hitsu
A piece of furniture	hitsushiki
A piece of furniture	homo
A piece of furniture	honbako
A piece of furniture	hondana
A piece of furniture	ichiranhyo
A piece of furniture	ichiranhyou
A piece of furniture	ieshiru
A piece of furniture	iijiichea
A piece of furniture	ijichea
A piece of furniture	iko
A piece of furniture	interia
A piece of furniture	ishohitsu
A piece of furniture	ishotansu
A piece of furniture	ishotodana
A piece of furniture	ishouhitsu
A piece of furniture	ishoutansu
A piece of furniture	ishoutodana
A piece of furniture	isu
A piece of furniture	izakaya
A piece of furniture	jikokuhyo
A piece of furniture	jikokuhyou
A piece of furniture	jimukan
A piece of furniture	jimutsukue
A piece of furniture	jisonshin
A piece of furniture	jukan
A piece of furniture	jutan
A piece of furniture	juutan
A piece of furniture	kaapetto
A piece of furniture	kagami
A piece of furniture	kagu
A piece of furniture	kakian
A piece of furniture	kakimonotsukue
A piece of furniture	kan
A piece of furniture	kanji
A piece of furniture	kapetto
A piece of furniture	kappubodo
A piece of furniture	kappuboodo
A piece of furniture	kauchi
A piece of furniture	kaunta
A piece of furniture	kauntaa
A piece of furniture	kazaridana
A piece of furniture	kazaritana
A piece of furniture	keshodai
A piece of furniture	keshoudai
A piece of furniture	kian
A piece of furniture	kiso
A piece of furniture	kitchinteburu
A piece of furniture	kitchinteeburu
A piece of furniture	kitodai
A piece of furniture	kitoudai
A piece of furniture	kodana
A piece of furniture	kodomoisu
A piece of furniture	kogunyu
A piece of furniture	kokorogori
A piece of furniture	kokorokyo
A piece of furniture	kokorokyou
A piece of furniture	kokoroogori
A piece of furniture	konbaateiburu
A piece of furniture	konbateiburu
A piece of furniture	kosekikuruma
A piece of furniture	koshikake
A piece of furniture	kosho
A piece of furniture	koshou
A piece of furniture	kougunyuu
A piece of furniture	kousekikuruma
A piece of furniture	kuroozetto
A piece of furniture	kurozetto
A piece of furniture	kurumaisu
A piece of furniture	kusurikago
A piece of furniture	kyabinetto
A piece of furniture	kyanpuchea
A piece of furniture	kyobu
A piece of furniture	kyodai
A piece of furniture	kyoeishin
A piece of furniture	kyokaku
A piece of furniture	kyokan
A piece of furniture	kyoko
A piece of furniture	kyokubu
A piece of furniture	kyoshiki
A piece of furniture	kyoubu
A piece of furniture	kyoudai
A piece of furniture	kyoukaku
A piece of furniture	kyoukan
A piece of furniture	kyoukou
A piece of furniture	kyouzukue
A piece of furniture	kyozukue
A piece of furniture	makuramoto
A piece of furniture	manshin
A piece of furniture	mantorupiisu
A piece of furniture	mantorupisu
A piece of furniture	matto
A piece of furniture	mattoresu
A piece of furniture	mei
A piece of furniture	mira
A piece of furniture	miraa
A piece of furniture	mirukuhooru
A piece of furniture	mirukuhoru
A piece of furniture	motareisu
A piece of furniture	munagura
A piece of furniture	munaita
A piece of furniture	munakuso
A piece of furniture	munamoto
A piece of furniture	munasaki
A piece of furniture	mune
A piece of furniture	muneza
A piece of furniture	nagaisu
A piece of furniture	narushishizumu
A piece of furniture	neisu
A piece of furniture	okama
A piece of furniture	okomi
A piece of furniture	omoiagari
A piece of furniture	omoinobori
A piece of furniture	omote
A piece of furniture	onorehore
A piece of furniture	onorekotsu
A piece of furniture	oritatamiisu
A piece of furniture	oritatamisu
A piece of furniture	oshiire
A piece of furniture	oshiirere
A piece of furniture	oshikomi
A piece of furniture	oshire
A piece of furniture	oshirere
A piece of furniture	otedama
A piece of furniture	oukomi
A piece of furniture	ouza
A piece of furniture	oza
A piece of furniture	pantsu
A piece of furniture	pianoisu
A piece of furniture	ragu
A piece of furniture	ragumatto
A piece of furniture	rakku
A piece of furniture	ramupu
A piece of furniture	ranpe
A piece of furniture	ranpu
A piece of furniture	raunjichea
A piece of furniture	risuto
A piece of furniture	rohadai
A piece of furniture	rokka
A piece of furniture	rokkaa
A piece of furniture	rokkinguchea
A piece of furniture	sagyodai
A piece of furniture	sagyoudai
A piece of furniture	sagyouzukue
A piece of furniture	sagyozukue
A piece of furniture	saidan
A piece of furniture	saidobodo
A piece of furniture	saidoboodo
A piece of furniture	saidochea
A piece of furniture	sakaba
A piece of furniture	sanji
A piece of furniture	saradaba
A piece of furniture	saradabaa
A piece of furniture	sarumata
A piece of furniture	sen
A piece of furniture	shieraton
A piece of furniture	shigotodai
A piece of furniture	shiito
A piece of furniture	shikibuton
A piece of furniture	shindai
A piece of furniture	shingurubeddo
A piece of furniture	shitabaki
A piece of furniture	shitabakiki
A piece of furniture	shito
A piece of furniture	shodana
A piece of furniture	shoka
A piece of furniture	shoki
A piece of furniture	shokkidana
A piece of furniture	shoku
A piece of furniture	shokudai
A piece of furniture	shokutaku
A piece of furniture	shokuzen
A piece of furniture	shokyu
A piece of furniture	shomeiranpu
A piece of furniture	shomotsutana
A piece of furniture	shootsu
A piece of furniture	shotsu
A piece of furniture	shoukyuu
A piece of furniture	shoumeiranpu
A piece of furniture	shozukue
A piece of furniture	shuji
A piece of furniture	shujutsudai
A piece of furniture	shunokagu
A piece of furniture	shunoko
A piece of furniture	shunoshitsu
A piece of furniture	shuunoukagu
A piece of furniture	shuunouko
A piece of furniture	shuunoushitsu
A piece of furniture	sofa
A piece of furniture	sofaa
A piece of furniture	sofaabeddo
A piece of furniture	sofabeddo
A piece of furniture	suguru
A piece of furniture	suhyo
A piece of furniture	sunakku
A piece of furniture	sunakkuba
A piece of furniture	sunakkubaa
A piece of furniture	sutando
A piece of furniture	sutouru
A piece of furniture	sutouuru
A piece of furniture	sutsuru
A piece of furniture	sutsuuru
A piece of furniture	suuhyou
A piece of furniture	suzumidai
A piece of furniture	takako
A piece of furniture	takamikura
A piece of furniture	tamatebako
A piece of furniture	tana
A piece of furniture	tansu
A piece of furniture	tatamiisu
A piece of furniture	tatamisu
A piece of furniture	teburu
A piece of furniture	teeburu
A piece of furniture	teiiteeburu
A piece of furniture	teiteburu
A piece of furniture	toboshi
A piece of furniture	todana
A piece of furniture	tojikomi
A piece of furniture	toka
A piece of furniture	tokoiri
A piece of furniture	tomoshibi
A piece of furniture	tomoshihi
A piece of furniture	toshomokuroku
A piece of furniture	tou
A piece of furniture	touka
A piece of furniture	tsuinbeddo
A piece of furniture	tsuka
A piece of furniture	tsukue
A piece of furniture	tsuzuri
A piece of furniture	tsuzurikomi
A piece of furniture	uindooshiito
A piece of furniture	uindoshito
A piece of furniture	uinguchea
A piece of furniture	uinzaachea
A piece of furniture	uinzachea
A piece of furniture	unubore
A piece of furniture	unuborere
A piece of furniture	unuhore
A piece of furniture	unukotsu
A piece of furniture	uootaabeddo
A piece of furniture	uotabeddo
A piece of furniture	waadoroobu
A piece of furniture	waakubenchi
A piece of furniture	waakuteeburu
A piece of furniture	wadorobu
A piece of furniture	wakubenchi
A piece of furniture	wakuteburu
A piece of furniture	yodansu
A piece of furniture	yofukutansu
A piece of furniture	yokago
A piece of furniture	yoran
A piece of furniture	yotansu
A piece of furniture	yoto
A piece of furniture	yottochea
A piece of furniture	youdansu
A piece of furniture	youfukutansu
A piece of furniture	youkago
A piece of furniture	youran
A piece of furniture	youtansu
A piece of furniture	youtou
A piece of furniture	yurikago
A piece of furniture	yuriran
A piece of furniture	zagu
A piece of furniture	zen
A weapon	afuratokishin
A weapon	aikuchi
A weapon	aro
A weapon	aroo
A weapon	asarutoraifuru
A weapon	bakudan
A weapon	bakurai
A weapon	bakuretsudan
A weapon	bashirisuku
A weapon	batto
A weapon	bazukaho
A weapon	bazuukahou
A weapon	bomu
A weapon	boo
A weapon	bou
A weapon	buki
A weapon	bukiko
A weapon	bukikura
A weapon	bumeran
A weapon	burasu
A weapon	burokkubasuta
A weapon	burokkubasutaa
A weapon	buumeran
A weapon	chaka
A weapon	chi
A weapon	chiimu
A weapon	chimu
A weapon	chohei
A weapon	chomusubi
A weapon	chomusubibi
A weapon	chouhei
A weapon	choumusubi
A weapon	choumusubibi
A weapon	damudamudan
A weapon	dan
A weapon	danbira
A weapon	dandodan
A weapon	dandomisairu
A weapon	dandoudan
A weapon	dandoumisairu
A weapon	dangan
A weapon	danshi
A weapon	deba
A weapon	debabocho
A weapon	debabouchou
A weapon	deijiikattaa
A weapon	deijikatta
A weapon	dokugasudan
A weapon	doragunofu
A weapon	doragunoofu
A weapon	dosu
A weapon	eagan
A weapon	ekizose
A weapon	emono
A weapon	endan
A weapon	engetsuto
A weapon	engetsutou
A weapon	epe
A weapon	farushion
A weapon	foiru
A weapon	fuetsu
A weapon	fukin
A weapon	fukiya
A weapon	futokorogatana
A weapon	futokoroteppo
A weapon	futokoroteppou
A weapon	gan
A weapon	gasuju
A weapon	gasujuu
A weapon	gattoringuho
A weapon	gattoringuhou
A weapon	gekitetsu
A weapon	genbaku
A weapon	genshibakudan
A weapon	girishiakayaku
A weapon	gobotsurugi
A weapon	goboutsurugi
A weapon	gunjiheiki
A weapon	gunjuhin
A weapon	gunki
A weapon	gunto
A weapon	guntou
A weapon	gurenedo
A weapon	gureneedo
A weapon	gyorai
A weapon	haapuun
A weapon	hakugekiho
A weapon	hakugekihou
A weapon	hanjido
A weapon	hanjidou
A weapon	hanma
A weapon	hanmaa
A weapon	hapun
A weapon	heijin
A weapon	heiki
A weapon	heikiko
A weapon	heikikojo
A weapon	heikikoujou
A weapon	heikisho
A weapon	heikishou
A weapon	hiki
A weapon	hinawaju
A weapon	hinawajuu
A weapon	hocho
A weapon	hodan
A weapon	hogan
A weapon	hogeiho
A weapon	hogeihou
A weapon	hoko
A weapon	homingugyorai
A weapon	hoomingugyorai
A weapon	hou
A weapon	houchou
A weapon	houdan
A weapon	hougan
A weapon	hyojo
A weapon	hyoujou
A weapon	icbm
A weapon	jido
A weapon	jidokenju
A weapon	jidoroda
A weapon	jidoshoju
A weapon	jidou
A weapon	jidoukenjuu
A weapon	jidouroodaa
A weapon	jidoushoujuu
A weapon	jigenbakudan
A weapon	judan
A weapon	jugan
A weapon	juho
A weapon	juken
A weapon	junkomisairu
A weapon	junkoumisairu
A weapon	juu
A weapon	juudan
A weapon	juugan
A weapon	juuhou
A weapon	juuken
A weapon	juuyari
A weapon	juyari
A weapon	kaabin
A weapon	kaabinjuu
A weapon	kabin
A weapon	kabinju
A weapon	kagakuheiki
A weapon	kaho
A weapon	kahou
A weapon	kaki
A weapon	kakubakudan
A weapon	kakuheiki
A weapon	kanayama
A weapon	kanonho
A weapon	kanonhou
A weapon	karashunikofu
A weapon	katana
A weapon	kattorasu
A weapon	keibo
A weapon	keibou
A weapon	keikikanju
A weapon	keikikanjuu
A weapon	kenju
A weapon	kenjuu
A weapon	kiju
A weapon	kijuu
A weapon	kikanju
A weapon	kikanjuu
A weapon	kitanaibakudan
A weapon	kochomusubi
A weapon	kochoumusubi
A weapon	kogatana
A weapon	kohei
A weapon	kokakuho
A weapon	konbo
A weapon	konbou
A weapon	koshaho
A weapon	koshinomono
A weapon	kouhei
A weapon	koukakuhou
A weapon	koushahou
A weapon	kouyama
A weapon	kouzan
A weapon	koyama
A weapon	kozan
A weapon	kozutsu
A weapon	kuchugyorai
A weapon	kukiju
A weapon	kurabu
A weapon	kurumabakudan
A weapon	kuuchuugyorai
A weapon	kuukijuu
A weapon	kyokushaho
A weapon	kyokushahou
A weapon	kyudan
A weapon	kyuho
A weapon	kyusungobu
A weapon	kyuudan
A weapon	kyuuhou
A weapon	kyuusungobu
A weapon	mashiingan
A weapon	mashingan
A weapon	masukettoju
A weapon	masukettojuu
A weapon	masutaadogasu
A weapon	masutadogasu
A weapon	megatonbakudan
A weapon	meisu
A weapon	mikazukikatana
A weapon	misairu
A weapon	moozeru
A weapon	motokomeju
A weapon	motokomejuu
A weapon	mozeru
A weapon	muchi
A weapon	muko
A weapon	nageya
A weapon	naifu
A weapon	nain
A weapon	nakkurudasuta
A weapon	nakkurudasutaa
A weapon	ninkirihocho
A weapon	ninkirihouchou
A weapon	odo
A weapon	ono
A weapon	ootomachikku
A weapon	oozutsu
A weapon	otomachikku
A weapon	oudou
A weapon	ozutsu
A weapon	pachinko
A weapon	paipubakudan
A weapon	panga
A weapon	paruchizan
A weapon	pika
A weapon	pikadon
A weapon	pisutoru
A weapon	raifuru
A weapon	raifuruju
A weapon	raifurujuu
A weapon	rancha
A weapon	ranchaa
A weapon	reboruba
A weapon	reborubaa
A weapon	reeza
A weapon	reezaa
A weapon	renpatsuju
A weapon	renpatsujuu
A weapon	reza
A weapon	ribonmusubi
A weapon	riboruba
A weapon	riborubaa
A weapon	roketto
A weapon	rokettodan
A weapon	rokettorancha
A weapon	rokettoranchaa
A weapon	ruga
A weapon	ruugaa
A weapon	ryudanho
A weapon	ryuudanhou
A weapon	saaberu
A weapon	saaburu
A weapon	saberu
A weapon	sabumashingan
A weapon	saburu
A weapon	sairuigasu
A weapon	sairuisupure
A weapon	sairuisupuree
A weapon	saku
A weapon	sandan
A weapon	sandanju
A weapon	sandanjuu
A weapon	sarin
A weapon	satsubo
A weapon	satsubou
A weapon	satsujinkatana
A weapon	seibutsuheiki
A weapon	sen
A weapon	shiikaa
A weapon	shika
A weapon	shinchu
A weapon	shinchuu
A weapon	shinkeigasu
A weapon	shinken
A weapon	shinso
A weapon	shinsou
A weapon	shinto
A weapon	shintou
A weapon	shoidan
A weapon	shoju
A weapon	shottogan
A weapon	shouidan
A weapon	shoujuu
A weapon	shupandau
A weapon	shuryudan
A weapon	shuryuudan
A weapon	shushishima
A weapon	sodo
A weapon	sogekiju
A weapon	sogekijuu
A weapon	soman
A weapon	soodo
A weapon	sou
A weapon	suibaku
A weapon	suisobakudan
A weapon	sumaatobakudan
A weapon	sumatobakudan
A weapon	supia
A weapon	suringu
A weapon	sutaffu
A weapon	sutangan
A weapon	tabun
A weapon	tachi
A weapon	taiho
A weapon	taihou
A weapon	taiku
A weapon	taikuho
A weapon	taikukaho
A weapon	taikuu
A weapon	taikuuhou
A weapon	taikuukahou
A weapon	tanju
A weapon	tanjuu
A weapon	tanken
A weapon	tankikanju
A weapon	tankikanjuu
A weapon	tansokin
A weapon	tanto
A weapon	tantou
A weapon	tantsutsu
A weapon	tegamibakudan
A weapon	tekidan
A weapon	tenagedan
A weapon	teppo
A weapon	teppodama
A weapon	teppodan
A weapon	teppotama
A weapon	teppou
A weapon	teppoudama
A weapon	teppoudan
A weapon	teppoutama
A weapon	tetodan
A weapon	tetoudan
A weapon	tobidogu
A weapon	tobidougu
A weapon	tojin
A weapon	token
A weapon	tomahoku
A weapon	tomahooku
A weapon	tomigan
A weapon	tomiigan
A weapon	torebyushietto
A weapon	totsuyari
A weapon	toujin
A weapon	touken
A weapon	tsue
A weapon	tsukiyari
A weapon	tsurugi
A weapon	tsurugitachi
A weapon	tsutsu
A weapon	uchidachi
A weapon	uchimono
A weapon	uchitachi
A weapon	uchutansaki
A weapon	uchuutansaki
A weapon	uepon
A weapon	uinchesuta
A weapon	uinchesutaa
A weapon	uji
A weapon	vxgasu
A weapon	wankyokukatana
A weapon	yadama
A weapon	yaho
A weapon	yahou
A weapon	yajirushi
A weapon	yakyubatto
A weapon	yakyukurabu
A weapon	yakyuubatto
A weapon	yakyuukurabu
A weapon	yama
A weapon	yari
A weapon	yasenho
A weapon	yasenhou
A weapon	yatama
A weapon	yokyu
A weapon	youkyuu
A weapon	yudodan
A weapon	yumi
A weapon	yumiya
A weapon	yuudoudan
A weapon	zoheisho
A weapon	zouheishou
A game	aisuhokke
A game	aisuhokkee
A game	amefuto
A game	ameragu
A game	anji
A game	arashi
A game	asurechikkusu
A game	autodoageemu
A game	autodoagemu
A game	ayatori
A game	badominton
A game	bagateru
A game	bakara
A game	bakkugyamon
A game	ban
A game	bare
A game	bareboru
A game	baree
A game	bareebooru
A game	basuketto
A game	basukettobooru
A game	basukettoboru
A game	beesubooru
A game	beisubooru
A game	beisuboru
A game	besuboru
A game	bingo
A game	biriyaado
A game	biriyado
A game	bodogemu
A game	boodogeemu
A game	booringu
A game	boringu
A game	burakkujakku
A game	burijji
A game	chekka
A game	chekkaa
A game	chesu
A game	choda
A game	chouda
A game	chouzou
A game	chozo
A game	daatsu
A game	daburusu
A game	dakatsu
A game	datsu
A game	deegeemu
A game	degemu
A game	dokusen
A game	domino
A game	doro
A game	doroo
A game	enko
A game	enkou
A game	enmakoorogi
A game	enmakorogi
A game	fiirudohokkee
A game	firudohokke
A game	fuhyo
A game	fuhyou
A game	fuji
A game	fukubiki
A game	fukubikiki
A game	furisubi
A game	furisubii
A game	futoboru
A game	futtobooru
A game	futtoboru
A game	fuuji
A game	fuutobooru
A game	gaihi
A game	geemu
A game	gemu
A game	goko
A game	gokou
A game	gorufu
A game	gufu
A game	gufuu
A game	gunkan
A game	guuzou
A game	guzo
A game	haaringu
A game	hagoita
A game	haiarai
A game	haikyu
A game	haikyuu
A game	handobooru
A game	handoboru
A game	hanetsuki
A game	haringu
A game	haro
A game	hashi
A game	hashigo
A game	hatsu
A game	hebi
A game	hiki
A game	hinto
A game	hitoriuranai
A game	hoisuto
A game	hokke
A game	hokkee
A game	honomekashi
A game	hoosushuuzu
A game	hosushuzu
A game	igo
A game	iken
A game	inaiinaibaa
A game	inainaiba
A game	ishikeri
A game	ishito
A game	ishitou
A game	itoguchi
A game	jiesuchaageemu
A game	jiesuchagemu
A game	jin
A game	juhi
A game	junban
A game	juuhi
A game	juzo
A game	juzou
A game	kaadogeemu
A game	kaaringu
A game	kadogemu
A game	kagi
A game	kakarihashigo
A game	kakehashi
A game	kakehashigo
A game	kakureasobi
A game	kakyo
A game	kakyou
A game	kanasuta
A game	kanzenjiai
A game	kara
A game	karingu
A game	karisomeme
A game	karuta
A game	kasshino
A game	kawa
A game	kazuatetobaku
A game	kegawa
A game	keizo
A game	keizou
A game	kekawa
A game	kemononokawa
A game	kii
A game	kiinoo
A game	kiken
A game	kiki
A game	kino
A game	kirigirisu
A game	kohai
A game	koorogi
A game	korin
A game	korogi
A game	kosa
A game	koshiki
A game	kotobaasobi
A game	kotobasobi
A game	kouhai
A game	kourin
A game	kousa
A game	koushiki
A game	kujihiki
A game	kuriketto
A game	kurokke
A game	kurokkee
A game	kurosuwaado
A game	kurosuwado
A game	kyoka
A game	kyoryo
A game	kyouka
A game	kyouryou
A game	kyuhashiragi
A game	kyuuhashiragi
A game	maajan
A game	majan
A game	makuranage
A game	matchipure
A game	matchipuree
A game	matsumushi
A game	mekakushi
A game	minigorufu
A game	mishigan
A game	monopori
A game	monoporii
A game	myujikaru
A game	myuujikaru
A game	nagamushi
A game	naita
A game	naitaa
A game	naitogeemu
A game	naitogemu
A game	naporeon
A game	nifuda
A game	nohittonoran
A game	nomijo
A game	nomisuke
A game	nonbe
A game	nonbee
A game	nondakure
A game	noohittonooran
A game	nyumaketto
A game	nyuumaaketto
A game	okushon
A game	onigokko
A game	ookushon
A game	orochi
A game	paaramento
A game	paramento
A game	peintobooru
A game	peintoboru
A game	pinpon
A game	pitchi
A game	poka
A game	pookaa
A game	poro
A game	purofuttobooru
A game	purofuttoboru
A game	puroyakyu
A game	puroyakyuu
A game	puru
A game	puuru
A game	rada
A game	radaa
A game	raga
A game	ragaa
A game	ragubi
A game	ragubii
A game	rakettobooru
A game	rakettoboru
A game	rakurosu
A game	ramu
A game	raundo
A game	ringutenisu
A game	ritsuzo
A game	ritsuzou
A game	rokyu
A game	rontenisu
A game	roontenisu
A game	roukyuu
A game	ruretto
A game	ruuretto
A game	sagesatsu
A game	saji
A game	sakehitari
A game	sakenomimi
A game	sakka
A game	sakkaa
A game	san
A game	sanba
A game	sanmokunarabe
A game	satsu
A game	saya
A game	senbai
A game	senkan
A game	senpu
A game	senpuu
A game	shaffurubodo
A game	shaffuruboodo
A game	shichinarabe
A game	shiiku
A game	shijodokusen
A game	shijoudokusen
A game	shiku
A game	shingurusu
A game	shisa
A game	shitasatsu
A game	shogi
A game	shotesuto
A game	shougi
A game	shoutesuto
A game	shukyu
A game	shuukyuu
A game	sofutobooru
A game	sofutoboru
A game	sujikake
A game	sukasshu
A game	suneeku
A game	suneku
A game	sunuka
A game	sunuukaa
A game	sutachu
A game	sutachuu
A game	sutorokupure
A game	sutorookupuree
A game	suujikake
A game	suzumushi
A game	taggu
A game	tagu
A game	takarakuji
A game	takarasagashi
A game	takkyu
A game	takkyuu
A game	tamaten
A game	tansho
A game	tatsuki
A game	tatsumaki
A game	tatsumakiki
A game	tazuki
A game	teburutenisu
A game	tedama
A game	teeburutenisu
A game	tegakari
A game	tei
A game	teikyu
A game	teikyuu
A game	teitetsunage
A game	tekake
A game	tekakeri
A game	tenisu
A game	tezuru
A game	toban
A game	tobishogi
A game	tobishougi
A game	tomikuji
A game	toranpu
A game	torunedo
A game	toruneedo
A game	touban
A game	tsukefuda
A game	tsukesatsu
A game	uootaaporo
A game	uotaporo
A game	wanage
A game	yakyu
A game	yakyuu
A game	yoroitama
A game	zuko
A game	zukou
A dessert or sweet treat	aburakasu
A dessert or sweet treat	aisu
A dessert or sweet treat	aisukuriimu
A dessert or sweet treat	aisukurimu
A dessert or sweet treat	aisukyande
A dessert or sweet treat	aisukyandee
A dessert or sweet treat	aisukyandi
A dessert or sweet treat	aisukyandii
A dessert or sweet treat	amami
A dessert or sweet treat	ame
A dessert or sweet treat	amedama
A dessert or sweet treat	anmono
A dessert or sweet treat	appurubata
A dessert or sweet treat	appurubataa
A dessert or sweet treat	appurupai
A dessert or sweet treat	asobime
A dessert or sweet treat	asobionna
A dessert or sweet treat	baaba
A dessert or sweet treat	baasudeekeeki
A dessert or sweet treat	baba
A dessert or sweet treat	baishofu
A dessert or sweet treat	baishoufu
A dessert or sweet treat	baishunfu
A dessert or sweet treat	baita
A dessert or sweet treat	bakurava
A dessert or sweet treat	baniraaisu
A dessert or sweet treat	baniraisu
A dessert or sweet treat	basudekeki
A dessert or sweet treat	bataakukkii
A dessert or sweet treat	batakukki
A dessert or sweet treat	beikudoarasuka
A dessert or sweet treat	berugiiwaffuru
A dessert or sweet treat	berugiwaffuru
A dessert or sweet treat	bikutoriakeeki
A dessert or sweet treat	bikutoriakeki
A dessert or sweet treat	bisuke
A dessert or sweet treat	bisuketto
A dessert or sweet treat	bisukitto
A dessert or sweet treat	bonbon
A dessert or sweet treat	buramanjie
A dessert or sweet treat	burauni
A dessert or sweet treat	buraunii
A dessert or sweet treat	burintsu
A dessert or sweet treat	burinui
A dessert or sweet treat	buruberipai
A dessert or sweet treat	buruuberiipai
A dessert or sweet treat	bushie
A dessert or sweet treat	buushie
A dessert or sweet treat	chiizukeeki
A dessert or sweet treat	chirimen
A dessert or sweet treat	chiso
A dessert or sweet treat	chisou
A dessert or sweet treat	chizukeki
A dessert or sweet treat	choko
A dessert or sweet treat	chokoreeto
A dessert or sweet treat	chokoreetoaisu
A dessert or sweet treat	chokoreto
A dessert or sweet treat	chokoretoaisu
A dessert or sweet treat	chuingamu
A dessert or sweet treat	chuuingamu
A dessert or sweet treat	dafu
A dessert or sweet treat	dafushoshima
A dessert or sweet treat	deonna
A dessert or sweet treat	desaaru
A dessert or sweet treat	desaru
A dessert or sweet treat	dezaato
A dessert or sweet treat	dezato
A dessert or sweet treat	donatsu
A dessert or sweet treat	doonatsu
A dessert or sweet treat	ekurea
A dessert or sweet treat	enkan
A dessert or sweet treat	fochunkukki
A dessert or sweet treat	fondan
A dessert or sweet treat	foochunkukkii
A dessert or sweet treat	furan
A dessert or sweet treat	furappe
A dessert or sweet treat	furetsuma
A dessert or sweet treat	furitta
A dessert or sweet treat	furittaa
A dessert or sweet treat	furutsukeki
A dessert or sweet treat	furuutsukeeki
A dessert or sweet treat	fusengamu
A dessert or sweet treat	fuusengamu
A dessert or sweet treat	gajamame
A dessert or sweet treat	gamu
A dessert or sweet treat	gamudoroppu
A dessert or sweet treat	gato
A dessert or sweet treat	gatoo
A dessert or sweet treat	gionna
A dessert or sweet treat	gochiso
A dessert or sweet treat	gochisou
A dessert or sweet treat	hachimitsu
A dessert or sweet treat	hanakai
A dessert or sweet treat	hani
A dessert or sweet treat	hanii
A dessert or sweet treat	hoippu
A dessert or sweet treat	hottokeeki
A dessert or sweet treat	hottokeki
A dessert or sweet treat	howaitokeeki
A dessert or sweet treat	howaitokeki
A dessert or sweet treat	hyoka
A dessert or sweet treat	hyokako
A dessert or sweet treat	hyouka
A dessert or sweet treat	hyoukako
A dessert or sweet treat	ichiyatsuma
A dessert or sweet treat	iisutaaeggu
A dessert or sweet treat	inbai
A dessert or sweet treat	inbaifu
A dessert or sweet treat	inonna
A dessert or sweet treat	inpu
A dessert or sweet treat	isutaeggu
A dessert or sweet treat	jamu
A dessert or sweet treat	janketto
A dessert or sweet treat	jieri
A dessert or sweet treat	jierii
A dessert or sweet treat	jinjaabureddo
A dessert or sweet treat	jinjabureddo
A dessert or sweet treat	joro
A dessert or sweet treat	jorou
A dessert or sweet treat	kagonotori
A dessert or sweet treat	kairai
A dessert or sweet treat	kajitsusake
A dessert or sweet treat	kakaobata
A dessert or sweet treat	kakaobataa
A dessert or sweet treat	kako
A dessert or sweet treat	kakou
A dessert or sweet treat	kan
A dessert or sweet treat	kanjo
A dessert or sweet treat	kanjou
A dessert or sweet treat	kankei
A dessert or sweet treat	kanzo
A dessert or sweet treat	kanzou
A dessert or sweet treat	kappukeeki
A dessert or sweet treat	kappukeki
A dessert or sweet treat	karumera
A dessert or sweet treat	karumeyaki
A dessert or sweet treat	kashi
A dessert or sweet treat	kasutaado
A dessert or sweet treat	kasutado
A dessert or sweet treat	kasutera
A dessert or sweet treat	keeki
A dessert or sweet treat	keeku
A dessert or sweet treat	keikoku
A dessert or sweet treat	keisei
A dessert or sweet treat	keki
A dessert or sweet treat	keku
A dessert or sweet treat	kisshu
A dessert or sweet treat	kisshuroreenu
A dessert or sweet treat	kisshurorenu
A dessert or sweet treat	kisu
A dessert or sweet treat	kochukusuri
A dessert or sweet treat	kohikeki
A dessert or sweet treat	kokoa
A dessert or sweet treat	konpooto
A dessert or sweet treat	konpoto
A dessert or sweet treat	koohiikeeki
A dessert or sweet treat	koori
A dessert or sweet treat	kori
A dessert or sweet treat	korizato
A dessert or sweet treat	kouchuukusuri
A dessert or sweet treat	kourizatou
A dessert or sweet treat	kugutsume
A dessert or sweet treat	kugutsuonna
A dessert or sweet treat	kukki
A dessert or sweet treat	kukkii
A dessert or sweet treat	kureepu
A dessert or sweet treat	kurepu
A dessert or sweet treat	kuriimu
A dessert or sweet treat	kurimu
A dessert or sweet treat	kurowassan
A dessert or sweet treat	kurura
A dessert or sweet treat	kuruuraa
A dessert or sweet treat	kutsuya
A dessert or sweet treat	kyande
A dessert or sweet treat	kyandee
A dessert or sweet treat	kyandi
A dessert or sweet treat	kyandii
A dessert or sweet treat	kyarameru
A dessert or sweet treat	kyuban
A dessert or sweet treat	kyuuban
A dessert or sweet treat	maaburukeeki
A dessert or sweet treat	maamareedo
A dessert or sweet treat	maburukeki
A dessert or sweet treat	mafin
A dessert or sweet treat	mamaredo
A dessert or sweet treat	mamareedo
A dessert or sweet treat	maruchipan
A dessert or sweet treat	mashimaro
A dessert or sweet treat	mashumaro
A dessert or sweet treat	menkashi
A dessert or sweet treat	merenge
A dessert or sweet treat	minchipai
A dessert or sweet treat	minto
A dessert or sweet treat	mitsu
A dessert or sweet treat	musu
A dessert or sweet treat	muusu
A dessert or sweet treat	natsume
A dessert or sweet treat	nesserurode
A dessert or sweet treat	nesseruroode
A dessert or sweet treat	ninonna
A dessert or sweet treat	nuga
A dessert or sweet treat	nugaa
A dessert or sweet treat	ochagashi
A dessert or sweet treat	oiran
A dessert or sweet treat	okashi
A dessert or sweet treat	omachi
A dessert or sweet treat	onnabosatsu
A dessert or sweet treat	otanjobikeki
A dessert or sweet treat	otanjoubikeeki
A dessert or sweet treat	paburoba
A dessert or sweet treat	paburooba
A dessert or sweet treat	paburova
A dessert or sweet treat	paburowa
A dessert or sweet treat	pafe
A dessert or sweet treat	pafu
A dessert or sweet treat	pai
A dessert or sweet treat	panjo
A dessert or sweet treat	pankeeki
A dessert or sweet treat	pankeki
A dessert or sweet treat	panpan
A dessert or sweet treat	panpukinpai
A dessert or sweet treat	pansuke
A dessert or sweet treat	pasutei
A dessert or sweet treat	pate
A dessert or sweet treat	patei
A dessert or sweet treat	paundokeeki
A dessert or sweet treat	paundokeki
A dessert or sweet treat	pepaaminto
A dessert or sweet treat	pepaminto
A dessert or sweet treat	pesutori
A dessert or sweet treat	pesutorii
A dessert or sweet treat	pichiaisu
A dessert or sweet treat	piichiaisu
A dessert or sweet treat	puchifuru
A dessert or sweet treat	puchifuuru
A dessert or sweet treat	puddeingu
A dessert or sweet treat	pudin
A dessert or sweet treat	pudingu
A dessert or sweet treat	puramupudingu
A dessert or sweet treat	purin
A dessert or sweet treat	rakugan
A dessert or sweet treat	reika
A dessert or sweet treat	reyaakeeki
A dessert or sweet treat	reyakeki
A dessert or sweet treat	ringoame
A dessert or sweet treat	ringu
A dessert or sweet treat	rinkei
A dessert or sweet treat	rokkukeeki
A dessert or sweet treat	rokkukeki
A dessert or sweet treat	rubaabupai
A dessert or sweet treat	rubabupai
A dessert or sweet treat	sabaran
A dessert or sweet treat	sande
A dessert or sweet treat	sandee
A dessert or sweet treat	satokashi
A dessert or sweet treat	satoshi
A dessert or sweet treat	satotsuke
A dessert or sweet treat	satoukashi
A dessert or sweet treat	satoushi
A dessert or sweet treat	satoutsuke
A dessert or sweet treat	sawaabooru
A dessert or sweet treat	sawaboru
A dessert or sweet treat	seiyokashi
A dessert or sweet treat	seiyoukashi
A dessert or sweet treat	sengyofu
A dessert or sweet treat	sengyoufu
A dessert or sweet treat	sharibetsu
A dessert or sweet treat	sharurotto
A dessert or sweet treat	shifonkeeki
A dessert or sweet treat	shifonkeki
A dessert or sweet treat	shimunerukeeki
A dessert or sweet treat	shimunerukeki
A dessert or sweet treat	shinobionna
A dessert or sweet treat	shirababu
A dessert or sweet treat	shirohyoshi
A dessert or sweet treat	shirohyoushi
A dessert or sweet treat	shirokubi
A dessert or sweet treat	shiromitsu
A dessert or sweet treat	shiroppu
A dessert or sweet treat	shobaionna
A dessert or sweet treat	shofu
A dessert or sweet treat	shogi
A dessert or sweet treat	shokora
A dessert or sweet treat	shootobureddo
A dessert or sweet treat	shotobureddo
A dessert or sweet treat	shoubaionna
A dessert or sweet treat	shoufu
A dessert or sweet treat	shougi
A dessert or sweet treat	shuarakuremu
A dessert or sweet treat	shugyofu
A dessert or sweet treat	shuuarakureemu
A dessert or sweet treat	shuugyoufu
A dessert or sweet treat	sofuto
A dessert or sweet treat	sofutokuriimu
A dessert or sweet treat	sofutokurimu
A dessert or sweet treat	sonomono
A dessert or sweet treat	sonoremono
A dessert or sweet treat	sooseejirooru
A dessert or sweet treat	sorube
A dessert or sweet treat	sosejiroru
A dessert or sweet treat	suettopudingu
A dessert or sweet treat	sufure
A dessert or sweet treat	sukirettokeeki
A dessert or sweet treat	sukirettokeki
A dessert or sweet treat	sukon
A dessert or sweet treat	sukoon
A dessert or sweet treat	supaisukeeki
A dessert or sweet treat	supaisukeki
A dessert or sweet treat	suponjikeeki
A dessert or sweet treat	suponjikeki
A dessert or sweet treat	supuritto
A dessert or sweet treat	taatoretto
A dessert or sweet treat	taffi
A dessert or sweet treat	taffii
A dessert or sweet treat	tafi
A dessert or sweet treat	tafii
A dessert or sweet treat	taruto
A dessert or sweet treat	tatoretto
A dessert or sweet treat	tawamureonna
A dessert or sweet treat	teiramisu
A dessert or sweet treat	todoinzahoru
A dessert or sweet treat	toffi
A dessert or sweet treat	toffii
A dessert or sweet treat	tofi
A dessert or sweet treat	tofii
A dessert or sweet treat	toodoinzahooru
A dessert or sweet treat	torochi
A dessert or sweet treat	toroochi
A dessert or sweet treat	torute
A dessert or sweet treat	toruteiiya
A dessert or sweet treat	toruteiya
A dessert or sweet treat	toryufu
A dessert or sweet treat	tsubibakku
A dessert or sweet treat	tsubiibakku
A dessert or sweet treat	uedingukeeki
A dessert or sweet treat	uedingukeki
A dessert or sweet treat	uehaasu
A dessert or sweet treat	uehasu
A dessert or sweet treat	ukaretsuma
A dessert or sweet treat	waaheru
A dessert or sweet treat	waffuru
A dessert or sweet treat	waheru
A dessert or sweet treat	wakka
A dessert or sweet treat	wappuru
A dessert or sweet treat	yamashi
A dessert or sweet treat	yaminonna
A dessert or sweet treat	yaminoonna
A dessert or sweet treat	yogashi
A dessert or sweet treat	yougashi
A dessert or sweet treat	yujo
A dessert or sweet treat	yukun
A dessert or sweet treat	yuujo
A dessert or sweet treat	yuukun
A dessert or sweet treat	zabaiyone
A dessert or sweet treat	zabaiyoone
A dessert or sweet treat	zerachin
A dessert or sweet treat	zeri
A dessert or sweet treat	zeribinzu
A dessert or sweet treat	zerii
A dessert or sweet treat	zeriibiinzu
A type of fish	aburazame
A type of fish	aigo
A type of fish	ainame
A type of fish	aji
A type of fish	akaai
A type of fish	akaei
A type of fish	akai
A type of fish	akamanbo
A type of fish	akamanbou
A type of fish	akame
A type of fish	akiaji
A type of fish	anago
A type of fish	anchobi
A type of fish	anchobii
A type of fish	anko
A type of fish	ankou
A type of fish	aozame
A type of fish	ayu
A type of fish	bansairui
A type of fish	basu
A type of fish	beesu
A type of fish	beisu
A type of fish	benijake
A type of fish	benizake
A type of fish	bera
A type of fish	besu
A type of fish	biimu
A type of fish	bimu
A type of fish	binnaga
A type of fish	bora
A type of fish	burakkubasu
A type of fish	burauntorauto
A type of fish	buri
A type of fish	burugiru
A type of fish	buruugiru
A type of fish	chochosakana
A type of fish	chouchousakana
A type of fish	chouzame
A type of fish	chozame
A type of fish	dangandoro
A type of fish	dangandouro
A type of fish	denkinamazu
A type of fish	denkiunagi
A type of fish	dingi
A type of fish	dingii
A type of fish	dojo
A type of fish	dojou
A type of fish	dokukamasu
A type of fish	echiopia
A type of fish	ekusupuresue
A type of fish	ekusupuresuuee
A type of fish	fisshu
A type of fish	fugu
A type of fish	funa
A type of fish	furiiuee
A type of fish	furiue
A type of fish	gakuto
A type of fish	gakutou
A type of fish	gangiei
A type of fish	ginpo
A type of fish	ginrin
A type of fish	guchi
A type of fish	guppi
A type of fish	guppii
A type of fish	gyoniku
A type of fish	gyozoku
A type of fish	hadokku
A type of fish	haigyo
A type of fish	hakofugu
A type of fish	hanaokoze
A type of fish	harisenbon
A type of fish	hariunagi
A type of fish	hata
A type of fish	haze
A type of fish	himeji
A type of fish	hirame
A type of fish	hobo
A type of fish	hohojirozame
A type of fish	houbou
A type of fish	ichifuki
A type of fish	ikanago
A type of fish	isaki
A type of fish	ishimochi
A type of fish	itachizame
A type of fish	itohikiaji
A type of fish	itomakiei
A type of fish	itoyo
A type of fish	iwana
A type of fish	iwashi
A type of fish	jinbeezame
A type of fish	jinbeizame
A type of fish	jinbezame
A type of fish	kaapettoshaaku
A type of fish	kadayashi
A type of fish	kaisho
A type of fish	kaishou
A type of fish	kajika
A type of fish	kakureuo
A type of fish	kamasu
A type of fish	kanpachi
A type of fish	kapettoshaku
A type of fish	kara
A type of fish	karei
A type of fish	kasago
A type of fish	kasuku
A type of fish	katsuo
A type of fish	kawahagi
A type of fish	kawamasu
A type of fish	kihada
A type of fish	kimera
A type of fish	kingusaamon
A type of fish	kingusamon
A type of fish	kingyo
A type of fish	kinoborisakana
A type of fish	kitai
A type of fish	kobansame
A type of fish	kobanzame
A type of fish	kobo
A type of fish	kochi
A type of fish	kohada
A type of fish	koi
A type of fish	koika
A type of fish	kokotsugyo
A type of fish	koni
A type of fish	konii
A type of fish	kosen
A type of fish	kosoku
A type of fish	kosokudoro
A type of fish	koubou
A type of fish	koukotsugyo
A type of fish	kousen
A type of fish	kousoku
A type of fish	kousokudouro
A type of fish	kumanomi
A type of fish	kurokawa
A type of fish	kutsusoko
A type of fish	kutsuzoko
A type of fish	maageeto
A type of fish	maaji
A type of fish	madara
A type of fish	madomoazeru
A type of fish	madomowazeru
A type of fish	mafugu
A type of fish	mageto
A type of fish	maguro
A type of fish	maji
A type of fish	manbo
A type of fish	manbou
A type of fish	masu
A type of fish	masunosuke
A type of fish	mebaru
A type of fish	medaka
A type of fish	mekajiki
A type of fish	menuke
A type of fish	merurusa
A type of fish	meruruusa
A type of fish	minokasago
A type of fish	mishimaokoze
A type of fish	moroko
A type of fish	muroaji
A type of fish	mutsugoro
A type of fish	mutsugorou
A type of fish	naasushaaku
A type of fish	namazu
A type of fish	nankotsugyorui
A type of fish	nasushaku
A type of fish	nezuppo
A type of fish	nijimasu
A type of fish	nishin
A type of fish	nokogiriei
A type of fish	oguchibasu
A type of fish	ohyo
A type of fish	ohyou
A type of fish	onagazame
A type of fish	oniitomakiei
A type of fish	onitomakiei
A type of fish	ooguchibasu
A type of fish	paachi
A type of fish	pachi
A type of fish	pirania
A type of fish	ponpon
A type of fish	porokku
A type of fish	raajimausubasu
A type of fish	rajimausubasu
A type of fish	raku
A type of fish	ranna
A type of fish	rannaa
A type of fish	rotte
A type of fish	saadin
A type of fish	saajin
A type of fish	saamon
A type of fish	saba
A type of fish	sadin
A type of fish	sajin
A type of fish	sakana
A type of fish	sake
A type of fish	same
A type of fish	samon
A type of fish	sanma
A type of fish	saya
A type of fish	seiuchi
A type of fish	senta
A type of fish	sentaa
A type of fish	shaddo
A type of fish	shake
A type of fish	shibireei
A type of fish	shibirei
A type of fish	shibirenamazu
A type of fish	shihosu
A type of fish	shiihoosu
A type of fish	shiirakansu
A type of fish	shikuriddo
A type of fish	shirakansu
A type of fish	shokuyosakana
A type of fish	shokuyousakana
A type of fish	shumokusame
A type of fish	shumokuzame
A type of fish	sodoteru
A type of fish	soko
A type of fish	sokouo
A type of fish	soodoteeru
A type of fish	sooru
A type of fish	soru
A type of fish	sotoshashi
A type of fish	sukeeto
A type of fish	suketo
A type of fish	suketotara
A type of fish	suketoutara
A type of fish	sumeruto
A type of fish	sumokusamon
A type of fish	sumookusaamon
A type of fish	sunappa
A type of fish	sunappaa
A type of fish	supahaiue
A type of fish	suupaahaiuee
A type of fish	suzuki
A type of fish	tachiuo
A type of fish	tai
A type of fish	taiseiyosake
A type of fish	taiseiyousake
A type of fish	tara
A type of fish	teion
A type of fish	teionbu
A type of fish	teirapia
A type of fish	teppouo
A type of fish	teppouuo
A type of fish	tetora
A type of fish	tobihaze
A type of fish	tobiuo
A type of fish	togeuo
A type of fish	tomariki
A type of fish	toto
A type of fish	tsuna
A type of fish	ubazame
A type of fish	umitanago
A type of fish	unagi
A type of fish	uragawa
A type of fish	uroko
A type of fish	urokuzu
A type of fish	ushinoshita
A type of fish	utsubo
A type of fish	wafu
A type of fish	wafuu
A type of fish	yogyo
A type of fish	yojiuo
A type of fish	yoshikirisame
A type of fish	yoshikirizame
A type of fish	yougyo
A type of fish	youjiuo
A container	akuariumu
A container	akuaryumu
A container	akuaryuumu
A container	anken
A container	anpuru
A container	araioke
A container	asanabe
A container	atasshukeesu
A container	atasshukesu
A container	atsuryokunabe
A container	baai
A container	baggu
A container	bai
A container	baketsu
A container	baketto
A container	bakkupakku
A container	baku
A container	basu
A container	basuketto
A container	basutabu
A container	benki
A container	bentobako
A container	bentoubako
A container	biamagu
A container	bide
A container	bidoro
A container	biidoro
A container	biikaa
A container	biirukame
A container	bika
A container	biku
A container	bin
A container	biniirufukuro
A container	binirufukuro
A container	birukame
A container	biyataru
A container	bodaibu
A container	boira
A container	boiraa
A container	bokkusu
A container	bon
A container	booru
A container	boru
A container	botoru
A container	boudaibu
A container	bouru
A container	bukkuretto
A container	buresuto
A container	burifukesu
A container	buriifukeesu
A container	chabako
A container	chabin
A container	chagama
A container	chatsubo
A container	chazutsu
A container	chesuto
A container	chirinyu
A container	chirinyuu
A container	chosuichi
A container	chozotanku
A container	chozoutanku
A container	chubu
A container	chukidashi
A container	chushutsu
A container	chushutsushi
A container	chuubu
A container	chuukidashi
A container	chuushutsu
A container	chuushutsushi
A container	daffurubaggu
A container	daidoenzetsu
A container	daidouenzetsu
A container	daioke
A container	dan
A container	dangan
A container	dekanta
A container	dekantaa
A container	dekigoto
A container	demitasu
A container	deyuwa
A container	deyuwaa
A container	dogibaggu
A container	dogiibaggu
A container	dogubako
A container	doguisshiki
A container	donburi
A container	donburibachi
A container	donburihachi
A container	doramu
A container	doramukan
A container	doroa
A container	dougubako
A container	douguisshiki
A container	eabaggu
A container	enberoopu
A container	enberopu
A container	esabukuro
A container	fingaabooru
A container	fingaboru
A container	fudebako
A container	fuhi
A container	fujifukuro
A container	fukakachizei
A container	fukube
A container	fukuro
A container	furasuko
A container	furesuko
A container	furoke
A container	furooke
A container	furue
A container	furui
A container	futo
A container	fuuhi
A container	fuujifukuro
A container	fuutou
A container	gaika
A container	gakkokaban
A container	gakkoukaban
A container	gakuseikaban
A container	gal
A container	gamaguchi
A container	gamakuchi
A container	gan
A container	garaasu
A container	garasu
A container	garon
A container	gassaifukuro
A container	gasutanku
A container	giyaman
A container	goburetto
A container	gomibako
A container	gomifukuro
A container	gomihako
A container	gomiire
A container	gominyu
A container	gominyuu
A container	gomire
A container	gorufubaggu
A container	guraddosuton
A container	haaraa
A container	hachi
A container	hachisu
A container	hai
A container	haino
A container	hainou
A container	hako
A container	hanatatete
A container	handobaggu
A container	handobakku
A container	hanshinyoku
A container	hara
A container	hari
A container	hikidashi
A container	hiranabe
A container	hirokuchikame
A container	hishaku
A container	hitsu
A container	hitsugi
A container	hitsugihako
A container	hodan
A container	hogan
A container	hoppa
A container	hoppaa
A container	horido
A container	horiido
A container	horusuta
A container	horusutaa
A container	hoshin
A container	hou
A container	houdan
A container	hougan
A container	houshin
A container	hyo
A container	hyotan
A container	hyou
A container	hyoutan
A container	ido
A container	idotsurube
A container	inkutsubo
A container	inro
A container	inrou
A container	iremono
A container	isen
A container	ishizukiki
A container	itaifukuro
A container	jiken
A container	jirei
A container	jitsurei
A container	jobukuro
A container	jokaso
A container	jokigama
A container	jokki
A container	joubukuro
A container	joukasou
A container	joukigama
A container	jukan
A container	jukazei
A container	jushin
A container	juukazei
A container	juushin
A container	juwaabin
A container	juwabin
A container	kaban
A container	kabin
A container	kago
A container	kai
A container	kaimonobukuro
A container	kakushi
A container	kama
A container	kame
A container	kamiire
A container	kamiirere
A container	kamire
A container	kamirere
A container	kan
A container	kanai
A container	kanebukuro
A container	kanka
A container	kanritsu
A container	kappu
A container	kappubodo
A container	kappuboodo
A container	kapuseru
A container	kara
A container	kase
A container	kashikinko
A container	katateoke
A container	kawa
A container	kazaridana
A container	kazaritana
A container	kebyo
A container	kebyou
A container	keesu
A container	keisu
A container	ken
A container	kesu
A container	ketoru
A container	kettoru
A container	kibutsu
A container	kikan
A container	kinchaku
A container	kingyobachi
A container	kinire
A container	kinko
A container	kinnyu
A container	kinnyuu
A container	kitto
A container	kobako
A container	kodana
A container	kogunyu
A container	kohikappu
A container	kohimagu
A container	kohipotto
A container	komohi
A container	komokaburi
A container	komokomuri
A container	komokoumuri
A container	konpakuto
A container	konpouyouhako
A container	konpoyohako
A container	kontena
A container	kontenaa
A container	koohiikappu
A container	koohiimagu
A container	koohiipotto
A container	kooribukuro
A container	koorimakura
A container	koorinou
A container	koppu
A container	koribukuro
A container	korimakura
A container	korino
A container	koro
A container	koromono
A container	koromonou
A container	koshikanin
A container	kosoku
A container	kotsudo
A container	kotsudou
A container	kou
A container	kougunyuu
A container	kouro
A container	koushikanin
A container	kousoku
A container	kozutsumi
A container	kozutsumimi
A container	kura
A container	kuratchibaggu
A container	kuroozetto
A container	kurozetto
A container	kutsuido
A container	kuuraa
A container	kuzukago
A container	kyabinetto
A container	kyassha
A container	kyasshaa
A container	kyasshubokkusu
A container	kyo
A container	kyobu
A container	kyokaku
A container	kyokan
A container	kyoko
A container	kyou
A container	kyoubu
A container	kyoukaku
A container	kyoukan
A container	kyoukou
A container	kyu
A container	kyuho
A container	kyunyuutsuwa
A container	kyusuito
A container	kyutoki
A container	kyuu
A container	kyuuhou
A container	kyuunyuuutsuwa
A container	kyuusuitou
A container	kyuutouki
A container	maggu
A container	magu
A container	magukappu
A container	magunamu
A container	mahobin
A container	mahoubin
A container	makumeigakki
A container	meerubokkusu
A container	merubokkusu
A container	miburi
A container	miburii
A container	miburui
A container	mishin
A container	mizuhirugaeshi
A container	mizujaketto
A container	mizuoke
A container	mizusashi
A container	monoire
A container	monoirere
A container	morutaru
A container	munagura
A container	munaita
A container	munakuso
A container	munamoto
A container	munasaki
A container	mune
A container	muneza
A container	nabe
A container	nankinfukuro
A container	nappusakku
A container	nappuzakku
A container	nebukuro
A container	nekan
A container	nioifukuro
A container	nokotsudo
A container	noshibukuro
A container	noshifukuro
A container	nou
A container	noukotsudou
A container	obon
A container	ojike
A container	oke
A container	okomi
A container	omaru
A container	onabe
A container	ononoki
A container	onsuiutsuwa
A container	oonabe
A container	ootokureebu
A container	orikaban
A container	oshiire
A container	oshiirere
A container	oshikomi
A container	oshire
A container	oshirere
A container	otedama
A container	otokurebu
A container	oukomi
A container	paakoreetaa
A container	paasu
A container	pakkingukeesu
A container	pakkingukesu
A container	pakku
A container	pakoreta
A container	panfu
A container	panfuretto
A container	pasu
A container	pauchi
A container	pitcha
A container	pitchaa
A container	pochi
A container	poketto
A container	pokke
A container	poochi
A container	pootoforio
A container	poppo
A container	posuto
A container	potoforio
A container	pouchi
A container	rei
A container	reikyu
A container	reikyuu
A container	reizoko
A container	reizouko
A container	reji
A container	rejifukuro
A container	rejisuta
A container	rejisutaa
A container	retoruto
A container	rikkusakku
A container	rojinbaggu
A container	roketto
A container	rokka
A container	rokkaa
A container	roojinbaggu
A container	rukkusakku
A container	rukkuzakku
A container	ruri
A container	rutsubo
A container	ryokobaggu
A container	ryokokaban
A container	ryokoubaggu
A container	ryokoukaban
A container	ryokouyoukaban
A container	ryokoyokaban
A container	ryukku
A container	ryukkusakku
A container	saburyukku
A container	saifu
A container	sairo
A container	saishu
A container	sakadaru
A container	samowaaru
A container	samowaru
A container	sandan
A container	sano
A container	sanou
A container	saradaboru
A container	saradabouru
A container	sarubo
A container	saruboo
A container	satsuire
A container	satsuirere
A container	saya
A container	sekkan
A container	senhi
A container	senire
A container	senkaburi
A container	senki
A container	senkomuri
A container	senkoumuri
A container	senmendai
A container	senmenki
A container	sennyu
A container	sennyuu
A container	senoke
A container	senritsu
A container	sensha
A container	sentakukago
A container	shaku
A container	shamoji
A container	shikkui
A container	shin
A container	shinhitsu
A container	shinsho
A container	shinshou
A container	shiruwan
A container	shitsu
A container	shitsushoku
A container	shokazai
A container	shoppingubaggu
A container	shorudaabaggu
A container	shorudabaggu
A container	shoruikaban
A container	shosasshi
A container	shosatsu
A container	shoukazai
A container	shousasshi
A container	shousatsu
A container	shuki
A container	shunokagu
A container	shunoko
A container	shunoshitsu
A container	shuunoukagu
A container	shuunouko
A container	shuunoushitsu
A container	soku
A container	sou
A container	suiban
A container	suiso
A container	suisou
A container	suito
A container	suitou
A container	suitsutsu
A container	suizokukan
A container	suizutsu
A container	sukurubaggu
A container	sukuurubaggu
A container	sumitsubo
A container	sumitsugi
A container	suribachi
A container	suribu
A container	surihachi
A container	suriibu
A container	suriru
A container	sutsukesu
A container	suutsukeesu
A container	suzu
A container	tabakoire
A container	tabane
A container	tabu
A container	tago
A container	taiko
A container	takarabako
A container	tamatebako
A container	tameoke
A container	tanku
A container	taru
A container	teibaggu
A container	teigekago
A container	teiibaggu
A container	teiikappu
A container	teiipotto
A container	teikago
A container	teikappu
A container	teipotto
A container	tekago
A container	tenabe
A container	tenimotsu
A container	tensui
A container	tensuioke
A container	teoke
A container	tesage
A container	tesagege
A container	todana
A container	tohyobako
A container	tokusha
A container	tootobaggu
A container	toranku
A container	tore
A container	toree
A container	torei
A container	toshu
A container	totobaggu
A container	touhyoubako
A container	toushu
A container	tsugakukaban
A container	tsurube
A container	tsutsu
A container	tsutsumi
A container	tsutsumimono
A container	tsuugakukaban
A container	uetsutsumi
A container	ukifukuro
A container	uootaajaketto
A container	uootaatawaa
A container	uotajaketto
A container	uotatawa
A container	uotchikeesu
A container	uotchikesu
A container	uotchipoketto
A container	utsuwa
A container	vidoro
A container	viidoro
A container	waadoroobu
A container	wadorobu
A container	wainkura
A container	wainkuuraa
A container	wan
A container	yakan
A container	yanagikago
A container	yazutsu
A container	yoki
A container	yokuso
A container	yokusou
A container	yomono
A container	youki
A container	youmono
A container	yubinbako
A container	yubinhako
A container	yubinju
A container	yubinuke
A container	yubune
A container	yugama
A container	yugeta
A container	yuso
A container	yusou
A container	yutai
A container	yuubinbako
A container	yuubinhako
A container	yuubinju
A container	yuubinuke
A container	yuutai
A container	yuwakashi
A container	yuwakashiki
A container	zaino
A container	zainou
A container	zakan
A container	zakku
A shape	airetto
A shape	ana
A shape	andaakatto
A shape	andakatto
A shape	atama
A shape	bojima
A shape	bokei
A shape	bokkusu
A shape	bomi
A shape	booru
A shape	boru
A shape	boujima
A shape	boumi
A shape	bouru
A shape	bunkisen
A shape	bunya
A shape	chiisanakobu
A shape	chisanakobu
A shape	chobo
A shape	choen
A shape	chohokarada
A shape	chohokei
A shape	chokuhotai
A shape	chokuhoutai
A shape	chomi
A shape	chouen
A shape	chouhoukarada
A shape	chouhoukei
A shape	choumi
A shape	dabidenohoshi
A shape	daen
A shape	daenmen
A shape	daia
A shape	daiamondo
A shape	daikei
A shape	daiya
A shape	daiyamondo
A shape	datsuhari
A shape	datsupari
A shape	dinpuru
A shape	disuku
A shape	donatsu
A shape	doonatsu
A shape	dosuikyo
A shape	dotto
A shape	dousuikyo
A shape	ekubo
A shape	enban
A shape	enchu
A shape	enchuu
A shape	engata
A shape	enkan
A shape	enkei
A shape	ensuidai
A shape	ensuikyokusen
A shape	entashisu
A shape	etowaaru
A shape	etowaru
A shape	fiirudo
A shape	firudo
A shape	fukurami
A shape	futokoro
A shape	gokakukei
A shape	gomentai
A shape	gozoroppu
A shape	gozouroppu
A shape	gurometto
A shape	haato
A shape	haatokata
A shape	haatokatachi
A shape	hachi
A shape	hachimenkarada
A shape	hakkakukatachi
A shape	hako
A shape	hakusha
A shape	hame
A shape	hankyu
A shape	hankyuu
A shape	hanrin
A shape	hanshu
A shape	hanshuu
A shape	hantsuki
A shape	hara
A shape	haritsukedai
A shape	hato
A shape	hatokata
A shape	hatokatachi
A shape	hatome
A shape	heimenzukei
A shape	hekigan
A shape	herikkusu
A shape	hibi
A shape	hibiware
A shape	hishigata
A shape	hishimentai
A shape	hobutsusen
A shape	hoden
A shape	hori
A shape	horikiri
A shape	horikiriri
A shape	hosaki
A shape	hosenkaku
A shape	hoshi
A shape	hoshijirushi
A shape	houbutsusen
A shape	houden
A shape	housenkaku
A shape	ibo
A shape	ibome
A shape	ichigu
A shape	ichiguu
A shape	igata
A shape	ikkaku
A shape	ikkan
A shape	ikkanki
A shape	inochizuna
A shape	jiguzagu
A shape	jikkakukatachi
A shape	jiware
A shape	jiwari
A shape	jobu
A shape	joubu
A shape	jujika
A shape	jukeizu
A shape	juujika
A shape	kaabu
A shape	kaavu
A shape	kabu
A shape	kaiha
A shape	kaitendaentai
A shape	kakikizu
A shape	kaku
A shape	kakucho
A shape	kakuchou
A shape	kakuchu
A shape	kakuchuu
A shape	kakukei
A shape	kakusui
A shape	kakusuidai
A shape	kan
A shape	kanjo
A shape	kanjou
A shape	kankei
A shape	kansetsuka
A shape	kantan
A shape	kappujonomono
A shape	kappujounomono
A shape	kata
A shape	katasumi
A shape	katsumoku
A shape	kavu
A shape	kawari
A shape	kimo
A shape	kinjito
A shape	kinjitou
A shape	kirekomi
A shape	kireme
A shape	kiretsu
A shape	kirikomi
A shape	kirime
A shape	kizami
A shape	kizamime
A shape	kizu
A shape	kobu
A shape	kokei
A shape	kokoro
A shape	kokoromune
A shape	kokorone
A shape	koku
A shape	kokume
A shape	kon
A shape	kona
A shape	kongoseki
A shape	kongouseki
A shape	koon
A shape	koonaa
A shape	kotai
A shape	kotokessetsu
A shape	kou
A shape	koutoukessetsu
A shape	kubomi
A shape	kugiretsu
A shape	kukei
A shape	kuma
A shape	kurakku
A shape	kurosu
A shape	kurusu
A shape	kusabibu
A shape	kusabikata
A shape	kyoiki
A shape	kyokai
A shape	kyokan
A shape	kyokin
A shape	kyoku
A shape	kyokuritsuen
A shape	kyokusen
A shape	kyouiki
A shape	kyoukai
A shape	kyoukan
A shape	kyoukin
A shape	kyouoku
A shape	magari
A shape	maki
A shape	marugata
A shape	mashikaku
A shape	masurao
A shape	matsushikaku
A shape	mio
A shape	mizo
A shape	moriagari
A shape	mune
A shape	munesanzun
A shape	naishin
A shape	nami
A shape	namida
A shape	naozokakukei
A shape	naozoukakukei
A shape	nenkiboko
A shape	nenkiboukou
A shape	nitchi
A shape	notchi
A shape	okokoro
A shape	onban
A shape	opo
A shape	oretsu
A shape	otai
A shape	otakakukei
A shape	ouretsu
A shape	outai
A shape	outakakukei
A shape	parabora
A shape	pentagon
A shape	piramiddo
A shape	piramido
A shape	piramitto
A shape	pochi
A shape	porigon
A shape	potchi
A shape	rasen
A shape	rekodo
A shape	rekodoban
A shape	rekoodo
A shape	rekoodoban
A shape	ringu
A shape	rinkei
A shape	rippotai
A shape	rippoutai
A shape	rokkakkei
A shape	rokumentai
A shape	rooraa
A shape	rooru
A shape	rora
A shape	roru
A shape	ryobun
A shape	ryoiki
A shape	ryoubun
A shape	ryouiki
A shape	ryuki
A shape	ryuuki
A shape	saakuru
A shape	sajiki
A shape	sakeme
A shape	sakujo
A shape	sakujou
A shape	sakuru
A shape	sankaku
A shape	sankakuchu
A shape	sankakuchuu
A shape	sankakukei
A shape	sara
A shape	seiho
A shape	seihokei
A shape	seihou
A shape	seihoukei
A shape	seijunimentai
A shape	seijuunimentai
A shape	seikatanden
A shape	seimeisen
A shape	seisankakkei
A shape	seisho
A shape	seishou
A shape	seitakakukei
A shape	seitamentai
A shape	seito
A shape	sekido
A shape	sekidou
A shape	sen
A shape	senngari
A shape	sentan
A shape	sento
A shape	sentou
A shape	setsuato
A shape	shahokatachi
A shape	shahoukatachi
A shape	shihenkei
A shape	shikakuhashira
A shape	shikakukei
A shape	shikakushimen
A shape	shimenkarada
A shape	shimyaku
A shape	shinkan
A shape	shinsei
A shape	shinshuku
A shape	shintan
A shape	shinto
A shape	shintou
A shape	shinzui
A shape	shippo
A shape	shirippo
A shape	shiwa
A shape	shorokumentai
A shape	shourokumentai
A shape	shuheki
A shape	shutchori
A shape	shutchouri
A shape	shuuheki
A shape	sokizu
A shape	sokyokusen
A shape	soosaa
A shape	soriddo
A shape	sosa
A shape	soukizu
A shape	soukyokusen
A shape	suferoido
A shape	sumi
A shape	sumikko
A shape	supairaru
A shape	supuroketto
A shape	suta
A shape	sutaa
A shape	sutoraipu
A shape	tabekatachi
A shape	tairaenban
A shape	takakukei
A shape	tamagogata
A shape	tamashi
A shape	tamashii
A shape	tamentai
A shape	tangan
A shape	teeru
A shape	teiru
A shape	ten
A shape	tenten
A shape	teru
A shape	togari
A shape	toge
A shape	tokki
A shape	toorasu
A shape	toraianguru
A shape	torakku
A shape	torasu
A shape	toroido
A shape	tosshutsu
A shape	tosshutsumono
A shape	tosshutsushi
A shape	totsutakakukei
A shape	totsutamentai
A shape	tsukidashi
A shape	tsumemidashi
A shape	tsutsupo
A shape	uchibutokoro
A shape	une
A shape	uranami
A shape	uzu
A shape	uzumaki
A shape	wadachi
A shape	wakka
A shape	wan
A shape	wanjonomono
A shape	wanjounomono
A shape	wankyoku
A shape	wareme
A shape	yajirushi
A shape	yume
A shape	yuu
A shape	yuume
A shape	yuuyuu
A shape	yuuzei
A shape	yuyu
A shape	yuzei
A shape	zurukkokeru
A herb or spice	abaka
A herb or spice	ajinomoto
A herb or spice	akansasu
A herb or spice	akatsumekusa
A herb or spice	akaza
A herb or spice	akinonokarashi
A herb or spice	akkeshiso
A herb or spice	akkeshisou
A herb or spice	amamodoki
A herb or spice	amaransu
A herb or spice	amata
A herb or spice	amerikaninjin
A herb or spice	anbai
A herb or spice	anisu
A herb or spice	anzerika
A herb or spice	aoi
A herb or spice	arissamu
A herb or spice	arokashia
A herb or spice	arookashia
A herb or spice	arufarufa
A herb or spice	arumando
A herb or spice	arumandosoosu
A herb or spice	arumandososu
A herb or spice	arunika
A herb or spice	asatsuki
A herb or spice	ashi
A herb or spice	asuchirube
A herb or spice	asuparagasu
A herb or spice	asuparuteemu
A herb or spice	asuparutemu
A herb or spice	awa
A herb or spice	awamorishoma
A herb or spice	awamorishouma
A herb or spice	azuki
A herb or spice	baabekyuusoosu
A herb or spice	babekyusosu
A herb or spice	bafarogurasu
A herb or spice	bafaroogurasu
A herb or spice	baffarogurasu
A herb or spice	baffaroogurasu
A herb or spice	baioretto
A herb or spice	bajiru
A herb or spice	banana
A herb or spice	banananoki
A herb or spice	banbu
A herb or spice	banbuu
A herb or spice	banira
A herb or spice	bankoku
A herb or spice	bei
A herb or spice	beirifu
A herb or spice	beiriifu
A herb or spice	bejitaburu
A herb or spice	benibana
A herb or spice	benkeikusa
A herb or spice	benkeiso
A herb or spice	benkeisoka
A herb or spice	benkeisou
A herb or spice	benkeisouka
A herb or spice	beradonna
A herb or spice	beshamerusoosu
A herb or spice	beshamerusosu
A herb or spice	biito
A herb or spice	biitoshugaa
A herb or spice	binega
A herb or spice	binegaa
A herb or spice	bineguretto
A herb or spice	bito
A herb or spice	bitoshuga
A herb or spice	bokuso
A herb or spice	bokusou
A herb or spice	burakkupepa
A herb or spice	burakkupepaa
A herb or spice	burakkupeppa
A herb or spice	burakkupeppaa
A herb or spice	buraunsoosu
A herb or spice	buraunsosu
A herb or spice	burokkori
A herb or spice	burugurasu
A herb or spice	buruugurasu
A herb or spice	cha
A herb or spice	chaba
A herb or spice	chaibu
A herb or spice	chanoha
A herb or spice	charumeruso
A herb or spice	charumerusou
A herb or spice	chatsune
A herb or spice	chikori
A herb or spice	chikorii
A herb or spice	chingenna
A herb or spice	chirikonkaan
A herb or spice	chirikonkan
A herb or spice	chirisoosu
A herb or spice	chirisosu
A herb or spice	chisha
A herb or spice	choji
A herb or spice	choko
A herb or spice	chomiryo
A herb or spice	chosenninjin
A herb or spice	chouji
A herb or spice	choukou
A herb or spice	choumiryou
A herb or spice	chousenninjin
A herb or spice	daajirin
A herb or spice	daikon
A herb or spice	daio
A herb or spice	daiou
A herb or spice	daiuikyo
A herb or spice	daiuikyou
A herb or spice	daizu
A herb or spice	dajirin
A herb or spice	dantake
A herb or spice	deyuramukomugi
A herb or spice	dojotsunagi
A herb or spice	dojoutsunagi
A herb or spice	dokumugi
A herb or spice	doresshingu
A herb or spice	endaibu
A herb or spice	endo
A herb or spice	endomame
A herb or spice	endou
A herb or spice	endoumame
A herb or spice	enkanatoriumu
A herb or spice	enokorogusa
A herb or spice	enreiso
A herb or spice	enreisou
A herb or spice	enrui
A herb or spice	ezomurasaki
A herb or spice	fenneru
A herb or spice	foagura
A herb or spice	fowagura
A herb or spice	fudankusa
A herb or spice	fudanso
A herb or spice	fudansou
A herb or spice	fujibakama
A herb or spice	furinkusa
A herb or spice	furokkusu
A herb or spice	fuurinkusa
A herb or spice	fuyukusa
A herb or spice	gaarikku
A herb or spice	garikku
A herb or spice	getto
A herb or spice	gettou
A herb or spice	giboshi
A herb or spice	giboushi
A herb or spice	gishigishi
A herb or spice	gokokona
A herb or spice	gokoukona
A herb or spice	goma
A herb or spice	gomushokubutsu
A herb or spice	guranyuto
A herb or spice	guranyutou
A herb or spice	guranyuutou
A herb or spice	gurebi
A herb or spice	gureebii
A herb or spice	haabu
A herb or spice	haadosoosu
A herb or spice	habu
A herb or spice	hachiku
A herb or spice	hachimitsu
A herb or spice	hadakamugi
A herb or spice	hadososu
A herb or spice	haison
A herb or spice	hajikami
A herb or spice	hakka
A herb or spice	hakkaabura
A herb or spice	hakkabura
A herb or spice	hakkaku
A herb or spice	hakkakuikyo
A herb or spice	hakkakuuikyou
A herb or spice	hakobe
A herb or spice	hakusanfuro
A herb or spice	hakusanfuuro
A herb or spice	hakuto
A herb or spice	hakutou
A herb or spice	hamachisha
A herb or spice	hanatsumekusa
A herb or spice	hanaudo
A herb or spice	hani
A herb or spice	hanii
A herb or spice	haran
A herb or spice	haribiyu
A herb or spice	heishiso
A herb or spice	heishisou
A herb or spice	henruda
A herb or spice	henruuda
A herb or spice	heraobako
A herb or spice	heraoobako
A herb or spice	hibikusa
A herb or spice	hichun
A herb or spice	hie
A herb or spice	hiichun
A herb or spice	himekamojigusa
A herb or spice	hiru
A herb or spice	hitsujisho
A herb or spice	hitsujishou
A herb or spice	hiyodoribana
A herb or spice	hiyokomame
A herb or spice	hiyokushi
A herb or spice	hiyosu
A herb or spice	hoosuminto
A herb or spice	hoosuradisshu
A herb or spice	hoozuki
A herb or spice	horenso
A herb or spice	hosenka
A herb or spice	hosuminto
A herb or spice	hosuradisshu
A herb or spice	hotarubukuro
A herb or spice	hotokenoza
A herb or spice	hottosoosu
A herb or spice	hottososu
A herb or spice	hourensou
A herb or spice	housenka
A herb or spice	howaitopepa
A herb or spice	howaitopepaa
A herb or spice	howaitopeppa
A herb or spice	howaitopeppaa
A herb or spice	howaitosoosu
A herb or spice	howaitososu
A herb or spice	hozuki
A herb or spice	hyakusen
A herb or spice	ichigo
A herb or spice	ikariso
A herb or spice	ikarisou
A herb or spice	ine
A herb or spice	inekanokusa
A herb or spice	ingenmame
A herb or spice	inubie
A herb or spice	inuitake
A herb or spice	irie
A herb or spice	isokusa
A herb or spice	iwabenkei
A herb or spice	jigitarisu
A herb or spice	jinja
A herb or spice	jinjaa
A herb or spice	jinjaapaudaa
A herb or spice	jinjapauda
A herb or spice	jochi
A herb or spice	jochugiku
A herb or spice	jochuugiku
A herb or spice	johakuto
A herb or spice	jouchi
A herb or spice	jouhakutou
A herb or spice	kabu
A herb or spice	kabura
A herb or spice	kakeshiru
A herb or spice	kakutorano
A herb or spice	kakutoranoo
A herb or spice	kakuzato
A herb or spice	kakuzatou
A herb or spice	kami
A herb or spice	kamirure
A herb or spice	kamitsure
A herb or spice	kamogaya
A herb or spice	kamomiiru
A herb or spice	kamomiru
A herb or spice	kanmiryo
A herb or spice	kanmiryou
A herb or spice	kanna
A herb or spice	kanshoto
A herb or spice	kanshotou
A herb or spice	kanzo
A herb or spice	kanzou
A herb or spice	kaori
A herb or spice	karajumu
A herb or spice	karajumuzoku
A herb or spice	karajuumu
A herb or spice	karajuumuzoku
A herb or spice	karameru
A herb or spice	karamushi
A herb or spice	karashi
A herb or spice	karashina
A herb or spice	karasumugi
A herb or spice	karasunoendo
A herb or spice	karasunoendou
A herb or spice	kare
A herb or spice	karee
A herb or spice	kareekona
A herb or spice	kareesoosu
A herb or spice	karekona
A herb or spice	karesosu
A herb or spice	karifurawa
A herb or spice	karifurawaa
A herb or spice	karubonaara
A herb or spice	karubonara
A herb or spice	karudamon
A herb or spice	kata
A herb or spice	katabami
A herb or spice	kechappu
A herb or spice	keeru
A herb or spice	keihi
A herb or spice	keito
A herb or spice	keitou
A herb or spice	kemankusa
A herb or spice	kemanso
A herb or spice	kemansou
A herb or spice	kenja
A herb or spice	kenjin
A herb or spice	kentetsu
A herb or spice	keru
A herb or spice	keshi
A herb or spice	kibi
A herb or spice	kiharucha
A herb or spice	kikugobo
A herb or spice	kikugobou
A herb or spice	kinmizuhiki
A herb or spice	kinrenhana
A herb or spice	kinru
A herb or spice	kinusaya
A herb or spice	kiranso
A herb or spice	kiransou
A herb or spice	kocha
A herb or spice	kochaha
A herb or spice	kochanoha
A herb or spice	kokuen
A herb or spice	kokumotsu
A herb or spice	kokurui
A herb or spice	komugi
A herb or spice	kon
A herb or spice	konasato
A herb or spice	konasatou
A herb or spice	konashoga
A herb or spice	konashouga
A herb or spice	konfuri
A herb or spice	konfurii
A herb or spice	konsarada
A herb or spice	konshiroppu
A herb or spice	konshuga
A herb or spice	konukagusa
A herb or spice	koon
A herb or spice	koonsarada
A herb or spice	koonshiroppu
A herb or spice	koonshugaa
A herb or spice	koorurabi
A herb or spice	koraishiba
A herb or spice	korianda
A herb or spice	koriandaa
A herb or spice	koriusu
A herb or spice	koronbo
A herb or spice	korubeeru
A herb or spice	koruberu
A herb or spice	korurabi
A herb or spice	koryosake
A herb or spice	koshinryo
A herb or spice	kosho
A herb or spice	koshou
A herb or spice	koucha
A herb or spice	kouchaha
A herb or spice	kouchanoha
A herb or spice	kouraishiba
A herb or spice	kouryousake
A herb or spice	koushinryou
A herb or spice	kouzui
A herb or spice	kozui
A herb or spice	kujakuso
A herb or spice	kujakusou
A herb or spice	kumin
A herb or spice	kureome
A herb or spice	kuriimusoosu
A herb or spice	kurimusosu
A herb or spice	kuroba
A herb or spice	kurobu
A herb or spice	kurochiku
A herb or spice	kurokosho
A herb or spice	kurokoshou
A herb or spice	kuroobaa
A herb or spice	kuroobu
A herb or spice	kuroovu
A herb or spice	kurovu
A herb or spice	kurumahakusa
A herb or spice	kurumato
A herb or spice	kurumatou
A herb or spice	kusa
A herb or spice	kusafuji
A herb or spice	kyabetsu
A herb or spice	kyarameru
A herb or spice	kyaraue
A herb or spice	kyarauee
A herb or spice	kyaraueishido
A herb or spice	kyaraueishiido
A herb or spice	kyasutaashugaa
A herb or spice	kyasutashuga
A herb or spice	kyota
A herb or spice	kyukeikanran
A herb or spice	kyuukeikanran
A herb or spice	maagarin
A herb or spice	maajoramu
A herb or spice	magarin
A herb or spice	majoramu
A herb or spice	makaronikomugi
A herb or spice	mame
A herb or spice	mameka
A herb or spice	mandoreeku
A herb or spice	mandoreku
A herb or spice	mangoruto
A herb or spice	maniraasa
A herb or spice	manirasa
A herb or spice	maranta
A herb or spice	marinaado
A herb or spice	marinado
A herb or spice	marine
A herb or spice	marinedo
A herb or spice	marineedo
A herb or spice	masutaado
A herb or spice	masutaadosoosu
A herb or spice	masutado
A herb or spice	masutadososu
A herb or spice	matorikania
A herb or spice	matsuyoigusa
A herb or spice	matsuyoikusa
A herb or spice	mayoneezu
A herb or spice	mayonezu
A herb or spice	meisu
A herb or spice	meitetsu
A herb or spice	mekyabetsu
A herb or spice	meso
A herb or spice	mesou
A herb or spice	mikuri
A herb or spice	minto
A herb or spice	mintosoosu
A herb or spice	mintososu
A herb or spice	miro
A herb or spice	miruna
A herb or spice	miso
A herb or spice	mitsu
A herb or spice	mittsuha
A herb or spice	miyamakinpoge
A herb or spice	miyamakinpouge
A herb or spice	mizuame
A herb or spice	moka
A herb or spice	mokuseiso
A herb or spice	mokuseisou
A herb or spice	monaruda
A herb or spice	morokoshi
A herb or spice	moruneesoosu
A herb or spice	morunesosu
A herb or spice	mosengoke
A herb or spice	mosenkoke
A herb or spice	mosufurokkusu
A herb or spice	mousengoke
A herb or spice	mousenkoke
A herb or spice	mugi
A herb or spice	mujinamo
A herb or spice	murasaki
A herb or spice	naminohana
A herb or spice	nasu
A herb or spice	nasutachiumu
A herb or spice	natsumeggu
A herb or spice	natsumegu
A herb or spice	nazuna
A herb or spice	nichinichiso
A herb or spice	nichinichisou
A herb or spice	nihonhakka
A herb or spice	niirenberugia
A herb or spice	nikki
A herb or spice	nikumamekan
A herb or spice	nikuzuku
A herb or spice	ninjin
A herb or spice	ninniku
A herb or spice	nioisumire
A herb or spice	nirenberugia
A herb or spice	nishikigi
A herb or spice	nishikiimo
A herb or spice	nishikimo
A herb or spice	nogikoku
A herb or spice	noichigo
A herb or spice	nokogiriso
A herb or spice	nokogirisou
A herb or spice	nominofusuma
A herb or spice	nozeri
A herb or spice	oawagaeri
A herb or spice	obako
A herb or spice	ocha
A herb or spice	odorikoso
A herb or spice	odorikosou
A herb or spice	oguruma
A herb or spice	ohishiba
A herb or spice	okura
A herb or spice	omugi
A herb or spice	onionsoruto
A herb or spice	ooawagaeri
A herb or spice	oobako
A herb or spice	ooguruma
A herb or spice	oomugi
A herb or spice	oorusupaisu
A herb or spice	orandaichigo
A herb or spice	oren
A herb or spice	orenjipeko
A herb or spice	orenjipekoo
A herb or spice	oribu
A herb or spice	oriibu
A herb or spice	orusupaisu
A herb or spice	osuyoshiwa
A herb or spice	osuyoushiwa
A herb or spice	ouren
A herb or spice	painappuru
A herb or spice	panji
A herb or spice	panjii
A herb or spice	panpasugurasu
A herb or spice	papurika
A herb or spice	paseri
A herb or spice	pate
A herb or spice	peesuto
A herb or spice	peisuto
A herb or spice	peko
A herb or spice	pekoo
A herb or spice	pepa
A herb or spice	pepaa
A herb or spice	pepaaminto
A herb or spice	pepaminto
A herb or spice	peperomia
A herb or spice	peperomiazoku
A herb or spice	peppa
A herb or spice	peppaa
A herb or spice	pesuto
A herb or spice	piiman
A herb or spice	piinattsubataa
A herb or spice	piman
A herb or spice	pinattsubata
A herb or spice	popi
A herb or spice	popii
A herb or spice	poppukon
A herb or spice	poppukoon
A herb or spice	poriansasu
A herb or spice	puchitomato
A herb or spice	rabenda
A herb or spice	rabendaa
A herb or spice	rabigooto
A herb or spice	rabigoto
A herb or spice	raimugi
A herb or spice	rakkasei
A herb or spice	rami
A herb or spice	ramii
A herb or spice	reddokyabetsu
A herb or spice	remongurasu
A herb or spice	reo
A herb or spice	retasu
A herb or spice	ribongurasu
A herb or spice	riito
A herb or spice	rindo
A herb or spice	rindou
A herb or spice	rito
A herb or spice	roberia
A herb or spice	roorie
A herb or spice	roozumarii
A herb or spice	rorie
A herb or spice	rozumari
A herb or spice	rukkora
A herb or spice	runaria
A herb or spice	rurikarakusa
A herb or spice	ryokucha
A herb or spice	ryokuto
A herb or spice	ryokutou
A herb or spice	ryuuzu
A herb or spice	ryuzu
A herb or spice	safuran
A herb or spice	saikaku
A herb or spice	sakkarin
A herb or spice	sakuraso
A herb or spice	sakurasou
A herb or spice	sanbon
A herb or spice	sanbonshiro
A herb or spice	sanshikisumire
A herb or spice	sanshokusumire
A herb or spice	saradore
A herb or spice	sarubia
A herb or spice	sarumenbana
A herb or spice	sarusa
A herb or spice	saruvia
A herb or spice	sasage
A herb or spice	sassafurasu
A herb or spice	sato
A herb or spice	satodaikon
A herb or spice	satoimo
A herb or spice	satokibi
A herb or spice	satou
A herb or spice	satoudaikon
A herb or spice	satoukibi
A herb or spice	sayamame
A herb or spice	seeji
A herb or spice	seibori
A herb or spice	seiborii
A herb or spice	seihakuto
A herb or spice	seihakutou
A herb or spice	seija
A herb or spice	seiji
A herb or spice	seijin
A herb or spice	seiseito
A herb or spice	seiseitou
A herb or spice	seitetsu
A herb or spice	seito
A herb or spice	seitou
A herb or spice	seiyotanpopo
A herb or spice	seiyoutanpopo
A herb or spice	seiyouwasabi
A herb or spice	seiyowasabi
A herb or spice	seji
A herb or spice	seppaku
A herb or spice	serori
A herb or spice	serorisoruto
A herb or spice	seruriaku
A herb or spice	sharibetsu
A herb or spice	shibazakura
A herb or spice	shibazoku
A herb or spice	shiizuningu
A herb or spice	shikokubie
A herb or spice	shinamon
A herb or spice	shio
A herb or spice	shioaji
A herb or spice	shiobana
A herb or spice	shiokagen
A herb or spice	shioke
A herb or spice	shiroinunazuna
A herb or spice	shiromitsu
A herb or spice	shiroppu
A herb or spice	shirotsumekusa
A herb or spice	shirozato
A herb or spice	shirozatou
A herb or spice	shitaji
A herb or spice	shizuningu
A herb or spice	shoga
A herb or spice	shogakona
A herb or spice	shokuen
A herb or spice	shokutakushio
A herb or spice	shouga
A herb or spice	shougakona
A herb or spice	shouikyo
A herb or spice	shouuikyou
A herb or spice	shuga
A herb or spice	shugaa
A herb or spice	soba
A herb or spice	sohon
A herb or spice	soosu
A herb or spice	soramame
A herb or spice	sorugamu
A herb or spice	sosu
A herb or spice	souhon
A herb or spice	suberihiyu
A herb or spice	subizu
A herb or spice	suedenkabura
A herb or spice	sui
A herb or spice	suiba
A herb or spice	suiitokoon
A herb or spice	suitokon
A herb or spice	sumire
A herb or spice	sumotorigusa
A herb or spice	sumotorikusa
A herb or spice	sumoutorigusa
A herb or spice	sumoutorikusa
A herb or spice	supeaminto
A herb or spice	supureddo
A herb or spice	sutaaanisu
A herb or spice	sutaanisu
A herb or spice	sutaperia
A herb or spice	sutebia
A herb or spice	sutoroberi
A herb or spice	sutoroberii
A herb or spice	suubiizu
A herb or spice	suueedenkabura
A herb or spice	suzumenohie
A herb or spice	tabako
A herb or spice	tabasuko
A herb or spice	tagarashi
A herb or spice	taihaku
A herb or spice	taiken
A herb or spice	taimatsubana
A herb or spice	takana
A herb or spice	take
A herb or spice	tanetsukebana
A herb or spice	tanpopo
A herb or spice	tanukimo
A herb or spice	taragon
A herb or spice	tare
A herb or spice	taroimo
A herb or spice	tarutarusoosu
A herb or spice	tarutarusosu
A herb or spice	taryo
A herb or spice	taryou
A herb or spice	tashiroimo
A herb or spice	tatsunamiso
A herb or spice	tatsunamisou
A herb or spice	teibaggu
A herb or spice	teiibaggu
A herb or spice	teiji
A herb or spice	tennansho
A herb or spice	tennanshou
A herb or spice	tensai
A herb or spice	tensaito
A herb or spice	tensaitou
A herb or spice	tetsujin
A herb or spice	tochi
A herb or spice	togarashi
A herb or spice	tokibi
A herb or spice	tomato
A herb or spice	tomatokechappu
A herb or spice	tomatosoosu
A herb or spice	tomatososu
A herb or spice	tomorokoshi
A herb or spice	toochi
A herb or spice	torano
A herb or spice	toranoo
A herb or spice	toritoma
A herb or spice	tougarashi
A herb or spice	toukibi
A herb or spice	toumorokoshi
A herb or spice	touwata
A herb or spice	towata
A herb or spice	tsukeshiru
A herb or spice	tsukishiru
A herb or spice	tsuyukusa
A herb or spice	tsuyukusaka
A herb or spice	uikyo
A herb or spice	uikyou
A herb or spice	uintaaguriin
A herb or spice	uintagurin
A herb or spice	ukon
A herb or spice	ukonbana
A herb or spice	uootaakuresu
A herb or spice	uotakuresu
A herb or spice	ura
A herb or spice	uroncha
A herb or spice	usutasha
A herb or spice	utsubogusa
A herb or spice	uuroncha
A herb or spice	uusutaashaa
A herb or spice	vaioretto
A herb or spice	vanira
A herb or spice	wairudoraisu
A herb or spice	wakamore
A herb or spice	wasabi
A herb or spice	wasabidaikon
A herb or spice	wasanbon
A herb or spice	wasurenagusa
A herb or spice	wasurenakusa
A herb or spice	yaemugura
A herb or spice	yagyushiba
A herb or spice	yagyuushiba
A herb or spice	yakumi
A herb or spice	yakuso
A herb or spice	yakusou
A herb or spice	yamagobouzoku
A herb or spice	yamagobozoku
A herb or spice	yamamori
A herb or spice	yamazumi
A herb or spice	yasai
A herb or spice	yatarashi
A herb or spice	yogarashi
A herb or spice	yougarashi
A herb or spice	yukinoshita
A type of fabric	akuriru
A type of fabric	ami
A type of fabric	amiji
A type of fabric	amimono
A type of fabric	angora
A type of fabric	arupaka
A type of fabric	asefuki
A type of fabric	aseshoku
A type of fabric	asetenugui
A type of fabric	bachisuto
A type of fabric	bakaku
A type of fabric	bakkuramu
A type of fabric	bandana
A type of fabric	baranshiennu
A type of fabric	barukanfaiba
A type of fabric	barukanfaibaa
A type of fabric	basukettoibu
A type of fabric	basukettoshoku
A type of fabric	basukettouiibu
A type of fabric	basutaoru
A type of fabric	benkeikoshi
A type of fabric	benkeikoushi
A type of fabric	benkeishima
A type of fabric	beroa
A type of fabric	berubetto
A type of fabric	betchin
A type of fabric	bichitaoru
A type of fabric	biera
A type of fabric	biichitaoru
A type of fabric	bikyuna
A type of fabric	bikyuuna
A type of fabric	biniru
A type of fabric	binirumoto
A type of fabric	birodo
A type of fabric	biroodo
A type of fabric	bisukoosu
A type of fabric	bisukosu
A type of fabric	bobinreesu
A type of fabric	bobinresu
A type of fabric	boiru
A type of fabric	bokkusukaafu
A type of fabric	bokkusukafu
A type of fabric	bonbajiin
A type of fabric	bonbajin
A type of fabric	bosuihanpu
A type of fabric	bosuikyanbasu
A type of fabric	bousuihanpu
A type of fabric	bousuikyanbasu
A type of fabric	burodo
A type of fabric	buroodo
A type of fabric	charisu
A type of fabric	chiizukurosu
A type of fabric	chiizununo
A type of fabric	chikinu
A type of fabric	chinchira
A type of fabric	chirimen
A type of fabric	chizukurosu
A type of fabric	chizununo
A type of fabric	churu
A type of fabric	chuuru
A type of fabric	daburunitto
A type of fabric	daffuru
A type of fabric	dakuron
A type of fabric	damasuku
A type of fabric	denimu
A type of fabric	deshin
A type of fabric	dosukin
A type of fabric	erasuteikku
A type of fabric	faburikku
A type of fabric	faiba
A type of fabric	faibaa
A type of fabric	feruto
A type of fabric	fuhaku
A type of fabric	fuhen
A type of fabric	fukin
A type of fabric	fukuji
A type of fabric	fukurochi
A type of fabric	furanneru
A type of fabric	furano
A type of fabric	furiizu
A type of fabric	furizu
A type of fabric	gaaze
A type of fabric	gaze
A type of fabric	gingamu
A type of fabric	gofuku
A type of fabric	guroguran
A type of fabric	gyabajin
A type of fabric	gyuhi
A type of fabric	gyukawa
A type of fabric	gyuuhi
A type of fabric	gyuukawa
A type of fabric	haba
A type of fabric	haku
A type of fabric	hakusa
A type of fabric	hanafuki
A type of fabric	hanashoku
A type of fabric	hankachi
A type of fabric	hankachifu
A type of fabric	hankachiifu
A type of fabric	hankechi
A type of fabric	hankechifu
A type of fabric	hankechiifu
A type of fabric	hanpu
A type of fabric	hashikure
A type of fabric	herinbon
A type of fabric	herinboon
A type of fabric	heringubon
A type of fabric	heringuboon
A type of fabric	hikaku
A type of fabric	himo
A type of fabric	homusupan
A type of fabric	honten
A type of fabric	hoomusupan
A type of fabric	itomono
A type of fabric	jaajii
A type of fabric	jaajiishima
A type of fabric	jaji
A type of fabric	jajishima
A type of fabric	jibu
A type of fabric	jiinzu
A type of fabric	jinken
A type of fabric	jinzo
A type of fabric	jinzogomu
A type of fabric	jinzou
A type of fabric	jinzougomu
A type of fabric	jinzu
A type of fabric	joozetto
A type of fabric	jozetto
A type of fabric	juhan
A type of fabric	juto
A type of fabric	juuhan
A type of fabric	juuto
A type of fabric	kaafusukin
A type of fabric	kaaki
A type of fabric	kaamo
A type of fabric	kafusukin
A type of fabric	kagomeori
A type of fabric	kaki
A type of fabric	kakuseizai
A type of fabric	kamo
A type of fabric	kanbasu
A type of fabric	kanburikku
A type of fabric	kantonkureepu
A type of fabric	kantonkurepu
A type of fabric	kanvasu
A type of fabric	kappa
A type of fabric	kasakarada
A type of fabric	kashimia
A type of fabric	kashimiya
A type of fabric	kauhaido
A type of fabric	kaunta
A type of fabric	kauntaa
A type of fabric	kawa
A type of fabric	kei
A type of fabric	keito
A type of fabric	kenchu
A type of fabric	kenchuu
A type of fabric	kenpu
A type of fabric	keshusu
A type of fabric	kiji
A type of fabric	kijimihon
A type of fabric	kimono
A type of fabric	kinu
A type of fabric	kinuji
A type of fabric	kirehashi
A type of fabric	kireji
A type of fabric	kodeyuroi
A type of fabric	kodoban
A type of fabric	kojuroi
A type of fabric	koodeyuroi
A type of fabric	koodoban
A type of fabric	koojuroi
A type of fabric	kooruten
A type of fabric	koruten
A type of fabric	kotton
A type of fabric	kuchifuki
A type of fabric	kurasshureza
A type of fabric	kurasshurezaa
A type of fabric	kureepu
A type of fabric	kurepu
A type of fabric	kurinorin
A type of fabric	kuroosu
A type of fabric	kurosu
A type of fabric	kuteiru
A type of fabric	kutsukawa
A type of fabric	kuuteiru
A type of fabric	kyanbasu
A type of fabric	kyanburikku
A type of fabric	kyanvasu
A type of fabric	madorasu
A type of fabric	majikkuteepu
A type of fabric	majikkutepu
A type of fabric	makurame
A type of fabric	materiaru
A type of fabric	meen
A type of fabric	men
A type of fabric	menjo
A type of fabric	menneru
A type of fabric	menpu
A type of fabric	menshusu
A type of fabric	merinsu
A type of fabric	meriyasuami
A type of fabric	messhu
A type of fabric	mimigane
A type of fabric	moare
A type of fabric	mohea
A type of fabric	moheya
A type of fabric	moka
A type of fabric	moketto
A type of fabric	momen
A type of fabric	monpa
A type of fabric	moorusukin
A type of fabric	morokkokawa
A type of fabric	morusukin
A type of fabric	mosurin
A type of fabric	moto
A type of fabric	nairon
A type of fabric	nameshi
A type of fabric	nameshikawa
A type of fabric	nankinmomen
A type of fabric	neopuren
A type of fabric	neru
A type of fabric	netto
A type of fabric	nishiki
A type of fabric	nitto
A type of fabric	nuno
A type of fabric	nunoji
A type of fabric	nunokire
A type of fabric	nunomihon
A type of fabric	nunosetsu
A type of fabric	nyueki
A type of fabric	nyujaji
A type of fabric	nyujoeki
A type of fabric	nyuju
A type of fabric	nyuueki
A type of fabric	nyuujaajii
A type of fabric	nyuujoueki
A type of fabric	nyuujuu
A type of fabric	ogandi
A type of fabric	oganji
A type of fabric	oganza
A type of fabric	ohan
A type of fabric	oogandii
A type of fabric	ooganjii
A type of fabric	ooganza
A type of fabric	ooron
A type of fabric	ori
A type of fabric	orichi
A type of fabric	oriji
A type of fabric	orimono
A type of fabric	oron
A type of fabric	ouhan
A type of fabric	patchi
A type of fabric	peepaataoru
A type of fabric	peezurii
A type of fabric	pepataoru
A type of fabric	pezuri
A type of fabric	piggusukin
A type of fabric	pike
A type of fabric	popurin
A type of fabric	poriesuteru
A type of fabric	puraketto
A type of fabric	rame
A type of fabric	ratekkusu
A type of fabric	reenkooto
A type of fabric	reesu
A type of fabric	reeyon
A type of fabric	reinkooto
A type of fabric	reinkoto
A type of fabric	reisu
A type of fabric	renkoto
A type of fabric	resu
A type of fabric	reyon
A type of fabric	reza
A type of fabric	rezaa
A type of fabric	rezo
A type of fabric	rezoo
A type of fabric	ribaisu
A type of fabric	riibaisu
A type of fabric	riivaizujiinzu
A type of fabric	rinen
A type of fabric	rinto
A type of fabric	rivaizujinzu
A type of fabric	roketsusome
A type of fabric	ron
A type of fabric	roon
A type of fabric	rooraataoru
A type of fabric	rorataoru
A type of fabric	rouketsusome
A type of fabric	saaji
A type of fabric	saji
A type of fabric	sakka
A type of fabric	sakkaa
A type of fabric	sarasa
A type of fabric	saruze
A type of fabric	satein
A type of fabric	saten
A type of fabric	seemukawa
A type of fabric	seiyotenugui
A type of fabric	seiyoutenugui
A type of fabric	semukawa
A type of fabric	senko
A type of fabric	senkou
A type of fabric	seru
A type of fabric	setsu
A type of fabric	shaakusukin
A type of fabric	shakoori
A type of fabric	shakori
A type of fabric	shakusukin
A type of fabric	shanbure
A type of fabric	shanburee
A type of fabric	shantan
A type of fabric	shifon
A type of fabric	shikagawa
A type of fabric	shikifu
A type of fabric	shirikongomu
A type of fabric	shirikoongomu
A type of fabric	shirogawa
A type of fabric	shiruku
A type of fabric	shoku
A type of fabric	shokufu
A type of fabric	shukin
A type of fabric	shusu
A type of fabric	somorimono
A type of fabric	somouorimono
A type of fabric	suedo
A type of fabric	suedokurosu
A type of fabric	sueedo
A type of fabric	sueedokurosu
A type of fabric	sugiayamoyo
A type of fabric	sugiayamoyou
A type of fabric	sukurimu
A type of fabric	supandekkusu
A type of fabric	supanka
A type of fabric	supankaa
A type of fabric	taatan
A type of fabric	tae
A type of fabric	tafuta
A type of fabric	tanmono
A type of fabric	taoru
A type of fabric	tatan
A type of fabric	tekisutairu
A type of fabric	tekusutairu
A type of fabric	tenugui
A type of fabric	tenuguichi
A type of fabric	tenuguiki
A type of fabric	teriikurosu
A type of fabric	terikurosu
A type of fabric	toreen
A type of fabric	toren
A type of fabric	torikotto
A type of fabric	tsugi
A type of fabric	tsugikire
A type of fabric	tsugikirere
A type of fabric	tsuido
A type of fabric	tsuiido
A type of fabric	tsumakawa
A type of fabric	uraji
A type of fabric	uru
A type of fabric	usuteddo
A type of fabric	uuru
A type of fabric	uusuteddo
A type of fabric	veroa
A type of fabric	veruvetto
A type of fabric	yohi
A type of fabric	yoku
A type of fabric	yomo
A type of fabric	yooku
A type of fabric	youhi
A type of fabric	youmou
A type of fabric	yuagaritaoru
A type of fabric	yuetaoru
A type of fabric	yunoboritaoru
A type of fabric	yutan
A type of fabric	yuuetaoru
A type of fabric	zukku
A word meaning big	akirakazentaru
A word meaning big	bakadekai
A word meaning big	bakubaku
A word meaning big	bakudai
A word meaning big	bobakutaru
A word meaning big	bobotaru
A word meaning big	bodai
A word meaning big	boubakutaru
A word meaning big	bouboutaru
A word meaning big	boudai
A word meaning big	chodai
A word meaning big	dai
A word meaning big	daidaiteki
A word meaning big	daiji
A word meaning big	daikibo
A word meaning big	dekai
A word meaning big	dekkai
A word meaning big	dodekai
A word meaning big	dodo
A word meaning big	doerai
A word meaning big	dogitsui
A word meaning big	doudou
A word meaning big	endai
A word meaning big	erai
A word meaning big	futoi
A word meaning big	habahiroi
A word meaning big	hageshi
A word meaning big	hageshii
A word meaning big	hanahadashi
A word meaning big	hanahadashii
A word meaning big	hidoi
A word meaning big	hirodai
A word meaning big	hiroi
A word meaning big	hiroshidai
A word meaning big	hiroshien
A word meaning big	hiroshikatsu
A word meaning big	hiroshitotaru
A word meaning big	hiroshitoutaru
A word meaning big	hofu
A word meaning big	houfu
A word meaning big	igibukai
A word meaning big	imiarige
A word meaning big	imiaru
A word meaning big	imishin
A word meaning big	imishincho
A word meaning big	imishinchou
A word meaning big	jindai
A word meaning big	jubun
A word meaning big	judai
A word meaning big	juntaku
A word meaning big	juubun
A word meaning big	juudai
A word meaning big	juuyou
A word meaning big	juyo
A word meaning big	kadai
A word meaning big	kaikatsu
A word meaning big	kanari
A word meaning big	kanjin
A word meaning big	kasadaka
A word meaning big	kasadakai
A word meaning big	kasataka
A word meaning big	kasatakai
A word meaning big	katsudai
A word meaning big	kaya
A word meaning big	keiretsu
A word meaning big	kitsui
A word meaning big	kobakutaru
A word meaning big	kodai
A word meaning big	koen
A word meaning big	kohan
A word meaning big	kokan
A word meaning big	kokatsu
A word meaning big	kokotoshita
A word meaning big	kotsuhidoi
A word meaning big	koubakutaru
A word meaning big	koudai
A word meaning big	kouen
A word meaning big	kouhan
A word meaning big	koukan
A word meaning big	koukatsu
A word meaning big	koukoutoshita
A word meaning big	kouyaka
A word meaning big	koyaka
A word meaning big	kozumikku
A word meaning big	kuchihiro
A word meaning big	kukatsu
A word meaning big	kuukatsu
A word meaning big	kyodai
A word meaning big	kyoi
A word meaning big	kyokudai
A word meaning big	kyonaru
A word meaning big	kyoretsu
A word meaning big	kyoryoku
A word meaning big	kyoshiteki
A word meaning big	kyouretsu
A word meaning big	kyouryoku
A word meaning big	makuro
A word meaning big	monosugoi
A word meaning big	moretsu
A word meaning big	mouretsu
A word meaning big	obitadashi
A word meaning big	obitadashii
A word meaning big	ogata
A word meaning big	oki
A word meaning big	okime
A word meaning big	okki
A word meaning big	okkii
A word meaning big	omodachitta
A word meaning big	omoi
A word meaning big	omotai
A word meaning big	oogata
A word meaning big	ooki
A word meaning big	ookii
A word meaning big	ookime
A word meaning big	osoroshi
A word meaning big	osoroshii
A word meaning big	ryokakutaru
A word meaning big	ryoukakutaru
A word meaning big	shidai
A word meaning big	shutatsuta
A word meaning big	shuyo
A word meaning big	shuyou
A word meaning big	sodai
A word meaning big	soudai
A word meaning big	sugoi
A word meaning big	susamaji
A word meaning big	susamajii
A word meaning big	suuyou
A word meaning big	suyo
A word meaning big	tagaku
A word meaning big	tahomen
A word meaning big	tahoumen
A word meaning big	taihen
A word meaning big	taisetsu
A word meaning big	takusan
A word meaning big	taryo
A word meaning big	taryou
A word meaning big	tebiroi
A word meaning big	tenmongakuteki
A word meaning big	totetsumonai
A word meaning big	touzentaru
A word meaning big	tozentaru
A word meaning big	tsuyoi
A word meaning big	waido
A word meaning big	yoriokina
A word meaning big	yoriookina
A word meaning big	youyou
A word meaning big	yoyo
A word meaning big	yuigi
A word meaning big	yuiteki
A word meaning big	yuuigi
A word meaning big	yuuiteki
A word meaning big	zetsudai
A word meaning small	bibitaru
A word meaning small	bisai
A word meaning small	bisho
A word meaning small	bishou
A word meaning small	byobyotaru
A word meaning small	byotaru
A word meaning small	byoubyoutaru
A word meaning small	byoutaru
A word meaning small	chichai
A word meaning small	chiichai
A word meaning small	chiisa
A word meaning small	chiisai
A word meaning small	chiisayaka
A word meaning small	chikkoi
A word meaning small	chippoke
A word meaning small	chisa
A word meaning small	chisai
A word meaning small	chisayaka
A word meaning small	chitchai
A word meaning small	chuibukai
A word meaning small	chuuibukai
A word meaning small	gokubi
A word meaning small	gokuchiisai
A word meaning small	gokuchisai
A word meaning small	henkyo
A word meaning small	henkyou
A word meaning small	hennama
A word meaning small	hisho
A word meaning small	hishou
A word meaning small	itokenai
A word meaning small	jakusho
A word meaning small	jakushou
A word meaning small	keisho
A word meaning small	keishou
A word meaning small	kimekomaka
A word meaning small	kimesai
A word meaning small	kogara
A word meaning small	kogata
A word meaning small	komaka
A word meaning small	komakai
A word meaning small	kudaranai
A word meaning small	kyoai
A word meaning small	kyokusho
A word meaning small	kyokushou
A word meaning small	kyouai
A word meaning small	masshoteki
A word meaning small	masshouteki
A word meaning small	mikuro
A word meaning small	miseijuku
A word meaning small	mokumekomaka
A word meaning small	mokumesai
A word meaning small	nensho
A word meaning small	nenshou
A word meaning small	nyunen
A word meaning small	nyuunen
A word meaning small	osanai
A word meaning small	ozakuri
A word meaning small	pokettaburu
A word meaning small	reisai
A word meaning small	saibi
A word meaning small	saimitsu
A word meaning small	saishin
A word meaning small	saisho
A word meaning small	saishou
A word meaning small	samatsu
A word meaning small	sasai
A word meaning small	sasataru
A word meaning small	sasayaka
A word meaning small	sasho
A word meaning small	sashou
A word meaning small	semai
A word meaning small	sensai
A word meaning small	sensho
A word meaning small	senshou
A word meaning small	shiganai
A word meaning small	shincho
A word meaning small	shinchou
A word meaning small	shokibo
A word meaning small	shosai
A word meaning small	shoukibo
A word meaning small	shousai
A word meaning small	sukuna
A word meaning small	sukunai
A word meaning small	taainai
A word meaning small	tainai
A word meaning small	tannen
A word meaning small	tawainai
A word meaning small	teicho
A word meaning small	teichou
A word meaning small	teinei
A word meaning small	tokorosemai
A word meaning small	toppoi
A word meaning small	toribiaru
A word meaning small	toshiwaka
A word meaning small	toshiwakai
A word meaning small	tsumaranai
A word meaning small	wakai
A word meaning small	wazuka
A word meaning small	yochi
A word meaning small	yokinai
A word meaning small	youchi
A word meaning small	youkinai
A word meaning small	yugen
A word meaning small	yuugen
A word meaning angry	akarui
A word meaning angry	akiraka
A word meaning angry	aojiroi
A word meaning angry	araarashii
A word meaning angry	arai
A word meaning angry	ararashi
A word meaning angry	atamagahen
A word meaning angry	domo
A word meaning angry	dotakeshi
A word meaning angry	doumou
A word meaning angry	doutakeshi
A word meaning angry	funzentaru
A word meaning angry	gaizentaru
A word meaning angry	gekido
A word meaning angry	gekidoshita
A word meaning angry	gekiretsu
A word meaning angry	hageshi
A word meaning angry	hageshii
A word meaning angry	hinfuntaru
A word meaning angry	horatsu
A word meaning angry	houratsu
A word meaning angry	ikari
A word meaning angry	ikarippoi
A word meaning angry	ikatsuteiru
A word meaning angry	jonetsuteki
A word meaning angry	jounetsuteki
A word meaning angry	kankan
A word meaning angry	keiretsu
A word meaning angry	kichigaino
A word meaning angry	kigahen
A word meaning angry	kyobo
A word meaning angry	kyomo
A word meaning angry	kyoretsu
A word meaning angry	kyoteki
A word meaning angry	kyoubou
A word meaning angry	kyoumou
A word meaning angry	kyouretsu
A word meaning angry	kyouteki
A word meaning angry	maddo
A word meaning angry	monoguruoshi
A word meaning angry	monoguruoshii
A word meaning angry	monoguruwashi
A word meaning angry	monoguruwashii
A word meaning angry	monokuruwashi
A word meaning angry	monokuruwashii
A word meaning angry	moretsu
A word meaning angry	mouretsu
A word meaning angry	mouzentaru
A word meaning angry	mozentaru
A word meaning angry	neitakeshi
A word meaning angry	okoru
A word meaning angry	punpun
A word meaning angry	seiretsu
A word meaning angry	seizetsu
A word meaning angry	shaku
A word meaning angry	sohaku
A word meaning angry	souhaku
A word meaning angry	susamaji
A word meaning angry	susamajii
A word meaning angry	yakki
A word meaning angry	yaritaihodai
A word meaning angry	yaritaihoudai
A word meaning cold	buaiso
A word meaning cold	buaisou
A word meaning cold	furui
A word meaning cold	furukusai
A word meaning cold	fushinsetsu
A word meaning cold	hiebie
A word meaning cold	hiyaka
A word meaning cold	hiyayaka
A word meaning cold	jaken
A word meaning cold	kanrei
A word meaning cold	kenmohororo
A word meaning cold	monodoi
A word meaning cold	monodooi
A word meaning cold	mujo
A word meaning cold	mujou
A word meaning cold	osamui
A word meaning cold	reikan
A word meaning cold	reikoku
A word meaning cold	reitan
A word meaning cold	reitsumetaru
A word meaning cold	reizentaru
A word meaning cold	samui
A word meaning cold	seizentaru
A word meaning cold	taningyogi
A word meaning cold	taningyougi
A word meaning cold	tashotashoshi
A word meaning cold	tashotashoshii
A word meaning cold	tsubetai
A word meaning cold	tsumetai
A word meaning cold	tsurenai
A word meaning cold	yosoyososhi
A word meaning cold	yosoyososhii
